"Name","Calls","TotalDurationNs","AverageNs","Percentage","MinNs","MaxNs","StdDev"
"void aiter::cross_device_reduce_2stage<std::bfloat16_t, 8, false>(aiter::RankData*, aiter::RankData*, aiter::RankSignals, aiter::Signal*, std::bfloat16_t*, int, int)",1842876,18444334160200519208,10008451008207.019531,100.00,0,18444333982068332529,2113738.567990
"ncclDevKernel_Generic_1(ncclDevKernelArgsStorage<4096ul>)",1191325,553877020838,464925.205832,3.003e-06,1800,43243012055,2666331.425072
"aiter::fmha_fwd_hd192_hd128_bf16_group",178272,403240812331,2261941.372347,2.186e-06,0,23567239,2549352.365419
"mfma_moe1_silu_mul_afp8_wfp4_bf16_t64x128x256_pm1_async_gui_xcd4_situv2_sb4p0_slb25p0_v32",174892,97820994596,559322.293736,5.304e-07,384243,11991171,560905.226802
"Cijk_Alik_Bljk_BBS_BH_Bias_HA_S_SAV_UserArgs_MT256x224x64_MI16x16x1_SN_LDSB1_AFC0_AFEM1_AFEM1_ASEM1_CLR1_CADS0_DTLA0_DTLB0_DTVA0_DTVB0_EPS0_FDSI0_GRPM1_GRVWA8_GRVWB8_GSU0_GSUAMB_GLS0_ISA950_IU1_K1_LDSTI0_LBSPPA1024_LBSPPB128_LBSPPM0_LPA16_LPB16_LPM0_LRVW8_LWPMn1_MIAV0_MIWT8_7_MO40_NTn1_NTA0_NTB0_NTC0_NTD0_NTM0_NEPBS0_NLCA1_NLCB1_ONLL1_PGR2_PLR1_PKA1_SIA3_SS1_SPO0_SRVW0_SSO0_SVW8_SK3_SKFTR0_SKXCCM0_TLDS1_ULSGRO0_USL1_UIOFGRO0_USFGRO0_VSn1_VWA8_VWB1_WSGRA0_WSGRB0_WS64_WG32_8_1",509698,87947441569,172548.139426,4.768e-07,23520,12511475,194199.548383
"mfma_moe2_afp8_wfp4_bf16_cshuffle_t64x256x128_vscale_fix3_fp4opt_v1_pm1_xcd4_acc0",174892,77300998739,441992.765472,4.191e-07,273842,1508992,441997.971817
"_attn_res_kernel",1515822,73958024344,48790.705204,4.010e-07,0,9038208,89807.822823
"aiter::mla_a8w8_qh16_qseqlen1_gqaratio16_lse_ps",157152,59781321627,380404.459549,3.241e-07,0,7443434,453016.080672
"Cijk_Alik_Bljk_BBS_BH_Bias_HA_S_SAV_UserArgs_MT256x256x64_MI16x16x1_CMS_SN_LDSB0_AFC0_AFEM1_AFEM1_ASEM1_CLR1_CADS0_DTLA1_DTLB1_DTVA0_DTVB0_EPS0_FDSI0_GRPM1_GRVWA8_GRVWB8_GSU0_GSUAMB_GLS0_ISA950_IU1_K1_LDSTI0_LBSPPA1024_LBSPPB1024_LBSPPM0_LPA16_LPB16_LPM0_LRVW8_LWPMn1_MIAV0_MIWT8_8_MO40_NTn1_NTA0_NTB0_NTC0_NTD4_NTM0_NEPBS0_NLCA1_NLCB1_ONLL1_PGR2_PLR1_PKA1_SIA3_SS1_SPO0_SRVW0_SSO0_SVW8_SK3_SKFTR0_SKXCCM0_TLDS1_ULSGRO0_USL1_UIOFGRO0_USFGRO0_VSn1_VWA8_VWB8_WSGRA0_WSGRB0_WS64_WG32_8_1",132526,54470901638,411020.491360,2.953e-07,25120,1582583,433874.971859
"chunk_gated_delta_rule_fwd_kernel_h_blockdim64",163117,45366068677,278119.807727,2.460e-07,0,10857562,301049.633743
"void vllm::gather_and_maybe_dequant_cache_page<__hip_bfloat16, unsigned char, (vllm::Fp8KVCacheDataType)1, 576>(unsigned char const*, __hip_bfloat16*, int const*, int const*, int, int, int, long, long, long, long, float const*, int const*)",178272,40107745966,224980.624921,2.175e-07,0,1235530,226921.806996
"Cijk_Alik_Bljk_BBS_BH_Bias_HA_S_SAV_UserArgs_MT256x240x64_MI16x16x1_SN_LDSB0_AFC0_AFEM1_AFEM1_ASEM1_CLR0_CADS0_DTLA1_DTLB1_DTVA0_DTVB0_EPS0_FDSI0_GRPM1_GRVWA8_GRVWB2_GSU0_GSUAMB_GLS0_ISA950_IU1_K1_LDSTI0_LBSPPA1024_LBSPPB256_LBSPPM0_LPA16_LPB16_LPM0_LRVW8_LWPMn1_MIAV0_MIWT4_15_MO40_NTn1_NTA0_NTB0_NTC6_NTD4_NTM0_NEPBS0_NLCA1_NLCB1_ONLL1_PGR2_PLR1_PKA1_SIA3_SS1_SPO1_SRVW0_SSO1_SVW4_SK3_SKFTR0_SKXCCM0_TLDS1_ULSGRO0_USL1_UIOFGRO0_USFGRO0_VSn1_VWA4_VWB1_WSGRA0_WSGRB0_WS64_WG64_4_1",161861,38910023136,240391.589920,2.110e-07,0,1248731,250254.652485
"mfma_moe1_silu_mul_afp8_wfp4_fp8_t32x128x256_pm1_fp8q_sort_async_gui_situv2_sb4p0_slb25p0_v32",495236,38820680550,78388.244292,2.105e-07,11280,1083999,84014.482694
"Cijk_Alik_Bljk_BBS_BH_Bias_HA_S_SAV_UserArgs_MT192x240x64_MI16x16x1_SN_LDSB0_AFC0_AFEM1_AFEM1_ASEM1_CLR0_CADS0_DTLA1_DTLB1_DTVA0_DTVB0_EPS1_FDSI0_GRPM1_GRVWA8_GRVWB2_GSU0_GSUAMB_GLS0_ISA950_IU1_K1_LDSTI0_LBSPPA1024_LBSPPB256_LBSPPM0_LPA16_LPB16_LPM0_LRVW8_LWPMn1_MIAV0_MIWT3_15_MO40_NTn1_NTA0_NTB0_NTC0_NTD4_NTM0_NEPBS0_NLCA1_NLCB1_ONLL1_PGR1_PLR1_PKA1_SIA3_SS1_SPO1_SRVW0_SSO1_SVW1_SK3_SKFTR0_SKXCCM0_TLDS1_ULSGRO0_USL1_UIOFGRO0_USFGRO0_VSn1_VWA1_VWB1_WSGRA0_WSGRB0_WS64_WG64_4_1",334195,34461705111,103118.553871,1.868e-07,15520,1266710,125750.373733
"moe_reduction_kernel_plain_bf16_topk16_md3584",198260,30677776429,154735.077318,1.663e-07,0,1139650,160907.133509
"void at::native::elementwise_kernel_manual_unroll<128, 8, at::native::gpu_kernel_impl_nocast<at::native::direct_copy_kernel_cuda(at::TensorIteratorBase&)::{lambda()#3}::operator()() const::{lambda()#12}::operator()() const::{lambda(c10::BFloat16)#1}>(at::TensorIteratorBase&, at::native::direct_copy_kernel_cuda(at::TensorIteratorBase&)::{lambda()#3}::operator()() const::{lambda()#12}::operator()() const::{lambda(c10::BFloat16)#1} const&)::{lambda(int, bool)#1}>(int, at::native::gpu_kernel_impl_nocast<at::native::direct_copy_kernel_cuda(at::TensorIteratorBase&)::{lambda()#3}::operator()() const::{lambda()#12}::operator()() const::{lambda(c10::BFloat16)#1}>(at::TensorIteratorBase&, at::native::direct_copy_kernel_cuda(at::TensorIteratorBase&)::{lambda()#3}::operator()() const::{lambda()#12}::operator()() const::{lambda(c10::BFloat16)#1} const&)::{lambda(int, bool)#1})",1034291,26301676456,25429.667720,1.426e-07,0,8595424,38553.036964
"__amd_rocclr_copyBuffer",1803809,17468487216,9684.222230,9.471e-08,0,1030228,13988.315328
"Cijk_Alik_Bljk_BSS_BH_Bias_S_HA_S_SAV_UserArgs_MT224x256x64_MI16x16x1_SN_LDSB1_AFC0_AFEM1_AFEM1_ASEM1_CLR1_CADS0_DTLA0_DTLB0_DTVA0_DTVB0_EPS0_FDSI0_GRPM1_GRVWA8_GRVWB8_GSU0_GSUAMB_GLS0_ISA950_IU1_K1_LDSTI0_LBSPPA128_LBSPPB1024_LBSPPM0_LPA16_LPB16_LPM0_LRVW8_LWPMn1_MIAV0_MIWT7_8_MO40_NTn1_NTA0_NTB0_NTC0_NTD0_NTM0_NEPBS0_NLCA1_NLCB1_ONLL1_PGR2_PLR1_PKA1_SIA3_SS1_SPO0_SRVW0_SSO0_SVW1_SK3_SKFTR0_SKXCCM0_TLDS1_ULSGRO0_USL1_UIOFGRO0_USFGRO0_VSn1_VWA1_VWB8_WSGRA0_WSGRB0_WS64_WG32_8_1",166888,17134414210,102670.139315,9.290e-08,94441,1109099,99769.474341
"mfma_moe2_afp8_wfp4_bf16_cshuffle_t32x256x128_vscale_fix3_fp4opt_v1_pm1",259716,15417901628,59364.465909,8.359e-08,10361,1163560,60146.900074
"mscclKernel_Sum_hip_bfloat16_Simple_false(ncclDevComm*, mscclAlgo*, mscclWork*)",156720,14898900634,95067.002514,8.078e-08,13320,2261114155,6143954.195264
"void aiter::grouped_topk_kernel<float, float __vector(4), 1, true, true, false>(float*, float const*, float*, int*, unsigned long, unsigned long, int, int, int, int, float)",745752,13892747448,18629.178933,7.532e-08,0,269082,21187.055663
"aiter::fmha_fwd_hd192_hd128_bf16_causal_group",54072,13591015533,251350.339048,7.369e-08,0,7663035,272483.105574
"void at::native::(anonymous namespace)::CatArrayBatchedCopy<at::native::(anonymous namespace)::OpaqueType<2u>, unsigned int, 3, 64, 64>(at::native::(anonymous namespace)::OpaqueType<2u>*, at::native::(anonymous namespace)::CatArrInputTensorMetadata<at::native::(anonymous namespace)::OpaqueType<2u>, unsigned int, 64, 64>, at::native::(anonymous namespace)::TensorSizeStride<unsigned int, 4u>, int, unsigned int)",356544,12961932716,36354.370613,7.028e-08,0,1099319,45218.559679
"mfma_moe2_afp8_wfp4_bf16_cshuffle_t32x128x128_vscale_fix3_fp4opt_v1_pm1",287776,12755376012,44323.974244,6.916e-08,5440,2972871771,5552498.665705
"Cijk_Alik_Bljk_BBS_BH_Bias_HA_S_SAV_UserArgs_MT192x192x64_MI16x16x1_SN_LDSB0_AFC0_AFEM1_AFEM1_ASEM1_CLR1_CADS0_DTLA0_DTLB0_DTVA0_DTVB0_EPS0_FDSI0_GRPM1_GRVWA8_GRVWB8_GSU0_GSUAMB_GLS0_ISA950_IU1_K1_LDSTI0_LBSPPA256_LBSPPB256_LBSPPM0_LPA16_LPB16_LPM0_LRVW8_LWPMn1_MIAV0_MIWT6_6_MO40_NTn1_NTA0_NTB0_NTC0_NTD0_NTM0_NEPBS0_NLCA1_NLCB1_ONLL1_PGR2_PLR1_PKA1_SIA3_SS1_SPO0_SRVW0_SSO0_SVW2_SK3_SKFTR0_SKXCCM0_TLDS1_ULSGRO0_USL1_UIOFGRO0_USFGRO0_VSn1_VWA2_VWB2_WSGRA0_WSGRB0_WS64_WG32_8_1",94501,11784843836,124706.022539,6.389e-08,0,1050187,142721.425345
"void at::native::vectorized_elementwise_kernel<8, at::native::CUDAFunctor_add<c10::BFloat16>, std::array<char*, 3ul> >(int, at::native::CUDAFunctor_add<c10::BFloat16>, std::array<char*, 3ul>)",753858,11729951200,15559.894834,6.360e-08,0,1964177,24080.043496
"Cijk_Alik_Bljk_BBS_BH_Bias_HA_S_SAV_UserArgs_MT160x192x128_MI16x16x1_SN_LDSB1_AFC0_AFEM1_AFEM1_ASEM1_CLR0_CADS0_DTLA0_DTLB0_DTVA0_DTVB0_EPS0_FDSI0_GRPM1_GRVWA8_GRVWB8_GSU0_GSUAMB_GLS0_ISA950_IU1_K1_LDSTI0_LBSPPA512_LBSPPB256_LBSPPM0_LPA16_LPB16_LPM0_LRVW8_LWPMn1_MIAV0_MIWT10_3_MO40_NTn1_NTA0_NTB0_NTC1_NTD4_NTM0_NEPBS0_NLCA1_NLCB1_ONLL1_PGR2_PLR1_PKA1_SIA3_SS1_SPO0_SRVW0_SSO0_SVW2_SK3_SKFTR0_SKXCCM0_TLDS1_ULSGRO0_USL1_UIOFGRO0_USFGRO0_VSn1_VWA2_VWB1_WSGRA0_WSGRB0_WS64_WG16_16_1",166960,10988373829,65814.409613,5.958e-08,31520,321443,63052.195830
"_causal_conv1d_fwd_kernel",470097,10763285733,22895.882622,5.836e-08,0,1022888,23364.021614
"Cijk_Alik_Bljk_BBS_BH_Bias_HA_S_SAV_UserArgs_MT192x256x64_MI16x16x1_SN_LDSB0_AFC0_AFEM1_AFEM1_ASEM1_CLR1_CADS0_DTLA0_DTLB0_DTVA0_DTVB0_EPS0_FDSI0_GRPM1_GRVWA8_GRVWB8_GSU0_GSUAMB_GLS0_ISA950_IU1_K1_LDSTI0_LBSPPA256_LBSPPB1024_LBSPPM0_LPA16_LPB16_LPM0_LRVW8_LWPMn1_MIAV0_MIWT6_8_MO40_NTn1_NTA0_NTB0_NTC0_NTD0_NTM0_NEPBS0_NLCA1_NLCB1_ONLL1_PGR2_PLR1_PKA1_SIA3_SS1_SPO0_SRVW0_SSO0_SVW2_SK3_SKFTR0_SKXCCM0_TLDS1_ULSGRO0_USL1_UIOFGRO0_USFGRO0_VSn1_VWA2_VWB8_WSGRA0_WSGRB0_WS64_WG32_8_1",22713,10649550420,468874.671774,5.774e-08,11920,659966,487008.457358
"merge_attn_states_kernel",178008,10445013510,58677.214002,5.663e-08,0,313243,59758.080032
"chunk_gla_fwd_kernel_o",190697,7833455075,41078.019450,4.247e-08,0,27226380,125538.707812
"_ZN5aiter37dynamic_per_group_scaled_quant_kernelIDF16bDB8_Li32ELi32ELb0ELi64ELb1EEEvPT0_PfPKT_PKfliilPKii",383364,7628427724,19898.654344,4.136e-08,0,244282,20247.022076
"triton_poi_fused__to_copy_mul_sigmoid_slice_tanh_0",754812,6720438314,8903.459820,3.644e-08,0,884717,11051.530411
"chunk_kda_fwd_kernel_intra_sub_chunk",166428,6178494999,37124.131751,3.350e-08,0,271642,40621.746445
"void aiter::add_rmsnorm_quant_kernel<std::bfloat16_t, std::bfloat16_t, 256, 16, false, false, true, 1>(std::bfloat16_t*, std::bfloat16_t*, float*, std::bfloat16_t*, std::bfloat16_t*, std::bfloat16_t*, double, bool, int, int, int, int, int, int, int, bool, bool)",745752,5958529587,7989.961257,3.231e-08,0,849137,8016.589953
"void (anonymous namespace)::kda_decode_fusion_kernel<true, 12, true, true, true>(__hip_bfloat16 const*, __hip_bfloat16 const*, __hip_bfloat16 const*, float const*, float const*, float const*, float const*, float const*, float const*, __hip_bfloat16*, __hip_bfloat16*, __hip_bfloat16*, float const*, __hip_bfloat16 const*, float const*, __hip_bfloat16 const*, __hip_bfloat16 const*, float const*, int const*, float*, __hip_bfloat16*, float, float, float, (anonymous namespace)::KdaDecodeStrides)",402546,5664080688,14070.642083,3.071e-08,1680,269443,11813.364510
"chunk_kda_fwd_kernel_inter_solve_fused",161690,5618018862,34745.617305,3.046e-08,0,284242,28871.561155
"_ZN5aiter30fused_mx_quant_moe_sort_kernelIDF16bDB8_Li256ELi16EEEvPT0_PhPKT_PKiS9_PKfiiiiiiiii",537280,5493108109,10223.920691,2.978e-08,6640,284523,8119.516195
"recompute_w_u_fwd_kernel",162162,5326108308,32844.367410,2.888e-08,0,1016639,28972.575668
"Cijk_Alik_Bljk_BBS_BH_Bias_HA_S_SAV_UserArgs_MT256x192x64_MI16x16x1_SN_LDSB0_AFC0_AFEM1_AFEM1_ASEM1_CLR1_CADS0_DTLA0_DTLB0_DTVA0_DTVB0_EPS0_FDSI0_GRPM1_GRVWA8_GRVWB8_GSU0_GSUAMB_GLS0_ISA950_IU1_K1_LDSTI0_LBSPPA1024_LBSPPB256_LBSPPM0_LPA16_LPB16_LPM0_LRVW8_LWPMn1_MIAV0_MIWT8_6_MO40_NTn1_NTA0_NTB0_NTC0_NTD0_NTM0_NEPBS0_NLCA1_NLCB1_ONLL1_PGR2_PLR1_PKA1_SIA3_SS1_SPO0_SRVW0_SSO0_SVW8_SK3_SKFTR0_SKXCCM0_TLDS1_ULSGRO0_USL1_UIOFGRO0_USFGRO0_VSn1_VWA8_VWB2_WSGRA0_WSGRB0_WS64_WG32_8_1",55812,5031182711,90145.178653,2.728e-08,0,406123,98284.679008
"Cijk_Alik_Bljk_BBS_BH_Bias_HA_S_SAV_UserArgs_MT256x208x64_MI16x16x1_SN_LDSB1_AFC0_AFEM1_AFEM1_ASEM1_CLR1_CADS0_DTLA0_DTLB0_DTVA0_DTVB0_EPS0_FDSI0_GRPM1_GRVWA8_GRVWB4_GSU0_GSUAMB_GLS0_ISA950_IU1_K1_LDSTI0_LBSPPA512_LBSPPB128_LBSPPM0_LPA16_LPB16_LPM0_LRVW8_LWPMn1_MIAV0_MIWT4_13_MO40_NTn1_NTA0_NTB0_NTC0_NTD0_NTM0_NEPBS0_NLCA1_NLCB1_ONLL1_PGR2_PLR1_PKA1_SIA3_SS1_SPO0_SRVW0_SSO0_SVW4_SK3_SKFTR0_SKXCCM0_TLDS1_ULSGRO0_USL1_UIOFGRO0_USFGRO0_VSn1_VWA4_VWB1_WSGRA0_WSGRB0_WS64_WG64_4_1",33755,4708930960,139503.213154,2.553e-08,11440,1870376,181441.436268
"Cijk_Alik_Bljk_BBS_BH_Bias_HA_S_SAV_UserArgs_MT32x16x1024_MI16x16x1_SN_LDSB1_AFC0_AFEM1_AFEM1_ASEM1_CLR1_CADS0_DTLA0_DTLB0_DTVA0_DTVB0_EPS0_FDSI0_GRPM1_GRVWA8_GRVWB8_GSU0_GSUAMB_GLS0_ISA950_IU1_K1_LDSTI0_LBSPPA2048_LBSPPB2048_LBSPPM0_LPA16_LPB16_LPM0_LRVW8_LWPMn1_MIAV0_MIWT2_1_MO40_NTn1_NTA4_NTB0_NTC0_NTD0_NTM0_NEPBS0_NLCA1_NLCB1_ONLL1_PGR2_PLR1_PKA1_SIA3_SS1_SPO0_SRVW0_SSO0_SVW1_SK3_SKFTR0_SKXCCM8_TLDS1_ULSGRO0_USL1_UIOFGRO0_USFGRO0_VSn1_VWA1_VWB1_WSGRA0_WSGRB0_WS64_WG16_4_4",228919,4251892391,18573.785448,2.305e-08,16760,294602,1568.377526
"mfma_moe1_silu_mul_afp8_wfp4_fp8_t64x128x256_pm1_fp8q_sort_async_gui_situv2_sb4p0_slb25p0_v32",14536,3859937039,265543.274560,2.093e-08,0,326563,22914.673379
"mfma_moe2_afp8_wfp4_bf16_cshuffle_t64x256x128_vscale_fix3_fp4opt_v1_pm1_acc0",20976,3720027321,177346.840246,2.017e-08,0,1161170,26562.431708
"hgemm_bf16_32x64x128x4_SPK4_W1x4x1_BLDS1_TN_AS1_0",307748,3560414153,11569.251963,1.930e-08,8920,16207692,33437.524820
"void aiter::opus_moe_sorting_entry<aiter::MoeSortingMultiPhaseKernel_P23<aiter::MoeSortingProblemMp<int, float, int, 1, false, false, true> >, aiter::MoeSortingMultiPhaseKernel_P23<aiter::MoeSortingProblemMp<int, float, int, 1, false, false, true> >::Kargs>(aiter::MoeSortingMultiPhaseKernel_P23<aiter::MoeSortingProblemMp<int, float, int, 1, false, false, true> >::Kargs)",542432,3307484529,6097.509972,1.793e-08,4441,139641,678.939408
"kda_gate_chunk_cumsum_vector_kernel",164622,3299535790,20043.103534,1.789e-08,0,277802,5149.872405
"Cijk_Alik_Bljk_BSS_BH_Bias_S_HA_S_SAV_UserArgs_MT16x16x1024_MI16x16x1_SN_LDSB1_AFC0_AFEM1_AFEM1_ASEM1_CLR1_CADS0_DTLA0_DTLB0_DTVA0_DTVB0_EPS0_FDSI0_GRPM1_GRVWA8_GRVWB8_GSU0_GSUAMB_GLS0_ISA950_IU1_K1_LDSTI0_LBSPPA2048_LBSPPB2048_LBSPPM0_LPA16_LPB16_LPM0_LRVW8_LWPMn1_MIAV0_MIWT1_1_MO40_NTn1_NTA0_NTB0_NTC0_NTD0_NTM0_NEPBS0_NLCA1_NLCB1_ONLL1_PGR2_PLR1_PKA1_SIA3_SS1_SPO0_SRVW0_SSO0_SVW1_SK3_SKFTR0_SKXCCM0_TLDS1_ULSGRO0_USL1_UIOFGRO0_USFGRO0_VSn1_VWA1_VWB1_WSGRA0_WSGRB0_WS64_WG16_4_4",244076,2983329097,12222.951445,1.617e-08,10160,7937430,16356.798852
"void aiter::opus_moe_sorting_entry<aiter::MoeSortingMultiPhaseKernel_P23<aiter::MoeSortingProblemMp<int, float, unsigned char, 16, false, false, true> >, aiter::MoeSortingMultiPhaseKernel_P23<aiter::MoeSortingProblemMp<int, float, unsigned char, 16, false, false, true> >::Kargs>(aiter::MoeSortingMultiPhaseKernel_P23<aiter::MoeSortingProblemMp<int, float, unsigned char, 16, false, false, true> >::Kargs)",203320,2973668853,14625.559970,1.612e-08,0,1000319,3331.139600
"layer_norm_gated_fwd_kernel",156699,2968404529,18943.353365,1.609e-08,0,127201,5821.670038
"mfma_moe1_silu_mul_afp8_wfp4_fp8_t32x128x256_pm1_fp8q_sort_async_gui_xcd4_situv2_sb4p0_slb25p0_v32",53360,2915102704,54630.860270,1.580e-08,22360,212921,24986.457188
"Cijk_Alik_Bljk_BSS_BH_Bias_S_HA_S_SAV_UserArgs_MT16x16x1024_MI16x16x1_SN_LDSB1_AFC0_AFEM1_AFEM1_ASEM1_CLR1_CADS0_DTLA0_DTLB0_DTVA0_DTVB0_EPS0_FDSI0_GRPM1_GRVWA8_GRVWB8_GSU0_GSUAMB_GLS0_ISA950_IU1_K1_LDSTI0_LBSPPA2048_LBSPPB2048_LBSPPM0_LPA16_LPB16_LPM0_LRVW8_LWPMn1_MIAV0_MIWT1_1_MO40_NTn1_NTA4_NTB0_NTC0_NTD0_NTM0_NEPBS0_NLCA1_NLCB1_ONLL1_PGR2_PLR1_PKA1_SIA3_SS1_SPO0_SRVW0_SSO0_SVW1_SK3_SKFTR0_SKXCCM8_TLDS1_ULSGRO0_USL1_UIOFGRO0_USFGRO0_VSn1_VWA1_VWB1_WSGRA0_WSGRB0_WS64_WG16_4_4",241776,2911191642,12040.862790,1.578e-08,10520,127522,746.659731
"Cijk_Alik_Bljk_BBS_BH_Bias_HA_S_SAV_UserArgs_MT32x32x512_MI16x16x1_SN_LDSB0_AFC0_AFEM1_AFEM1_ASEM1_CLR1_CADS0_DTLA1_DTLB1_DTVA0_DTVB0_EPS0_FDSI0_GRPM1_GRVWA8_GRVWB8_GSU0_GSUAMB_GLS0_ISA950_IU1_K1_LDSTI0_LBSPPA1024_LBSPPB1024_LBSPPM0_LPA16_LPB16_LPM0_LRVW8_LWPMn1_MIAV1_MIWT1_1_MO40_NTn1_NTA4_NTB0_NTC3_NTD0_NTM0_NEPBS16_NLCA1_NLCB1_ONLL1_PGR2_PLR1_PKA1_SIA3_SS1_SPO0_SRVW0_SSO0_SVW1_SK3_SKFTR0_SKXCCM0_TLDS2_ULSGRO0_USL1_UIOFGRO0_USFGRO0_VSn1_VWA1_VWB1_WSGRA0_WSGRB0_WS64_WG32_8_1",129858,2910618494,22413.855858,1.578e-08,20440,279602,1196.064063
"_gemm_a16_w16_kernel_BLOCK_SIZE_M_32_BLOCK_SIZE_N_32_BLOCK_SIZE_K_256_GROUP_SIZE_M_1_NUM_KSPLIT_1_SPLITK_BLOCK_SIZE_1536_EVEN_K_1_EVEN_MN_0_cache_modifier_CG_activation_NONE_use_activation_0_ADD_BIAS_0_SKIP_REDUCE_0",288951,2755110996,9534.872681,1.494e-08,7560,129362,713.050357
"hgemm_bf16_32x64x128x3_SPK7_W1x4x1_BLDS1_TN_AS1_0",295568,2723234122,9213.562097,1.476e-08,7280,296083,1026.795766
"void aiter::opus_moe_sorting_entry<aiter::MoeSortingMultiPhaseKernel_P0_v2<aiter::MoeSortingProblemMp<int, float, int, 1, false, false, true> >, aiter::MoeSortingMultiPhaseKernel_P0_v2<aiter::MoeSortingProblemMp<int, float, int, 1, false, false, true> >::Kargs>(aiter::MoeSortingMultiPhaseKernel_P0_v2<aiter::MoeSortingProblemMp<int, float, int, 1, false, false, true> >::Kargs)",542432,2682396118,4945.128824,1.454e-08,3280,861446,1524.518036
"l2norm_fwd_kernel2",313398,2657087220,8478.315816,1.441e-08,0,241081,2007.573552
"Cijk_Alik_Bljk_BBS_BH_Bias_HA_S_SAV_UserArgs_MT16x16x512_MI16x16x1_SN_LDSB0_AFC0_AFEM1_AFEM1_ASEM1_CLR1_CADS0_DTLA1_DTLB1_DTVA0_DTVB0_EPS0_FDSI0_GRPM1_GRVWA8_GRVWB8_GSU0_GSUAMB_GLS0_ISA950_IU1_K1_LDSTI0_LBSPPA1024_LBSPPB1024_LBSPPM0_LPA16_LPB16_LPM0_LRVW8_LWPMn1_MIAV0_MIWT1_1_MO40_NTn1_NTA4_NTB0_NTC2_NTD1_NTM0_NEPBS0_NLCA1_NLCB1_ONLL1_PGR2_PLR1_PKA1_SIA3_SS0_SPO1_SRVW0_SSO0_SVW1_SK3_SKFTR0_SKXCCM0_TLDS2_ULSGRO0_USL1_UIOFGRO0_USFGRO1_VSn1_VWA1_VWB1_WSGRA0_WSGRB0_WS64_WG16_4_4",287224,2627469353,9147.805730,1.425e-08,6961,121441,616.946870
"void at::native::vectorized_elementwise_kernel<4, at::native::FillFunctor<int>, std::array<char*, 1ul> >(int, at::native::FillFunctor<int>, std::array<char*, 1ul>)",106556,2543594143,23870.961213,1.379e-08,0,15821452,100381.909156
"Cijk_Alik_Bljk_BBS_BH_Bias_HA_S_SAV_UserArgs_MT256x176x64_MI16x16x1_SN_LDSB0_AFC0_AFEM1_AFEM1_ASEM1_CLR1_CADS0_DTLA0_DTLB0_DTVA0_DTVB0_EPS0_FDSI0_GRPM1_GRVWA8_GRVWB4_GSU0_GSUAMB_GLS0_ISA950_IU1_K1_LDSTI0_LBSPPA512_LBSPPB128_LBSPPM0_LPA16_LPB16_LPM0_LRVW8_LWPMn1_MIAV0_MIWT4_11_MO40_NTn1_NTA0_NTB0_NTC0_NTD0_NTM0_NEPBS0_NLCA1_NLCB1_ONLL1_PGR2_PLR1_PKA1_SIA3_SS1_SPO0_SRVW0_SSO0_SVW4_SK3_SKFTR0_SKXCCM0_TLDS1_ULSGRO0_USL1_UIOFGRO0_USFGRO0_VSn1_VWA4_VWB1_WSGRA0_WSGRB0_WS64_WG64_4_1",41173,2361191454,57348.054647,1.280e-08,13841,405244,35161.465807
"mfma_moe1_silu_mul_afp8_wfp4_fp8_t64x128x256_pm1_fp8q_sort_async_gui_xcd4_situv2_sb4p0_slb25p0_v32",6440,2342720981,363776.549845,1.270e-08,297602,428803,18786.705231
"Cijk_Alik_Bljk_BBS_BH_Bias_HA_S_SAV_UserArgs_MT16x16x512_MI16x16x1_SN_LDSB0_AFC0_AFEM1_AFEM1_ASEM1_CLR1_CADS0_DTLA1_DTLB1_DTVA0_DTVB0_EPS0_FDSI0_GRPM1_GRVWA8_GRVWB8_GSU0_GSUAMB_GLS0_ISA950_IU1_K1_LDSTI0_LBSPPA1024_LBSPPB1024_LBSPPM0_LPA16_LPB16_LPM0_LRVW8_LWPMn1_MIAV0_MIWT1_1_MO40_NTn1_NTA0_NTB0_NTC2_NTD1_NTM0_NEPBS0_NLCA1_NLCB1_ONLL1_PGR2_PLR1_PKA1_SIA3_SS0_SPO1_SRVW0_SSO0_SVW1_SK3_SKFTR0_SKXCCM0_TLDS2_ULSGRO0_USL1_UIOFGRO0_USFGRO1_VSn1_VWA1_VWB1_WSGRA0_WSGRB0_WS64_WG16_4_4",244076,2259228284,9256.249217,1.225e-08,7440,136121,782.548825
"hgemm_bf16_32x64x128x4_SPK1_W2x2x1_BLDS1_TN_AS1_0",246729,2233376242,9051.940558,1.211e-08,6720,2482058,5102.684320
"Cijk_Alik_Bljk_BBS_BH_Bias_HA_S_SAV_UserArgs_MT192x224x64_MI16x16x1_SN_LDSB0_AFC0_AFEM1_AFEM1_ASEM1_CLR1_CADS0_DTLA0_DTLB0_DTVA0_DTVB0_EPS0_FDSI0_GRPM1_GRVWA8_GRVWB8_GSU0_GSUAMB_GLS0_ISA950_IU1_K1_LDSTI0_LBSPPA256_LBSPPB128_LBSPPM0_LPA16_LPB16_LPM0_LRVW8_LWPMn1_MIAV0_MIWT6_7_MO40_NTn1_NTA0_NTB0_NTC0_NTD0_NTM0_NEPBS0_NLCA1_NLCB1_ONLL1_PGR2_PLR1_PKA1_SIA3_SS1_SPO0_SRVW0_SSO0_SVW2_SK3_SKFTR0_SKXCCM0_TLDS1_ULSGRO0_USL1_UIOFGRO0_USFGRO0_VSn1_VWA2_VWB1_WSGRA0_WSGRB0_WS64_WG32_8_1",18217,2194888002,120485.700280,1.190e-08,0,262723,62196.312630
"void aiter::mxfp4_moe_sort_kernel<256, 32, 16, 32>(unsigned char*, unsigned char*, int const*, int const*, int, int, int, int, int)",208472,2173573775,10426.214432,1.178e-08,0,247722,2058.704779
"Cijk_Alik_Bljk_BBS_BH_Bias_HA_S_SAV_UserArgs_MT32x48x512_MI16x16x1_SN_LDSB1_AFC0_AFEM1_AFEM1_ASEM1_CLR1_CADS0_DTLA0_DTLB0_DTVA0_DTVB0_EPS0_FDSI0_GRPM1_GRVWA8_GRVWB8_GSU0_GSUAMB_GLS0_ISA950_IU1_K1_LDSTI0_LBSPPA2048_LBSPPB1024_LBSPPM0_LPA16_LPB16_LPM0_LRVW8_LWPMn1_MIAV1_MIWT2_3_MO40_NTn1_NTA4_NTB0_NTC3_NTD0_NTM0_NEPBS14_NLCA1_NLCB1_ONLL1_PGR2_PLR1_PKA1_SIA3_SS1_SPO0_SRVW0_SSO0_SVW2_SK3_SKFTR0_SKXCCM8_TLDS1_ULSGRO0_USL1_UIOFGRO0_USFGRO0_VSn1_VWA2_VWB1_WSGRA0_WSGRB0_WS64_WG16_4_4",80592,2155811246,26749.692848,1.169e-08,24560,12869497,45262.488897
"Cijk_SB_BiasS_HAS_ScaleAlphaVec_PostGSU16_VW4",264619,2128798257,8044.767220,1.154e-08,4800,864046,2363.785138
"Cijk_Alik_Bljk_BBS_BH_Bias_HA_S_SAV_UserArgs_MT192x64x64_MI16x16x1_SN_LDSB1_AFC0_AFEM1_AFEM1_ASEM1_CLR1_CADS0_DTLA0_DTLB0_DTVA0_DTVB0_EPS0_FDSI0_GRPM1_GRVWA8_GRVWB8_GSU0_GSUAMB_GLS0_ISA950_IU1_K1_LDSTI0_LBSPPA256_LBSPPB256_LBSPPM0_LPA16_LPB16_LPM0_LRVW8_LWPMn1_MIAV0_MIWT6_2_MO40_NTn1_NTA4_NTB0_NTC0_NTD0_NTM0_NEPBS0_NLCA1_NLCB1_ONLL1_PGR2_PLR1_PKA1_SIA3_SS1_SPO0_SRVW0_SSO0_SVW2_SK3_SKFTR0_SKXCCM8_TLDS1_ULSGRO0_USL1_UIOFGRO0_USFGRO0_VSn1_VWA2_VWB2_WSGRA0_WSGRB0_WS64_WG32_8_1",100119,2102737219,21002.379359,1.140e-08,19400,136561,900.235549
"hgemm_bf16_16x64x128x4_SPK1_W1x2x1_BLDS1_TN_AS1_0",298364,1766442904,5920.429087,9.577e-09,4360,272722,1042.210669
"Cijk_Alik_Bljk_BBS_BH_Bias_HA_S_SAV_UserArgs_MT256x48x64_MI16x16x1_SN_LDSB1_AFC0_AFEM1_AFEM1_ASEM1_CLR1_CADS0_DTLA0_DTLB0_DTVA0_DTVB0_EPS0_FDSI0_GRPM1_GRVWA8_GRVWB4_GSU0_GSUAMB_GLS0_ISA950_IU1_K1_LDSTI0_LBSPPA512_LBSPPB128_LBSPPM0_LPA16_LPB16_LPM0_LRVW8_LWPMn1_MIAV0_MIWT4_3_MO40_NTn1_NTA4_NTB0_NTC0_NTD0_NTM0_NEPBS0_NLCA1_NLCB1_ONLL1_PGR2_PLR1_PKA1_SIA3_SS1_SPO0_SRVW0_SSO0_SVW4_SK3_SKFTR0_SKXCCM8_TLDS1_ULSGRO0_USL1_UIOFGRO0_USFGRO0_VSn1_VWA4_VWB1_WSGRA0_WSGRB0_WS64_WG64_4_1",111964,1645300799,14694.909069,8.920e-09,13161,9574982,28746.893405
"hgemm_bf16_32x64x128x4_SPK1_W1x4x1_BLDS1_TN_AS1_0",244076,1526384062,6253.724504,8.276e-09,4520,874827,2722.081153
"Cijk_Alik_Bljk_BBS_BH_Bias_HA_S_SAV_UserArgs_MT128x64x64_MI16x16x1_SN_LDSB1_AFC0_AFEM1_AFEM1_ASEM1_CLR1_CADS0_DTLA0_DTLB0_DTVA0_DTVB0_EPS0_FDSI0_GRPM1_GRVWA8_GRVWB8_GSU0_GSUAMB_GLS0_ISA950_IU1_K1_LDSTI0_LBSPPA512_LBSPPB256_LBSPPM0_LPA16_LPB16_LPM0_LRVW8_LWPMn1_MIAV0_MIWT4_2_MO40_NTn1_NTA4_NTB0_NTC0_NTD0_NTM0_NEPBS0_NLCA1_NLCB1_ONLL1_PGR2_PLR1_PKA1_SIA3_SS1_SPO0_SRVW0_SSO0_SVW4_SK3_SKFTR0_SKXCCM8_TLDS1_ULSGRO0_USL1_UIOFGRO0_USFGRO0_VSn1_VWA4_VWB2_WSGRA0_WSGRB0_WS64_WG32_8_1",102028,1489805935,14601.932166,8.077e-09,13160,9742053,30594.155625
"Cijk_Alik_Bljk_BBS_BH_Bias_HA_S_SAV_UserArgs_MT192x32x64_MI16x16x1_SN_LDSB1_AFC0_AFEM1_AFEM1_ASEM1_CLR1_CADS0_DTLA0_DTLB0_DTVA0_DTVB0_EPS0_FDSI0_GRPM1_GRVWA8_GRVWB8_GSU0_GSUAMB_GLS0_ISA950_IU1_K1_LDSTI0_LBSPPA256_LBSPPB128_LBSPPM0_LPA16_LPB16_LPM0_LRVW8_LWPMn1_MIAV0_MIWT6_1_MO40_NTn1_NTA4_NTB0_NTC0_NTD0_NTM0_NEPBS0_NLCA1_NLCB1_ONLL1_PGR2_PLR1_PKA1_SIA3_SS1_SPO0_SRVW0_SSO0_SVW2_SK3_SKFTR0_SKXCCM8_TLDS1_ULSGRO0_USL1_UIOFGRO0_USFGRO0_VSn1_VWA2_VWB1_WSGRA0_WSGRB0_WS64_WG32_8_1",77970,1477395414,18948.254636,8.010e-09,17760,1028918,3743.666943
"void at::native::vectorized_elementwise_kernel<8, at::native::sigmoid_kernel_cuda(at::TensorIteratorBase&)::{lambda()#2}::operator()() const::{lambda()#4}::operator()() const::{lambda(c10::BFloat16)#1}, std::array<char*, 2ul> >(int, at::native::sigmoid_kernel_cuda(at::TensorIteratorBase&)::{lambda()#2}::operator()() const::{lambda()#4}::operator()() const::{lambda(c10::BFloat16)#1}, std::array<char*, 2ul>)",194544,1401428957,7203.660647,7.598e-09,0,10465694,24049.284065
"void vllm::concat_and_cache_mla_kernel<__hip_bfloat16, unsigned char, (vllm::Fp8KVCacheDataType)1>(__hip_bfloat16 const*, __hip_bfloat16 const*, unsigned char*, long const*, int, int, int, int, int, int, int, float const*)",194520,1401408254,7204.443008,7.598e-09,0,1006009,4531.779171
"void at::native::vectorized_elementwise_kernel<8, at::native::BinaryFunctor<c10::BFloat16, c10::BFloat16, c10::BFloat16, at::native::binary_internal::MulFunctor<float> >, std::array<char*, 3ul> >(int, at::native::BinaryFunctor<c10::BFloat16, c10::BFloat16, c10::BFloat16, at::native::binary_internal::MulFunctor<float> >, std::array<char*, 3ul>)",194544,1298213150,6673.108140,7.039e-09,0,870607,3800.104558
"_dcp_a2a_pack_send_kernel",157152,1260970478,8023.890743,6.837e-09,0,12417153,31336.651065
"void kn_mla_reduce_v1_ps<MlaReduceKernelV1Traits<512, 16, 1>, float, std::bfloat16_t>(MlaReduceKernelV1Params, MlaReduceKernelV1Configs)",157152,1258830736,8010.274995,6.825e-09,0,139961,1132.860838
"Cijk_Alik_Bljk_BBS_BH_Bias_HA_S_SAV_UserArgs_MT32x16x64_MI16x16x1_SN_LDSB0_AFC0_AFEM1_AFEM1_ASEM1_CLR0_CADS0_DTLA1_DTLB1_DTVA0_DTVB0_EPS0_FDSI0_GRPM1_GRVWA8_GRVWB8_GSU0_GSUAMB_GLS0_ISA950_IU1_K1_LDSTI0_LBSPPA1024_LBSPPB1024_LBSPPM0_LPA16_LPB16_LPM0_LRVW8_LWPMn1_MIAV0_MIWT2_1_MO40_NTn1_NTA0_NTB0_NTC3_NTD1_NTM0_NEPBS10_NLCA1_NLCB1_ONLL1_PGR2_PLR1_PKA1_SIA3_SS1_SPO1_SRVW0_SSO0_SVW2_SK3_SKFTR0_SKXCCM0_TLDS2_ULSGRO0_USL1_UIOFGRO0_USFGROn1_VSn1_VWA2_VWB1_WSGRA0_WSGRB0_WS64_WG16_4_1",186438,1203591769,6455.721307,6.526e-09,4240,282562,1229.749946
"void aiter::add_rmsnorm_quant_kernel<std::bfloat16_t, std::bfloat16_t, 256, 8, false, false, true, 1>(std::bfloat16_t*, std::bfloat16_t*, float*, std::bfloat16_t*, std::bfloat16_t*, std::bfloat16_t*, double, bool, int, int, int, int, int, int, int, bool, bool)",194544,1191287130,6123.484302,6.459e-09,0,274242,2395.405552
"void at::native::vectorized_elementwise_kernel<8, at::native::FillFunctor<c10::BFloat16>, std::array<char*, 1ul> >(int, at::native::FillFunctor<c10::BFloat16>, std::array<char*, 1ul>)",225850,1187086531,5256.083821,6.436e-09,0,291802,1851.969725
"void kn_get_mla_metadata_v1_2<MlaMetadataV12Traits<128, false, 1, true, false> >(MlaMetadataV1KernelParameter)",6548,1159226321,177035.174252,6.285e-09,30440,248482,39390.454800
"void at::native::elementwise_kernel_manual_unroll<128, 8, at::native::gpu_kernel_impl_nocast<at::native::float8_copy_kernel_cuda(at::TensorIteratorBase&)::{lambda(c10::Float8_e4m3fn)#1}>(at::TensorIteratorBase&, at::native::float8_copy_kernel_cuda(at::TensorIteratorBase&)::{lambda(c10::Float8_e4m3fn)#1} const&)::{lambda(int, bool)#1}>(int, at::native::gpu_kernel_impl_nocast<at::native::float8_copy_kernel_cuda(at::TensorIteratorBase&)::{lambda(c10::Float8_e4m3fn)#1}>(at::TensorIteratorBase&, at::native::float8_copy_kernel_cuda(at::TensorIteratorBase&)::{lambda(c10::Float8_e4m3fn)#1} const&)::{lambda(int, bool)#1})",157056,1119393474,7127.352498,6.069e-09,0,294842,1277.479007
"void aiter::mxfp4_moe_sort_kernel<256, 64, 4, 32>(unsigned char*, unsigned char*, int const*, int const*, int, int, int, int, int)",174892,1105425326,6320.616872,5.993e-09,4160,192321,1068.865384
"Cijk_Alik_Bljk_BBS_BH_Bias_HA_S_SAV_UserArgs_MT32x16x64_MI16x16x1_SN_LDSB0_AFC0_AFEM1_AFEM1_ASEM1_CLR0_CADS0_DTLA1_DTLB1_DTVA0_DTVB0_EPS0_FDSI0_GRPM1_GRVWA8_GRVWB8_GSU0_GSUAMB_GLS0_ISA950_IU1_K1_LDSTI0_LBSPPA1024_LBSPPB1024_LBSPPM0_LPA16_LPB16_LPM0_LRVW8_LWPMn1_MIAV0_MIWT2_1_MO40_NTn1_NTA4_NTB0_NTC3_NTD1_NTM0_NEPBS10_NLCA1_NLCB1_ONLL1_PGR2_PLR1_PKA1_SIA3_SS1_SPO1_SRVW0_SSO0_SVW2_SK3_SKFTR0_SKXCCM0_TLDS2_ULSGRO0_USL1_UIOFGRO0_USFGROn1_VSn1_VWA2_VWB1_WSGRA0_WSGRB0_WS64_WG16_4_1",177100,1065363176,6015.602349,5.776e-09,4160,298603,1309.723401
"Cijk_SB_BiasS_HAS_ScaleAlphaVec_PostGSU8_VW4",189222,1010333617,5339.408827,5.478e-09,0,11643380,26803.138836
"void aiter::add_rmsnorm_quant_kernel<std::bfloat16_t, std::bfloat16_t, 64, 8, false, false, true, 1>(std::bfloat16_t*, std::bfloat16_t*, float*, std::bfloat16_t*, std::bfloat16_t*, std::bfloat16_t*, double, bool, int, int, int, int, int, int, int, bool, bool)",194544,967382914,4972.566175,5.245e-09,0,120721,654.392545
"void at::native::index_elementwise_kernel<128, 4, at::native::gpu_index_kernel<at::native::index_put_kernel_impl<at::native::OpaqueType<4> >(at::TensorIterator&, c10::ArrayRef<long>, c10::ArrayRef<long>)::{lambda(char*, char const*, long)#1}>(at::TensorIteratorBase&, c10::ArrayRef<long>, c10::ArrayRef<long>, at::native::index_put_kernel_impl<at::native::OpaqueType<4> >(at::TensorIterator&, c10::ArrayRef<long>, c10::ArrayRef<long>)::{lambda(char*, char const*, long)#1} const&, bool)::{lambda(int)#1}>(long, at::native::gpu_index_kernel<at::native::index_put_kernel_impl<at::native::OpaqueType<4> >(at::TensorIterator&, c10::ArrayRef<long>, c10::ArrayRef<long>)::{lambda(char*, char const*, long)#1}>(at::TensorIteratorBase&, c10::ArrayRef<long>, c10::ArrayRef<long>, at::native::index_put_kernel_impl<at::native::OpaqueType<4> >(at::TensorIterator&, c10::ArrayRef<long>, c10::ArrayRef<long>)::{lambda(char*, char const*, long)#1} const&, bool)::{lambda(int)#1})",156699,959417443,6122.677509,5.202e-09,0,156841,1434.356272
"void aiter::opus_moe_sorting_entry<aiter::MoeSortingClearWorkspaceKernel<aiter::MoeSortingClearWorkspaceProblem<false, 1024, 1> >, aiter::MoeSortingClearWorkspaceKernel<aiter::MoeSortingClearWorkspaceProblem<false, 1024, 1> >::Kargs>(aiter::MoeSortingClearWorkspaceKernel<aiter::MoeSortingClearWorkspaceProblem<false, 1024, 1> >::Kargs)",181332,924289498,5097.222211,5.011e-09,1680,289323,1467.278423
"void at::native::elementwise_kernel_manual_unroll<128, 4, at::native::gpu_kernel_impl<at::native::direct_copy_kernel_cuda(at::TensorIteratorBase&)::{lambda()#3}::operator()() const::{lambda()#4}::operator()() const::{lambda(long)#1}>(at::TensorIteratorBase&, at::native::direct_copy_kernel_cuda(at::TensorIteratorBase&)::{lambda()#3}::operator()() const::{lambda()#4}::operator()() const::{lambda(long)#1} const&)::{lambda(int, bool)#1}>(int, at::native::gpu_kernel_impl<at::native::direct_copy_kernel_cuda(at::TensorIteratorBase&)::{lambda()#3}::operator()() const::{lambda()#4}::operator()() const::{lambda(long)#1}>(at::TensorIteratorBase&, at::native::direct_copy_kernel_cuda(at::TensorIteratorBase&)::{lambda()#3}::operator()() const::{lambda()#4}::operator()() const::{lambda(long)#1} const&)::{lambda(int, bool)#1})",181021,923054215,5099.155429,5.005e-09,0,283762,1483.010482
"void at::native::elementwise_kernel_manual_unroll<128, 8, at::native::gpu_kernel_impl_nocast<at::native::direct_copy_kernel_cuda(at::TensorIteratorBase&)::{lambda()#3}::operator()() const::{lambda()#1}::operator()() const::{lambda(unsigned char)#1}>(at::TensorIteratorBase&, at::native::direct_copy_kernel_cuda(at::TensorIteratorBase&)::{lambda()#3}::operator()() const::{lambda()#1}::operator()() const::{lambda(unsigned char)#1} const&)::{lambda(int, bool)#1}>(int, at::native::gpu_kernel_impl_nocast<at::native::direct_copy_kernel_cuda(at::TensorIteratorBase&)::{lambda()#3}::operator()() const::{lambda()#1}::operator()() const::{lambda(unsigned char)#1}>(at::TensorIteratorBase&, at::native::direct_copy_kernel_cuda(at::TensorIteratorBase&)::{lambda()#3}::operator()() const::{lambda()#1}::operator()() const::{lambda(unsigned char)#1} const&)::{lambda(int, bool)#1})",165048,916883043,5555.250854,4.971e-09,2560,2155578,44354.737543
"void aiter::opus_moe_sorting_entry<aiter::MoeSortingMultiPhaseKernel_P0_v1<aiter::MoeSortingProblemMp<int, float, unsigned char, 4, false, false, true> >, aiter::MoeSortingMultiPhaseKernel_P0_v1<aiter::MoeSortingProblemMp<int, float, unsigned char, 4, false, false, true> >::Kargs>(aiter::MoeSortingMultiPhaseKernel_P0_v1<aiter::MoeSortingProblemMp<int, float, unsigned char, 4, false, false, true> >::Kargs)",181332,885060374,4880.883540,4.799e-09,2160,174682,785.826940
"_dcp_a2a_unpack_combine_kernel",157152,878211604,5588.294161,4.761e-09,0,8872007,22389.825872
"void aiter::opus_moe_sorting_entry<aiter::MoeSortingMultiPhaseKernel_P1<aiter::MoeSortingProblemMp<int, float, unsigned char, 16, false, false, true> >, aiter::MoeSortingMultiPhaseKernel_P1<aiter::MoeSortingProblemMp<int, float, unsigned char, 16, false, false, true> >::Kargs>(aiter::MoeSortingMultiPhaseKernel_P1<aiter::MoeSortingProblemMp<int, float, unsigned char, 16, false, false, true> >::Kargs)",181332,858099786,4732.202733,4.652e-09,1800,267762,1571.246746
"Cijk_Alik_Bljk_BBS_BH_Bias_HA_S_SAV_UserArgs_MT224x224x64_MI16x16x1_SN_LDSB1_AFC0_AFEM1_AFEM1_ASEM1_CLR1_CADS0_DTLA0_DTLB0_DTVA0_DTVB0_EPS0_FDSI0_GRPM1_GRVWA8_GRVWB8_GSU0_GSUAMB_GLS0_ISA950_IU1_K1_LDSTI0_LBSPPA128_LBSPPB128_LBSPPM0_LPA16_LPB16_LPM0_LRVW8_LWPMn1_MIAV0_MIWT7_7_MO40_NTn1_NTA0_NTB0_NTC0_NTD0_NTM0_NEPBS0_NLCA1_NLCB1_ONLL1_PGR2_PLR1_PKA1_SIA3_SS1_SPO0_SRVW0_SSO0_SVW1_SK3_SKFTR0_SKXCCM0_TLDS1_ULSGRO0_USL1_UIOFGRO0_USFGRO0_VSn1_VWA1_VWB1_WSGRA0_WSGRB0_WS64_WG32_8_1",4575,844892615,184675.981421,4.581e-09,46280,343883,85145.076042
"triton_poi_fused__to_copy_cat_clamp_mul_reciprocal_view_0",158212,825898581,5220.201887,4.478e-09,0,118081,748.200646
"void (anonymous namespace)::elementwise_kernel_with_index<int, at::native::arange_cuda_out(c10::Scalar const&, c10::Scalar const&, c10::Scalar const&, at::Tensor&)::{lambda()#1}::operator()() const::{lambda()#3}::operator()() const::{lambda(long)#1}>(int, at::native::arange_cuda_out(c10::Scalar const&, c10::Scalar const&, c10::Scalar const&, at::Tensor&)::{lambda()#1}::operator()() const::{lambda()#3}::operator()() const::{lambda(long)#1}, function_traits<at::native::arange_cuda_out(c10::Scalar const&, c10::Scalar const&, c10::Scalar const&, at::Tensor&)::{lambda()#1}::operator()() const::{lambda()#3}::operator()() const::{lambda(long)#1}>::result_type*)",189592,812258169,4284.242843,4.404e-09,0,1534211,3777.058211
"void at::native::elementwise_kernel_manual_unroll<128, 4, at::native::gpu_kernel_impl_nocast<at::native::(anonymous namespace)::masked_fill_kernel(at::TensorIterator&, c10::Scalar const&)::{lambda()#1}::operator()() const::{lambda()#7}::operator()() const::{lambda(float, bool)#1}>(at::TensorIteratorBase&, at::native::(anonymous namespace)::masked_fill_kernel(at::TensorIterator&, c10::Scalar const&)::{lambda()#1}::operator()() const::{lambda()#7}::operator()() const::{lambda(float, bool)#1} const&)::{lambda(int, bool)#1}>(int, at::native::gpu_kernel_impl_nocast<at::native::(anonymous namespace)::masked_fill_kernel(at::TensorIterator&, c10::Scalar const&)::{lambda()#1}::operator()() const::{lambda()#7}::operator()() const::{lambda(float, bool)#1}>(at::TensorIteratorBase&, at::native::(anonymous namespace)::masked_fill_kernel(at::TensorIterator&, c10::Scalar const&)::{lambda()#1}::operator()() const::{lambda()#7}::operator()() const::{lambda(float, bool)#1} const&)::{lambda(int, bool)#1})",157152,810559448,5157.805488,4.395e-09,0,10792361,27220.968282
"void at::native::index_elementwise_kernel<128, 4, at::native::gpu_index_kernel<at::native::index_kernel_impl<at::native::OpaqueType<4> >(at::TensorIteratorBase&, c10::ArrayRef<long>, c10::ArrayRef<long>)::{lambda(char*, char const*, long)#1}>(at::TensorIteratorBase&, c10::ArrayRef<long>, c10::ArrayRef<long>, at::native::index_kernel_impl<at::native::OpaqueType<4> >(at::TensorIteratorBase&, c10::ArrayRef<long>, c10::ArrayRef<long>)::{lambda(char*, char const*, long)#1} const&, bool)::{lambda(int)#1}>(long, at::native::gpu_index_kernel<at::native::index_kernel_impl<at::native::OpaqueType<4> >(at::TensorIteratorBase&, c10::ArrayRef<long>, c10::ArrayRef<long>)::{lambda(char*, char const*, long)#1}>(at::TensorIteratorBase&, c10::ArrayRef<long>, c10::ArrayRef<long>, at::native::index_kernel_impl<at::native::OpaqueType<4> >(at::TensorIteratorBase&, c10::ArrayRef<long>, c10::ArrayRef<long>)::{lambda(char*, char const*, long)#1} const&, bool)::{lambda(int)#1})",165025,810411569,4910.841200,4.394e-09,0,130161,627.825359
"Cijk_Alik_Bljk_BBS_BH_Bias_HA_S_SAV_UserArgs_MT256x160x64_MI16x16x1_SN_LDSB0_AFC0_AFEM1_AFEM1_ASEM1_CLR1_CADS0_DTLA0_DTLB0_DTVA0_DTVB0_EPS0_FDSI0_GRPM1_GRVWA8_GRVWB8_GSU0_GSUAMB_GLS0_ISA950_IU1_K1_LDSTI0_LBSPPA1024_LBSPPB128_LBSPPM0_LPA16_LPB16_LPM0_LRVW8_LWPMn1_MIAV0_MIWT8_5_MO40_NTn1_NTA0_NTB0_NTC0_NTD0_NTM0_NEPBS0_NLCA1_NLCB1_ONLL1_PGR2_PLR1_PKA1_SIA3_SS1_SPO0_SRVW0_SSO0_SVW8_SK3_SKFTR0_SKXCCM0_TLDS1_ULSGRO0_USL1_UIOFGRO0_USFGRO0_VSn1_VWA8_VWB1_WSGRA0_WSGRB0_WS64_WG32_8_1",12036,806753434,67028.367730,4.374e-09,11680,251283,46514.124762
"fused_recurrent_kda_fwd_kernel",49266,790071362,16036.848171,4.284e-09,0,27480,4478.204575
"Cijk_Alik_Bljk_BBS_BH_Bias_HA_S_SAV_UserArgs_MT16x16x1024_MI16x16x1_SN_LDSB1_AFC0_AFEM1_AFEM1_ASEM1_CLR1_CADS0_DTLA0_DTLB0_DTVA0_DTVB0_EPS0_FDSI0_GRPM1_GRVWA8_GRVWB8_GSU0_GSUAMB_GLS0_ISA950_IU1_K1_LDSTI0_LBSPPA2048_LBSPPB2048_LBSPPM0_LPA16_LPB16_LPM0_LRVW8_LWPMn1_MIAV0_MIWT1_1_MO40_NTn1_NTA4_NTB0_NTC0_NTD0_NTM0_NEPBS0_NLCA1_NLCB1_ONLL1_PGR2_PLR1_PKA1_SIA3_SS1_SPO0_SRVW0_SSO0_SVW1_SK3_SKFTR0_SKXCCM8_TLDS1_ULSGRO0_USL1_UIOFGRO0_USFGRO0_VSn1_VWA1_VWB1_WSGRA0_WSGRB0_WS64_WG16_4_4",53149,789045724,14845.918531,4.278e-09,12200,145081,4845.084825
"void at::native::vectorized_elementwise_kernel<16, at::native::BinaryFunctor<bool, bool, bool, at::native::BitwiseOrFunctor<bool> >, std::array<char*, 3ul> >(int, at::native::BinaryFunctor<bool, bool, bool, at::native::BitwiseOrFunctor<bool> >, std::array<char*, 3ul>)",157152,773254152,4920.421961,4.192e-09,0,124721,667.128687
"void at::native::(anonymous namespace)::searchsorted_cuda_kernel<int, long>(long*, int const*, int const*, long const*, long, long, long, bool, bool)",157152,770289695,4901.558332,4.176e-09,0,1003758,3495.136319
"void at::native::elementwise_kernel_manual_unroll<128, 8, at::native::gpu_kernel_impl_nocast<at::native::(anonymous namespace)::CompareFunctor<int> >(at::TensorIteratorBase&, at::native::(anonymous namespace)::CompareFunctor<int> const&)::{lambda(int, bool)#1}>(int, at::native::gpu_kernel_impl_nocast<at::native::(anonymous namespace)::CompareFunctor<int> >(at::TensorIteratorBase&, at::native::(anonymous namespace)::CompareFunctor<int> const&)::{lambda(int, bool)#1})",157056,767896779,4889.318326,4.163e-09,0,134601,852.415679
"void at::native::vectorized_elementwise_kernel<4, at::native::(anonymous namespace)::launch_clamp_scalar(at::TensorIteratorBase&, c10::Scalar, c10::Scalar, at::native::detail::ClampLimits)::{lambda()#1}::operator()() const::{lambda()#4}::operator()() const::{lambda(long)#1}, std::array<char*, 2ul> >(int, at::native::(anonymous namespace)::launch_clamp_scalar(at::TensorIteratorBase&, c10::Scalar, c10::Scalar, at::native::detail::ClampLimits)::{lambda()#1}::operator()() const::{lambda()#4}::operator()() const::{lambda(long)#1}, std::array<char*, 2ul>)",157152,767484609,4883.708823,4.161e-09,0,21200,511.754892
"void at::native::vectorized_elementwise_kernel<4, at::native::AUnaryFunctor<int, int, bool, at::native::(anonymous namespace)::CompareEqFunctor<int> >, std::array<char*, 2ul> >(int, at::native::AUnaryFunctor<int, int, bool, at::native::(anonymous namespace)::CompareEqFunctor<int> >, std::array<char*, 2ul>)",157152,767169543,4881.703974,4.159e-09,0,112601,603.106918
"_batched_gemm_a16wfp4_kernel_BLOCK_SIZE_M_64_BLOCK_SIZE_N_128_BLOCK_SIZE_K_256_GROUP_SIZE_M_1_NUM_KSPLIT_1_SPLITK_BLOCK_SIZE_512_EVEN_K_1_GRID_MN_1_PRE_QUANT_1_HAVE_Y_SCALE_0_cache_modifier_CG",74304,755951896,10173.771210,4.099e-09,0,135361,768.194738
"_gather_initial_states_kernel",156699,754000380,4811.775314,4.088e-09,0,238962,1183.260455
"void at::native::(anonymous namespace)::CatArrayBatchedCopy_contig<at::native::(anonymous namespace)::OpaqueType<2u>, unsigned int, 4, 128, 1>(at::native::(anonymous namespace)::OpaqueType<2u>*, at::native::(anonymous namespace)::CatArrInputTensorMetadata<at::native::(anonymous namespace)::OpaqueType<2u>, unsigned int, 128, 1>, at::native::(anonymous namespace)::TensorSizeStride<unsigned int, 4u>, int, unsigned int)",49266,716225528,14537.927333,3.883e-09,0,119001,6828.963553
"Cijk_Alik_Bljk_BSS_BH_Bias_S_HA_S_SAV_UserArgs_MT224x224x64_MI16x16x1_SN_LDSB1_AFC0_AFEM1_AFEM1_ASEM1_CLR1_CADS0_DTLA0_DTLB0_DTVA0_DTVB0_EPS0_FDSI0_GRPM1_GRVWA8_GRVWB8_GSU0_GSUAMB_GLS0_ISA950_IU1_K1_LDSTI0_LBSPPA128_LBSPPB128_LBSPPM0_LPA16_LPB16_LPM0_LRVW8_LWPMn1_MIAV0_MIWT7_7_MO40_NTn1_NTA0_NTB0_NTC0_NTD0_NTM0_NEPBS0_NLCA1_NLCB1_ONLL1_PGR2_PLR1_PKA1_SIA3_SS1_SPO0_SRVW0_SSO0_SVW1_SK3_SKFTR0_SKXCCM0_TLDS1_ULSGRO0_USL1_UIOFGRO0_USFGRO0_VSn1_VWA1_VWB1_WSGRA0_WSGRB0_WS64_WG32_8_1",9200,703640920,76482.708696,3.815e-09,46320,167202,24052.233895
"_batched_gemm_a16wfp4_kernel_BLOCK_SIZE_M_32_BLOCK_SIZE_N_128_BLOCK_SIZE_K_256_GROUP_SIZE_M_1_NUM_KSPLIT_1_SPLITK_BLOCK_SIZE_512_EVEN_K_1_GRID_MN_1_PRE_QUANT_1_HAVE_Y_SCALE_0_cache_modifier_CG",65016,628645985,9669.096607,3.408e-09,6080,115168532,451660.455969
"Cijk_Alik_Bljk_BBS_BH_Bias_HA_S_SAV_UserArgs_MT224x32x64_MI16x16x1_SN_LDSB1_AFC0_AFEM1_AFEM1_ASEM1_CLR1_CADS0_DTLA0_DTLB0_DTVA0_DTVB0_EPS0_FDSI0_GRPM1_GRVWA8_GRVWB8_GSU0_GSUAMB_GLS0_ISA950_IU1_K1_LDSTI0_LBSPPA128_LBSPPB128_LBSPPM0_LPA16_LPB16_LPM0_LRVW8_LWPMn1_MIAV0_MIWT7_1_MO40_NTn1_NTA4_NTB0_NTC0_NTD0_NTM0_NEPBS0_NLCA1_NLCB1_ONLL1_PGR2_PLR1_PKA1_SIA3_SS1_SPO0_SRVW0_SSO0_SVW1_SK3_SKFTR0_SKXCCM8_TLDS1_ULSGRO0_USL1_UIOFGRO0_USFGRO0_VSn1_VWA1_VWB1_WSGRA0_WSGRB0_WS64_WG32_8_1",44068,596695688,13540.339657,3.235e-09,12280,40361,569.735445
"hgemm_bf16_16x64x128x6_SPK7_W1x2x1_BLDS1_TN_AS1_0",65888,559236075,8487.677195,3.032e-09,6720,21360,641.185465
"hgemm_bf16_32x64x64x6_SPK7_W1x4x1_BLDS1_TN_AS1_0",51336,541029097,10538.980384,2.933e-09,8560,28040,584.210622
"hgemm_bf16_64x64x64x5_SPK7_W2x2x1_BLDS1_TN_AS1_0",33240,485620581,14609.524097,2.633e-09,11840,893796,4896.545788
"void wvSplitKrc_<__hip_bfloat16, 64, 16, 4, 8, 1, 16, 1, 1, 1>(int, int, int, int, int, int, __hip_bfloat16 const*, __hip_bfloat16 const*, __hip_bfloat16 const*, float*, int*, __hip_bfloat16*, int)",64844,474315616,7314.718648,2.572e-09,5600,13160,575.235021
"Cijk_Alik_Bljk_BBS_BH_Bias_HA_S_SAV_UserArgs_MT192x320x64_MI16x16x1_SN_LDSB1_AFC0_AFEM1_AFEM1_ASEM1_CLR1_CADS0_DTLA0_DTLB0_DTVA0_DTVB0_EPS0_FDSI0_GRPM1_GRVWA8_GRVWB8_GSU0_GSUAMB_GLS0_ISA950_IU1_K1_LDSTI0_LBSPPA256_LBSPPB256_LBSPPM0_LPA16_LPB16_LPM0_LRVW8_LWPMn1_MIAV0_MIWT6_10_MO40_NTn1_NTA0_NTB0_NTC0_NTD7_NTM0_NEPBS0_NLCA1_NLCB1_ONLL1_PGR2_PLR1_PKA1_SIA3_SS1_SPO0_SRVW0_SSO0_SVW2_SK3_SKFTR0_SKXCCM0_TLDS1_ULSGRO0_USL1_UIOFGRO0_USFGRO0_VSn1_VWA2_VWB2_WSGRA0_WSGRB0_WS64_WG32_8_1",2271,468613823,206346.905768,2.541e-09,100001,587685,157791.878620
"void wvSplitKrc_<__hip_bfloat16, 64, 16, 4, 8, 1, 32, 2, 1, 1>(int, int, int, int, int, int, __hip_bfloat16 const*, __hip_bfloat16 const*, __hip_bfloat16 const*, float*, int*, __hip_bfloat16*, int)",61152,451150679,7377.529418,2.446e-09,5640,16961,437.546403
"_batched_gemm_a16wfp4_kernel_BLOCK_SIZE_M_64_BLOCK_SIZE_N_128_BLOCK_SIZE_K_128_GROUP_SIZE_M_1_NUM_KSPLIT_1_SPLITK_BLOCK_SIZE_128_EVEN_K_1_GRID_MN_4_PRE_QUANT_1_HAVE_Y_SCALE_1_cache_modifier_CG",74304,436833617,5879.005397,2.368e-09,0,61560,700.640288
"Cijk_Alik_Bljk_BBS_BH_Bias_HA_S_SAV_UserArgs_MT320x192x64_MI16x16x1_SN_LDSB1_AFC0_AFEM1_AFEM1_ASEM1_CLR0_CADS0_DTLA0_DTLB0_DTVA0_DTVB0_EPS0_FDSI0_GRPM1_GRVWA8_GRVWB8_GSU0_GSUAMB_GLS0_ISA950_IU1_K1_LDSTI0_LBSPPA256_LBSPPB256_LBSPPM0_LPA16_LPB16_LPM0_LRVW8_LWPMn1_MIAV0_MIWT10_6_MO40_NTn1_NTA0_NTB0_NTC0_NTD4_NTM0_NEPBS0_NLCA1_NLCB1_ONLL1_PGR2_PLR1_PKA1_SIA3_SS1_SPO1_SRVW0_SSO1_SVW2_SK3_SKFTR0_SKXCCM0_TLDS2_ULSGRO0_USL1_UIOFGRO0_USFGRO0_VSn1_VWA2_VWB2_WSGRA0_WSGRB0_WS64_WG32_8_1",4780,432686815,90520.254184,2.346e-09,0,529525,110315.330981
"Cijk_Alik_Bljk_BBS_BH_Bias_HA_S_SAV_UserArgs_MT224x256x64_MI16x16x1_SN_LDSB1_AFC0_AFEM1_AFEM1_ASEM1_CLR1_CADS0_DTLA0_DTLB0_DTVA0_DTVB0_EPS0_FDSI0_GRPM1_GRVWA8_GRVWB8_GSU0_GSUAMB_GLS0_ISA950_IU1_K1_LDSTI0_LBSPPA128_LBSPPB1024_LBSPPM0_LPA16_LPB16_LPM0_LRVW8_LWPMn1_MIAV0_MIWT7_8_MO40_NTn1_NTA0_NTB0_NTC0_NTD0_NTM0_NEPBS0_NLCA1_NLCB1_ONLL1_PGR2_PLR1_PKA1_SIA3_SS1_SPO0_SRVW0_SSO0_SVW1_SK3_SKFTR0_SKXCCM0_TLDS1_ULSGRO0_USL1_UIOFGRO0_USFGRO0_VSn1_VWA1_VWB8_WSGRA0_WSGRB0_WS64_WG32_8_1",1859,409649414,220360.093599,2.221e-09,80521,392643,89443.226417
"hgemm_bf16_48x64x64x7_SPK7_W1x2x1_BLDS1_TN_AS1_0",28632,398368795,13913.411393,2.160e-09,11360,119721,926.711676
"Cijk_Alik_Bljk_BSS_BH_Bias_S_HA_S_SAV_UserArgs_MT64x32x64_MI16x16x1_SN_LDSB0_AFC0_AFEM1_AFEM1_ASEM1_CLR1_CADS0_DTLA0_DTLB0_DTVA0_DTVB0_EPS0_FDSI0_GRPM1_GRVWA8_GRVWB8_GSU0_GSUAMB_GLS0_ISA950_IU1_K1_LDSTI0_LBSPPA256_LBSPPB128_LBSPPM0_LPA16_LPB16_LPM0_LRVW8_LWPMn1_MIAV0_MIWT2_1_MO40_NTn1_NTA4_NTB0_NTC0_NTD0_NTM0_NEPBS0_NLCA1_NLCB1_ONLL1_PGR2_PLR1_PKA1_SIA3_SS1_SPO0_SRVW0_SSO0_SVW2_SK3_SKFTR0_SKXCCM8_TLDS1_ULSGRO0_USL1_UIOFGRO0_USFGRO0_VSn1_VWA2_VWB1_WSGRA0_WSGRB0_WS64_WG32_8_1",44068,396571590,8999.083008,2.150e-09,8000,35000,501.382562
"hgemm_bf16_64x128x128x3_SPK1_W2x4x2_BLDS1_TN_AS1_0",9396,390406552,41550.292891,2.117e-09,37320,49161,1442.859647
"Cijk_Alik_Bljk_BBS_BH_Bias_HA_S_SAV_UserArgs_MT224x160x64_MI16x16x1_SN_LDSB0_AFC0_AFEM1_AFEM1_ASEM1_CLR1_CADS0_DTLA0_DTLB0_DTVA0_DTVB0_EPS0_FDSI0_GRPM1_GRVWA8_GRVWB8_GSU0_GSUAMB_GLS0_ISA950_IU1_K1_LDSTI0_LBSPPA128_LBSPPB128_LBSPPM0_LPA16_LPB16_LPM0_LRVW8_LWPMn1_MIAV0_MIWT7_5_MO40_NTn1_NTA0_NTB0_NTC0_NTD0_NTM0_NEPBS0_NLCA1_NLCB1_ONLL1_PGR2_PLR1_PKA1_SIA3_SS1_SPO0_SRVW0_SSO0_SVW1_SK3_SKFTR0_SKXCCM0_TLDS1_ULSGRO0_USL1_UIOFGRO0_USFGRO0_VSn1_VWA1_VWB1_WSGRA0_WSGRB0_WS64_WG32_8_1",6500,379576787,58396.428769,2.058e-09,22840,219802,54364.590935
"_batched_gemm_a16wfp4_kernel_BLOCK_SIZE_M_32_BLOCK_SIZE_N_128_BLOCK_SIZE_K_128_GROUP_SIZE_M_1_NUM_KSPLIT_1_SPLITK_BLOCK_SIZE_128_EVEN_K_1_GRID_MN_4_PRE_QUANT_1_HAVE_Y_SCALE_1_cache_modifier_CG",65016,335494722,5160.187062,1.819e-09,4040,15240,568.503216
"Cijk_Alik_Bljk_BBS_BH_Bias_HA_S_SAV_UserArgs_MT224x192x64_MI16x16x1_SN_LDSB0_AFC0_AFEM1_AFEM1_ASEM1_CLR1_CADS0_DTLA0_DTLB0_DTVA0_DTVB0_EPS0_FDSI0_GRPM1_GRVWA8_GRVWB8_GSU0_GSUAMB_GLS0_ISA950_IU1_K1_LDSTI0_LBSPPA128_LBSPPB256_LBSPPM0_LPA16_LPB16_LPM0_LRVW8_LWPMn1_MIAV0_MIWT7_6_MO40_NTn1_NTA0_NTB0_NTC0_NTD0_NTM0_NEPBS0_NLCA1_NLCB1_ONLL1_PGR2_PLR1_PKA1_SIA3_SS1_SPO0_SRVW0_SSO0_SVW1_SK3_SKFTR0_SKXCCM0_TLDS1_ULSGRO0_USL1_UIOFGRO0_USFGRO0_VSn1_VWA1_VWB2_WSGRA0_WSGRB0_WS64_WG32_8_1",3744,316739487,84599.221955,1.717e-09,0,260162,56784.960703
"Cijk_SS_BiasS_HAS_ScaleAlphaVec_PostGSU16_VW4",44436,298944594,6727.531596,1.621e-09,5080,53481,718.606504
"Cijk_Alik_Bljk_BSS_BH_Bias_S_HA_S_SAV_UserArgs_MT224x160x64_MI16x16x1_SN_LDSB0_AFC0_AFEM1_AFEM1_ASEM1_CLR1_CADS0_DTLA0_DTLB0_DTVA0_DTVB0_EPS0_FDSI0_GRPM1_GRVWA8_GRVWB8_GSU0_GSUAMB_GLS0_ISA950_IU1_K1_LDSTI0_LBSPPA128_LBSPPB128_LBSPPM0_LPA16_LPB16_LPM0_LRVW8_LWPMn1_MIAV0_MIWT7_5_MO40_NTn1_NTA0_NTB0_NTC0_NTD0_NTM0_NEPBS0_NLCA1_NLCB1_ONLL1_PGR2_PLR1_PKA1_SIA3_SS1_SPO0_SRVW0_SSO0_SVW1_SK3_SKFTR0_SKXCCM0_TLDS1_ULSGRO0_USL1_UIOFGRO0_USFGRO0_VSn1_VWA1_VWB1_WSGRA0_WSGRB0_WS64_WG32_8_1",5796,273835097,47245.530883,1.485e-09,30600,81721,19090.251826
"Cijk_Alik_Bljk_BBS_BH_Bias_HA_S_SAV_UserArgs_MT128x128x256_MI16x16x1_SN_LDSB1_AFC0_AFEM1_AFEM1_ASEM1_CLR0_CADS0_DTLA0_DTLB0_DTVA0_DTVB0_EPS0_FDSI0_GRPM1_GRVWA8_GRVWB8_GSU0_GSUAMB_GLS0_ISA950_IU1_K1_LDSTI0_LBSPPA2048_LBSPPB2048_LBSPPM0_LPA16_LPB16_LPM0_LRVW8_LWPMn1_MIAV0_MIWT4_4_MO40_NTn1_NTA0_NTB0_NTC1_NTD1_NTM0_NEPBS0_NLCA1_NLCB1_ONLL1_PGR2_PLR1_PKA1_SIA3_SS1_SPO1_SRVW0_SSO4_SVW4_SK3_SKFTR0_SKXCCM0_TLDS1_ULSGRO0_USL1_UIOFGRO0_USFGRO0_VSn1_VWA4_VWB4_WSGRA0_WSGRB0_WS64_WG32_8_1",5588,269926063,48304.592520,1.463e-09,0,88241,25775.898817
"Cijk_Alik_Bljk_BBS_BH_Bias_HA_S_SAV_UserArgs_MT128x192x128_MI16x16x1_SN_LDSB1_AFC0_AFEM1_AFEM1_ASEM1_CLR0_CADS0_DTLA0_DTLB0_DTVA0_DTVB0_EPS0_FDSI0_GRPM1_GRVWA8_GRVWB8_GSU0_GSUAMB_GLS0_ISA950_IU1_K1_LDSTI0_LBSPPA2048_LBSPPB256_LBSPPM0_LPA16_LPB16_LPM0_LRVW8_LWPMn1_MIAV0_MIWT8_3_MO40_NTn1_NTA0_NTB0_NTC1_NTD4_NTM0_NEPBS0_NLCA1_NLCB1_ONLL1_PGR2_PLR1_PKA1_SIA3_SS1_SPO0_SRVW0_SSO0_SVW8_SK3_SKFTR0_SKXCCM0_TLDS2_ULSGRO0_USL1_UIOFGRO0_USFGRO0_VSn1_VWA8_VWB1_WSGRA0_WSGRB0_WS64_WG16_16_1",4764,265540533,55738.986776,1.440e-09,14920,72401,7353.344282
"void aiter::cross_device_reduce_1stage<std::bfloat16_t, 8, false>(aiter::RankData*, aiter::RankData*, aiter::RankSignals, aiter::Signal*, std::bfloat16_t*, int, int)",926,263876197,284963.495680,1.431e-09,5480,253250671,8321976.737173
"precopy_mamba_align_fused_kernel",7864,254723129,32391.038784,1.381e-09,3160,295082,27217.320999
"Cijk_Alik_Bljk_BBS_BH_Bias_HA_S_SAV_UserArgs_MT240x256x64_MI16x16x1_SN_LDSB1_AFC0_AFEM1_AFEM1_ASEM1_CLR1_CADS0_DTLA0_DTLB0_DTVA0_DTVB0_EPS0_FDSI0_GRPM1_GRVWA4_GRVWB8_GSU0_GSUAMB_GLS0_ISA950_IU1_K1_LDSTI0_LBSPPA128_LBSPPB512_LBSPPM0_LPA16_LPB16_LPM0_LRVW8_LWPMn1_MIAV0_MIWT15_4_MO40_NTn1_NTA0_NTB0_NTC0_NTD0_NTM0_NEPBS0_NLCA1_NLCB1_ONLL1_PGR2_PLR1_PKA1_SIA3_SS1_SPO0_SRVW0_SSO0_SVW1_SK3_SKFTR0_SKXCCM0_TLDS1_ULSGRO0_USL1_UIOFGRO0_USFGRO0_VSn1_VWA1_VWB4_WSGRA0_WSGRB0_WS64_WG16_16_1",1478,244864216,165672.676590,1.328e-09,61200,345603,46966.654649
"Cijk_Alik_Bljk_BSS_BH_Bias_S_HA_S_SAV_UserArgs_MT128x96x128_MI16x16x1_SN_LDSB1_AFC0_AFEM1_AFEM1_ASEM1_CLR1_CADS0_DTLA0_DTLB0_DTVA0_DTVB0_EPS0_FDSI0_GRPM1_GRVWA8_GRVWB8_GSU0_GSUAMB_GLS0_ISA950_IU1_K1_LDSTI0_LBSPPA1024_LBSPPB256_LBSPPM0_LPA16_LPB16_LPM0_LRVW8_LWPMn1_MIAV0_MIWT4_3_MO40_NTn1_NTA0_NTB0_NTC0_NTD0_NTM0_NEPBS0_NLCA1_NLCB1_ONLL1_PGR2_PLR1_PKA1_SIA3_SS1_SPO0_SRVW0_SSO0_SVW4_SK3_SKFTR0_SKXCCM0_TLDS1_ULSGRO0_USL1_UIOFGRO0_USFGRO0_VSn1_VWA4_VWB1_WSGRA0_WSGRB0_WS64_WG32_8_1",6256,227935226,36434.658887,1.236e-09,23721,65560,8814.847942
"Cijk_Alik_Bljk_BBS_BH_Bias_HA_S_SAV_UserArgs_MT256x144x64_MI16x16x1_SN_LDSB0_AFC0_AFEM1_AFEM1_ASEM1_CLR1_CADS0_DTLA0_DTLB0_DTVA0_DTVB0_EPS0_FDSI0_GRPM1_GRVWA8_GRVWB4_GSU0_GSUAMB_GLS0_ISA950_IU1_K1_LDSTI0_LBSPPA512_LBSPPB128_LBSPPM0_LPA16_LPB16_LPM0_LRVW8_LWPMn1_MIAV0_MIWT4_9_MO40_NTn1_NTA0_NTB0_NTC0_NTD0_NTM0_NEPBS0_NLCA1_NLCB1_ONLL1_PGR2_PLR1_PKA1_SIA3_SS1_SPO0_SRVW0_SSO0_SVW4_SK3_SKFTR0_SKXCCM0_TLDS1_ULSGRO0_USL1_UIOFGRO0_USFGRO0_VSn1_VWA4_VWB1_WSGRA0_WSGRB0_WS64_WG64_4_1",3079,217346081,70589.828191,1.178e-09,20080,263002,37603.612574
"Cijk_Alik_Bljk_BBS_BH_Bias_HA_S_SAV_UserArgs_MT64x96x256_MI16x16x1_SN_LDSB1_AFC0_AFEM1_AFEM1_ASEM1_CLR0_CADS0_DTLA0_DTLB0_DTVA0_DTVB0_EPS0_FDSI0_GRPM1_GRVWA8_GRVWB8_GSU0_GSUAMB_GLS0_ISA950_IU1_K1_LDSTI0_LBSPPA1024_LBSPPB512_LBSPPM0_LPA16_LPB16_LPM0_LRVW8_LWPMn1_MIAV0_MIWT2_3_MO40_NTn1_NTA0_NTB0_NTC0_NTD4_NTM0_NEPBS0_NLCA1_NLCB1_ONLL1_PGR2_PLR1_PKA1_SIA3_SS1_SPO0_SRVW0_SSO0_SVW2_SK3_SKFTR0_SKXCCM0_TLDS1_ULSGRO0_USL1_UIOFGRO0_USFGRO0_VSn1_VWA2_VWB1_WSGRA0_WSGRB0_WS64_WG32_8_1",8372,214242139,25590.317606,1.162e-09,0,30520,1132.678075
"_gumbel_sample_kernel",7865,209127512,26589.639161,1.134e-09,0,148322,12934.783676
"Cijk_Alik_Bljk_BBS_BH_Bias_HA_S_SAV_UserArgs_MT128x96x128_MI16x16x1_SN_LDSB0_AFC0_AFEM1_AFEM1_ASEM1_CLR1_CADS0_DTLA1_DTLB1_DTVA0_DTVB0_EPS0_FDSI0_GRPM1_GRVWA8_GRVWB2_GSU0_GSUAMB_GLS0_ISA950_IU1_K1_LDSTI0_LBSPPA1024_LBSPPB256_LBSPPM0_LPA16_LPB16_LPM0_LRVW8_LWPMn1_MIAV0_MIWT4_3_MO40_NTn1_NTA0_NTB0_NTC0_NTD5_NTM0_NEPBS0_NLCA1_NLCB1_ONLL1_PGR2_PLR1_PKA1_SIA3_SS1_SPO0_SRVW0_SSO0_SVW4_SK3_SKFTR0_SKXCCM0_TLDS2_ULSGRO0_USL1_UIOFGRO0_USFGRO0_VSn1_VWA4_VWB1_WSGRA0_WSGRB0_WS64_WG32_8_1",5872,202853250,34545.853202,1.100e-09,17280,129481,5763.598169
"hgemm_bf16_128x128x64x2_SPK1_W2x4x1_BLDS1_TN_AS1_0",7533,201906791,26802.972388,1.095e-09,24080,39161,1253.842085
"void aiter::opus_moe_sorting_entry<aiter::MoeSortingMultiPhaseKernel_P0_v2<aiter::MoeSortingProblemMp<int, float, unsigned char, 4, false, false, true> >, aiter::MoeSortingMultiPhaseKernel_P0_v2<aiter::MoeSortingProblemMp<int, float, unsigned char, 4, false, false, true> >::Kargs>(aiter::MoeSortingMultiPhaseKernel_P0_v2<aiter::MoeSortingProblemMp<int, float, unsigned char, 4, false, false, true> >::Kargs)",21988,199338626,9065.791614,1.081e-09,0,91401,2399.427006
"Cijk_Alik_Bljk_BBS_BH_Bias_HA_S_SAV_UserArgs_MT16x16x128_MI16x16x1_SN_LDSB0_AFC0_AFEM1_AFEM1_ASEM1_CLR0_CADS0_DTLA0_DTLB0_DTVA0_DTVB0_EPS0_FDSI0_GRPM1_GRVWA8_GRVWB8_GSU0_GSUAMB_GLS0_ISA950_IU1_K1_LDSTI0_LBSPPA256_LBSPPB256_LBSPPM0_LPA16_LPB16_LPM0_LRVW8_LWPMn1_MIAV0_MIWT1_1_MO40_NTn1_NTA4_NTB0_NTC0_NTD0_NTM0_NEPBS0_NLCA1_NLCB1_ONLL1_PGR2_PLR0_PKA1_SIA3_SS1_SPO0_SRVW0_SSO0_SVW1_SK3_SKFTR0_SKXCCM8_TLDS1_ULSGRO0_USL1_UIOFGRO0_USFGRO0_VSn1_VWA1_VWB1_WSGRA0_WSGRB0_WS64_WG16_4_4",39399,198994286,5050.744587,1.079e-09,3800,8200,543.487334
"mscclKernel_Sum_hip_bfloat16_LL_false(ncclDevComm*, mscclAlgo*, mscclWork*)",432,183238009,424162.057870,9.935e-10,8200,1371730,273317.288947
"Cijk_SB_BiasS_HAS_ScaleAlphaVec_PostGSU4_VW4",17044,171420461,10057.525287,9.294e-10,0,18720,1962.209483
"postprocess_mamba_fused_kernel",7864,164615198,20932.756612,8.925e-10,0,58400,12581.070529
"Cijk_Alik_Bljk_BBS_BH_Bias_HA_S_SAV_UserArgs_MT128x160x128_MI16x16x1_SN_LDSB1_AFC0_AFEM1_AFEM1_ASEM1_CLR1_CADS0_DTLA0_DTLB0_DTVA0_DTVB0_EPS0_FDSI0_GRPM1_GRVWA8_GRVWB8_GSU0_GSUAMB_GLS0_ISA950_IU1_K1_LDSTI0_LBSPPA1024_LBSPPB256_LBSPPM0_LPA16_LPB16_LPM0_LRVW8_LWPMn1_MIAV0_MIWT4_5_MO40_NTn1_NTA0_NTB0_NTC0_NTD0_NTM0_NEPBS0_NLCA1_NLCB1_ONLL1_PGR2_PLR1_PKA1_SIA3_SS1_SPO0_SRVW0_SSO0_SVW4_SK3_SKFTR0_SKXCCM0_TLDS1_ULSGRO0_USL1_UIOFGRO0_USFGRO0_VSn1_VWA4_VWB1_WSGRA0_WSGRB0_WS64_WG32_8_1",3536,152244895,43055.682975,8.254e-10,13760,55961,7122.310305
"Cijk_Alik_Bljk_BBS_BH_Bias_HA_S_SAV_UserArgs_MT128x80x128_MI16x16x1_SN_LDSB0_AFC0_AFEM1_AFEM1_ASEM1_CLR1_CADS0_DTLA1_DTLB1_DTVA0_DTVB0_EPS0_FDSI0_GRPM1_GRVWA8_GRVWB2_GSU0_GSUAMB_GLS0_ISA950_IU1_K1_LDSTI0_LBSPPA1024_LBSPPB256_LBSPPM0_LPA16_LPB16_LPM0_LRVW8_LWPMn1_MIAV0_MIWT2_5_MO40_NTn1_NTA4_NTB0_NTC4_NTD4_NTM0_NEPBS0_NLCA1_NLCB1_ONLL1_PGR2_PLR1_PKA1_SIA3_SS1_SPO0_SRVW0_SSO1_SVW2_SK3_SKFTR0_SKXCCM0_TLDS2_ULSGRO0_USL1_UIOFGRO0_USFGRO0_VSn1_VWA2_VWB1_WSGRA0_WSGRB0_WS64_WG64_4_1",4511,146265758,32424.242518,7.930e-10,30920,278522,5201.508865
"hgemm_bf16_16x64x128x6_SPK2_W1x1x2_BLDS1_TN_AS1_0",9816,145806635,14853.976671,7.905e-10,13321,19200,563.797266
"void gemm_a16w16_flatmm_splitk_kernel<opus_flatmm_splitk_traits_gfx950<256, opus::seq<32, 96, 64>, opus::tuple<std::bfloat16_t, std::bfloat16_t, float, float, std::bfloat16_t>, opus::seq<8, 8, 4>, opus::seq<16, 16, 32>, 2, false, false> >(opus_gemm_flatmm_splitk_kargs_gfx950)",2564,142302585,55500.228159,7.715e-10,26521,85400,1710.944328
"hgemm_bf16_16x64x64x6_SPK7_W1x2x1_BLDS1_TN_AS1_0",13632,136040063,9979.464715,7.376e-10,8360,13000,487.086192
"void gemm_a16w16_flatmm_splitk_kernel<opus_flatmm_splitk_traits_gfx950<256, opus::seq<64, 96, 128>, opus::tuple<std::bfloat16_t, std::bfloat16_t, float, float, std::bfloat16_t>, opus::seq<8, 8, 4>, opus::seq<16, 16, 32>, 1, false, false> >(opus_gemm_flatmm_splitk_kargs_gfx950)",2685,133686163,49790.004842,7.248e-10,29920,163561,3295.456691
"Cijk_Alik_Bljk_BBS_BH_Bias_HA_S_SAV_UserArgs_MT96x32x256_MI16x16x1_SN_LDSB1_AFC0_AFEM1_AFEM1_ASEM1_CLR1_CADS0_DTLA0_DTLB0_DTVA0_DTVB0_EPS0_FDSI0_GRPM1_GRVWA8_GRVWB8_GSU0_GSUAMB_GLS0_ISA950_IU1_K1_LDSTI0_LBSPPA512_LBSPPB512_LBSPPM0_LPA16_LPB16_LPM0_LRVW8_LWPMn1_MIAV0_MIWT3_1_MO40_NTn1_NTA4_NTB0_NTC0_NTD0_NTM0_NEPBS0_NLCA1_NLCB1_ONLL1_PGR2_PLR1_PKA1_SIA3_SS1_SPO0_SRVW0_SSO0_SVW1_SK3_SKFTR0_SKXCCM8_TLDS1_ULSGRO0_USL1_UIOFGRO0_USFGRO0_VSn1_VWA1_VWB1_WSGRA0_WSGRB0_WS64_WG32_8_1",2690,131227238,48783.359851,7.115e-10,46320,53480,1016.881302
"hgemm_bf16_64x64x64x3_SPK1_W1x1x1_BLDS1_TN_AS1_0",1944,126300050,64969.161523,6.848e-10,57120,76760,3822.607636
"Cijk_Alik_Bljk_BSS_BH_Bias_S_HA_S_SAV_UserArgs_MT224x128x64_MI16x16x1_SN_LDSB1_AFC0_AFEM1_AFEM1_ASEM1_CLR1_CADS0_DTLA0_DTLB0_DTVA0_DTVB0_EPS0_FDSI0_GRPM1_GRVWA8_GRVWB8_GSU0_GSUAMB_GLS0_ISA950_IU1_K1_LDSTI0_LBSPPA128_LBSPPB512_LBSPPM0_LPA16_LPB16_LPM0_LRVW8_LWPMn1_MIAV0_MIWT7_4_MO40_NTn1_NTA0_NTB0_NTC0_NTD0_NTM0_NEPBS0_NLCA1_NLCB1_ONLL1_PGR2_PLR1_PKA1_SIA3_SS1_SPO0_SRVW0_SSO0_SVW1_SK3_SKFTR0_SKXCCM0_TLDS1_ULSGRO0_USL1_UIOFGRO0_USFGRO0_VSn1_VWA1_VWB4_WSGRA0_WSGRB0_WS64_WG32_8_1",3864,125395687,32452.299948,6.799e-10,25760,61641,6575.232853
"hgemm_bf16_128x128x64x2_SPK1_W4x2x1_BLDS1_TN_AS1_0",7452,121070384,16246.696726,6.564e-10,13840,32400,1290.244689
"void at::native::vectorized_gather_kernel<16, long>(char*, char*, long*, int, long, long, long, long, bool)",13961,119667447,8571.552682,6.488e-10,0,57201,9377.829567
"Cijk_Alik_Bljk_BSS_BH_Bias_S_HA_S_SAV_UserArgs_MT128x128x128_MI16x16x1_SN_LDSB1_AFC0_AFEM1_AFEM1_ASEM1_CLR1_CADS0_DTLA0_DTLB0_DTVA0_DTVB0_EPS0_FDSI0_GRPM1_GRVWA8_GRVWB8_GSU0_GSUAMB_GLS0_ISA950_IU1_K1_LDSTI0_LBSPPA1024_LBSPPB1024_LBSPPM0_LPA16_LPB16_LPM0_LRVW8_LWPMn1_MIAV0_MIWT4_4_MO40_NTn1_NTA0_NTB0_NTC0_NTD0_NTM0_NEPBS0_NLCA1_NLCB1_ONLL1_PGR2_PLR1_PKA1_SIA3_SS1_SPO0_SRVW0_SSO0_SVW4_SK3_SKFTR0_SKXCCM0_TLDS1_ULSGRO0_USL1_UIOFGRO0_USFGRO0_VSn1_VWA4_VWB4_WSGRA0_WSGRB0_WS64_WG32_8_1",2392,109540492,45794.520067,5.939e-10,28880,75120,16990.870946
"void at::native::elementwise_kernel_manual_unroll<128, 8, at::native::gpu_kernel_impl_nocast<at::native::(anonymous namespace)::masked_fill_kernel(at::TensorIterator&, c10::Scalar const&)::{lambda()#1}::operator()() const::{lambda()#12}::operator()() const::{lambda(c10::BFloat16, bool)#1}>(at::TensorIteratorBase&, at::native::(anonymous namespace)::masked_fill_kernel(at::TensorIterator&, c10::Scalar const&)::{lambda()#1}::operator()() const::{lambda()#12}::operator()() const::{lambda(c10::BFloat16, bool)#1} const&)::{lambda(int, bool)#1}>(int, at::native::gpu_kernel_impl_nocast<at::native::(anonymous namespace)::masked_fill_kernel(at::TensorIterator&, c10::Scalar const&)::{lambda()#1}::operator()() const::{lambda()#12}::operator()() const::{lambda(c10::BFloat16, bool)#1}>(at::TensorIteratorBase&, at::native::(anonymous namespace)::masked_fill_kernel(at::TensorIterator&, c10::Scalar const&)::{lambda()#1}::operator()() const::{lambda()#12}::operator()() const::{lambda(c10::BFloat16, bool)#1} const&)::{lambda(int, bool)#1})",8106,108259052,13355.422156,5.870e-10,3560,42720,14309.594920
"Cijk_Alik_Bljk_BBS_BH_Bias_HA_S_SAV_UserArgs_MT128x64x128_MI16x16x1_SN_LDSB1_AFC0_AFEM1_AFEM1_ASEM1_CLR1_CADS0_DTLA0_DTLB0_DTVA0_DTVB0_EPS0_FDSI0_GRPM1_GRVWA8_GRVWB8_GSU0_GSUAMB_GLS0_ISA950_IU1_K1_LDSTI0_LBSPPA1024_LBSPPB512_LBSPPM0_LPA16_LPB16_LPM0_LRVW8_LWPMn1_MIAV0_MIWT4_2_MO40_NTn1_NTA4_NTB0_NTC0_NTD0_NTM0_NEPBS0_NLCA1_NLCB1_ONLL1_PGR2_PLR1_PKA1_SIA3_SS1_SPO0_SRVW0_SSO0_SVW4_SK3_SKFTR0_SKXCCM8_TLDS1_ULSGRO0_USL1_UIOFGRO0_USFGRO0_VSn1_VWA4_VWB2_WSGRA0_WSGRB0_WS64_WG32_8_1",1739,105751478,60811.660725,5.734e-10,58241,67760,1237.184204
"Cijk_Alik_Bljk_BBS_BH_Bias_HA_S_SAV_UserArgs_MT256x128x64_MI16x16x1_SN_LDSB1_AFC0_AFEM1_AFEM1_ASEM1_CLR1_CADS0_DTLA0_DTLB0_DTVA0_DTVB0_EPS0_FDSI0_GRPM1_GRVWA8_GRVWB8_GSU0_GSUAMB_GLS0_ISA950_IU1_K1_LDSTI0_LBSPPA1024_LBSPPB512_LBSPPM0_LPA16_LPB16_LPM0_LRVW8_LWPMn1_MIAV0_MIWT8_4_MO40_NTn1_NTA0_NTB0_NTC0_NTD0_NTM0_NEPBS0_NLCA1_NLCB1_ONLL1_PGR2_PLR1_PKA1_SIA3_SS1_SPO0_SRVW0_SSO0_SVW8_SK3_SKFTR0_SKXCCM0_TLDS1_ULSGRO0_USL1_UIOFGRO0_USFGRO0_VSn1_VWA8_VWB4_WSGRA0_WSGRB0_WS64_WG32_8_1",2924,102942685,35206.116621,5.581e-10,10360,72960,19073.785879
"Cijk_Alik_Bljk_BSS_BH_Bias_S_HA_S_SAV_UserArgs_MT128x64x128_MI16x16x1_SN_LDSB1_AFC0_AFEM1_AFEM1_ASEM1_CLR1_CADS0_DTLA0_DTLB0_DTVA0_DTVB0_EPS0_FDSI0_GRPM1_GRVWA8_GRVWB8_GSU0_GSUAMB_GLS0_ISA950_IU1_K1_LDSTI0_LBSPPA1024_LBSPPB512_LBSPPM0_LPA16_LPB16_LPM0_LRVW8_LWPMn1_MIAV0_MIWT4_2_MO40_NTn1_NTA0_NTB0_NTC0_NTD0_NTM0_NEPBS0_NLCA1_NLCB1_ONLL1_PGR2_PLR1_PKA1_SIA3_SS1_SPO0_SRVW0_SSO0_SVW4_SK3_SKFTR0_SKXCCM0_TLDS1_ULSGRO0_USL1_UIOFGRO0_USFGRO0_VSn1_VWA4_VWB2_WSGRA0_WSGRB0_WS64_WG32_8_1",4232,102688689,24264.813091,5.567e-10,21441,32120,1590.925981
"_expand_page_indices_kernel",6548,102438852,15644.296274,5.554e-10,2040,32680,3072.155869
"Cijk_Alik_Bljk_BBS_BH_Bias_HA_S_SAV_UserArgs_MT192x96x128_MI16x16x1_SN_LDSB1_AFC0_AFEM1_AFEM1_ASEM1_CLR1_CADS0_DTLA0_DTLB0_DTVA0_DTVB0_EPS0_FDSI0_GRPM1_GRVWA8_GRVWB8_GSU0_GSUAMB_GLS0_ISA950_IU1_K1_LDSTI0_LBSPPA512_LBSPPB256_LBSPPM0_LPA16_LPB16_LPM0_LRVW8_LWPMn1_MIAV0_MIWT6_3_MO40_NTn1_NTA0_NTB0_NTC0_NTD0_NTM0_NEPBS0_NLCA1_NLCB1_ONLL1_PGR2_PLR1_PKA1_SIA3_SS1_SPO0_SRVW0_SSO0_SVW2_SK3_SKFTR0_SKXCCM0_TLDS1_ULSGRO0_USL1_UIOFGRO0_USFGRO0_VSn1_VWA2_VWB1_WSGRA0_WSGRB0_WS64_WG32_8_1",4760,97350515,20451.788866,5.278e-10,0,53400,10190.896822
"_batched_gemm_a16wfp4_kernel_BLOCK_SIZE_M_16_BLOCK_SIZE_N_64_BLOCK_SIZE_K_256_GROUP_SIZE_M_1_NUM_KSPLIT_1_SPLITK_BLOCK_SIZE_512_EVEN_K_1_GRID_MN_2_PRE_QUANT_1_HAVE_Y_SCALE_0_cache_modifier_CG",16656,94939264,5700.003842,5.147e-10,4040,11080,702.711893
"void wvSplitK_hf_sml_<__hip_bfloat16, 64, 2, 16, 8, 2, 1>(int, int, int, int, int, int, __hip_bfloat16 const*, __hip_bfloat16 const*, __hip_bfloat16 const*, __hip_bfloat16*, int, int)",3747,85207344,22740.150520,4.620e-10,3240,130201,19046.220664
"void kn_mla_reduce_v1_ps<MlaReduceKernelV1Traits<128, 16, 1>, float, std::bfloat16_t>(MlaReduceKernelV1Params, MlaReduceKernelV1Configs)",432,84677933,196013.733796,4.591e-10,3480,405604,129809.222403
"_batched_gemm_a16wfp4_kernel_BLOCK_SIZE_M_16_BLOCK_SIZE_N_64_BLOCK_SIZE_K_128_GROUP_SIZE_M_1_NUM_KSPLIT_1_SPLITK_BLOCK_SIZE_128_EVEN_K_1_GRID_MN_8_PRE_QUANT_1_HAVE_Y_SCALE_1_cache_modifier_CG",16656,84411739,5067.947827,4.577e-10,3360,7800,551.449874
"Cijk_Alik_Bljk_BBS_BH_Bias_HA_S_SAV_UserArgs_MT64x80x256_MI16x16x1_SN_LDSB0_AFC0_AFEM1_AFEM1_ASEM1_CLR0_CADS0_DTLA0_DTLB0_DTVA0_DTVB0_EPS0_FDSI0_GRPM1_GRVWA8_GRVWB8_GSU0_GSUAMB_GLS0_ISA950_IU1_K1_LDSTI0_LBSPPA512_LBSPPB512_LBSPPM0_LPA16_LPB16_LPM0_LRVW8_LWPMn1_MIAV0_MIWT1_5_MO40_NTn1_NTA0_NTB0_NTC0_NTD5_NTM0_NEPBS0_NLCA1_NLCB1_ONLL1_PGR2_PLR1_PKA1_SIA3_SS1_SPO1_SRVW0_SSO0_SVW1_SK3_SKFTR0_SKXCCM0_TLDS1_ULSGRO0_USL1_UIOFGRO0_USFGRO0_VSn1_VWA1_VWB1_WSGRA0_WSGRB0_WS64_WG64_4_1",3588,83870082,23375.162207,4.547e-10,20480,26800,760.558748
"Cijk_Alik_Bljk_BSS_BH_Bias_S_HA_S_SAV_UserArgs_MT224x96x64_MI16x16x1_SN_LDSB1_AFC0_AFEM1_AFEM1_ASEM1_CLR1_CADS0_DTLA0_DTLB0_DTVA0_DTVB0_EPS0_FDSI0_GRPM1_GRVWA8_GRVWB8_GSU0_GSUAMB_GLS0_ISA950_IU1_K1_LDSTI0_LBSPPA128_LBSPPB128_LBSPPM0_LPA16_LPB16_LPM0_LRVW8_LWPMn1_MIAV0_MIWT7_3_MO40_NTn1_NTA0_NTB0_NTC0_NTD0_NTM0_NEPBS0_NLCA1_NLCB1_ONLL1_PGR2_PLR1_PKA1_SIA3_SS1_SPO0_SRVW0_SSO0_SVW1_SK3_SKFTR0_SKXCCM0_TLDS1_ULSGRO0_USL1_UIOFGRO0_USFGRO0_VSn1_VWA1_VWB1_WSGRA0_WSGRB0_WS64_WG32_8_1",2668,81491161,30543.913418,4.418e-10,0,36960,3743.484245
"Cijk_Alik_Bljk_BSS_BH_Bias_S_HA_S_SAV_UserArgs_MT128x160x128_MI16x16x1_SN_LDSB1_AFC0_AFEM1_AFEM1_ASEM1_CLR1_CADS0_DTLA0_DTLB0_DTVA0_DTVB0_EPS0_FDSI0_GRPM1_GRVWA8_GRVWB8_GSU0_GSUAMB_GLS0_ISA950_IU1_K1_LDSTI0_LBSPPA1024_LBSPPB256_LBSPPM0_LPA16_LPB16_LPM0_LRVW8_LWPMn1_MIAV0_MIWT4_5_MO40_NTn1_NTA0_NTB0_NTC0_NTD0_NTM0_NEPBS0_NLCA1_NLCB1_ONLL1_PGR2_PLR1_PKA1_SIA3_SS1_SPO0_SRVW0_SSO0_SVW4_SK3_SKFTR0_SKXCCM0_TLDS1_ULSGRO0_USL1_UIOFGRO0_USFGRO0_VSn1_VWA4_VWB1_WSGRA0_WSGRB0_WS64_WG32_8_1",1472,80696943,54821.292799,4.375e-10,35000,85481,15891.669559
"Cijk_Alik_Bljk_BBS_BH_Bias_HA_S_SAV_UserArgs_MT288x224x64_MI16x16x1_SN_LDSB0_AFC0_AFEM1_AFEM1_ASEM1_CLR0_CADS0_DTLA1_DTLB1_DTVA0_DTVB0_EPS0_FDSI0_GRPM1_GRVWA2_GRVWB8_GSU0_GSUAMB_GLS0_ISA950_IU1_K1_LDSTI0_LBSPPA256_LBSPPB1024_LBSPPM0_LPA16_LPB16_LPM0_LRVW8_LWPMn1_MIAV0_MIWT9_7_MO40_NTn1_NTA0_NTB0_NTC0_NTD1_NTM0_NEPBS0_NLCA1_NLCB1_ONLL1_PGR2_PLR1_PKA1_SIA3_SS1_SPO1_SRVW0_SSO1_SVW1_SK3_SKFTR0_SKXCCM0_TLDS2_ULSGRO0_USL1_UIOFGRO0_USFGRO0_VSn1_VWA1_VWB1_WSGRA0_WSGRB0_WS64_WG32_8_1",1055,79559070,75411.440758,4.313e-10,56361,189881,38074.298238
"hgemm_bf16_32x64x128x3_SPK4_W2x2x1_BLDS1_TN_AS1_0",5916,79100221,13370.557978,4.289e-10,11920,269362,5601.502091
"Cijk_Alik_Bljk_BBS_BH_Bias_HA_S_SAV_UserArgs_MT64x64x256_MI16x16x1_SN_LDSB0_AFC0_AFEM1_AFEM1_ASEM1_CLR0_CADS0_DTLA0_DTLB0_DTVA0_DTVB0_EPS0_FDSI0_GRPM1_GRVWA8_GRVWB8_GSU0_GSUAMB_GLS0_ISA950_IU1_K1_LDSTI0_LBSPPA1024_LBSPPB1024_LBSPPM0_LPA16_LPB16_LPM0_LRVW8_LWPMn1_MIAV1_MIWT2_2_MO40_NTn1_NTA0_NTB0_NTC3_NTD3_NTM0_NEPBS16_NLCA1_NLCB1_ONLL1_PGR2_PLR1_PKA1_SIA3_SS1_SPO0_SRVW0_SSO0_SVW2_SK3_SKFTR0_SKXCCM0_TLDS1_ULSGRO0_USL1_UIOFGRO0_USFGRO0_VSn1_VWA2_VWB2_WSGRA0_WSGRB0_WS64_WG32_8_1",3864,79044406,20456.626812,4.286e-10,17560,998169,15753.936411
"Cijk_Alik_Bljk_BBS_BH_Bias_HA_S_SAV_UserArgs_MT256x48x128_MI16x16x1_SN_LDSB1_AFC0_AFEM1_AFEM1_ASEM1_CLR1_CADS0_DTLA0_DTLB0_DTVA0_DTVB0_EPS0_FDSI0_GRPM1_GRVWA8_GRVWB8_GSU0_GSUAMB_GLS0_ISA950_IU1_K1_LDSTI0_LBSPPA1024_LBSPPB256_LBSPPM0_LPA16_LPB16_LPM0_LRVW8_LWPMn1_MIAV0_MIWT4_3_MO40_NTn1_NTA4_NTB0_NTC0_NTD0_NTM0_NEPBS0_NLCA1_NLCB1_ONLL1_PGR2_PLR1_PKA1_SIA3_SS1_SPO0_SRVW0_SSO0_SVW4_SK3_SKFTR0_SKXCCM8_TLDS1_ULSGRO0_USL1_UIOFGRO0_USFGRO0_VSn1_VWA4_VWB1_WSGRA0_WSGRB0_WS64_WG64_4_1",1263,78543178,62187.789390,4.258e-10,0,67481,2083.459672
"Cijk_Alik_Bljk_BSS_BH_Bias_S_HA_S_SAV_UserArgs_MT32x16x1024_MI16x16x1_SN_LDSB1_AFC0_AFEM1_AFEM1_ASEM1_CLR1_CADS0_DTLA0_DTLB0_DTVA0_DTVB0_EPS0_FDSI0_GRPM1_GRVWA8_GRVWB8_GSU0_GSUAMB_GLS0_ISA950_IU1_K1_LDSTI0_LBSPPA2048_LBSPPB2048_LBSPPM0_LPA16_LPB16_LPM0_LRVW8_LWPMn1_MIAV0_MIWT2_1_MO40_NTn1_NTA0_NTB0_NTC0_NTD0_NTM0_NEPBS0_NLCA1_NLCB1_ONLL1_PGR2_PLR1_PKA1_SIA3_SS1_SPO0_SRVW0_SSO0_SVW1_SK3_SKFTR0_SKXCCM0_TLDS1_ULSGRO0_USL1_UIOFGRO0_USFGRO0_VSn1_VWA1_VWB1_WSGRA0_WSGRB0_WS64_WG16_4_4",4784,76716971,16036.156145,4.159e-10,15120,287762,3959.077953
"Cijk_Alik_Bljk_BBS_BH_Bias_HA_S_SAV_UserArgs_MT256x80x64_MI16x16x1_SN_LDSB1_AFC0_AFEM1_AFEM1_ASEM1_CLR1_CADS0_DTLA0_DTLB0_DTVA0_DTVB0_EPS0_FDSI0_GRPM1_GRVWA8_GRVWB4_GSU0_GSUAMB_GLS0_ISA950_IU1_K1_LDSTI0_LBSPPA512_LBSPPB128_LBSPPM0_LPA16_LPB16_LPM0_LRVW8_LWPMn1_MIAV0_MIWT4_5_MO40_NTn1_NTA4_NTB0_NTC0_NTD0_NTM0_NEPBS0_NLCA1_NLCB1_ONLL1_PGR2_PLR1_PKA1_SIA3_SS1_SPO0_SRVW0_SSO0_SVW4_SK3_SKFTR0_SKXCCM8_TLDS1_ULSGRO0_USL1_UIOFGRO0_USFGRO0_VSn1_VWA4_VWB1_WSGRA0_WSGRB0_WS64_WG64_4_1",3381,76694151,22683.866016,4.158e-10,21280,33801,1074.223206
"Cijk_Alik_Bljk_BBS_BH_Bias_HA_S_SAV_UserArgs_MT128x224x64_MI16x16x1_SN_LDSB1_AFC0_AFEM1_AFEM1_ASEM1_CLR1_CADS0_DTLA0_DTLB0_DTVA0_DTVB0_EPS0_FDSI0_GRPM1_GRVWA8_GRVWB8_GSU0_GSUAMB_GLS0_ISA950_IU1_K1_LDSTI0_LBSPPA512_LBSPPB128_LBSPPM0_LPA16_LPB16_LPM0_LRVW8_LWPMn1_MIAV0_MIWT4_7_MO40_NTn1_NTA0_NTB0_NTC0_NTD0_NTM0_NEPBS0_NLCA1_NLCB1_ONLL1_PGR2_PLR1_PKA1_SIA3_SS1_SPO0_SRVW0_SSO0_SVW4_SK3_SKFTR0_SKXCCM0_TLDS1_ULSGRO0_USL1_UIOFGRO0_USFGRO0_VSn1_VWA4_VWB1_WSGRA0_WSGRB0_WS64_WG32_8_1",2368,68578528,28960.527027,3.718e-10,11480,60840,15169.493879
"Cijk_Alik_Bljk_BBS_BH_Bias_HA_S_SAV_UserArgs_MT224x128x64_MI16x16x1_SN_LDSB1_AFC0_AFEM1_AFEM1_ASEM1_CLR1_CADS0_DTLA0_DTLB0_DTVA0_DTVB0_EPS0_FDSI0_GRPM1_GRVWA8_GRVWB8_GSU0_GSUAMB_GLS0_ISA950_IU1_K1_LDSTI0_LBSPPA128_LBSPPB512_LBSPPM0_LPA16_LPB16_LPM0_LRVW8_LWPMn1_MIAV0_MIWT7_4_MO40_NTn1_NTA0_NTB0_NTC0_NTD0_NTM0_NEPBS0_NLCA1_NLCB1_ONLL1_PGR2_PLR1_PKA1_SIA3_SS1_SPO0_SRVW0_SSO0_SVW1_SK3_SKFTR0_SKXCCM0_TLDS1_ULSGRO0_USL1_UIOFGRO0_USFGRO0_VSn1_VWA1_VWB4_WSGRA0_WSGRB0_WS64_WG32_8_1",1104,67834922,61444.675725,3.678e-10,37640,74160,7045.295335
"hgemm_bf16_32x64x128x4_SPK1_W1x2x2_BLDS1_TN_AS1_0",2653,66984977,25248.766302,3.632e-10,17080,124321,2153.387319
"Cijk_Alik_Bljk_BBS_BH_Bias_HA_S_SAV_UserArgs_MT64x48x256_MI16x16x1_SN_LDSB0_AFC0_AFEM1_AFEM1_ASEM1_CLR1_CADS0_DTLA0_DTLB0_DTVA0_DTVB0_EPS0_FDSI0_GRPM1_GRVWA8_GRVWB8_GSU0_GSUAMB_GLS0_ISA950_IU1_K1_LDSTI0_LBSPPA512_LBSPPB512_LBSPPM0_LPA16_LPB16_LPM0_LRVW8_LWPMn1_MIAV0_MIWT1_3_MO40_NTn1_NTA0_NTB0_NTC1_NTD5_NTM0_NEPBS16_NLCA1_NLCB1_ONLL1_PGR2_PLR1_PKA1_SIA3_SS1_SPO1_SRVW0_SSO0_SVW1_SK3_SKFTR0_SKXCCM0_TLDS2_ULSGRO0_USL1_UIOFGRO0_USFGRO1_VSn1_VWA1_VWB1_WSGRA0_WSGRB0_WS64_WG64_4_1",3680,66937930,18189.654891,3.629e-10,15800,26600,814.496193
"Cijk_SS_BiasS_HAS_ScaleAlphaVec_PostGSU4_VW4",7544,66836994,8859.622747,3.624e-10,0,12920,1981.871963
"Cijk_Alik_Bljk_BSS_BH_Bias_S_HA_S_SAV_UserArgs_MT224x64x128_MI16x16x1_SN_LDSB1_AFC0_AFEM1_AFEM1_ASEM1_CLR1_CADS0_DTLA0_DTLB0_DTVA0_DTVB0_EPS0_FDSI0_GRPM1_GRVWA8_GRVWB8_GSU0_GSUAMB_GLS0_ISA950_IU1_K1_LDSTI0_LBSPPA256_LBSPPB512_LBSPPM0_LPA16_LPB16_LPM0_LRVW8_LWPMn1_MIAV0_MIWT7_2_MO40_NTn1_NTA0_NTB0_NTC0_NTD0_NTM0_NEPBS0_NLCA1_NLCB1_ONLL1_PGR2_PLR1_PKA1_SIA3_SS1_SPO0_SRVW0_SSO0_SVW1_SK3_SKFTR0_SKXCCM0_TLDS1_ULSGRO0_USL1_UIOFGRO0_USFGRO0_VSn1_VWA1_VWB2_WSGRA0_WSGRB0_WS64_WG32_8_1",1840,66273003,36017.936413,3.593e-10,32880,44880,2169.425171
"hgemm_bf16_128x128x64x4_SPK1_W4x4x1_BLDS1_TN_AS1_0",3572,63439037,17760.088746,3.439e-10,14880,45960,2572.698220
"void at::native::reduce_kernel<512, 1, at::native::ReduceOp<float, at::native::ArgMaxOps<float>, unsigned int, long, 4, 4> >(at::native::ReduceOp<float, at::native::ArgMaxOps<float>, unsigned int, long, 4, 4>)",7865,59659904,7585.493198,3.235e-10,0,10400,562.656021
"void at::native::elementwise_kernel_manual_unroll<128, 4, at::native::gpu_kernel_impl_nocast<at::native::direct_copy_kernel_cuda(at::TensorIteratorBase&)::{lambda()#3}::operator()() const::{lambda()#7}::operator()() const::{lambda(float)#1}>(at::TensorIteratorBase&, at::native::direct_copy_kernel_cuda(at::TensorIteratorBase&)::{lambda()#3}::operator()() const::{lambda()#7}::operator()() const::{lambda(float)#1} const&)::{lambda(int, bool)#1}>(int, at::native::gpu_kernel_impl_nocast<at::native::direct_copy_kernel_cuda(at::TensorIteratorBase&)::{lambda()#3}::operator()() const::{lambda()#7}::operator()() const::{lambda(float)#1}>(at::TensorIteratorBase&, at::native::direct_copy_kernel_cuda(at::TensorIteratorBase&)::{lambda()#3}::operator()() const::{lambda()#7}::operator()() const::{lambda(float)#1} const&)::{lambda(int, bool)#1})",11487,56560707,4923.888483,3.067e-10,2720,8360,702.698194
"hgemm_bf16_128x128x64x4_SPK1_W4x2x1_BLDS1_TN_AS1_0",5272,55763213,10577.240706,3.023e-10,7320,17440,1422.514232
"_gemm_a16_w16_kernel_BLOCK_SIZE_M_32_BLOCK_SIZE_N_32_BLOCK_SIZE_K_256_GROUP_SIZE_M_1_NUM_KSPLIT_1_SPLITK_BLOCK_SIZE_4224_EVEN_K_0_EVEN_MN_0_cache_modifier_CG_activation_NONE_use_activation_0_ADD_BIAS_0_SKIP_REDUCE_0",2545,54607814,21456.901375,2.961e-10,20600,24720,572.718518
"void at::native::_scatter_gather_elementwise_kernel<256, 4, at::native::_cuda_scatter_gather_internal_kernel<false, at::native::OpaqueType<4>, long>::operator()<at::native::TensorAssign>(at::TensorIterator&, long, long, long, at::native::TensorAssign const&)::{lambda(int)#1}>(int, at::native::_cuda_scatter_gather_internal_kernel<false, at::native::OpaqueType<4>, long>::operator()<at::native::TensorAssign>(at::TensorIterator&, long, long, long, at::native::TensorAssign const&)::{lambda(int)#1})",24317,54469556,2239.978451,2.953e-10,560,40040,679.947254
"Cijk_Alik_Bljk_BBS_BH_Bias_HA_S_SAV_UserArgs_MT64x160x64_MI16x16x1_SN_LDSB1_AFC0_AFEM1_AFEM1_ASEM1_CLR1_CADS0_DTLA0_DTLB0_DTVA0_DTVB0_EPS0_FDSI0_GRPM1_GRVWA8_GRVWB8_GSU0_GSUAMB_GLS0_ISA950_IU1_K1_LDSTI0_LBSPPA256_LBSPPB128_LBSPPM0_LPA16_LPB16_LPM0_LRVW8_LWPMn1_MIAV0_MIWT2_5_MO40_NTn1_NTA0_NTB0_NTC0_NTD0_NTM0_NEPBS0_NLCA1_NLCB1_ONLL1_PGR2_PLR1_PKA1_SIA3_SS1_SPO0_SRVW0_SSO0_SVW2_SK3_SKFTR0_SKXCCM0_TLDS1_ULSGRO0_USL1_UIOFGRO0_USFGRO0_VSn1_VWA2_VWB1_WSGRA0_WSGRB0_WS64_WG32_8_1",5796,53794317,9281.283126,2.917e-10,7080,19320,499.857749
"void at::native::index_elementwise_kernel<128, 4, at::native::gpu_index_kernel<at::native::index_kernel_impl<at::native::OpaqueType<1> >(at::TensorIteratorBase&, c10::ArrayRef<long>, c10::ArrayRef<long>)::{lambda(char*, char const*, long)#1}>(at::TensorIteratorBase&, c10::ArrayRef<long>, c10::ArrayRef<long>, at::native::index_kernel_impl<at::native::OpaqueType<1> >(at::TensorIteratorBase&, c10::ArrayRef<long>, c10::ArrayRef<long>)::{lambda(char*, char const*, long)#1} const&, bool)::{lambda(int)#1}>(long, at::native::gpu_index_kernel<at::native::index_kernel_impl<at::native::OpaqueType<1> >(at::TensorIteratorBase&, c10::ArrayRef<long>, c10::ArrayRef<long>)::{lambda(char*, char const*, long)#1}>(at::TensorIteratorBase&, c10::ArrayRef<long>, c10::ArrayRef<long>, at::native::index_kernel_impl<at::native::OpaqueType<1> >(at::TensorIteratorBase&, c10::ArrayRef<long>, c10::ArrayRef<long>)::{lambda(char*, char const*, long)#1} const&, bool)::{lambda(int)#1})",6792,51584924,7594.953475,2.797e-10,6120,16000,1425.530850
"Cijk_Alik_Bljk_BBS_BH_Bias_HA_S_SAV_UserArgs_MT160x192x128_MI16x16x1_SN_LDSB1_AFC0_AFEM1_AFEM1_ASEM1_CLR0_CADS0_DTLA0_DTLB0_DTVA0_DTVB0_EPS0_FDSI0_GRPM1_GRVWA8_GRVWB8_GSU0_GSUAMB_GLS0_ISA950_IU1_K1_LDSTI0_LBSPPA512_LBSPPB256_LBSPPM0_LPA16_LPB16_LPM0_LRVW8_LWPMn1_MIAV0_MIWT10_3_MO40_NTn1_NTA4_NTB0_NTC1_NTD4_NTM0_NEPBS0_NLCA1_NLCB1_ONLL1_PGR2_PLR1_PKA1_SIA3_SS1_SPO0_SRVW0_SSO0_SVW2_SK3_SKFTR0_SKXCCM0_TLDS1_ULSGRO0_USL1_UIOFGRO0_USFGRO0_VSn1_VWA2_VWB1_WSGRA0_WSGRB0_WS64_WG16_16_1",690,49600980,71885.478261,2.689e-10,67561,78200,1714.938392
"Cijk_SS_BiasS_HAS_ScaleAlphaVec_PostGSU8_VW4",6716,49587498,7383.486897,2.688e-10,4880,11720,761.517484
"__amd_rocclr_fillBufferAligned",11679,49408247,4230.520336,2.679e-10,640,150482,5338.658853
"_apply_write_kernel",3584,49030332,13680.338170,2.658e-10,3280,351203,34360.776283
"Cijk_Alik_Bljk_BBS_BH_Bias_HA_S_SAV_UserArgs_MT32x16x512_MI16x16x1_SN_LDSB1_AFC0_AFEM1_AFEM1_ASEM1_CLR1_CADS0_DTLA0_DTLB0_DTVA0_DTVB0_EPS0_FDSI0_GRPM1_GRVWA8_GRVWB8_GSU0_GSUAMB_GLS0_ISA950_IU1_K1_LDSTI0_LBSPPA1024_LBSPPB1024_LBSPPM0_LPA16_LPB16_LPM0_LRVW8_LWPMn1_MIAV0_MIWT2_1_MO40_NTn1_NTA0_NTB0_NTC0_NTD0_NTM0_NEPBS0_NLCA1_NLCB1_ONLL1_PGR2_PLR1_PKA1_SIA3_SS1_SPO0_SRVW0_SSO0_SVW1_SK3_SKFTR0_SKXCCM0_TLDS1_ULSGRO0_USL1_UIOFGRO0_USFGRO0_VSn1_VWA1_VWB1_WSGRA0_WSGRB0_WS64_WG16_4_4",4784,48418453,10120.914089,2.625e-10,9240,44000,952.678478
"void at::native::vectorized_elementwise_kernel<4, at::native::CUDAFunctorOnSelf_add<int>, std::array<char*, 2ul> >(int, at::native::CUDAFunctorOnSelf_add<int>, std::array<char*, 2ul>)",25281,48074516,1901.606582,2.606e-10,560,40800,1062.352888
"Cijk_Alik_Bljk_BBS_BH_Bias_HA_S_SAV_UserArgs_MT128x128x128_MI16x16x1_SN_LDSB1_AFC0_AFEM1_AFEM1_ASEM1_CLR1_CADS0_DTLA0_DTLB0_DTVA0_DTVB0_EPS0_FDSI0_GRPM1_GRVWA8_GRVWB8_GSU0_GSUAMB_GLS0_ISA950_IU1_K1_LDSTI0_LBSPPA1024_LBSPPB1024_LBSPPM0_LPA16_LPB16_LPM0_LRVW8_LWPMn1_MIAV0_MIWT4_4_MO40_NTn1_NTA0_NTB0_NTC0_NTD0_NTM0_NEPBS0_NLCA1_NLCB1_ONLL1_PGR2_PLR1_PKA1_SIA3_SS1_SPO0_SRVW0_SSO0_SVW4_SK3_SKFTR0_SKXCCM0_TLDS1_ULSGRO0_USL1_UIOFGRO0_USFGRO0_VSn1_VWA4_VWB4_WSGRA0_WSGRB0_WS64_WG32_8_1",1716,45966052,26786.743590,2.492e-10,10680,46441,14092.021387
"hgemm_bf16_96x64x64x4_SPK1_W2x2x1_BLDS1_TN_AS1_0",1824,45776564,25096.800439,2.482e-10,9720,46401,14151.662166
"Cijk_Alik_Bljk_BBS_BH_Bias_HA_S_SAV_UserArgs_MT128x64x128_MI16x16x1_SN_LDSB1_AFC0_AFEM1_AFEM1_ASEM1_CLR1_CADS0_DTLA0_DTLB0_DTVA0_DTVB0_EPS0_FDSI0_GRPM1_GRVWA8_GRVWB8_GSU0_GSUAMB_GLS0_ISA950_IU1_K1_LDSTI0_LBSPPA1024_LBSPPB512_LBSPPM0_LPA16_LPB16_LPM0_LRVW8_LWPMn1_MIAV0_MIWT4_2_MO40_NTn1_NTA0_NTB0_NTC0_NTD0_NTM0_NEPBS0_NLCA1_NLCB1_ONLL1_PGR2_PLR1_PKA1_SIA3_SS1_SPO0_SRVW0_SSO0_SVW4_SK3_SKFTR0_SKXCCM0_TLDS1_ULSGRO0_USL1_UIOFGRO0_USFGRO0_VSn1_VWA4_VWB2_WSGRA0_WSGRB0_WS64_WG32_8_1",1564,45605673,29159.637468,2.473e-10,26760,33640,866.063770
"void at::native::vectorized_elementwise_kernel<4, at::native::BUnaryFunctor<int, int, int, at::native::binary_internal::div_floor_kernel_cuda(at::TensorIteratorBase&)::{lambda()#1}::operator()() const::{lambda()#3}::operator()() const::{lambda(int, int)#1}>, std::array<char*, 2ul> >(int, at::native::BUnaryFunctor<int, int, int, at::native::binary_internal::div_floor_kernel_cuda(at::TensorIteratorBase&)::{lambda()#1}::operator()() const::{lambda()#3}::operator()() const::{lambda(int, int)#1}>, std::array<char*, 2ul>)",24315,45178720,1858.059634,2.449e-10,520,20961,590.192808
"void gemm_a16w16_flatmm_splitk_kernel<opus_flatmm_splitk_traits_gfx950<256, opus::seq<64, 96, 64>, opus::tuple<std::bfloat16_t, std::bfloat16_t, float, float, std::bfloat16_t>, opus::seq<8, 8, 4>, opus::seq<16, 16, 32>, 1, false, false> >(opus_gemm_flatmm_splitk_kargs_gfx950)",2104,44898480,21339.581749,2.434e-10,16680,28961,1830.689088
"_compute_slot_mappings_kernel",7864,44559408,5666.252289,2.416e-10,3040,15680,2614.325469
"void at::native::elementwise_kernel_manual_unroll<128, 4, at::native::gpu_kernel_impl_nocast<at::native::CUDAFunctor_add<int> >(at::TensorIteratorBase&, at::native::CUDAFunctor_add<int> const&)::{lambda(int, bool)#1}>(int, at::native::gpu_kernel_impl_nocast<at::native::CUDAFunctor_add<int> >(at::TensorIteratorBase&, at::native::CUDAFunctor_add<int> const&)::{lambda(int, bool)#1})",22308,43618628,1955.290837,2.365e-10,520,179161,1405.548958
"Cijk_Alik_Bljk_BBS_BH_Bias_HA_S_SAV_UserArgs_MT64x32x256_MI16x16x1_SN_LDSB0_AFC0_AFEM1_AFEM1_ASEM1_CLR0_CADS0_DTLA1_DTLB1_DTVA0_DTVB0_EPS0_FDSI0_GRPM1_GRVWA8_GRVWB8_GSU0_GSUAMB_GLS0_ISA950_IU1_K1_LDSTI0_LBSPPA1024_LBSPPB1024_LBSPPM0_LPA16_LPB16_LPM0_LRVW8_LWPMn1_MIAV0_MIWT2_1_MO40_NTn1_NTA0_NTB0_NTC3_NTD1_NTM0_NEPBS10_NLCA1_NLCB1_ONLL1_PGR2_PLR1_PKA1_SIA3_SS1_SPO0_SRVW0_SSO0_SVW2_SK3_SKFTR0_SKXCCM0_TLDS2_ULSGRO0_USL1_UIOFGRO0_USFGROn1_VSn1_VWA2_VWB1_WSGRA0_WSGRB0_WS64_WG32_8_1",2576,43617057,16932.087345,2.365e-10,15120,19721,731.522294
"_post_update_kernel",7864,43489167,5530.158571,2.358e-10,0,10120,659.079209
"Cijk_Alik_Bljk_BBS_BH_Bias_HA_S_SAV_UserArgs_MT192x320x64_MI16x16x1_SN_LDSB1_AFC0_AFEM1_AFEM1_ASEM1_CLR0_CADS0_DTLA0_DTLB0_DTVA0_DTVB0_EPS1_FDSI0_GRPM1_GRVWA8_GRVWB8_GSU0_GSUAMB_GLS0_ISA950_IU1_K1_LDSTI0_LBSPPA512_LBSPPB128_LBSPPM0_LPA16_LPB16_LPM0_LRVW8_LWPMn1_MIAV0_MIWT12_5_MO40_NTn1_NTA4_NTB0_NTC5_NTD4_NTM0_NEPBS0_NLCA1_NLCB1_ONLL1_PGR1_PLR1_PKA1_SIA3_SS1_SPO1_SRVW0_SSO1_SVW4_SK3_SKFTR0_SKXCCM0_TLDS1_ULSGRO0_USL1_UIOFGRO0_USFGRO0_VSn1_VWA4_VWB1_WSGRA0_WSGRB0_WS64_WG16_16_1",759,43200784,56918.028986,2.342e-10,53400,64481,1488.072612
"hgemm_bf16_64x64x128x3_SPK1_W2x4x1_BLDS1_TN_AS1_0",4743,42493974,8959.302973,2.304e-10,8160,22681,738.172037
"Cijk_Alik_Bljk_BBS_BH_Bias_HA_S_SAV_UserArgs_MT192x64x128_MI16x16x1_SN_LDSB1_AFC0_AFEM1_AFEM1_ASEM1_CLR1_CADS0_DTLA0_DTLB0_DTVA0_DTVB0_EPS0_FDSI0_GRPM1_GRVWA8_GRVWB8_GSU0_GSUAMB_GLS0_ISA950_IU1_K1_LDSTI0_LBSPPA512_LBSPPB512_LBSPPM0_LPA16_LPB16_LPM0_LRVW8_LWPMn1_MIAV0_MIWT6_2_MO40_NTn1_NTA0_NTB0_NTC0_NTD0_NTM0_NEPBS0_NLCA1_NLCB1_ONLL1_PGR2_PLR1_PKA1_SIA3_SS1_SPO0_SRVW0_SSO0_SVW2_SK3_SKFTR0_SKXCCM0_TLDS1_ULSGRO0_USL1_UIOFGRO0_USFGRO0_VSn1_VWA2_VWB2_WSGRA0_WSGRB0_WS64_WG32_8_1",1392,42062822,30217.544540,2.281e-10,25040,64440,1354.761603
"void at::native::vectorized_elementwise_kernel<4, at::native::(anonymous namespace)::launch_clamp_scalar(at::TensorIteratorBase&, c10::Scalar, c10::Scalar, at::native::detail::ClampLimits)::{lambda()#1}::operator()() const::{lambda()#3}::operator()() const::{lambda(int)#1}, std::array<char*, 2ul> >(int, at::native::(anonymous namespace)::launch_clamp_scalar(at::TensorIteratorBase&, c10::Scalar, c10::Scalar, at::native::detail::ClampLimits)::{lambda()#1}::operator()() const::{lambda()#3}::operator()() const::{lambda(int)#1}, std::array<char*, 2ul>)",24315,41997201,1727.213695,2.277e-10,520,151561,1438.873045
"Cijk_Alik_Bljk_BSS_BH_Bias_S_HA_S_SAV_UserArgs_MT32x16x128_MI16x16x1_SN_LDSB0_AFC0_AFEM1_AFEM1_ASEM1_CLR0_CADS0_DTLA0_DTLB0_DTVA0_DTVB0_EPS0_FDSI0_GRPM1_GRVWA8_GRVWB8_GSU0_GSUAMB_GLS0_ISA950_IU1_K1_LDSTI0_LBSPPA256_LBSPPB256_LBSPPM0_LPA16_LPB16_LPM0_LRVW8_LWPMn1_MIAV0_MIWT2_1_MO40_NTn1_NTA4_NTB0_NTC0_NTD0_NTM0_NEPBS0_NLCA1_NLCB1_ONLL1_PGR2_PLR0_PKA1_SIA3_SS1_SPO0_SRVW0_SSO0_SVW1_SK3_SKFTR0_SKXCCM8_TLDS1_ULSGRO0_USL1_UIOFGRO0_USFGRO0_VSn1_VWA1_VWB1_WSGRA0_WSGRB0_WS64_WG16_4_4",2668,40400429,15142.589580,2.190e-10,14240,18121,455.953863
"void aiter::add_rmsnorm_quant_kernel<std::bfloat16_t, std::bfloat16_t, 256, 32, false, false, true, 1>(std::bfloat16_t*, std::bfloat16_t*, float*, std::bfloat16_t*, std::bfloat16_t*, std::bfloat16_t*, double, bool, int, int, int, int, int, int, int, bool, bool)",7866,40205187,5111.262014,2.180e-10,0,8560,571.129332
"void at::native::_scatter_gather_elementwise_kernel<256, 4, at::native::_cuda_scatter_gather_internal_kernel<false, at::native::OpaqueType<8>, long>::operator()<at::native::TensorAssign>(at::TensorIterator&, long, long, long, at::native::TensorAssign const&)::{lambda(int)#1}>(int, at::native::_cuda_scatter_gather_internal_kernel<false, at::native::OpaqueType<8>, long>::operator()<at::native::TensorAssign>(at::TensorIterator&, long, long, long, at::native::TensorAssign const&)::{lambda(int)#1})",7865,40091399,5097.444247,2.174e-10,0,9680,586.780167
"void at::native::index_elementwise_kernel<128, 4, at::native::gpu_index_kernel<at::native::index_kernel_impl<at::native::OpaqueType<8> >(at::TensorIteratorBase&, c10::ArrayRef<long>, c10::ArrayRef<long>)::{lambda(char*, char const*, long)#1}>(at::TensorIteratorBase&, c10::ArrayRef<long>, c10::ArrayRef<long>, at::native::index_kernel_impl<at::native::OpaqueType<8> >(at::TensorIteratorBase&, c10::ArrayRef<long>, c10::ArrayRef<long>)::{lambda(char*, char const*, long)#1} const&, bool)::{lambda(int)#1}>(long, at::native::gpu_index_kernel<at::native::index_kernel_impl<at::native::OpaqueType<8> >(at::TensorIteratorBase&, c10::ArrayRef<long>, c10::ArrayRef<long>)::{lambda(char*, char const*, long)#1}>(at::TensorIteratorBase&, c10::ArrayRef<long>, c10::ArrayRef<long>, at::native::index_kernel_impl<at::native::OpaqueType<8> >(at::TensorIteratorBase&, c10::ArrayRef<long>, c10::ArrayRef<long>)::{lambda(char*, char const*, long)#1} const&, bool)::{lambda(int)#1})",7865,39369344,5005.638144,2.134e-10,0,9120,564.304878
"aiter::mla_pfl_qh192_vh128_m32x8_n128x1_causal1",432,39323972,91027.712963,2.132e-10,13880,166162,70182.905575
"Cijk_Alik_Bljk_BBS_BH_Bias_HA_S_SAV_UserArgs_MT128x80x128_MI16x16x1_SN_LDSB0_AFC0_AFEM1_AFEM1_ASEM1_CLR1_CADS0_DTLA1_DTLB1_DTVA0_DTVB0_EPS0_FDSI0_GRPM1_GRVWA8_GRVWB2_GSU0_GSUAMB_GLS0_ISA950_IU1_K1_LDSTI0_LBSPPA1024_LBSPPB256_LBSPPM0_LPA16_LPB16_LPM0_LRVW8_LWPMn1_MIAV0_MIWT2_5_MO40_NTn1_NTA0_NTB0_NTC4_NTD4_NTM0_NEPBS0_NLCA1_NLCB1_ONLL1_PGR2_PLR1_PKA1_SIA3_SS1_SPO0_SRVW0_SSO1_SVW2_SK3_SKFTR0_SKXCCM0_TLDS2_ULSGRO0_USL1_UIOFGRO0_USFGRO0_VSn1_VWA2_VWB1_WSGRA0_WSGRB0_WS64_WG64_4_1",1256,38858505,30938.300159,2.107e-10,17200,39720,6895.491548
"_gather_block_tables_kernel",7864,38777773,4931.049466,2.102e-10,3120,19320,928.988902
"Cijk_Alik_Bljk_BBS_BH_Bias_HA_S_SAV_UserArgs_MT176x256x64_MI16x16x1_SN_LDSB0_AFC0_AFEM1_AFEM1_ASEM1_CLR1_CADS0_DTLA0_DTLB0_DTVA0_DTVB0_EPS0_FDSI0_GRPM1_GRVWA4_GRVWB8_GSU0_GSUAMB_GLS0_ISA950_IU1_K1_LDSTI0_LBSPPA128_LBSPPB512_LBSPPM0_LPA16_LPB16_LPM0_LRVW8_LWPMn1_MIAV0_MIWT11_4_MO40_NTn1_NTA0_NTB0_NTC0_NTD0_NTM0_NEPBS0_NLCA1_NLCB1_ONLL1_PGR2_PLR1_PKA1_SIA3_SS1_SPO0_SRVW0_SSO0_SVW1_SK3_SKFTR0_SKXCCM0_TLDS1_ULSGRO0_USL1_UIOFGRO0_USFGRO0_VSn1_VWA1_VWB4_WSGRA0_WSGRB0_WS64_WG16_16_1",174,37386570,214865.344828,2.027e-10,83681,408484,137901.710260
"Cijk_Alik_Bljk_BBS_BH_Bias_HA_S_SAV_UserArgs_MT192x128x128_MI16x16x1_SN_LDSB1_AFC0_AFEM1_AFEM1_ASEM1_CLR0_CADS0_DTLA0_DTLB0_DTVA0_DTVB0_EPS0_FDSI0_GRPM1_GRVWA8_GRVWB8_GSU0_GSUAMB_GLS0_ISA950_IU1_K1_LDSTI0_LBSPPA512_LBSPPB1024_LBSPPM0_LPA16_LPB16_LPM0_LRVW8_LWPMn1_MIAV0_MIWT6_4_MO40_NTn1_NTA0_NTB0_NTC1_NTD4_NTM0_NEPBS0_NLCA1_NLCB1_ONLL1_PGR2_PLR1_PKA1_SIA3_SS1_SPO0_SRVW0_SSO1_SVW2_SK3_SKFTR0_SKXCCM0_TLDS2_ULSGRO0_USL1_UIOFGRO0_USFGRO0_VSn1_VWA2_VWB4_WSGRA0_WSGRB0_WS64_WG32_8_1",888,37031349,41701.969595,2.008e-10,15360,106801,23905.829780
"void at::native::index_elementwise_kernel<128, 4, at::native::gpu_index_kernel<at::native::index_put_kernel_impl<at::native::OpaqueType<1> >(at::TensorIterator&, c10::ArrayRef<long>, c10::ArrayRef<long>)::{lambda(char*, char const*, long)#1}>(at::TensorIteratorBase&, c10::ArrayRef<long>, c10::ArrayRef<long>, at::native::index_put_kernel_impl<at::native::OpaqueType<1> >(at::TensorIterator&, c10::ArrayRef<long>, c10::ArrayRef<long>)::{lambda(char*, char const*, long)#1} const&, bool)::{lambda(int)#1}>(long, at::native::gpu_index_kernel<at::native::index_put_kernel_impl<at::native::OpaqueType<1> >(at::TensorIterator&, c10::ArrayRef<long>, c10::ArrayRef<long>)::{lambda(char*, char const*, long)#1}>(at::TensorIteratorBase&, c10::ArrayRef<long>, c10::ArrayRef<long>, at::native::index_put_kernel_impl<at::native::OpaqueType<1> >(at::TensorIterator&, c10::ArrayRef<long>, c10::ArrayRef<long>)::{lambda(char*, char const*, long)#1} const&, bool)::{lambda(int)#1})",6792,36910667,5434.432715,2.001e-10,3681,11200,829.127470
"Cijk_Alik_Bljk_BBS_BH_Bias_HA_S_SAV_UserArgs_MT128x160x64_MI16x16x1_SN_LDSB1_AFC0_AFEM1_AFEM1_ASEM1_CLR1_CADS0_DTLA0_DTLB0_DTVA0_DTVB0_EPS0_FDSI0_GRPM1_GRVWA8_GRVWB8_GSU0_GSUAMB_GLS0_ISA950_IU1_K1_LDSTI0_LBSPPA512_LBSPPB128_LBSPPM0_LPA16_LPB16_LPM0_LRVW8_LWPMn1_MIAV0_MIWT4_5_MO40_NTn1_NTA0_NTB0_NTC0_NTD0_NTM0_NEPBS0_NLCA1_NLCB1_ONLL1_PGR2_PLR1_PKA1_SIA3_SS1_SPO0_SRVW0_SSO0_SVW4_SK3_SKFTR0_SKXCCM0_TLDS1_ULSGRO0_USL1_UIOFGRO0_USFGRO0_VSn1_VWA4_VWB1_WSGRA0_WSGRB0_WS64_WG32_8_1",3243,36244715,11176.292014,1.965e-10,9400,29480,638.489351
"_scatter_num_accepted_kernel",7864,35353377,4495.597279,1.917e-10,0,7400,489.503105
"triton_poi_fused_add_bitwise_and_bitwise_not_bitwise_or_ge_lt_mul_sub_0",9056,34547179,3814.838670,1.873e-10,1560,59280,1738.757669
"void splitk_reduce_kernel<16, 64, std::bfloat16_t, false, std::bfloat16_t, false>(opus_splitk_ws_handle const*, std::bfloat16_t*, int, int, int, int, int, int, std::bfloat16_t const*, int)",7353,34127194,4641.261254,1.850e-10,3320,127121,2294.192777
"Cijk_Alik_Bljk_BBS_BH_Bias_HA_S_SAV_UserArgs_MT192x96x64_MI16x16x1_SN_LDSB1_AFC0_AFEM1_AFEM1_ASEM1_CLR1_CADS0_DTLA0_DTLB0_DTVA0_DTVB0_EPS0_FDSI0_GRPM1_GRVWA8_GRVWB8_GSU0_GSUAMB_GLS0_ISA950_IU1_K1_LDSTI0_LBSPPA256_LBSPPB128_LBSPPM0_LPA16_LPB16_LPM0_LRVW8_LWPMn1_MIAV0_MIWT6_3_MO40_NTn1_NTA0_NTB0_NTC0_NTD0_NTM0_NEPBS0_NLCA1_NLCB1_ONLL1_PGR2_PLR1_PKA1_SIA3_SS1_SPO0_SRVW0_SSO0_SVW2_SK3_SKFTR0_SKXCCM0_TLDS1_ULSGRO0_USL1_UIOFGRO0_USFGRO0_VSn1_VWA2_VWB1_WSGRA0_WSGRB0_WS64_WG32_8_1",1969,33855545,17194.283900,1.836e-10,10480,26920,2618.953940
"Cijk_Alik_Bljk_BBS_BH_Bias_HA_S_SAV_UserArgs_MT176x256x64_MI16x16x1_SN_LDSB0_AFC0_AFEM1_AFEM1_ASEM1_CLR1_CADS0_DTLA0_DTLB0_DTVA0_DTVB0_EPS0_FDSI0_GRPM1_GRVWA4_GRVWB8_GSU0_GSUAMB_GLS0_ISA950_IU1_K1_LDSTI0_LBSPPA128_LBSPPB512_LBSPPM0_LPA16_LPB16_LPM0_LRVW8_LWPMn1_MIAV0_MIWT11_4_MO40_NTn1_NTA4_NTB0_NTC0_NTD0_NTM0_NEPBS0_NLCA1_NLCB1_ONLL1_PGR2_PLR1_PKA1_SIA3_SS1_SPO0_SRVW0_SSO0_SVW1_SK3_SKFTR0_SKXCCM8_TLDS1_ULSGRO0_USL1_UIOFGRO0_USFGRO0_VSn1_VWA1_VWB4_WSGRA0_WSGRB0_WS64_WG16_16_1",414,32939826,79564.797101,1.786e-10,76921,84521,1222.470268
"hgemm_bf16_96x128x64x4_SPK1_W1x4x1_BLDS1_TN_AS1_0",1962,31926972,16272.666667,1.731e-10,13480,86241,5628.704305
"void at::native::elementwise_kernel_manual_unroll<128, 4, at::native::gpu_kernel_impl<at::native::direct_copy_kernel_cuda(at::TensorIteratorBase&)::{lambda()#3}::operator()() const::{lambda()#3}::operator()() const::{lambda(int)#1}>(at::TensorIteratorBase&, at::native::direct_copy_kernel_cuda(at::TensorIteratorBase&)::{lambda()#3}::operator()() const::{lambda()#3}::operator()() const::{lambda(int)#1} const&)::{lambda(int, bool)#1}>(int, at::native::gpu_kernel_impl<at::native::direct_copy_kernel_cuda(at::TensorIteratorBase&)::{lambda()#3}::operator()() const::{lambda()#3}::operator()() const::{lambda(int)#1}>(at::TensorIteratorBase&, at::native::direct_copy_kernel_cuda(at::TensorIteratorBase&)::{lambda()#3}::operator()() const::{lambda()#3}::operator()() const::{lambda(int)#1} const&)::{lambda(int, bool)#1})",6813,31597169,4637.776163,1.713e-10,1600,11400,1664.945886
"_combine_sampled_and_draft_tokens_kernel",7864,31434627,3997.282172,1.704e-10,2360,14161,881.790602
"Cijk_Alik_Bljk_BSS_BH_Bias_S_HA_S_SAV_UserArgs_MT32x32x512_MI16x16x1_SN_LDSB1_AFC0_AFEM1_AFEM1_ASEM1_CLR1_CADS0_DTLA0_DTLB0_DTVA0_DTVB0_EPS0_FDSI0_GRPM1_GRVWA8_GRVWB8_GSU0_GSUAMB_GLS0_ISA950_IU1_K1_LDSTI0_LBSPPA1024_LBSPPB1024_LBSPPM0_LPA16_LPB16_LPM0_LRVW8_LWPMn1_MIAV0_MIWT1_1_MO40_NTn1_NTA0_NTB0_NTC0_NTD0_NTM0_NEPBS0_NLCA1_NLCB1_ONLL1_PGR2_PLR1_PKA1_SIA3_SS1_SPO0_SRVW0_SSO0_SVW1_SK3_SKFTR0_SKXCCM0_TLDS1_ULSGRO0_USL1_UIOFGRO0_USFGRO0_VSn1_VWA1_VWB1_WSGRA0_WSGRB0_WS64_WG32_8_1",1564,30997560,19819.411765,1.681e-10,16241,24961,777.675350
"_get_num_sampled_and_rejected_kernel",7865,30957804,3936.147997,1.678e-10,0,9640,318.545058
"Cijk_Alik_Bljk_BBS_BH_Bias_HA_S_SAV_UserArgs_MT256x80x128_MI16x16x1_SN_LDSB1_AFC0_AFEM1_AFEM1_ASEM1_CLR1_CADS0_DTLA0_DTLB0_DTVA0_DTVB0_EPS0_FDSI0_GRPM1_GRVWA8_GRVWB8_GSU0_GSUAMB_GLS0_ISA950_IU1_K1_LDSTI0_LBSPPA1024_LBSPPB256_LBSPPM0_LPA16_LPB16_LPM0_LRVW8_LWPMn1_MIAV0_MIWT4_5_MO40_NTn1_NTA0_NTB0_NTC0_NTD0_NTM0_NEPBS0_NLCA1_NLCB1_ONLL1_PGR2_PLR1_PKA1_SIA3_SS1_SPO0_SRVW0_SSO0_SVW4_SK3_SKFTR0_SKXCCM0_TLDS1_ULSGRO0_USL1_UIOFGRO0_USFGRO0_VSn1_VWA4_VWB1_WSGRA0_WSGRB0_WS64_WG64_4_1",761,30113351,39570.763469,1.633e-10,14760,69680,9020.848562
"Cijk_Alik_Bljk_BBS_BH_Bias_HA_S_SAV_UserArgs_MT128x64x64_MI16x16x1_SN_LDSB1_AFC0_AFEM1_AFEM1_ASEM1_CLR1_CADS0_DTLA0_DTLB0_DTVA0_DTVB0_EPS0_FDSI0_GRPM1_GRVWA8_GRVWB8_GSU0_GSUAMB_GLS0_ISA950_IU1_K1_LDSTI0_LBSPPA512_LBSPPB256_LBSPPM0_LPA16_LPB16_LPM0_LRVW8_LWPMn1_MIAV0_MIWT4_2_MO40_NTn1_NTA0_NTB0_NTC0_NTD0_NTM0_NEPBS0_NLCA1_NLCB1_ONLL1_PGR2_PLR1_PKA1_SIA3_SS1_SPO0_SRVW0_SSO0_SVW4_SK3_SKFTR0_SKXCCM0_TLDS1_ULSGRO0_USL1_UIOFGRO0_USFGRO0_VSn1_VWA4_VWB2_WSGRA0_WSGRB0_WS64_WG32_8_1",3795,29923441,7884.964690,1.622e-10,6040,11520,479.736414
"aiter::bf16gemm_fp32bf16_tn_64x64_splitk_clean",1776,29782949,16769.678491,1.615e-10,15400,21960,908.810901
"Cijk_Alik_Bljk_BBS_BH_Bias_HA_S_SAV_UserArgs_MT192x224x64_MI16x16x1_SN_LDSB0_AFC0_AFEM1_AFEM1_ASEM1_CLR1_CADS0_DTLA0_DTLB0_DTVA0_DTVB0_EPS0_FDSI0_GRPM1_GRVWA8_GRVWB8_GSU0_GSUAMB_GLS0_ISA950_IU1_K1_LDSTI0_LBSPPA256_LBSPPB128_LBSPPM0_LPA16_LPB16_LPM0_LRVW8_LWPMn1_MIAV0_MIWT6_7_MO40_NTn1_NTA4_NTB0_NTC0_NTD0_NTM0_NEPBS0_NLCA1_NLCB1_ONLL1_PGR2_PLR1_PKA1_SIA3_SS1_SPO0_SRVW0_SSO0_SVW2_SK3_SKFTR0_SKXCCM8_TLDS1_ULSGRO0_USL1_UIOFGRO0_USFGRO0_VSn1_VWA2_VWB1_WSGRA0_WSGRB0_WS64_WG32_8_1",621,28903287,46543.135266,1.567e-10,30080,77560,17749.285773
"hgemm_bf16_64x64x128x4_SPK1_W2x4x1_BLDS1_TN_AS1_0",4692,28576967,6090.572677,1.549e-10,5400,11600,443.251164
"void at::native::vectorized_elementwise_kernel<16, at::native::FillFunctor<bool>, std::array<char*, 1ul> >(int, at::native::FillFunctor<bool>, std::array<char*, 1ul>)",8348,28377593,3399.328342,1.539e-10,600,63401,2139.124650
"void at::native::vectorized_elementwise_kernel<16, at::native::FillFunctor<unsigned char>, std::array<char*, 1ul> >(int, at::native::FillFunctor<unsigned char>, std::array<char*, 1ul>)",368,27506482,74745.875000,1.491e-10,7600,192642,70421.455532
"_prepare_prefill_inputs_kernel",2270,27268783,12012.679736,1.478e-10,3680,37920,3259.329215
"Cijk_Alik_Bljk_BSS_BH_Bias_S_HA_S_SAV_UserArgs_MT64x64x256_MI16x16x1_SN_LDSB1_AFC0_AFEM1_AFEM1_ASEM1_CLR1_CADS0_DTLA0_DTLB0_DTVA0_DTVB0_EPS0_FDSI0_GRPM1_GRVWA8_GRVWB8_GSU0_GSUAMB_GLS0_ISA950_IU1_K1_LDSTI0_LBSPPA1024_LBSPPB1024_LBSPPM0_LPA16_LPB16_LPM0_LRVW8_LWPMn1_MIAV0_MIWT2_2_MO40_NTn1_NTA0_NTB0_NTC0_NTD0_NTM0_NEPBS0_NLCA1_NLCB1_ONLL1_PGR2_PLR1_PKA1_SIA3_SS1_SPO0_SRVW0_SSO0_SVW2_SK3_SKFTR0_SKXCCM0_TLDS1_ULSGRO0_USL1_UIOFGRO0_USFGRO0_VSn1_VWA2_VWB2_WSGRA0_WSGRB0_WS64_WG32_8_1",736,27144044,36880.494565,1.472e-10,34520,41920,989.768381
"Cijk_Alik_Bljk_BBS_BH_Bias_HA_S_SAV_UserArgs_MT32x48x512_MI16x16x1_SN_LDSB1_AFC0_AFEM1_AFEM1_ASEM1_CLR1_CADS0_DTLA0_DTLB0_DTVA0_DTVB0_EPS0_FDSI0_GRPM1_GRVWA8_GRVWB8_GSU0_GSUAMB_GLS0_ISA950_IU1_K1_LDSTI0_LBSPPA2048_LBSPPB1024_LBSPPM0_LPA16_LPB16_LPM0_LRVW8_LWPMn1_MIAV1_MIWT2_3_MO40_NTn1_NTA0_NTB0_NTC3_NTD0_NTM0_NEPBS14_NLCA1_NLCB1_ONLL1_PGR2_PLR1_PKA1_SIA3_SS1_SPO0_SRVW0_SSO0_SVW2_SK3_SKFTR0_SKXCCM0_TLDS1_ULSGRO0_USL1_UIOFGRO0_USFGRO0_VSn1_VWA2_VWB1_WSGRA0_WSGRB0_WS64_WG16_4_4",1748,25850414,14788.566362,1.402e-10,12760,17760,691.746759
"void at::native::elementwise_kernel_manual_unroll<128, 4, at::native::gpu_kernel_impl_nocast<at::native::direct_copy_kernel_cuda(at::TensorIteratorBase&)::{lambda()#3}::operator()() const::{lambda()#3}::operator()() const::{lambda(int)#1}>(at::TensorIteratorBase&, at::native::direct_copy_kernel_cuda(at::TensorIteratorBase&)::{lambda()#3}::operator()() const::{lambda()#3}::operator()() const::{lambda(int)#1} const&)::{lambda(int, bool)#1}>(int, at::native::gpu_kernel_impl_nocast<at::native::direct_copy_kernel_cuda(at::TensorIteratorBase&)::{lambda()#3}::operator()() const::{lambda()#3}::operator()() const::{lambda(int)#1}>(at::TensorIteratorBase&, at::native::direct_copy_kernel_cuda(at::TensorIteratorBase&)::{lambda()#3}::operator()() const::{lambda()#3}::operator()() const::{lambda(int)#1} const&)::{lambda(int, bool)#1})",13082,25585332,1955.766091,1.387e-10,600,44560,992.004111
"Cijk_Alik_Bljk_BBS_BH_Bias_HA_S_SAV_UserArgs_MT32x32x512_MI16x16x1_SN_LDSB0_AFC0_AFEM1_AFEM1_ASEM1_CLR1_CADS0_DTLA1_DTLB1_DTVA0_DTVB0_EPS0_FDSI0_GRPM1_GRVWA8_GRVWB8_GSU0_GSUAMB_GLS0_ISA950_IU1_K1_LDSTI0_LBSPPA1024_LBSPPB1024_LBSPPM0_LPA16_LPB16_LPM0_LRVW8_LWPMn1_MIAV1_MIWT1_1_MO40_NTn1_NTA0_NTB0_NTC3_NTD0_NTM0_NEPBS16_NLCA1_NLCB1_ONLL1_PGR2_PLR1_PKA1_SIA3_SS1_SPO0_SRVW0_SSO0_SVW1_SK3_SKFTR0_SKXCCM0_TLDS2_ULSGRO0_USL1_UIOFGRO0_USFGRO0_VSn1_VWA1_VWB1_WSGRA0_WSGRB0_WS64_WG32_8_1",2024,25489938,12593.842885,1.382e-10,11080,15400,629.407825
"Cijk_Alik_Bljk_BBS_BH_Bias_HA_S_SAV_UserArgs_MT64x96x64_MI16x16x1_SN_LDSB0_AFC0_AFEM1_AFEM1_ASEM1_CLR0_CADS0_DTLA0_DTLB0_DTVA0_DTVB0_EPS0_FDSI0_GRPM1_GRVWA8_GRVWB8_GSU0_GSUAMB_GLS0_ISA950_IU1_K1_LDSTI0_LBSPPA128_LBSPPB256_LBSPPM0_LPA16_LPB16_LPM0_LRVW8_LWPMn1_MIAV1_MIWT1_6_MO40_NTn1_NTA0_NTB0_NTC0_NTD5_NTM0_NEPBS0_NLCA1_NLCB1_ONLL1_PGR2_PLR1_PKA1_SIA3_SS1_SPO0_SRVW0_SSO0_SVW1_SK3_SKFTR0_SKXCCM0_TLDS1_ULSGRO0_USL1_UIOFGRO0_USFGROn1_VSn1_VWA1_VWB2_WSGRA0_WSGRB0_WS64_WG64_4_1",2898,24152736,8334.277433,1.309e-10,6240,12600,524.013887
"Cijk_Alik_Bljk_BSS_BH_Bias_S_HA_S_SAV_UserArgs_MT192x96x128_MI16x16x1_SN_LDSB1_AFC0_AFEM1_AFEM1_ASEM1_CLR1_CADS0_DTLA0_DTLB0_DTVA0_DTVB0_EPS0_FDSI0_GRPM1_GRVWA8_GRVWB8_GSU0_GSUAMB_GLS0_ISA950_IU1_K1_LDSTI0_LBSPPA512_LBSPPB256_LBSPPM0_LPA16_LPB16_LPM0_LRVW8_LWPMn1_MIAV0_MIWT6_3_MO40_NTn1_NTA0_NTB0_NTC0_NTD0_NTM0_NEPBS0_NLCA1_NLCB1_ONLL1_PGR2_PLR1_PKA1_SIA3_SS1_SPO0_SRVW0_SSO0_SVW2_SK3_SKFTR0_SKXCCM0_TLDS1_ULSGRO0_USL1_UIOFGRO0_USFGRO0_VSn1_VWA2_VWB1_WSGRA0_WSGRB0_WS64_WG32_8_1",644,22894790,35550.916149,1.241e-10,33601,39561,901.945098
"void at::native::elementwise_kernel_manual_unroll<128, 8, at::native::gpu_kernel_impl_nocast<at::native::float8_copy_kernel_cuda(at::TensorIteratorBase&)::{lambda(c10::Float8_e8m0fnu)#1}>(at::TensorIteratorBase&, at::native::float8_copy_kernel_cuda(at::TensorIteratorBase&)::{lambda(c10::Float8_e8m0fnu)#1} const&)::{lambda(int, bool)#1}>(int, at::native::gpu_kernel_impl_nocast<at::native::float8_copy_kernel_cuda(at::TensorIteratorBase&)::{lambda(c10::Float8_e8m0fnu)#1}>(at::TensorIteratorBase&, at::native::float8_copy_kernel_cuda(at::TensorIteratorBase&)::{lambda(c10::Float8_e8m0fnu)#1} const&)::{lambda(int, bool)#1})",276,22293192,80772.434783,1.209e-10,27280,165122,43979.295573
"_prepare_pos_seq_lens_kernel",7864,22071185,2806.610504,1.197e-10,1560,15360,646.259205
"hgemm_bf16_16x64x256x4_SPK1_W1x1x2_BLDS1_TN_AS1_0",568,21687760,38182.676056,1.176e-10,25320,49760,2186.695078
"void rocprim::ROCPRIM_400200_NS::detail::trampoline_kernel<rocprim::ROCPRIM_400200_NS::detail::wrapped_scan_config<rocprim::ROCPRIM_400200_NS::default_config, int>, (rocprim::ROCPRIM_400200_NS::detail::target_arch)950, rocprim::ROCPRIM_400200_NS::detail::scan_impl<(rocprim::ROCPRIM_400200_NS::detail::lookback_scan_determinism)0, false, false, rocprim::ROCPRIM_400200_NS::default_config, int const*, int*, int, std::plus<int>, int>(void*, unsigned long&, int const*, int*, int, unsigned long, std::plus<int>, ihipStream_t*, bool)::{lambda(auto:1, auto:2)#1}::operator()<std::integral_constant<bool, false>, std::integral_constant<bool, true> >(std::integral_constant<bool, false>, std::integral_constant<bool, true>) const::{lambda(auto:1)#2}, rocprim::ROCPRIM_400200_NS::detail::default_config_selector>(rocprim::ROCPRIM_400200_NS::detail::scan_impl<(rocprim::ROCPRIM_400200_NS::detail::lookback_scan_determinism)0, false, false, rocprim::ROCPRIM_400200_NS::default_config, int const*, int*, int, std::plus<int>, int>(void*, unsigned long&, int const*, int*, int, unsigned long, std::plus<int>, ihipStream_t*, bool)::{lambda(auto:1, auto:2)#1}::operator()<std::integral_constant<bool, false>, std::integral_constant<bool, true> >(std::integral_constant<bool, false>, std::integral_constant<bool, true>) const::{lambda(auto:1)#2})",6791,21181097,3118.995288,1.148e-10,600,43760,778.982710
"hgemm_bf16_128x64x128x3_SPK1_W2x4x1_BLDS1_TN_AS1_0",1674,21162771,12642.037634,1.147e-10,11241,18000,726.273929
"Cijk_Alik_Bljk_BBS_BH_Bias_HA_S_SAV_UserArgs_MT192x160x64_MI16x16x1_SN_LDSB1_AFC0_AFEM1_AFEM1_ASEM1_CLR1_CADS0_DTLA0_DTLB0_DTVA0_DTVB0_EPS0_FDSI0_GRPM1_GRVWA8_GRVWB8_GSU0_GSUAMB_GLS0_ISA950_IU1_K1_LDSTI0_LBSPPA256_LBSPPB128_LBSPPM0_LPA16_LPB16_LPM0_LRVW8_LWPMn1_MIAV0_MIWT6_5_MO40_NTn1_NTA0_NTB0_NTC0_NTD0_NTM0_NEPBS0_NLCA1_NLCB1_ONLL1_PGR2_PLR1_PKA1_SIA3_SS1_SPO0_SRVW0_SSO0_SVW2_SK3_SKFTR0_SKXCCM0_TLDS1_ULSGRO0_USL1_UIOFGRO0_USFGRO0_VSn1_VWA2_VWB1_WSGRA0_WSGRB0_WS64_WG32_8_1",1209,21098252,17450.994210,1.144e-10,13120,131241,8448.111186
"Cijk_Alik_Bljk_BBS_BH_Bias_HA_S_SAV_UserArgs_MT128x96x64_MI16x16x1_SN_LDSB0_AFC0_AFEM1_AFEM1_ASEM1_CLR0_CADS0_DTLA1_DTLB1_DTVA0_DTVB0_EPS0_FDSI0_GRPM1_GRVWA8_GRVWB8_GSU0_GSUAMB_GLS0_ISA950_IU1_K1_LDSTI0_LBSPPA1024_LBSPPB1024_LBSPPM0_LPA16_LPB16_LPM0_LRVW8_LWPMn1_MIAV0_MIWT4_3_MO40_NTn1_NTA0_NTB0_NTC7_NTD4_NTM0_NEPBS0_NLCA1_NLCB1_ONLL1_PGR2_PLR1_PKA1_SIA3_SS1_SPO0_SRVW0_SSO0_SVW4_SK3_SKFTR0_SKXCCM0_TLDS1_ULSGRO0_USL1_UIOFGRO0_USFGRO1_VSn1_VWA4_VWB1_WSGRA0_WSGRB0_WS64_WG32_8_1",2139,19978675,9340.194016,1.083e-10,0,12680,714.010110
"aiter::bf16gemm_fp32bf16_tn_80x64_splitk_clean",1176,19852599,16881.461735,1.076e-10,15760,20960,472.680834
"void wvSplitK_hf_sml_<__hip_bfloat16, 64, 2, 16, 8, 2, 2>(int, int, int, int, int, int, __hip_bfloat16 const*, __hip_bfloat16 const*, __hip_bfloat16 const*, __hip_bfloat16*, int, int)",2320,19670192,8478.531034,1.066e-10,3600,280842,6881.284745
"void at::native::vectorized_elementwise_kernel<4, at::native::CUDAFunctor_add<int>, std::array<char*, 3ul> >(int, at::native::CUDAFunctor_add<int>, std::array<char*, 3ul>)",11091,18184032,1639.530430,9.859e-11,1200,15520,393.455784
"void at::native::(anonymous namespace)::CatArrayBatchedCopy_contig<at::native::(anonymous namespace)::OpaqueType<4u>, unsigned int, 1, 128, 1>(at::native::(anonymous namespace)::OpaqueType<4u>*, at::native::(anonymous namespace)::CatArrInputTensorMetadata<at::native::(anonymous namespace)::OpaqueType<4u>, unsigned int, 128, 1>, at::native::(anonymous namespace)::TensorSizeStride<unsigned int, 4u>, int, unsigned int)",6548,18134471,2769.467166,9.832e-11,2000,39120,727.502213
"void at::native::vectorized_elementwise_kernel<4, at::native::compare_scalar_kernel<int>(at::TensorIteratorBase&, at::native::(anonymous namespace)::OpType, int)::{lambda(int)#1}, std::array<char*, 2ul> >(int, at::native::compare_scalar_kernel<int>(at::TensorIteratorBase&, at::native::(anonymous namespace)::OpType, int)::{lambda(int)#1}, std::array<char*, 2ul>)",6813,18130681,2661.189050,9.830e-11,1480,122601,1711.548658
"preprocess_mamba_align_fused_kernel",7864,17959036,2283.702442,9.737e-11,1840,14720,638.962798
"Cijk_Alik_Bljk_BSS_BH_Bias_S_HA_S_SAV_UserArgs_MT224x192x64_MI16x16x1_SN_LDSB0_AFC0_AFEM1_AFEM1_ASEM1_CLR1_CADS0_DTLA0_DTLB0_DTVA0_DTVB0_EPS0_FDSI0_GRPM1_GRVWA8_GRVWB8_GSU0_GSUAMB_GLS0_ISA950_IU1_K1_LDSTI0_LBSPPA128_LBSPPB256_LBSPPM0_LPA16_LPB16_LPM0_LRVW8_LWPMn1_MIAV0_MIWT7_6_MO40_NTn1_NTA0_NTB0_NTC0_NTD0_NTM0_NEPBS0_NLCA1_NLCB1_ONLL1_PGR2_PLR1_PKA1_SIA3_SS1_SPO0_SRVW0_SSO0_SVW1_SK3_SKFTR0_SKXCCM0_TLDS1_ULSGRO0_USL1_UIOFGRO0_USFGRO0_VSn1_VWA1_VWB2_WSGRA0_WSGRB0_WS64_WG32_8_1",184,15999377,86953.135870,8.674e-11,79961,97601,3113.711776
"void wvSplitK_hf_sml_<__hip_bfloat16, 64, 2, 16, 8, 2, 5>(int, int, int, int, int, int, __hip_bfloat16 const*, __hip_bfloat16 const*, __hip_bfloat16 const*, __hip_bfloat16*, int, int)",1764,15568566,8825.717687,8.441e-11,3880,21840,4123.221247
"_chunk_metadata_kernel",6813,15447545,2267.363129,8.375e-11,1520,8560,930.851892
"Cijk_Alik_Bljk_BBS_BH_Bias_HA_S_SAV_UserArgs_MT256x16x64_MI16x16x1_SN_LDSB1_AFC0_AFEM1_AFEM1_ASEM1_CLR1_CADS0_DTLA0_DTLB0_DTVA0_DTVB0_EPS0_FDSI0_GRPM1_GRVWA8_GRVWB4_GSU0_GSUAMB_GLS0_ISA950_IU1_K1_LDSTI0_LBSPPA512_LBSPPB128_LBSPPM0_LPA16_LPB16_LPM0_LRVW8_LWPMn1_MIAV0_MIWT4_1_MO40_NTn1_NTA4_NTB0_NTC0_NTD0_NTM0_NEPBS0_NLCA1_NLCB1_ONLL1_PGR2_PLR1_PKA1_SIA3_SS1_SPO0_SRVW0_SSO0_SVW4_SK3_SKFTR0_SKXCCM8_TLDS1_ULSGRO0_USL1_UIOFGRO0_USFGRO0_VSn1_VWA4_VWB1_WSGRA0_WSGRB0_WS64_WG64_4_1",828,15323030,18506.074879,8.308e-11,17400,44601,1174.095671
"void wvSplitK_hf_sml_<__hip_bfloat16, 64, 2, 16, 8, 2, 4>(int, int, int, int, int, int, __hip_bfloat16 const*, __hip_bfloat16 const*, __hip_bfloat16 const*, __hip_bfloat16*, int, int)",1740,14827427,8521.509770,8.039e-11,3520,20921,4005.260611
"hgemm_bf16_128x64x64x5_SPK1_W4x2x1_BLDS1_TN_AS1_0",1656,14392395,8691.059783,7.803e-11,7600,13440,645.839277
"void wvSplitK_hf_sml_<__hip_bfloat16, 64, 2, 16, 8, 2, 3>(int, int, int, int, int, int, __hip_bfloat16 const*, __hip_bfloat16 const*, __hip_bfloat16 const*, __hip_bfloat16*, int, int)",1740,14310228,8224.268966,7.759e-11,2840,35200,3926.433930
"mfma_moe1_silu_mul_afp8_wfp4_fp8_t32x64x256_pm1_fp8q_sort_async_kw2_gui_situv2_sb4p0_slb25p0_v32",1288,14142348,10980.083851,7.668e-11,9400,245282,7362.148449
"Cijk_Alik_Bljk_BBS_BH_Bias_HA_S_SAV_UserArgs_MT64x64x64_MI16x16x1_SN_LDSB1_AFC0_AFEM1_AFEM1_ASEM1_CLR1_CADS0_DTLA0_DTLB0_DTVA0_DTVB0_EPS0_FDSI0_GRPM1_GRVWA8_GRVWB8_GSU0_GSUAMB_GLS0_ISA950_IU1_K1_LDSTI0_LBSPPA256_LBSPPB256_LBSPPM0_LPA16_LPB16_LPM0_LRVW8_LWPMn1_MIAV0_MIWT2_2_MO40_NTn1_NTA0_NTB0_NTC0_NTD0_NTM0_NEPBS0_NLCA1_NLCB1_ONLL1_PGR2_PLR1_PKA1_SIA3_SS1_SPO0_SRVW0_SSO0_SVW2_SK3_SKFTR0_SKXCCM0_TLDS1_ULSGRO0_USL1_UIOFGRO0_USFGRO0_VSn1_VWA2_VWB2_WSGRA0_WSGRB0_WS64_WG32_8_1",1932,14002542,7247.692547,7.592e-11,6040,12240,457.956517
"Cijk_Alik_Bljk_BBS_BH_Bias_HA_S_SAV_UserArgs_MT160x64x128_MI16x16x1_SN_LDSB1_AFC0_AFEM1_AFEM1_ASEM1_CLR1_CADS0_DTLA0_DTLB0_DTVA0_DTVB0_EPS0_FDSI0_GRPM1_GRVWA8_GRVWB8_GSU0_GSUAMB_GLS0_ISA950_IU1_K1_LDSTI0_LBSPPA256_LBSPPB512_LBSPPM0_LPA16_LPB16_LPM0_LRVW8_LWPMn1_MIAV0_MIWT5_2_MO40_NTn1_NTA4_NTB0_NTC0_NTD0_NTM0_NEPBS0_NLCA1_NLCB1_ONLL1_PGR2_PLR1_PKA1_SIA3_SS1_SPO0_SRVW0_SSO0_SVW1_SK3_SKFTR0_SKXCCM8_TLDS1_ULSGRO0_USL1_UIOFGRO0_USFGRO0_VSn1_VWA1_VWB2_WSGRA0_WSGRB0_WS64_WG32_8_1",414,13708260,33111.739130,7.432e-11,31280,53080,1425.635857
"_dcp_local_seq_lens_kernel",8104,13335834,1645.586624,7.230e-11,1080,34920,773.672706
"void at::native::unrolled_elementwise_kernel<at::native::CUDAFunctor_add<int>, std::array<char*, 3ul>, 4, TrivialOffsetCalculator<2, unsigned int>, TrivialOffsetCalculator<1, unsigned int>, at::native::memory::LoadWithoutCast, at::native::memory::StoreWithoutCast>(int, at::native::CUDAFunctor_add<int>, std::array<char*, 3ul>, TrivialOffsetCalculator<2, unsigned int>, TrivialOffsetCalculator<1, unsigned int>, at::native::memory::LoadWithoutCast, at::native::memory::StoreWithoutCast)",7293,13023427,1785.743453,7.061e-11,1120,13160,658.842172
"void at::native::vectorized_elementwise_kernel<8, at::native::ConvertToFloat8E4M3fnOp<c10::BFloat16>, std::array<char*, 2ul> >(int, at::native::ConvertToFloat8E4M3fnOp<c10::BFloat16>, std::array<char*, 2ul>)",1296,12898401,9952.469907,6.993e-11,3280,18640,4746.316108
"hgemm_bf16_16x64x64x6_SPK2_W1x1x2_BLDS1_TN_AS1_0",568,12766351,22475.970070,6.922e-11,11800,44881,2045.899175
"Cijk_Alik_Bljk_BBS_BH_Bias_HA_S_SAV_UserArgs_MT128x160x64_MI16x16x1_SN_LDSB1_AFC0_AFEM1_AFEM1_ASEM1_CLR1_CADS0_DTLA0_DTLB0_DTVA0_DTVB0_EPS0_FDSI0_GRPM1_GRVWA8_GRVWB8_GSU0_GSUAMB_GLS0_ISA950_IU1_K1_LDSTI0_LBSPPA512_LBSPPB128_LBSPPM0_LPA16_LPB16_LPM0_LRVW8_LWPMn1_MIAV0_MIWT4_5_MO40_NTn1_NTA4_NTB0_NTC0_NTD0_NTM0_NEPBS0_NLCA1_NLCB1_ONLL1_PGR2_PLR1_PKA1_SIA3_SS1_SPO0_SRVW0_SSO0_SVW4_SK3_SKFTR0_SKXCCM8_TLDS1_ULSGRO0_USL1_UIOFGRO0_USFGRO0_VSn1_VWA4_VWB1_WSGRA0_WSGRB0_WS64_WG32_8_1",644,12399413,19253.746894,6.723e-11,17601,23440,728.023627
"mfma_moe2_afp8_wfp4_bf16_cshuffle_t32x256x128_vscale_fix3_fp4opt_v1_pm1_acc0",1840,12198279,6629.499457,6.614e-11,5440,265602,6653.570294
"Cijk_Alik_Bljk_BBS_BH_Bias_HA_S_SAV_UserArgs_MT128x224x64_MI16x16x1_SN_LDSB1_AFC0_AFEM1_AFEM1_ASEM1_CLR1_CADS0_DTLA0_DTLB0_DTVA0_DTVB0_EPS0_FDSI0_GRPM1_GRVWA8_GRVWB8_GSU0_GSUAMB_GLS0_ISA950_IU1_K1_LDSTI0_LBSPPA512_LBSPPB128_LBSPPM0_LPA16_LPB16_LPM0_LRVW8_LWPMn1_MIAV0_MIWT4_7_MO40_NTn1_NTA4_NTB0_NTC0_NTD0_NTM0_NEPBS0_NLCA1_NLCB1_ONLL1_PGR2_PLR1_PKA1_SIA3_SS1_SPO0_SRVW0_SSO0_SVW4_SK3_SKFTR0_SKXCCM8_TLDS1_ULSGRO0_USL1_UIOFGRO0_USFGRO0_VSn1_VWA4_VWB1_WSGRA0_WSGRB0_WS64_WG32_8_1",552,11920501,21595.110507,6.463e-11,20320,28880,1271.718120
"Cijk_Alik_Bljk_BBS_BH_Bias_HA_S_SAV_UserArgs_MT192x160x64_MI16x16x1_SN_LDSB1_AFC0_AFEM1_AFEM1_ASEM1_CLR1_CADS0_DTLA0_DTLB0_DTVA0_DTVB0_EPS0_FDSI0_GRPM1_GRVWA8_GRVWB8_GSU0_GSUAMB_GLS0_ISA950_IU1_K1_LDSTI0_LBSPPA256_LBSPPB128_LBSPPM0_LPA16_LPB16_LPM0_LRVW8_LWPMn1_MIAV0_MIWT6_5_MO40_NTn1_NTA4_NTB0_NTC0_NTD0_NTM0_NEPBS0_NLCA1_NLCB1_ONLL1_PGR2_PLR1_PKA1_SIA3_SS1_SPO0_SRVW0_SSO0_SVW2_SK3_SKFTR0_SKXCCM8_TLDS1_ULSGRO0_USL1_UIOFGRO0_USFGRO0_VSn1_VWA2_VWB1_WSGRA0_WSGRB0_WS64_WG32_8_1",414,11885579,28709.128019,6.444e-11,26160,35440,1658.718637
"_batched_gemm_a16wfp4_kernel_BLOCK_SIZE_M_64_BLOCK_SIZE_N_128_BLOCK_SIZE_K_256_GROUP_SIZE_M_1_NUM_KSPLIT_1_SPLITK_BLOCK_SIZE_512_EVEN_K_1_GRID_MN_2_PRE_QUANT_1_HAVE_Y_SCALE_0_cache_modifier_CG",1176,11637654,9895.964286,6.310e-11,9560,11840,210.983957
"hgemm_bf16_96x64x64x4_SPK2_W2x2x1_BLDS1_TN_AS1_0",432,11362906,26303.023148,6.161e-11,23200,29800,1138.411151
"Cijk_Alik_Bljk_BBS_BH_Bias_HA_S_SAV_UserArgs_MT64x48x64_MI16x16x1_SN_LDSB0_AFC0_AFEM1_AFEM1_ASEM1_CLR1_CADS0_DTLA1_DTLB1_DTVA0_DTVB0_EPS0_FDSI0_GRPM1_GRVWA8_GRVWB8_GSU0_GSUAMB_GLS0_ISA950_IU1_K1_LDSTI0_LBSPPA1024_LBSPPB1024_LBSPPM0_LPA16_LPB16_LPM0_LRVW8_LWPMn1_MIAV0_MIWT2_3_MO40_NTn1_NTA0_NTB0_NTC5_NTD5_NTM0_NEPBS0_NLCA1_NLCB1_ONLL1_PGR2_PLR1_PKA1_SIA3_SS1_SPO1_SRVW0_SSO0_SVW2_SK3_SKFTR0_SKXCCM0_TLDS2_ULSGRO0_USL1_UIOFGRO0_USFGROn1_VSn1_VWA2_VWB1_WSGRA0_WSGRB0_WS64_WG32_4_1",1449,11278823,7783.866805,6.115e-11,6080,11480,508.363476
"Cijk_Alik_Bljk_BBS_BH_Bias_HA_S_SAV_UserArgs_MT64x32x64_MI16x16x1_SN_LDSB0_AFC0_AFEM1_AFEM1_ASEM1_CLR1_CADS0_DTLA1_DTLB1_DTVA0_DTVB0_EPS0_FDSI0_GRPM1_GRVWA8_GRVWB2_GSU0_GSUAMB_GLS0_ISA950_IU1_K1_LDSTI0_LBSPPA1024_LBSPPB256_LBSPPM0_LPA16_LPB16_LPM0_LRVW8_LWPMn1_MIAV0_MIWT1_2_MO40_NTn1_NTA0_NTB0_NTC4_NTD4_NTM0_NEPBS0_NLCA1_NLCB1_ONLL1_PGR2_PLR1_PKA1_SIA3_SS1_SPO1_SRVW0_SSO0_SVW1_SK3_SKFTR0_SKXCCM0_TLDS1_ULSGRO0_USL1_UIOFGRO0_USFGROn1_VSn1_VWA1_VWB2_WSGRA0_WSGRB0_WS64_WG64_4_1",1518,11051081,7280.027009,5.992e-11,5600,11400,427.435763
"_zero_kv_blocks_kernel",1491,10616816,7120.600939,5.756e-11,5120,16880,1722.733998
"hgemm_bf16_128x64x128x3_SPK1_W4x2x1_BLDS1_TN_AS1_0",1083,9547606,8815.887350,5.176e-11,5520,64320,9882.833333
"void at::native::index_elementwise_kernel<128, 4, at::native::gpu_index_kernel<at::native::index_kernel_impl<at::native::OpaqueType<2> >(at::TensorIteratorBase&, c10::ArrayRef<long>, c10::ArrayRef<long>)::{lambda(char*, char const*, long)#1}>(at::TensorIteratorBase&, c10::ArrayRef<long>, c10::ArrayRef<long>, at::native::index_kernel_impl<at::native::OpaqueType<2> >(at::TensorIteratorBase&, c10::ArrayRef<long>, c10::ArrayRef<long>)::{lambda(char*, char const*, long)#1} const&, bool)::{lambda(int)#1}>(long, at::native::gpu_index_kernel<at::native::index_kernel_impl<at::native::OpaqueType<2> >(at::TensorIteratorBase&, c10::ArrayRef<long>, c10::ArrayRef<long>)::{lambda(char*, char const*, long)#1}>(at::TensorIteratorBase&, c10::ArrayRef<long>, c10::ArrayRef<long>, at::native::index_kernel_impl<at::native::OpaqueType<2> >(at::TensorIteratorBase&, c10::ArrayRef<long>, c10::ArrayRef<long>)::{lambda(char*, char const*, long)#1} const&, bool)::{lambda(int)#1})",1423,9325510,6553.415320,5.056e-11,5040,9160,600.073139
"void at::native::vectorized_elementwise_kernel<16, at::native::FillFunctor<signed char>, std::array<char*, 1ul> >(int, at::native::FillFunctor<signed char>, std::array<char*, 1ul>)",32,9175197,286724.906250,4.975e-11,273642,296682,5866.379173
"Cijk_Alik_Bljk_BBS_BH_Bias_HA_S_SAV_UserArgs_MT192x192x64_MI16x16x1_SN_LDSB0_AFC0_AFEM1_AFEM1_ASEM1_CLR1_CADS0_DTLA0_DTLB0_DTVA0_DTVB0_EPS0_FDSI0_GRPM1_GRVWA8_GRVWB8_GSU0_GSUAMB_GLS0_ISA950_IU1_K1_LDSTI0_LBSPPA256_LBSPPB256_LBSPPM0_LPA16_LPB16_LPM0_LRVW8_LWPMn1_MIAV0_MIWT6_6_MO40_NTn1_NTA4_NTB0_NTC0_NTD0_NTM0_NEPBS0_NLCA1_NLCB1_ONLL1_PGR2_PLR1_PKA1_SIA3_SS1_SPO0_SRVW0_SSO0_SVW2_SK3_SKFTR0_SKXCCM8_TLDS1_ULSGRO0_USL1_UIOFGRO0_USFGRO0_VSn1_VWA2_VWB2_WSGRA0_WSGRB0_WS64_WG32_8_1",276,8582984,31097.768116,4.653e-11,27320,39841,2299.249308
"Cijk_Alik_Bljk_BBS_BH_Bias_HA_S_SAV_UserArgs_MT128x128x64_MI16x16x1_SN_LDSB1_AFC0_AFEM1_AFEM1_ASEM1_CLR1_CADS0_DTLA0_DTLB0_DTVA0_DTVB0_EPS0_FDSI0_GRPM1_GRVWA8_GRVWB8_GSU0_GSUAMB_GLS0_ISA950_IU1_K1_LDSTI0_LBSPPA512_LBSPPB512_LBSPPM0_LPA16_LPB16_LPM0_LRVW8_LWPMn1_MIAV0_MIWT4_4_MO40_NTn1_NTA0_NTB0_NTC0_NTD0_NTM0_NEPBS0_NLCA1_NLCB1_ONLL1_PGR2_PLR1_PKA1_SIA3_SS1_SPO0_SRVW0_SSO0_SVW4_SK3_SKFTR0_SKXCCM0_TLDS1_ULSGRO0_USL1_UIOFGRO0_USFGRO0_VSn1_VWA4_VWB4_WSGRA0_WSGRB0_WS64_WG32_8_1",828,8470962,10230.630435,4.593e-11,7640,14120,540.653231
"hgemm_bf16_16x64x64x8_SPK1_W1x1x2_BLDS1_TN_AS1_0",1224,8163740,6669.722222,4.426e-11,5960,9200,387.212068
"void at::native::elementwise_kernel_manual_unroll<128, 4, at::native::gpu_kernel_impl_nocast<at::native::FillFunctor<float> >(at::TensorIteratorBase&, at::native::FillFunctor<float> const&)::{lambda(int, bool)#1}>(int, at::native::gpu_kernel_impl_nocast<at::native::FillFunctor<float> >(at::TensorIteratorBase&, at::native::FillFunctor<float> const&)::{lambda(int, bool)#1})",1584,8014584,5059.712121,4.345e-11,3520,7800,619.298409
"_batched_gemm_a16wfp4_kernel_BLOCK_SIZE_M_128_BLOCK_SIZE_N_128_BLOCK_SIZE_K_128_GROUP_SIZE_M_2_NUM_KSPLIT_1_SPLITK_BLOCK_SIZE_128_EVEN_K_1_GRID_MN_4_PRE_QUANT_1_HAVE_Y_SCALE_1_cache_modifier_CG",1176,7791730,6625.620748,4.224e-11,6080,8560,289.146678
"Cijk_Alik_Bljk_BBS_BH_Bias_HA_S_SAV_UserArgs_MT128x192x64_MI16x16x1_SN_LDSB1_AFC0_AFEM1_AFEM1_ASEM1_CLR1_CADS0_DTLA0_DTLB0_DTVA0_DTVB0_EPS0_FDSI0_GRPM1_GRVWA8_GRVWB8_GSU0_GSUAMB_GLS0_ISA950_IU1_K1_LDSTI0_LBSPPA512_LBSPPB256_LBSPPM0_LPA16_LPB16_LPM0_LRVW8_LWPMn1_MIAV0_MIWT4_6_MO40_NTn1_NTA4_NTB0_NTC0_NTD0_NTM0_NEPBS0_NLCA1_NLCB1_ONLL1_PGR2_PLR1_PKA1_SIA3_SS1_SPO0_SRVW0_SSO0_SVW4_SK3_SKFTR0_SKXCCM8_TLDS1_ULSGRO0_USL1_UIOFGRO0_USFGRO0_VSn1_VWA4_VWB2_WSGRA0_WSGRB0_WS64_WG32_8_1",368,7417033,20154.980978,4.021e-11,19040,26680,1435.753885
"void at::native::(anonymous namespace)::indexSelectSmallIndex<c10::BFloat16, long, unsigned int, 2, 2, -2>(at::cuda::detail::TensorInfo<c10::BFloat16, unsigned int>, at::cuda::detail::TensorInfo<c10::BFloat16 const, unsigned int>, at::cuda::detail::TensorInfo<long const, unsigned int>, int, int, unsigned int, long)",588,6552303,11143.372449,3.552e-11,3920,23640,1963.999490
"Cijk_Alik_Bljk_BSS_BH_Bias_S_HA_S_SAV_UserArgs_MT128x224x64_MI16x16x1_SN_LDSB1_AFC0_AFEM1_AFEM1_ASEM1_CLR1_CADS0_DTLA0_DTLB0_DTVA0_DTVB0_EPS0_FDSI0_GRPM1_GRVWA8_GRVWB8_GSU0_GSUAMB_GLS0_ISA950_IU1_K1_LDSTI0_LBSPPA512_LBSPPB128_LBSPPM0_LPA16_LPB16_LPM0_LRVW8_LWPMn1_MIAV0_MIWT4_7_MO40_NTn1_NTA0_NTB0_NTC0_NTD0_NTM0_NEPBS0_NLCA1_NLCB1_ONLL1_PGR2_PLR1_PKA1_SIA3_SS1_SPO0_SRVW0_SSO0_SVW4_SK3_SKFTR0_SKXCCM0_TLDS1_ULSGRO0_USL1_UIOFGRO0_USFGRO0_VSn1_VWA4_VWB1_WSGRA0_WSGRB0_WS64_WG32_8_1",92,5856363,63656.119565,3.175e-11,60320,67321,1742.739720
"Cijk_Alik_Bljk_BBS_BH_Bias_HA_S_SAV_UserArgs_MT192x128x64_MI16x16x1_SN_LDSB1_AFC0_AFEM1_AFEM1_ASEM1_CLR1_CADS0_DTLA0_DTLB0_DTVA0_DTVB0_EPS0_FDSI0_GRPM1_GRVWA8_GRVWB8_GSU0_GSUAMB_GLS0_ISA950_IU1_K1_LDSTI0_LBSPPA256_LBSPPB512_LBSPPM0_LPA16_LPB16_LPM0_LRVW8_LWPMn1_MIAV0_MIWT6_4_MO40_NTn1_NTA0_NTB0_NTC0_NTD0_NTM0_NEPBS0_NLCA1_NLCB1_ONLL1_PGR2_PLR1_PKA1_SIA3_SS1_SPO0_SRVW0_SSO0_SVW2_SK3_SKFTR0_SKXCCM0_TLDS1_ULSGRO0_USL1_UIOFGRO0_USFGRO0_VSn1_VWA2_VWB4_WSGRA0_WSGRB0_WS64_WG32_8_1",414,5748283,13884.741546,3.117e-11,12200,16120,683.659742
"void wvSplitK_hf_sml_<__hip_bfloat16, 64, 4, 16, 8, 2, 2>(int, int, int, int, int, int, __hip_bfloat16 const*, __hip_bfloat16 const*, __hip_bfloat16 const*, __hip_bfloat16*, int, int)",114,5576332,48915.192982,3.023e-11,46721,54521,1526.161063
"hgemm_bf16_128x256x64x3_SPK1_W2x4x2_BLDS1_TN_AS1_0",81,5124645,63267.222222,2.778e-11,56961,70720,2512.969807
"_gemm_a16_w16_kernel_BLOCK_SIZE_M_16_BLOCK_SIZE_N_32_BLOCK_SIZE_K_256_GROUP_SIZE_M_1_NUM_KSPLIT_1_SPLITK_BLOCK_SIZE_1536_EVEN_K_1_EVEN_MN_0_cache_modifier_CG_activation_NONE_use_activation_0_ADD_BIAS_0_SKIP_REDUCE_0",558,5123883,9182.586022,2.778e-11,8720,11600,359.984319
"_gemm_a16_w16_kernel_BLOCK_SIZE_M_16_BLOCK_SIZE_N_32_BLOCK_SIZE_K_256_GROUP_SIZE_M_1_NUM_KSPLIT_1_SPLITK_BLOCK_SIZE_768_EVEN_K_1_EVEN_MN_0_cache_modifier_CG_activation_NONE_use_activation_0_ADD_BIAS_0_SKIP_REDUCE_0",552,4257475,7712.817029,2.308e-11,7360,11200,337.997397
"Cijk_Alik_Bljk_BBS_BH_Bias_HA_S_SAV_UserArgs_MT32x32x64_MI16x16x1_SN_LDSB0_AFC0_AFEM1_AFEM1_ASEM1_CLR1_CADS0_DTLA0_DTLB0_DTVA0_DTVB0_EPS0_FDSI0_GRPM1_GRVWA8_GRVWB8_GSU0_GSUAMB_GLS0_ISA950_IU1_K1_LDSTI0_LBSPPA128_LBSPPB128_LBSPPM0_LPA16_LPB16_LPM0_LRVW8_LWPMn1_MIAV0_MIWT1_1_MO40_NTn1_NTA0_NTB0_NTC0_NTD0_NTM0_NEPBS0_NLCA1_NLCB1_ONLL1_PGR2_PLR1_PKA1_SIA3_SS1_SPO0_SRVW0_SSO0_SVW1_SK3_SKFTR0_SKXCCM0_TLDS1_ULSGRO0_USL1_UIOFGRO0_USFGRO0_VSn1_VWA1_VWB1_WSGRA0_WSGRB0_WS64_WG32_8_1",621,3981347,6411.186795,2.159e-11,5040,11321,551.269842
"hgemm_bf16_32x64x128x3_SPK1_W1x1x2_BLDS1_TN_AS1_0",432,3855071,8923.775463,2.090e-11,7880,13041,545.987161
"mfma_moe2_afp8_wfp4_bf16_cshuffle_t32x128x128_vscale_fix3_fp4opt_v1_pm1_acc0",552,3520227,6377.222826,1.909e-11,5600,10240,658.354835
"Cijk_Alik_Bljk_BBS_BH_Bias_HA_S_SAV_UserArgs_MT256x112x64_MI16x16x1_SN_LDSB1_AFC0_AFEM1_AFEM1_ASEM1_CLR1_CADS0_DTLA0_DTLB0_DTVA0_DTVB0_EPS0_FDSI0_GRPM1_GRVWA8_GRVWB4_GSU0_GSUAMB_GLS0_ISA950_IU1_K1_LDSTI0_LBSPPA512_LBSPPB128_LBSPPM0_LPA16_LPB16_LPM0_LRVW8_LWPMn1_MIAV0_MIWT4_7_MO40_NTn1_NTA4_NTB0_NTC0_NTD0_NTM0_NEPBS0_NLCA1_NLCB1_ONLL1_PGR2_PLR1_PKA1_SIA3_SS1_SPO0_SRVW0_SSO0_SVW4_SK3_SKFTR0_SKXCCM8_TLDS1_ULSGRO0_USL1_UIOFGRO0_USFGRO0_VSn1_VWA4_VWB1_WSGRA0_WSGRB0_WS64_WG64_4_1",161,3450991,21434.726708,1.871e-11,17760,27201,3131.016802
"hgemm_bf16_80x128x64x3_SPK1_W1x2x1_BLDS1_TN_AS1_0",38,3437509,90460.763158,1.864e-11,82641,112201,8547.752236
"Cijk_Alik_Bljk_BBS_BH_Bias_HA_S_SAV_UserArgs_MT224x64x128_MI16x16x1_SN_LDSB1_AFC0_AFEM1_AFEM1_ASEM1_CLR1_CADS0_DTLA0_DTLB0_DTVA0_DTVB0_EPS0_FDSI0_GRPM1_GRVWA8_GRVWB8_GSU0_GSUAMB_GLS0_ISA950_IU1_K1_LDSTI0_LBSPPA256_LBSPPB512_LBSPPM0_LPA16_LPB16_LPM0_LRVW8_LWPMn1_MIAV0_MIWT7_2_MO40_NTn1_NTA0_NTB0_NTC0_NTD0_NTM0_NEPBS0_NLCA1_NLCB1_ONLL1_PGR2_PLR1_PKA1_SIA3_SS1_SPO0_SRVW0_SSO0_SVW1_SK3_SKFTR0_SKXCCM0_TLDS1_ULSGRO0_USL1_UIOFGRO0_USFGRO0_VSn1_VWA1_VWB2_WSGRA0_WSGRB0_WS64_WG32_8_1",92,3279382,35645.456522,1.778e-11,33960,37400,746.232757
"Cijk_Alik_Bljk_BSS_BH_Bias_S_HA_S_SAV_UserArgs_MT64x160x64_MI16x16x1_SN_LDSB1_AFC0_AFEM1_AFEM1_ASEM1_CLR1_CADS0_DTLA0_DTLB0_DTVA0_DTVB0_EPS0_FDSI0_GRPM1_GRVWA8_GRVWB8_GSU0_GSUAMB_GLS0_ISA950_IU1_K1_LDSTI0_LBSPPA256_LBSPPB128_LBSPPM0_LPA16_LPB16_LPM0_LRVW8_LWPMn1_MIAV0_MIWT2_5_MO40_NTn1_NTA0_NTB0_NTC0_NTD0_NTM0_NEPBS0_NLCA1_NLCB1_ONLL1_PGR2_PLR1_PKA1_SIA3_SS1_SPO0_SRVW0_SSO0_SVW2_SK3_SKFTR0_SKXCCM0_TLDS1_ULSGRO0_USL1_UIOFGRO0_USFGRO0_VSn1_VWA2_VWB1_WSGRA0_WSGRB0_WS64_WG32_8_1",276,3277593,11875.336957,1.777e-11,11241,13880,325.793195
"_topk_topp_kernel",2,3260423,1630211.500000,1.768e-11,1516011,1744412,161503.895930
"hgemm_bf16_16x64x64x8_SPK7_W1x1x2_BLDS1_TN_AS1_0",348,3021061,8681.209770,1.638e-11,7440,288442,15047.920403
"void at::native::unrolled_elementwise_kernel<at::native::CUDAFunctorOnSelf_add<int>, std::array<char*, 2ul>, 4, TrivialOffsetCalculator<1, unsigned int>, TrivialOffsetCalculator<1, unsigned int>, at::native::memory::LoadWithoutCast, at::native::memory::StoreWithoutCast>(int, at::native::CUDAFunctorOnSelf_add<int>, std::array<char*, 2ul>, TrivialOffsetCalculator<1, unsigned int>, TrivialOffsetCalculator<1, unsigned int>, at::native::memory::LoadWithoutCast, at::native::memory::StoreWithoutCast)",1371,2954826,2155.234136,1.602e-11,640,31080,1316.248686
"Cijk_Alik_Bljk_BBS_BH_Bias_HA_S_SAV_UserArgs_MT208x256x64_MI16x16x1_SN_LDSB1_AFC0_AFEM1_AFEM1_ASEM1_CLR1_CADS0_DTLA0_DTLB0_DTVA0_DTVB0_EPS0_FDSI0_GRPM1_GRVWA4_GRVWB8_GSU0_GSUAMB_GLS0_ISA950_IU1_K1_LDSTI0_LBSPPA128_LBSPPB512_LBSPPM0_LPA16_LPB16_LPM0_LRVW8_LWPMn1_MIAV0_MIWT13_4_MO40_NTn1_NTA0_NTB0_NTC0_NTD0_NTM0_NEPBS0_NLCA1_NLCB1_ONLL1_PGR2_PLR1_PKA1_SIA3_SS1_SPO0_SRVW0_SSO0_SVW1_SK3_SKFTR0_SKXCCM0_TLDS1_ULSGRO0_USL1_UIOFGRO0_USFGRO0_VSn1_VWA1_VWB4_WSGRA0_WSGRB0_WS64_WG16_16_1",20,2863303,143165.150000,1.552e-11,109481,165201,26018.665990
"Cijk_Alik_Bljk_BSS_BH_Bias_S_HA_S_SAV_UserArgs_MT160x64x128_MI16x16x1_SN_LDSB1_AFC0_AFEM1_AFEM1_ASEM1_CLR1_CADS0_DTLA0_DTLB0_DTVA0_DTVB0_EPS0_FDSI0_GRPM1_GRVWA8_GRVWB8_GSU0_GSUAMB_GLS0_ISA950_IU1_K1_LDSTI0_LBSPPA256_LBSPPB512_LBSPPM0_LPA16_LPB16_LPM0_LRVW8_LWPMn1_MIAV0_MIWT5_2_MO40_NTn1_NTA0_NTB0_NTC0_NTD0_NTM0_NEPBS0_NLCA1_NLCB1_ONLL1_PGR2_PLR1_PKA1_SIA3_SS1_SPO0_SRVW0_SSO0_SVW1_SK3_SKFTR0_SKXCCM0_TLDS1_ULSGRO0_USL1_UIOFGRO0_USFGRO0_VSn1_VWA1_VWB2_WSGRA0_WSGRB0_WS64_WG32_8_1",92,2754224,29937.217391,1.493e-11,28280,31360,536.980893
"Cijk_Alik_Bljk_BBS_BH_Bias_HA_S_SAV_UserArgs_MT192x256x64_MI16x16x1_SN_LDSB0_AFC0_AFEM1_AFEM1_ASEM1_CLR1_CADS0_DTLA0_DTLB0_DTVA0_DTVB0_EPS0_FDSI0_GRPM1_GRVWA8_GRVWB8_GSU0_GSUAMB_GLS0_ISA950_IU1_K1_LDSTI0_LBSPPA256_LBSPPB1024_LBSPPM0_LPA16_LPB16_LPM0_LRVW8_LWPMn1_MIAV0_MIWT6_8_MO40_NTn1_NTA4_NTB0_NTC0_NTD0_NTM0_NEPBS0_NLCA1_NLCB1_ONLL1_PGR2_PLR1_PKA1_SIA3_SS1_SPO0_SRVW0_SSO0_SVW2_SK3_SKFTR0_SKXCCM8_TLDS1_ULSGRO0_USL1_UIOFGRO0_USFGRO0_VSn1_VWA2_VWB8_WSGRA0_WSGRB0_WS64_WG32_8_1",69,2644584,38327.304348,1.434e-11,35520,42760,1721.381211
"Cijk_Alik_Bljk_BBS_BH_Bias_HA_S_SAV_UserArgs_MT128x32x64_MI16x16x1_SN_LDSB1_AFC0_AFEM1_AFEM1_ASEM1_CLR1_CADS0_DTLA0_DTLB0_DTVA0_DTVB0_EPS0_FDSI0_GRPM1_GRVWA8_GRVWB8_GSU0_GSUAMB_GLS0_ISA950_IU1_K1_LDSTI0_LBSPPA512_LBSPPB128_LBSPPM0_LPA16_LPB16_LPM0_LRVW8_LWPMn1_MIAV0_MIWT4_1_MO40_NTn1_NTA0_NTB0_NTC0_NTD0_NTM0_NEPBS0_NLCA1_NLCB1_ONLL1_PGR2_PLR1_PKA1_SIA3_SS1_SPO0_SRVW0_SSO0_SVW4_SK3_SKFTR0_SKXCCM0_TLDS1_ULSGRO0_USL1_UIOFGRO0_USFGRO0_VSn1_VWA4_VWB1_WSGRA0_WSGRB0_WS64_WG32_8_1",345,2488743,7213.747826,1.349e-11,5280,8720,416.777843
"Cijk_Alik_Bljk_BBS_BH_Bias_HA_S_SAV_UserArgs_MT256x80x64_MI16x16x1_SN_LDSB1_AFC0_AFEM1_AFEM1_ASEM1_CLR1_CADS0_DTLA0_DTLB0_DTVA0_DTVB0_EPS0_FDSI0_GRPM1_GRVWA8_GRVWB4_GSU0_GSUAMB_GLS0_ISA950_IU1_K1_LDSTI0_LBSPPA512_LBSPPB128_LBSPPM0_LPA16_LPB16_LPM0_LRVW8_LWPMn1_MIAV0_MIWT4_5_MO40_NTn1_NTA0_NTB0_NTC0_NTD0_NTM0_NEPBS0_NLCA1_NLCB1_ONLL1_PGR2_PLR1_PKA1_SIA3_SS1_SPO0_SRVW0_SSO0_SVW4_SK3_SKFTR0_SKXCCM0_TLDS1_ULSGRO0_USL1_UIOFGRO0_USFGRO0_VSn1_VWA4_VWB1_WSGRA0_WSGRB0_WS64_WG64_4_1",116,2375222,20476.051724,1.288e-11,19400,23161,620.180995
"void at::native::unrolled_elementwise_kernel<at::native::FillFunctor<int>, std::array<char*, 1ul>, 4, TrivialOffsetCalculator<0, unsigned int>, TrivialOffsetCalculator<1, unsigned int>, at::native::memory::LoadWithoutCast, at::native::memory::StoreWithoutCast>(int, at::native::FillFunctor<int>, std::array<char*, 1ul>, TrivialOffsetCalculator<0, unsigned int>, TrivialOffsetCalculator<1, unsigned int>, at::native::memory::LoadWithoutCast, at::native::memory::StoreWithoutCast)",943,2274936,2412.445387,1.233e-11,640,67200,2920.679944
"_gemm_a16_w16_kernel_BLOCK_SIZE_M_32_BLOCK_SIZE_N_32_BLOCK_SIZE_K_256_GROUP_SIZE_M_1_NUM_KSPLIT_1_SPLITK_BLOCK_SIZE_1536_EVEN_K_1_EVEN_MN_1_cache_modifier_CG_activation_NONE_use_activation_0_ADD_BIAS_0_SKIP_REDUCE_0",279,2264575,8116.756272,1.228e-11,7800,10560,358.185472
"hgemm_bf16_64x64x64x6_SPK1_W4x1x1_BLDS1_TN_AS1_0",408,2260661,5540.835784,1.226e-11,4280,10080,676.687146
"void at::native::vectorized_elementwise_kernel<4, at::native::FillFunctor<long>, std::array<char*, 1ul> >(int, at::native::FillFunctor<long>, std::array<char*, 1ul>)",492,2226815,4526.046748,1.207e-11,640,62920,4840.811252
"Cijk_Alik_Bljk_BBS_BH_Bias_HA_S_SAV_UserArgs_MT256x144x64_MI16x16x1_SN_LDSB0_AFC0_AFEM1_AFEM1_ASEM1_CLR1_CADS0_DTLA0_DTLB0_DTVA0_DTVB0_EPS0_FDSI0_GRPM1_GRVWA8_GRVWB4_GSU0_GSUAMB_GLS0_ISA950_IU1_K1_LDSTI0_LBSPPA512_LBSPPB128_LBSPPM0_LPA16_LPB16_LPM0_LRVW8_LWPMn1_MIAV0_MIWT4_9_MO40_NTn1_NTA4_NTB0_NTC0_NTD0_NTM0_NEPBS0_NLCA1_NLCB1_ONLL1_PGR2_PLR1_PKA1_SIA3_SS1_SPO0_SRVW0_SSO0_SVW4_SK3_SKFTR0_SKXCCM8_TLDS1_ULSGRO0_USL1_UIOFGRO0_USFGRO0_VSn1_VWA4_VWB1_WSGRA0_WSGRB0_WS64_WG64_4_1",69,2042496,29601.391304,1.107e-11,27920,33920,1225.767241
"void at::native::vectorized_elementwise_kernel<4, at::native::FillFunctor<float>, std::array<char*, 1ul> >(int, at::native::FillFunctor<float>, std::array<char*, 1ul>)",533,1990216,3733.988743,1.079e-11,1360,7080,1583.209762
"hgemm_bf16_16x64x64x7_SPK2_W1x2x1_BLDS1_TN_AS1_0",279,1921106,6885.684588,1.042e-11,6440,11040,549.139714
"Cijk_Alik_Bljk_BSS_BH_Bias_S_HA_S_SAV_UserArgs_MT128x32x128_MI16x16x1_SN_LDSB1_AFC0_AFEM1_AFEM1_ASEM1_CLR1_CADS0_DTLA0_DTLB0_DTVA0_DTVB0_EPS0_FDSI0_GRPM1_GRVWA8_GRVWB8_GSU0_GSUAMB_GLS0_ISA950_IU1_K1_LDSTI0_LBSPPA1024_LBSPPB256_LBSPPM0_LPA16_LPB16_LPM0_LRVW8_LWPMn1_MIAV0_MIWT4_1_MO40_NTn1_NTA0_NTB0_NTC0_NTD0_NTM0_NEPBS0_NLCA1_NLCB1_ONLL1_PGR2_PLR1_PKA1_SIA3_SS1_SPO0_SRVW0_SSO0_SVW4_SK3_SKFTR0_SKXCCM0_TLDS1_ULSGRO0_USL1_UIOFGRO0_USFGRO0_VSn1_VWA4_VWB1_WSGRA0_WSGRB0_WS64_WG32_8_1",92,1849976,20108.434783,1.003e-11,19040,21920,490.432760
"Cijk_Alik_Bljk_BBS_BH_Bias_HA_S_SAV_UserArgs_MT192x128x64_MI16x16x1_SN_LDSB1_AFC0_AFEM1_AFEM1_ASEM1_CLR1_CADS0_DTLA0_DTLB0_DTVA0_DTVB0_EPS0_FDSI0_GRPM1_GRVWA8_GRVWB8_GSU0_GSUAMB_GLS0_ISA950_IU1_K1_LDSTI0_LBSPPA256_LBSPPB512_LBSPPM0_LPA16_LPB16_LPM0_LRVW8_LWPMn1_MIAV0_MIWT6_4_MO40_NTn1_NTA4_NTB0_NTC0_NTD0_NTM0_NEPBS0_NLCA1_NLCB1_ONLL1_PGR2_PLR1_PKA1_SIA3_SS1_SPO0_SRVW0_SSO0_SVW2_SK3_SKFTR0_SKXCCM8_TLDS1_ULSGRO0_USL1_UIOFGRO0_USFGRO0_VSn1_VWA2_VWB4_WSGRA0_WSGRB0_WS64_WG32_8_1",69,1765573,25588.014493,9.572e-12,24040,28800,1076.082909
"Cijk_Alik_Bljk_BBS_BH_Bias_HA_S_SAV_UserArgs_MT96x160x128_MI16x16x1_SN_LDSB1_AFC0_AFEM1_AFEM1_ASEM1_CLR1_CADS0_DTLA0_DTLB0_DTVA0_DTVB0_EPS0_FDSI0_GRPM1_GRVWA8_GRVWB8_GSU0_GSUAMB_GLS0_ISA950_IU1_K1_LDSTI0_LBSPPA256_LBSPPB256_LBSPPM0_LPA16_LPB16_LPM0_LRVW8_LWPMn1_MIAV0_MIWT3_5_MO40_NTn1_NTA0_NTB0_NTC0_NTD0_NTM0_NEPBS0_NLCA1_NLCB1_ONLL1_PGR2_PLR1_PKA1_SIA3_SS1_SPO0_SRVW0_SSO0_SVW1_SK3_SKFTR0_SKXCCM0_TLDS1_ULSGRO0_USL1_UIOFGRO0_USFGRO0_VSn1_VWA1_VWB1_WSGRA0_WSGRB0_WS64_WG32_8_1",72,1691168,23488.444444,9.169e-12,21600,26040,848.893180
"Cijk_Alik_Bljk_BBS_BH_Bias_HA_S_SAV_UserArgs_MT128x128x64_MI16x16x1_SN_LDSB1_AFC0_AFEM1_AFEM1_ASEM1_CLR1_CADS0_DTLA0_DTLB0_DTVA0_DTVB0_EPS0_FDSI0_GRPM1_GRVWA8_GRVWB8_GSU0_GSUAMB_GLS0_ISA950_IU1_K1_LDSTI0_LBSPPA512_LBSPPB512_LBSPPM0_LPA16_LPB16_LPM0_LRVW8_LWPMn1_MIAV0_MIWT4_4_MO40_NTn1_NTA4_NTB0_NTC0_NTD0_NTM0_NEPBS0_NLCA1_NLCB1_ONLL1_PGR2_PLR1_PKA1_SIA3_SS1_SPO0_SRVW0_SSO0_SVW4_SK3_SKFTR0_SKXCCM8_TLDS1_ULSGRO0_USL1_UIOFGRO0_USFGRO0_VSn1_VWA4_VWB4_WSGRA0_WSGRB0_WS64_WG32_8_1",92,1556739,16921.076087,8.440e-12,16441,19640,465.540363
"_gemm_a16_w16_kernel_BLOCK_SIZE_M_32_BLOCK_SIZE_N_32_BLOCK_SIZE_K_256_GROUP_SIZE_M_1_NUM_KSPLIT_1_SPLITK_BLOCK_SIZE_768_EVEN_K_1_EVEN_MN_0_cache_modifier_CG_activation_NONE_use_activation_0_ADD_BIAS_0_SKIP_REDUCE_0",276,1503692,5448.159420,8.153e-12,4960,7881,335.810103
"Cijk_Alik_Bljk_BBS_BH_Bias_HA_S_SAV_UserArgs_MT256x112x64_MI16x16x1_SN_LDSB1_AFC0_AFEM1_AFEM1_ASEM1_CLR1_CADS0_DTLA0_DTLB0_DTVA0_DTVB0_EPS0_FDSI0_GRPM1_GRVWA8_GRVWB4_GSU0_GSUAMB_GLS0_ISA950_IU1_K1_LDSTI0_LBSPPA512_LBSPPB128_LBSPPM0_LPA16_LPB16_LPM0_LRVW8_LWPMn1_MIAV0_MIWT4_7_MO40_NTn1_NTA0_NTB0_NTC0_NTD0_NTM0_NEPBS0_NLCA1_NLCB1_ONLL1_PGR2_PLR1_PKA1_SIA3_SS1_SPO0_SRVW0_SSO0_SVW4_SK3_SKFTR0_SKXCCM0_TLDS1_ULSGRO0_USL1_UIOFGRO0_USFGRO0_VSn1_VWA4_VWB1_WSGRA0_WSGRB0_WS64_WG64_4_1",93,1429616,15372.215054,7.751e-12,13081,20280,2211.346186
"hgemm_bf16_48x64x64x4_SPK1_W1x2x1_BLDS1_TN_AS1_0",51,1325213,25984.568627,7.185e-12,21400,33401,2942.794415
"hgemm_bf16_32x64x128x5_SPK2_W2x2x1_BLDS1_TN_AS1_0",72,1141803,15858.375000,6.191e-12,15280,17720,473.591208
"Cijk_Alik_Bljk_BSS_BH_Bias_S_HA_S_SAV_UserArgs_MT64x160x64_MI16x16x1_SN_LDSB1_AFC0_AFEM1_AFEM1_ASEM1_CLR1_CADS0_DTLA0_DTLB0_DTVA0_DTVB0_EPS0_FDSI0_GRPM1_GRVWA8_GRVWB8_GSU0_GSUAMB_GLS0_ISA950_IU1_K1_LDSTI0_LBSPPA256_LBSPPB128_LBSPPM0_LPA16_LPB16_LPM0_LRVW8_LWPMn1_MIAV0_MIWT2_5_MO40_NTn1_NTA4_NTB0_NTC0_NTD0_NTM0_NEPBS0_NLCA1_NLCB1_ONLL1_PGR2_PLR1_PKA1_SIA3_SS1_SPO0_SRVW0_SSO0_SVW2_SK3_SKFTR0_SKXCCM8_TLDS1_ULSGRO0_USL1_UIOFGRO0_USFGRO0_VSn1_VWA2_VWB1_WSGRA0_WSGRB0_WS64_WG32_8_1",92,1102049,11978.793478,5.975e-12,11160,28000,1786.260859
"hgemm_bf16_16x64x128x3_SPK4_W1x2x1_BLDS1_TN_AS1_0",216,1059761,4906.300926,5.746e-12,4520,6800,271.438078
"void at::native::vectorized_elementwise_kernel<2, at::native::CUDAFunctorOnSelf_add<int>, std::array<char*, 2ul> >(int, at::native::CUDAFunctorOnSelf_add<int>, std::array<char*, 2ul>)",528,985565,1866.600379,5.343e-12,1400,7681,980.663682
"void (anonymous namespace)::elementwise_kernel_with_index<int, at::native::arange_cuda_out(c10::Scalar const&, c10::Scalar const&, c10::Scalar const&, at::Tensor&)::{lambda()#1}::operator()() const::{lambda()#4}::operator()() const::{lambda(long)#1}>(int, at::native::arange_cuda_out(c10::Scalar const&, c10::Scalar const&, c10::Scalar const&, at::Tensor&)::{lambda()#1}::operator()() const::{lambda()#4}::operator()() const::{lambda(long)#1}, function_traits<at::native::arange_cuda_out(c10::Scalar const&, c10::Scalar const&, c10::Scalar const&, at::Tensor&)::{lambda()#1}::operator()() const::{lambda()#4}::operator()() const::{lambda(long)#1}>::result_type*)",243,985404,4055.160494,5.343e-12,1800,32240,2483.722407
"hgemm_bf16_32x64x64x6_SPK1_W2x2x1_BLDS1_TN_AS1_0",192,978928,5098.583333,5.307e-12,4240,7800,463.360040
"void at::native::vectorized_elementwise_kernel<2, at::native::FillFunctor<int>, std::array<char*, 1ul> >(int, at::native::FillFunctor<int>, std::array<char*, 1ul>)",406,944488,2326.325123,5.121e-12,640,4241,949.679199
"_topk_log_softmax_kernel",5,801445,160289.000000,4.345e-12,143441,179641,14347.638133
"triton_poi_fused_add_bitwise_and_bitwise_or_ge_lt_mul_sub_0",322,774012,2403.763975,4.196e-12,960,31321,2255.998946
"triton_poi_fused_bitwise_and_bitwise_not_bitwise_or_ge_lt_1",322,707365,2196.785714,3.835e-12,840,8320,478.477460
"void wvSplitK_hf_sml_<__hip_bfloat16, 64, 4, 16, 8, 2, 5>(int, int, int, int, int, int, __hip_bfloat16 const*, __hip_bfloat16 const*, __hip_bfloat16 const*, __hip_bfloat16*, int, int)",4,698406,174601.500000,3.787e-12,173401,176882,1558.794513
"hgemm_bf16_16x64x64x7_SPK7_W1x2x1_BLDS1_TN_AS1_0",72,660767,9177.319444,3.582e-12,8680,9720,244.525688
"Cijk_Alik_Bljk_BBS_BH_Bias_HA_S_SAV_UserArgs_MT144x256x64_MI16x16x1_SN_LDSB0_AFC0_AFEM1_AFEM1_ASEM1_CLR1_CADS0_DTLA0_DTLB0_DTVA0_DTVB0_EPS0_FDSI0_GRPM1_GRVWA4_GRVWB8_GSU0_GSUAMB_GLS0_ISA950_IU1_K1_LDSTI0_LBSPPA128_LBSPPB512_LBSPPM0_LPA16_LPB16_LPM0_LRVW8_LWPMn1_MIAV0_MIWT9_4_MO40_NTn1_NTA0_NTB0_NTC0_NTD0_NTM0_NEPBS0_NLCA1_NLCB1_ONLL1_PGR2_PLR1_PKA1_SIA3_SS1_SPO0_SRVW0_SSO0_SVW1_SK3_SKFTR0_SKXCCM0_TLDS1_ULSGRO0_USL1_UIOFGRO0_USFGRO0_VSn1_VWA1_VWB4_WSGRA0_WSGRB0_WS64_WG16_16_1",5,620086,124017.200000,3.362e-12,122361,126961,2096.814775
"hgemm_bf16_128x64x128x3_SPK1_W4x2x2_BLDS1_TN_AS1_0",18,554282,30793.444444,3.005e-12,28160,36120,2554.689672
"_min_p_kernel",4,521004,130251.000000,2.825e-12,120281,141921,10973.051839
"void at::native::unrolled_elementwise_kernel<at::native::(anonymous namespace)::CompareFunctor<int>, std::array<char*, 3ul>, 4, TrivialOffsetCalculator<2, unsigned int>, TrivialOffsetCalculator<1, unsigned int>, at::native::memory::LoadWithoutCast, at::native::memory::StoreWithoutCast>(int, at::native::(anonymous namespace)::CompareFunctor<int>, std::array<char*, 3ul>, TrivialOffsetCalculator<2, unsigned int>, TrivialOffsetCalculator<1, unsigned int>, at::native::memory::LoadWithoutCast, at::native::memory::StoreWithoutCast)",96,422284,4398.791667,2.290e-12,3800,6120,466.447536
"void at::native::tensor_kernel_scan_innermost_dim<float, std::plus<float> >(float*, float const*, unsigned int, unsigned int, unsigned int, float, std::plus<float>)",1,361003,361003.000000,1.957e-12,361003,361003,0.00000000e+00
"hgemm_bf16_16x64x64x6_SPK4_W1x2x1_BLDS1_TN_AS1_0",72,354482,4923.361111,1.922e-12,4600,6520,287.714369
"void wvSplitK_hf_sml_<__hip_bfloat16, 64, 4, 16, 8, 1, 4>(int, int, int, int, int, int, __hip_bfloat16 const*, __hip_bfloat16 const*, __hip_bfloat16 const*, __hip_bfloat16*, int, int)",7,342163,48880.428571,1.855e-12,47561,50241,786.274095
"void wvSplitK_hf_sml_<__hip_bfloat16, 64, 4, 16, 8, 2, 3>(int, int, int, int, int, int, __hip_bfloat16 const*, __hip_bfloat16 const*, __hip_bfloat16 const*, __hip_bfloat16*, int, int)",5,244484,48896.800000,1.326e-12,48041,49921,742.164537
"hgemm_bf16_16x64x64x7_SPK1_W1x1x2_BLDS1_TN_AS1_0",48,240442,5009.208333,1.304e-12,4040,6120,411.434747
"void at::native::mbtopk::computeBlockDigitCounts<c10::BFloat16, unsigned int, unsigned int, 2>(at::cuda::detail::TensorInfo<c10::BFloat16 const, unsigned int>, unsigned int, unsigned int*, unsigned int, unsigned int, int, int, unsigned int, unsigned int, unsigned int*, short*)",8,231280,28910.000000,1.254e-12,3880,80920,24313.210989
"Cijk_Alik_Bljk_BBS_BH_Bias_HA_S_SAV_UserArgs_MT160x224x64_MI16x16x1_SN_LDSB0_AFC0_AFEM1_AFEM1_ASEM1_CLR1_CADS0_DTLA0_DTLB0_DTVA0_DTVB0_EPS0_FDSI0_GRPM1_GRVWA8_GRVWB8_GSU0_GSUAMB_GLS0_ISA950_IU1_K1_LDSTI0_LBSPPA128_LBSPPB128_LBSPPM0_LPA16_LPB16_LPM0_LRVW8_LWPMn1_MIAV0_MIWT5_7_MO40_NTn1_NTA0_NTB0_NTC0_NTD0_NTM0_NEPBS0_NLCA1_NLCB1_ONLL1_PGR2_PLR1_PKA1_SIA3_SS1_SPO0_SRVW0_SSO0_SVW1_SK3_SKFTR0_SKXCCM0_TLDS1_ULSGRO0_USL1_UIOFGRO0_USFGRO0_VSn1_VWA1_VWB1_WSGRA0_WSGRB0_WS64_WG32_8_1",1,218202,218202.000000,1.183e-12,218202,218202,0.00000000e+00
"void at::native::vectorized_elementwise_kernel<4, at::native::bfloat16tofloat32_copy_kernel_cuda(at::TensorIteratorBase&)::{lambda(c10::BFloat16)#1}, std::array<char*, 2ul> >(int, at::native::bfloat16tofloat32_copy_kernel_cuda(at::TensorIteratorBase&)::{lambda(c10::BFloat16)#1}, std::array<char*, 2ul>)",73,161201,2208.232877,8.740e-13,1360,13240,1982.507997
"void at::native::mbtopk::gatherTopK<c10::BFloat16, unsigned int, 2>(at::cuda::detail::TensorInfo<c10::BFloat16 const, unsigned int>, unsigned int, unsigned int, bool, unsigned int, unsigned int, at::cuda::detail::TensorInfo<c10::BFloat16, unsigned int>, unsigned int, at::cuda::detail::TensorInfo<long, unsigned int>, unsigned int, unsigned int, unsigned int, c10::BFloat16*, unsigned int*, unsigned int*, unsigned int)",4,156483,39120.750000,8.484e-13,14521,65160,20879.763095
"_dynamic_mxfp4_quant_kernel",48,156280,3255.833333,8.473e-13,2640,5240,459.101033
"void at::native::vectorized_elementwise_kernel<4, at::native::bfloat16_copy_kernel_cuda(at::TensorIteratorBase&)::{lambda(float)#1}, std::array<char*, 2ul> >(int, at::native::bfloat16_copy_kernel_cuda(at::TensorIteratorBase&)::{lambda(float)#1}, std::array<char*, 2ul>)",69,135524,1964.115942,7.348e-13,1640,4920,508.319536
"_gemm_a16_w16_kernel_BLOCK_SIZE_M_32_BLOCK_SIZE_N_32_BLOCK_SIZE_K_256_GROUP_SIZE_M_1_NUM_KSPLIT_1_SPLITK_BLOCK_SIZE_512_EVEN_K_1_EVEN_MN_0_cache_modifier_CG_activation_NONE_use_activation_0_ADD_BIAS_0_SKIP_REDUCE_0",24,135241,5635.041667,7.332e-13,5120,9560,852.224990
"hgemm_bf16_16x256x64x4_SPK7_W1x2x1_BLDS1_TN_AS1_0",3,109800,36600.000000,5.953e-13,24440,46880,11337.512955
"void at::native::(anonymous namespace)::cunn_SoftMaxForwardGmem<4, float, float, float, at::native::(anonymous namespace)::SoftMaxForwardWithMulEpilogue, long>(float*, float const*, long)",2,109480,54740.000000,5.936e-13,54600,54880,197.989899
"void wvSplitK_hf_sml_<__hip_bfloat16, 64, 3, 16, 8, 2, 5>(int, int, int, int, int, int, __hip_bfloat16 const*, __hip_bfloat16 const*, __hip_bfloat16 const*, __hip_bfloat16*, int, int)",3,109202,36400.666667,5.921e-13,34481,37801,1719.848927
"_ranks_kernel",5,90962,18192.400000,4.932e-13,14760,20640,2440.599988
"void wvSplitK_hf_sml_<__hip_bfloat16, 64, 3, 16, 8, 2, 2>(int, int, int, int, int, int, __hip_bfloat16 const*, __hip_bfloat16 const*, __hip_bfloat16 const*, __hip_bfloat16*, int, int)",4,87922,21980.500000,4.767e-13,21200,22681,680.960351
"_penalties_kernel",4,82160,20540.000000,4.454e-13,8400,32720,13631.825507
"Cijk_Alik_Bljk_BBS_BH_Bias_HA_S_SAV_UserArgs_MT96x160x128_MI16x16x1_SN_LDSB1_AFC0_AFEM1_AFEM1_ASEM1_CLR1_CADS0_DTLA0_DTLB0_DTVA0_DTVB0_EPS0_FDSI0_GRPM1_GRVWA8_GRVWB8_GSU0_GSUAMB_GLS0_ISA950_IU1_K1_LDSTI0_LBSPPA256_LBSPPB256_LBSPPM0_LPA16_LPB16_LPM0_LRVW8_LWPMn1_MIAV0_MIWT3_5_MO40_NTn1_NTA4_NTB0_NTC0_NTD0_NTM0_NEPBS0_NLCA1_NLCB1_ONLL1_PGR2_PLR1_PKA1_SIA3_SS1_SPO0_SRVW0_SSO0_SVW1_SK3_SKFTR0_SKXCCM8_TLDS1_ULSGRO0_USL1_UIOFGRO0_USFGRO0_VSn1_VWA1_VWB1_WSGRA0_WSGRB0_WS64_WG32_8_1",1,77481,77481.000000,4.201e-13,77481,77481,0.00000000e+00
"void at::native::mbtopk::computeBlockwiseWithinKCounts<unsigned int, c10::BFloat16>(unsigned int*, short*, unsigned int*, unsigned int, int, bool, unsigned int*, c10::BFloat16*, unsigned int*, unsigned int*, unsigned int*, unsigned int)",8,71921,8990.125000,3.899e-13,7041,11960,1558.685384
"void wvSplitK_hf_sml_<__hip_bfloat16, 64, 3, 16, 8, 2, 4>(int, int, int, int, int, int, __hip_bfloat16 const*, __hip_bfloat16 const*, __hip_bfloat16 const*, __hip_bfloat16*, int, int)",3,70000,23333.333333,3.795e-13,22360,24520,1095.688520
"void wvSplitK_hf_sml_<__hip_bfloat16, 64, 3, 16, 8, 2, 3>(int, int, int, int, int, int, __hip_bfloat16 const*, __hip_bfloat16 const*, __hip_bfloat16 const*, __hip_bfloat16*, int, int)",3,66920,22306.666667,3.628e-13,21760,23160,748.687741
"void rocprim::ROCPRIM_400200_NS::detail::trampoline_kernel<rocprim::ROCPRIM_400200_NS::detail::wrapped_merge_sort_block_merge_config<rocprim::ROCPRIM_400200_NS::default_config, long, rocprim::ROCPRIM_400200_NS::empty_type>, (rocprim::ROCPRIM_400200_NS::detail::target_arch)950, rocprim::ROCPRIM_400200_NS::detail::merge_sort_block_merge_impl<rocprim::ROCPRIM_400200_NS::default_config, long*, rocprim::ROCPRIM_400200_NS::empty_type*, unsigned int, rocprim::ROCPRIM_400200_NS::detail::radix_merge_compare<false, true, long, rocprim::ROCPRIM_400200_NS::identity_decomposer> >(long*, rocprim::ROCPRIM_400200_NS::empty_type*, unsigned int, unsigned int, rocprim::ROCPRIM_400200_NS::detail::radix_merge_compare<false, true, long, rocprim::ROCPRIM_400200_NS::identity_decomposer>, ihipStream_t*, bool, std::iterator_traits<long*>::value_type*, std::iterator_traits<rocprim::ROCPRIM_400200_NS::empty_type*>::value_type*, unsigned int*, rocprim::ROCPRIM_400200_NS::detail::vsmem_t)::{lambda(auto:1, auto:2, auto:3, auto:4)#1}::operator()<long*, long*, rocprim::ROCPRIM_400200_NS::empty_type*, rocprim::ROCPRIM_400200_NS::empty_type*>(long*, long*, rocprim::ROCPRIM_400200_NS::empty_type*, rocprim::ROCPRIM_400200_NS::empty_type*) const::{lambda(auto:1)#1}, rocprim::ROCPRIM_400200_NS::detail::merge_mergepath_partition_config_selector>(rocprim::ROCPRIM_400200_NS::detail::merge_sort_block_merge_impl<rocprim::ROCPRIM_400200_NS::default_config, long*, rocprim::ROCPRIM_400200_NS::empty_type*, unsigned int, rocprim::ROCPRIM_400200_NS::detail::radix_merge_compare<false, true, long, rocprim::ROCPRIM_400200_NS::identity_decomposer> >(long*, rocprim::ROCPRIM_400200_NS::empty_type*, unsigned int, unsigned int, rocprim::ROCPRIM_400200_NS::detail::radix_merge_compare<false, true, long, rocprim::ROCPRIM_400200_NS::identity_decomposer>, ihipStream_t*, bool, std::iterator_traits<long*>::value_type*, std::iterator_traits<rocprim::ROCPRIM_400200_NS::empty_type*>::value_type*, unsigned int*, rocprim::ROCPRIM_400200_NS::detail::vsmem_t)::{lambda(auto:1, auto:2, auto:3, auto:4)#1}::operator()<long*, long*, rocprim::ROCPRIM_400200_NS::empty_type*, rocprim::ROCPRIM_400200_NS::empty_type*>(long*, long*, rocprim::ROCPRIM_400200_NS::empty_type*, rocprim::ROCPRIM_400200_NS::empty_type*) const::{lambda(auto:1)#1})",9,63880,7097.777778,3.463e-13,5280,9240,1255.883930
"_gemm_a16_w16_kernel_BLOCK_SIZE_M_32_BLOCK_SIZE_N_32_BLOCK_SIZE_K_256_GROUP_SIZE_M_1_NUM_KSPLIT_1_SPLITK_BLOCK_SIZE_4224_EVEN_K_0_EVEN_MN_1_cache_modifier_CG_activation_NONE_use_activation_0_ADD_BIAS_0_SKIP_REDUCE_0",3,63280,21093.333333,3.431e-13,20640,21680,532.666249
"hgemm_bf16_16x64x64x5_SPK2_W1x2x1_BLDS1_TN_AS1_0",3,63081,21027.000000,3.420e-13,13160,27520,7277.932880
"void rocprim::ROCPRIM_400200_NS::detail::trampoline_kernel<rocprim::ROCPRIM_400200_NS::detail::wrapped_merge_sort_block_merge_config<rocprim::ROCPRIM_400200_NS::default_config, float, at::cuda::cub::detail::OpaqueType<8> >, (rocprim::ROCPRIM_400200_NS::detail::target_arch)950, rocprim::ROCPRIM_400200_NS::detail::merge_sort_block_merge_impl<rocprim::ROCPRIM_400200_NS::default_config, float*, at::cuda::cub::detail::OpaqueType<8>*, unsigned int, rocprim::ROCPRIM_400200_NS::detail::radix_merge_compare<false, false, float, rocprim::ROCPRIM_400200_NS::identity_decomposer> >(float*, at::cuda::cub::detail::OpaqueType<8>*, unsigned int, unsigned int, rocprim::ROCPRIM_400200_NS::detail::radix_merge_compare<false, false, float, rocprim::ROCPRIM_400200_NS::identity_decomposer>, ihipStream_t*, bool, std::iterator_traits<float*>::value_type*, std::iterator_traits<at::cuda::cub::detail::OpaqueType<8>*>::value_type*, unsigned int*, rocprim::ROCPRIM_400200_NS::detail::vsmem_t)::{lambda(auto:1, auto:2, auto:3, auto:4)#1}::operator()<float*, float*, at::cuda::cub::detail::OpaqueType<8>*, at::cuda::cub::detail::OpaqueType<8>*>(float*, float*, at::cuda::cub::detail::OpaqueType<8>*, at::cuda::cub::detail::OpaqueType<8>*) const::{lambda(auto:1)#1}, rocprim::ROCPRIM_400200_NS::detail::merge_mergepath_partition_config_selector>(rocprim::ROCPRIM_400200_NS::detail::merge_sort_block_merge_impl<rocprim::ROCPRIM_400200_NS::default_config, float*, at::cuda::cub::detail::OpaqueType<8>*, unsigned int, rocprim::ROCPRIM_400200_NS::detail::radix_merge_compare<false, false, float, rocprim::ROCPRIM_400200_NS::identity_decomposer> >(float*, at::cuda::cub::detail::OpaqueType<8>*, unsigned int, unsigned int, rocprim::ROCPRIM_400200_NS::detail::radix_merge_compare<false, false, float, rocprim::ROCPRIM_400200_NS::identity_decomposer>, ihipStream_t*, bool, std::iterator_traits<float*>::value_type*, std::iterator_traits<at::cuda::cub::detail::OpaqueType<8>*>::value_type*, unsigned int*, rocprim::ROCPRIM_400200_NS::detail::vsmem_t)::{lambda(auto:1, auto:2, auto:3, auto:4)#1}::operator()<float*, float*, at::cuda::cub::detail::OpaqueType<8>*, at::cuda::cub::detail::OpaqueType<8>*>(float*, float*, at::cuda::cub::detail::OpaqueType<8>*, at::cuda::cub::detail::OpaqueType<8>*) const::{lambda(auto:1)#1})",9,62481,6942.333333,3.388e-13,5320,8801,1092.935954
"void rocprim::ROCPRIM_400200_NS::detail::trampoline_kernel<rocprim::ROCPRIM_400200_NS::detail::wrapped_merge_sort_block_merge_config<rocprim::ROCPRIM_400200_NS::default_config, float, at::cuda::cub::detail::OpaqueType<8> >, (rocprim::ROCPRIM_400200_NS::detail::target_arch)950, rocprim::ROCPRIM_400200_NS::detail::merge_sort_block_merge_impl<rocprim::ROCPRIM_400200_NS::default_config, float*, at::cuda::cub::detail::OpaqueType<8>*, unsigned int, rocprim::ROCPRIM_400200_NS::detail::radix_merge_compare<false, false, float, rocprim::ROCPRIM_400200_NS::identity_decomposer> >(float*, at::cuda::cub::detail::OpaqueType<8>*, unsigned int, unsigned int, rocprim::ROCPRIM_400200_NS::detail::radix_merge_compare<false, false, float, rocprim::ROCPRIM_400200_NS::identity_decomposer>, ihipStream_t*, bool, std::iterator_traits<float*>::value_type*, std::iterator_traits<at::cuda::cub::detail::OpaqueType<8>*>::value_type*, unsigned int*, rocprim::ROCPRIM_400200_NS::detail::vsmem_t)::{lambda(auto:1, auto:2, auto:3, auto:4)#1}::operator()<float*, float*, at::cuda::cub::detail::OpaqueType<8>*, at::cuda::cub::detail::OpaqueType<8>*>(float*, float*, at::cuda::cub::detail::OpaqueType<8>*, at::cuda::cub::detail::OpaqueType<8>*) const::{lambda(auto:1)#3}, rocprim::ROCPRIM_400200_NS::detail::merge_oddeven_config_selector>(rocprim::ROCPRIM_400200_NS::detail::merge_sort_block_merge_impl<rocprim::ROCPRIM_400200_NS::default_config, float*, at::cuda::cub::detail::OpaqueType<8>*, unsigned int, rocprim::ROCPRIM_400200_NS::detail::radix_merge_compare<false, false, float, rocprim::ROCPRIM_400200_NS::identity_decomposer> >(float*, at::cuda::cub::detail::OpaqueType<8>*, unsigned int, unsigned int, rocprim::ROCPRIM_400200_NS::detail::radix_merge_compare<false, false, float, rocprim::ROCPRIM_400200_NS::identity_decomposer>, ihipStream_t*, bool, std::iterator_traits<float*>::value_type*, std::iterator_traits<at::cuda::cub::detail::OpaqueType<8>*>::value_type*, unsigned int*, rocprim::ROCPRIM_400200_NS::detail::vsmem_t)::{lambda(auto:1, auto:2, auto:3, auto:4)#1}::operator()<float*, float*, at::cuda::cub::detail::OpaqueType<8>*, at::cuda::cub::detail::OpaqueType<8>*>(float*, float*, at::cuda::cub::detail::OpaqueType<8>*, at::cuda::cub::detail::OpaqueType<8>*) const::{lambda(auto:1)#3})",8,59320,7415.000000,3.216e-13,6480,9640,1182.140915
"_temperature_kernel",4,52920,13230.000000,2.869e-13,6240,20840,7828.247995
"void rocprim::ROCPRIM_400200_NS::detail::trampoline_kernel<rocprim::ROCPRIM_400200_NS::detail::wrapped_merge_sort_block_merge_config<rocprim::ROCPRIM_400200_NS::default_config, float, at::cuda::cub::detail::OpaqueType<8> >, (rocprim::ROCPRIM_400200_NS::detail::target_arch)950, rocprim::ROCPRIM_400200_NS::detail::merge_sort_block_merge_impl<rocprim::ROCPRIM_400200_NS::default_config, float*, at::cuda::cub::detail::OpaqueType<8>*, unsigned int, rocprim::ROCPRIM_400200_NS::detail::radix_merge_compare<false, false, float, rocprim::ROCPRIM_400200_NS::identity_decomposer> >(float*, at::cuda::cub::detail::OpaqueType<8>*, unsigned int, unsigned int, rocprim::ROCPRIM_400200_NS::detail::radix_merge_compare<false, false, float, rocprim::ROCPRIM_400200_NS::identity_decomposer>, ihipStream_t*, bool, std::iterator_traits<float*>::value_type*, std::iterator_traits<at::cuda::cub::detail::OpaqueType<8>*>::value_type*, unsigned int*, rocprim::ROCPRIM_400200_NS::detail::vsmem_t)::{lambda(auto:1, auto:2, auto:3, auto:4)#1}::operator()<float*, float*, at::cuda::cub::detail::OpaqueType<8>*, at::cuda::cub::detail::OpaqueType<8>*>(float*, float*, at::cuda::cub::detail::OpaqueType<8>*, at::cuda::cub::detail::OpaqueType<8>*) const::{lambda(auto:1)#2}, rocprim::ROCPRIM_400200_NS::detail::merge_mergepath_config_selector>(rocprim::ROCPRIM_400200_NS::detail::merge_sort_block_merge_impl<rocprim::ROCPRIM_400200_NS::default_config, float*, at::cuda::cub::detail::OpaqueType<8>*, unsigned int, rocprim::ROCPRIM_400200_NS::detail::radix_merge_compare<false, false, float, rocprim::ROCPRIM_400200_NS::identity_decomposer> >(float*, at::cuda::cub::detail::OpaqueType<8>*, unsigned int, unsigned int, rocprim::ROCPRIM_400200_NS::detail::radix_merge_compare<false, false, float, rocprim::ROCPRIM_400200_NS::identity_decomposer>, ihipStream_t*, bool, std::iterator_traits<float*>::value_type*, std::iterator_traits<at::cuda::cub::detail::OpaqueType<8>*>::value_type*, unsigned int*, rocprim::ROCPRIM_400200_NS::detail::vsmem_t)::{lambda(auto:1, auto:2, auto:3, auto:4)#1}::operator()<float*, float*, at::cuda::cub::detail::OpaqueType<8>*, at::cuda::cub::detail::OpaqueType<8>*>(float*, float*, at::cuda::cub::detail::OpaqueType<8>*, at::cuda::cub::detail::OpaqueType<8>*) const::{lambda(auto:1)#2})",9,47360,5262.222222,2.568e-13,4360,6160,604.354568
"void rocprim::ROCPRIM_400200_NS::detail::trampoline_kernel<rocprim::ROCPRIM_400200_NS::detail::wrapped_merge_sort_block_merge_config<rocprim::ROCPRIM_400200_NS::default_config, long, rocprim::ROCPRIM_400200_NS::empty_type>, (rocprim::ROCPRIM_400200_NS::detail::target_arch)950, rocprim::ROCPRIM_400200_NS::detail::merge_sort_block_merge_impl<rocprim::ROCPRIM_400200_NS::default_config, long*, rocprim::ROCPRIM_400200_NS::empty_type*, unsigned int, rocprim::ROCPRIM_400200_NS::detail::radix_merge_compare<false, true, long, rocprim::ROCPRIM_400200_NS::identity_decomposer> >(long*, rocprim::ROCPRIM_400200_NS::empty_type*, unsigned int, unsigned int, rocprim::ROCPRIM_400200_NS::detail::radix_merge_compare<false, true, long, rocprim::ROCPRIM_400200_NS::identity_decomposer>, ihipStream_t*, bool, std::iterator_traits<long*>::value_type*, std::iterator_traits<rocprim::ROCPRIM_400200_NS::empty_type*>::value_type*, unsigned int*, rocprim::ROCPRIM_400200_NS::detail::vsmem_t)::{lambda(auto:1, auto:2, auto:3, auto:4)#1}::operator()<long*, long*, rocprim::ROCPRIM_400200_NS::empty_type*, rocprim::ROCPRIM_400200_NS::empty_type*>(long*, long*, rocprim::ROCPRIM_400200_NS::empty_type*, rocprim::ROCPRIM_400200_NS::empty_type*) const::{lambda(auto:1)#2}, rocprim::ROCPRIM_400200_NS::detail::merge_mergepath_config_selector>(rocprim::ROCPRIM_400200_NS::detail::merge_sort_block_merge_impl<rocprim::ROCPRIM_400200_NS::default_config, long*, rocprim::ROCPRIM_400200_NS::empty_type*, unsigned int, rocprim::ROCPRIM_400200_NS::detail::radix_merge_compare<false, true, long, rocprim::ROCPRIM_400200_NS::identity_decomposer> >(long*, rocprim::ROCPRIM_400200_NS::empty_type*, unsigned int, unsigned int, rocprim::ROCPRIM_400200_NS::detail::radix_merge_compare<false, true, long, rocprim::ROCPRIM_400200_NS::identity_decomposer>, ihipStream_t*, bool, std::iterator_traits<long*>::value_type*, std::iterator_traits<rocprim::ROCPRIM_400200_NS::empty_type*>::value_type*, unsigned int*, rocprim::ROCPRIM_400200_NS::detail::vsmem_t)::{lambda(auto:1, auto:2, auto:3, auto:4)#1}::operator()<long*, long*, rocprim::ROCPRIM_400200_NS::empty_type*, rocprim::ROCPRIM_400200_NS::empty_type*>(long*, long*, rocprim::ROCPRIM_400200_NS::empty_type*, rocprim::ROCPRIM_400200_NS::empty_type*) const::{lambda(auto:1)#2})",9,39240,4360.000000,2.127e-13,2960,5320,666.033032
"_bias_kernel",4,37000,9250.000000,2.006e-13,7480,10280,1251.505760
"_bad_words_kernel",4,30040,7510.000000,1.629e-13,6480,8720,932.022890
"void at::native::elementwise_kernel_manual_unroll<128, 8, at::native::gpu_kernel_impl_nocast<at::native::(anonymous namespace)::CompareFunctor<float> >(at::TensorIteratorBase&, at::native::(anonymous namespace)::CompareFunctor<float> const&)::{lambda(int, bool)#1}>(int, at::native::gpu_kernel_impl_nocast<at::native::(anonymous namespace)::CompareFunctor<float> >(at::TensorIteratorBase&, at::native::(anonymous namespace)::CompareFunctor<float> const&)::{lambda(int, bool)#1})",4,27560,6890.000000,1.494e-13,6560,7800,607.837698
"void rocprim::ROCPRIM_400200_NS::detail::trampoline_kernel<rocprim::ROCPRIM_400200_NS::detail::wrapped_radix_sort_block_sort_config<rocprim::ROCPRIM_400200_NS::kernel_config<256u, 4u, 4294967295u>, float, at::cuda::cub::detail::OpaqueType<8> >, (rocprim::ROCPRIM_400200_NS::detail::target_arch)950, rocprim::ROCPRIM_400200_NS::detail::radix_sort_block_sort<rocprim::ROCPRIM_400200_NS::kernel_config<256u, 4u, 4294967295u>, false, float const*, float*, at::cuda::cub::detail::OpaqueType<8> const*, at::cuda::cub::detail::OpaqueType<8>*, rocprim::ROCPRIM_400200_NS::identity_decomposer>(float const*, float*, at::cuda::cub::detail::OpaqueType<8> const*, at::cuda::cub::detail::OpaqueType<8>*, unsigned int, unsigned int&, rocprim::ROCPRIM_400200_NS::identity_decomposer, unsigned int, unsigned int, ihipStream_t*, bool)::{lambda(auto:1)#1}, rocprim::ROCPRIM_400200_NS::detail::radix_sort_config_selector>(rocprim::ROCPRIM_400200_NS::detail::radix_sort_block_sort<rocprim::ROCPRIM_400200_NS::kernel_config<256u, 4u, 4294967295u>, false, float const*, float*, at::cuda::cub::detail::OpaqueType<8> const*, at::cuda::cub::detail::OpaqueType<8>*, rocprim::ROCPRIM_400200_NS::identity_decomposer>(float const*, float*, at::cuda::cub::detail::OpaqueType<8> const*, at::cuda::cub::detail::OpaqueType<8>*, unsigned int, unsigned int&, rocprim::ROCPRIM_400200_NS::identity_decomposer, unsigned int, unsigned int, ihipStream_t*, bool)::{lambda(auto:1)#1})",2,25800,12900.000000,1.399e-13,11320,14480,2234.457429
"void at::native::index_elementwise_kernel<128, 4, at::native::index_fill_kernel_impl<at::native::OpaqueType<4> >(at::TensorIterator&, long, long, long, at::native::OpaqueType<4>)::{lambda(int)#1}>(long, at::native::index_fill_kernel_impl<at::native::OpaqueType<4> >(at::TensorIterator&, long, long, long, at::native::OpaqueType<4>)::{lambda(int)#1})",2,24641,12320.500000,1.336e-13,5001,19640,10351.336170
"void at::native::(anonymous namespace)::CatArrayBatchedCopy_contig<at::native::(anonymous namespace)::OpaqueType<8u>, unsigned int, 2, 128, 1>(at::native::(anonymous namespace)::OpaqueType<8u>*, at::native::(anonymous namespace)::CatArrInputTensorMetadata<at::native::(anonymous namespace)::OpaqueType<8u>, unsigned int, 128, 1>, at::native::(anonymous namespace)::TensorSizeStride<unsigned int, 4u>, int, unsigned int)",5,23680,4736.000000,1.284e-13,3120,6200,1334.346282
"void at::native::vectorized_elementwise_kernel<4, at::native::(anonymous namespace)::masked_fill_kernel(at::TensorIterator&, c10::Scalar const&)::{lambda()#1}::operator()() const::{lambda()#7}::operator()() const::{lambda(float, bool)#1}, std::array<char*, 3ul> >(int, at::native::(anonymous namespace)::masked_fill_kernel(at::TensorIterator&, c10::Scalar const&)::{lambda()#1}::operator()() const::{lambda()#7}::operator()() const::{lambda(float, bool)#1}, std::array<char*, 3ul>)",4,20000,5000.000000,1.084e-13,3040,6560,1754.536976
"void at::native::bitonicSortKVInPlace<2, -1, 16, 16, c10::BFloat16, long, at::native::GTOp<c10::BFloat16, true>, unsigned int>(at::cuda::detail::TensorInfo<c10::BFloat16, unsigned int>, unsigned int, unsigned int, unsigned int, at::cuda::detail::TensorInfo<long, unsigned int>, unsigned int, at::native::GTOp<c10::BFloat16, true>)",3,18160,6053.333333,9.846e-14,5040,6840,921.158691
"void rocprim::ROCPRIM_400200_NS::detail::trampoline_kernel<rocprim::ROCPRIM_400200_NS::detail::wrapped_radix_sort_onesweep_config<rocprim::ROCPRIM_400200_NS::default_config, hip_bfloat16, at::cuda::cub::detail::OpaqueType<8> >, (rocprim::ROCPRIM_400200_NS::detail::target_arch)950, rocprim::ROCPRIM_400200_NS::detail::radix_sort_onesweep_iteration<rocprim::ROCPRIM_400200_NS::default_config, true, hip_bfloat16 const*, hip_bfloat16*, at::cuda::cub::detail::OpaqueType<8> const*, at::cuda::cub::detail::OpaqueType<8>*, unsigned long, rocprim::ROCPRIM_400200_NS::identity_decomposer, rocprim::ROCPRIM_400200_NS::detail::block_id_wrapper<unsigned int, true> >(hip_bfloat16 const*, std::iterator_traits<hip_bfloat16 const*>::value_type*, hip_bfloat16*, at::cuda::cub::detail::OpaqueType<8> const*, std::iterator_traits<at::cuda::cub::detail::OpaqueType<8> const*>::value_type*, at::cuda::cub::detail::OpaqueType<8>*, unsigned long, unsigned long*, unsigned long*, rocprim::ROCPRIM_400200_NS::detail::onesweep_lookback_state*, bool, bool, rocprim::ROCPRIM_400200_NS::identity_decomposer, unsigned int, unsigned int, rocprim::ROCPRIM_400200_NS::detail::block_id_wrapper<unsigned int, true>, ihipStream_t*, bool)::{lambda(auto:1, auto:2, auto:3, auto:4)#1}::operator()<hip_bfloat16 const*, hip_bfloat16*, at::cuda::cub::detail::OpaqueType<8> const*, at::cuda::cub::detail::OpaqueType<8>*>(hip_bfloat16 const*, hip_bfloat16*, at::cuda::cub::detail::OpaqueType<8> const*, at::cuda::cub::detail::OpaqueType<8>*) const::{lambda(auto:1)#1}, rocprim::ROCPRIM_400200_NS::detail::radix_sort_onesweep_sort_config_selector>(rocprim::ROCPRIM_400200_NS::detail::radix_sort_onesweep_iteration<rocprim::ROCPRIM_400200_NS::default_config, true, hip_bfloat16 const*, hip_bfloat16*, at::cuda::cub::detail::OpaqueType<8> const*, at::cuda::cub::detail::OpaqueType<8>*, unsigned long, rocprim::ROCPRIM_400200_NS::identity_decomposer, rocprim::ROCPRIM_400200_NS::detail::block_id_wrapper<unsigned int, true> >(hip_bfloat16 const*, std::iterator_traits<hip_bfloat16 const*>::value_type*, hip_bfloat16*, at::cuda::cub::detail::OpaqueType<8> const*, std::iterator_traits<at::cuda::cub::detail::OpaqueType<8> const*>::value_type*, at::cuda::cub::detail::OpaqueType<8>*, unsigned long, unsigned long*, unsigned long*, rocprim::ROCPRIM_400200_NS::detail::onesweep_lookback_state*, bool, bool, rocprim::ROCPRIM_400200_NS::identity_decomposer, unsigned int, unsigned int, rocprim::ROCPRIM_400200_NS::detail::block_id_wrapper<unsigned int, true>, ihipStream_t*, bool)::{lambda(auto:1, auto:2, auto:3, auto:4)#1}::operator()<hip_bfloat16 const*, hip_bfloat16*, at::cuda::cub::detail::OpaqueType<8> const*, at::cuda::cub::detail::OpaqueType<8>*>(hip_bfloat16 const*, hip_bfloat16*, at::cuda::cub::detail::OpaqueType<8> const*, at::cuda::cub::detail::OpaqueType<8>*) const::{lambda(auto:1)#1})",1,18120,18120.000000,9.824e-14,18120,18120,0.00000000e+00
"_bincount_kernel",1,17520,17520.000000,9.499e-14,17520,17520,0.00000000e+00
"void rocprim::ROCPRIM_400200_NS::detail::trampoline_kernel<rocprim::ROCPRIM_400200_NS::detail::wrapped_radix_sort_onesweep_config<rocprim::ROCPRIM_400200_NS::default_config, hip_bfloat16, at::cuda::cub::detail::OpaqueType<8> >, (rocprim::ROCPRIM_400200_NS::detail::target_arch)950, rocprim::ROCPRIM_400200_NS::detail::radix_sort_onesweep_iteration<rocprim::ROCPRIM_400200_NS::default_config, true, hip_bfloat16 const*, hip_bfloat16*, at::cuda::cub::detail::OpaqueType<8> const*, at::cuda::cub::detail::OpaqueType<8>*, unsigned long, rocprim::ROCPRIM_400200_NS::identity_decomposer, rocprim::ROCPRIM_400200_NS::detail::block_id_wrapper<unsigned int, true> >(hip_bfloat16 const*, std::iterator_traits<hip_bfloat16 const*>::value_type*, hip_bfloat16*, at::cuda::cub::detail::OpaqueType<8> const*, std::iterator_traits<at::cuda::cub::detail::OpaqueType<8> const*>::value_type*, at::cuda::cub::detail::OpaqueType<8>*, unsigned long, unsigned long*, unsigned long*, rocprim::ROCPRIM_400200_NS::detail::onesweep_lookback_state*, bool, bool, rocprim::ROCPRIM_400200_NS::identity_decomposer, unsigned int, unsigned int, rocprim::ROCPRIM_400200_NS::detail::block_id_wrapper<unsigned int, true>, ihipStream_t*, bool)::{lambda(auto:1, auto:2, auto:3, auto:4)#1}::operator()<hip_bfloat16*, hip_bfloat16*, at::cuda::cub::detail::OpaqueType<8>*, at::cuda::cub::detail::OpaqueType<8>*>(hip_bfloat16*, hip_bfloat16*, at::cuda::cub::detail::OpaqueType<8>*, at::cuda::cub::detail::OpaqueType<8>*) const::{lambda(auto:1)#1}, rocprim::ROCPRIM_400200_NS::detail::radix_sort_onesweep_sort_config_selector>(rocprim::ROCPRIM_400200_NS::detail::radix_sort_onesweep_iteration<rocprim::ROCPRIM_400200_NS::default_config, true, hip_bfloat16 const*, hip_bfloat16*, at::cuda::cub::detail::OpaqueType<8> const*, at::cuda::cub::detail::OpaqueType<8>*, unsigned long, rocprim::ROCPRIM_400200_NS::identity_decomposer, rocprim::ROCPRIM_400200_NS::detail::block_id_wrapper<unsigned int, true> >(hip_bfloat16 const*, std::iterator_traits<hip_bfloat16 const*>::value_type*, hip_bfloat16*, at::cuda::cub::detail::OpaqueType<8> const*, std::iterator_traits<at::cuda::cub::detail::OpaqueType<8> const*>::value_type*, at::cuda::cub::detail::OpaqueType<8>*, unsigned long, unsigned long*, unsigned long*, rocprim::ROCPRIM_400200_NS::detail::onesweep_lookback_state*, bool, bool, rocprim::ROCPRIM_400200_NS::identity_decomposer, unsigned int, unsigned int, rocprim::ROCPRIM_400200_NS::detail::block_id_wrapper<unsigned int, true>, ihipStream_t*, bool)::{lambda(auto:1, auto:2, auto:3, auto:4)#1}::operator()<hip_bfloat16*, hip_bfloat16*, at::cuda::cub::detail::OpaqueType<8>*, at::cuda::cub::detail::OpaqueType<8>*>(hip_bfloat16*, hip_bfloat16*, at::cuda::cub::detail::OpaqueType<8>*, at::cuda::cub::detail::OpaqueType<8>*) const::{lambda(auto:1)#1})",1,16600,16600.000000,9.000e-14,16600,16600,0.00000000e+00
"void at::native::mbtopk::fill<unsigned int, unsigned int>(unsigned int*, unsigned int, unsigned int)",4,16120,4030.000000,8.740e-14,1920,6200,2201.666036
"void at::native::vectorized_elementwise_kernel<4, at::native::FillFunctor<unsigned int>, std::array<char*, 1ul> >(int, at::native::FillFunctor<unsigned int>, std::array<char*, 1ul>)",3,12920,4306.666667,7.005e-14,3560,4760,651.562225
"void rocprim::ROCPRIM_400200_NS::detail::trampoline_kernel<rocprim::ROCPRIM_400200_NS::detail::wrapped_radix_sort_onesweep_config<rocprim::ROCPRIM_400200_NS::default_config, hip_bfloat16, at::cuda::cub::detail::OpaqueType<8> >, (rocprim::ROCPRIM_400200_NS::detail::target_arch)950, rocprim::ROCPRIM_400200_NS::detail::radix_sort_onesweep_global_offsets<rocprim::ROCPRIM_400200_NS::default_config, true, hip_bfloat16 const*, at::cuda::cub::detail::OpaqueType<8> const*, unsigned long, rocprim::ROCPRIM_400200_NS::identity_decomposer>(hip_bfloat16 const*, at::cuda::cub::detail::OpaqueType<8> const*, unsigned long*, unsigned long, unsigned int, rocprim::ROCPRIM_400200_NS::identity_decomposer, unsigned int, unsigned int, ihipStream_t*, bool)::{lambda(auto:1)#1}, rocprim::ROCPRIM_400200_NS::detail::radix_sort_onesweep_histogram_config_selector>(rocprim::ROCPRIM_400200_NS::detail::radix_sort_onesweep_global_offsets<rocprim::ROCPRIM_400200_NS::default_config, true, hip_bfloat16 const*, at::cuda::cub::detail::OpaqueType<8> const*, unsigned long, rocprim::ROCPRIM_400200_NS::identity_decomposer>(hip_bfloat16 const*, at::cuda::cub::detail::OpaqueType<8> const*, unsigned long*, unsigned long, unsigned int, rocprim::ROCPRIM_400200_NS::identity_decomposer, unsigned int, unsigned int, ihipStream_t*, bool)::{lambda(auto:1)#1})",1,11480,11480.000000,6.224e-14,11480,11480,0.00000000e+00
"void at::native::_scatter_gather_elementwise_kernel<256, 4, at::native::_cuda_scatter_gather_internal_kernel<true, at::native::OpaqueType<4>, long>::operator()<at::native::TensorAssign>(at::TensorIterator&, long, long, long, at::native::TensorAssign const&)::{lambda(int)#1}>(int, at::native::_cuda_scatter_gather_internal_kernel<true, at::native::OpaqueType<4>, long>::operator()<at::native::TensorAssign>(at::TensorIterator&, long, long, long, at::native::TensorAssign const&)::{lambda(int)#1})",2,11320,5660.000000,6.137e-14,5160,6160,707.106781
"at::native::(anonymous namespace)::fill_reverse_indices_kernel(long*, int, at::cuda::detail::IntDivider<unsigned int>)",2,10000,5000.000000,5.422e-14,4920,5080,113.137085
"void at::native::vectorized_elementwise_kernel<4, at::native::CUDAFunctorOnOther_add<float>, std::array<char*, 2ul> >(int, at::native::CUDAFunctorOnOther_add<float>, std::array<char*, 2ul>)",2,9680,4840.000000,5.248e-14,4760,4920,113.137085
"void rocprim::ROCPRIM_400200_NS::detail::trampoline_kernel<rocprim::ROCPRIM_400200_NS::detail::wrapped_scan_config<rocprim::ROCPRIM_400200_NS::default_config, float>, (rocprim::ROCPRIM_400200_NS::detail::target_arch)950, rocprim::ROCPRIM_400200_NS::detail::scan_impl<(rocprim::ROCPRIM_400200_NS::detail::lookback_scan_determinism)0, false, false, rocprim::ROCPRIM_400200_NS::default_config, float const*, float*, float, std::plus<float>, float>(void*, unsigned long&, float const*, float*, float, unsigned long, std::plus<float>, ihipStream_t*, bool)::{lambda(auto:1, auto:2)#1}::operator()<std::integral_constant<bool, false>, std::integral_constant<bool, true> >(std::integral_constant<bool, false>, std::integral_constant<bool, true>) const::{lambda(auto:1)#1}, rocprim::ROCPRIM_400200_NS::detail::default_config_selector>(rocprim::ROCPRIM_400200_NS::detail::scan_impl<(rocprim::ROCPRIM_400200_NS::detail::lookback_scan_determinism)0, false, false, rocprim::ROCPRIM_400200_NS::default_config, float const*, float*, float, std::plus<float>, float>(void*, unsigned long&, float const*, float*, float, unsigned long, std::plus<float>, ihipStream_t*, bool)::{lambda(auto:1, auto:2)#1}::operator()<std::integral_constant<bool, false>, std::integral_constant<bool, true> >(std::integral_constant<bool, false>, std::integral_constant<bool, true>) const::{lambda(auto:1)#1})",1,7960,7960.000000,4.316e-14,7960,7960,0.00000000e+00
"void at::native::vectorized_elementwise_kernel<4, at::native::CUDAFunctorOnOther_add<long>, std::array<char*, 2ul> >(int, at::native::CUDAFunctorOnOther_add<long>, std::array<char*, 2ul>)",2,7640,3820.000000,4.142e-14,2520,5120,1838.477631
"void at::native::unrolled_elementwise_kernel<at::native::FillFunctor<bool>, std::array<char*, 1ul>, 4, TrivialOffsetCalculator<0, unsigned int>, TrivialOffsetCalculator<1, unsigned int>, at::native::memory::LoadWithoutCast, at::native::memory::StoreWithoutCast>(int, at::native::FillFunctor<bool>, std::array<char*, 1ul>, TrivialOffsetCalculator<0, unsigned int>, TrivialOffsetCalculator<1, unsigned int>, at::native::memory::LoadWithoutCast, at::native::memory::StoreWithoutCast)",1,6640,6640.000000,3.600e-14,6640,6640,0.00000000e+00
"_prompt_logprobs_token_ids_kernel",1,5960,5960.000000,3.231e-14,5960,5960,0.00000000e+00
"void rocprim::ROCPRIM_400200_NS::detail::trampoline_kernel<rocprim::ROCPRIM_400200_NS::detail::wrapped_radix_sort_block_sort_config<rocprim::ROCPRIM_400200_NS::kernel_config<256u, 4u, 4294967295u>, long, rocprim::ROCPRIM_400200_NS::empty_type>, (rocprim::ROCPRIM_400200_NS::detail::target_arch)950, rocprim::ROCPRIM_400200_NS::detail::radix_sort_block_sort<rocprim::ROCPRIM_400200_NS::kernel_config<256u, 4u, 4294967295u>, false, long const*, long*, rocprim::ROCPRIM_400200_NS::empty_type*, rocprim::ROCPRIM_400200_NS::empty_type*, rocprim::ROCPRIM_400200_NS::identity_decomposer>(long const*, long*, rocprim::ROCPRIM_400200_NS::empty_type*, rocprim::ROCPRIM_400200_NS::empty_type*, unsigned int, unsigned int&, rocprim::ROCPRIM_400200_NS::identity_decomposer, unsigned int, unsigned int, ihipStream_t*, bool)::{lambda(auto:1)#1}, rocprim::ROCPRIM_400200_NS::detail::radix_sort_config_selector>(rocprim::ROCPRIM_400200_NS::detail::radix_sort_block_sort<rocprim::ROCPRIM_400200_NS::kernel_config<256u, 4u, 4294967295u>, false, long const*, long*, rocprim::ROCPRIM_400200_NS::empty_type*, rocprim::ROCPRIM_400200_NS::empty_type*, rocprim::ROCPRIM_400200_NS::identity_decomposer>(long const*, long*, rocprim::ROCPRIM_400200_NS::empty_type*, rocprim::ROCPRIM_400200_NS::empty_type*, unsigned int, unsigned int&, rocprim::ROCPRIM_400200_NS::identity_decomposer, unsigned int, unsigned int, ihipStream_t*, bool)::{lambda(auto:1)#1})",1,5760,5760.000000,3.123e-14,5760,5760,0.00000000e+00
"void rocprim::ROCPRIM_400200_NS::detail::trampoline_kernel<rocprim::ROCPRIM_400200_NS::detail::wrapped_transform_config<rocprim::ROCPRIM_400200_NS::default_config, float, true>, (rocprim::ROCPRIM_400200_NS::detail::target_arch)950, rocprim::ROCPRIM_400200_NS::detail::transform_impl<true, rocprim::ROCPRIM_400200_NS::default_config, float*, float*, rocprim::ROCPRIM_400200_NS::identity<float> >(float*, float*, unsigned long, rocprim::ROCPRIM_400200_NS::identity<float>, ihipStream_t*, bool)::{lambda(auto:1)#1}, rocprim::ROCPRIM_400200_NS::detail::default_config_selector>(rocprim::ROCPRIM_400200_NS::detail::transform_impl<true, rocprim::ROCPRIM_400200_NS::default_config, float*, float*, rocprim::ROCPRIM_400200_NS::identity<float> >(float*, float*, unsigned long, rocprim::ROCPRIM_400200_NS::identity<float>, ihipStream_t*, bool)::{lambda(auto:1)#1})",1,5600,5600.000000,3.036e-14,5600,5600,0.00000000e+00
"_apply_grammar_bitmask_kernel",1,5480,5480.000000,2.971e-14,5480,5480,0.00000000e+00
"void at::native::(anonymous namespace)::sort_postprocess_kernel<float>(float const*, float*, long*, HIP_vector_type<int, 2u> const*, int, int)",1,5080,5080.000000,2.754e-14,5080,5080,0.00000000e+00
"void rocprim::ROCPRIM_400200_NS::detail::init_lookback_scan_state_kernel<rocprim::ROCPRIM_400200_NS::detail::lookback_scan_state<float, false, true>, rocprim::ROCPRIM_400200_NS::detail::block_id_wrapper<unsigned int, true> >(rocprim::ROCPRIM_400200_NS::detail::lookback_scan_state<float, false, true>, unsigned int, rocprim::ROCPRIM_400200_NS::detail::block_id_wrapper<unsigned int, true>, unsigned int, rocprim::ROCPRIM_400200_NS::detail::lookback_scan_state<float, false, true>::value_type*)",1,4920,4920.000000,2.667e-14,4920,4920,0.00000000e+00
"void rocprim::ROCPRIM_400200_NS::detail::trampoline_kernel<rocprim::ROCPRIM_400200_NS::detail::wrapped_transform_config<rocprim::ROCPRIM_400200_NS::default_config, at::cuda::cub::detail::OpaqueType<8>, true>, (rocprim::ROCPRIM_400200_NS::detail::target_arch)950, rocprim::ROCPRIM_400200_NS::detail::transform_impl<true, rocprim::ROCPRIM_400200_NS::default_config, at::cuda::cub::detail::OpaqueType<8>*, at::cuda::cub::detail::OpaqueType<8>*, rocprim::ROCPRIM_400200_NS::identity<at::cuda::cub::detail::OpaqueType<8> > >(at::cuda::cub::detail::OpaqueType<8>*, at::cuda::cub::detail::OpaqueType<8>*, unsigned long, rocprim::ROCPRIM_400200_NS::identity<at::cuda::cub::detail::OpaqueType<8> >, ihipStream_t*, bool)::{lambda(auto:1)#1}, rocprim::ROCPRIM_400200_NS::detail::default_config_selector>(rocprim::ROCPRIM_400200_NS::detail::transform_impl<true, rocprim::ROCPRIM_400200_NS::default_config, at::cuda::cub::detail::OpaqueType<8>*, at::cuda::cub::detail::OpaqueType<8>*, rocprim::ROCPRIM_400200_NS::identity<at::cuda::cub::detail::OpaqueType<8> > >(at::cuda::cub::detail::OpaqueType<8>*, at::cuda::cub::detail::OpaqueType<8>*, unsigned long, rocprim::ROCPRIM_400200_NS::identity<at::cuda::cub::detail::OpaqueType<8> >, ihipStream_t*, bool)::{lambda(auto:1)#1})",1,4880,4880.000000,2.646e-14,4880,4880,0.00000000e+00
"void rocprim::ROCPRIM_400200_NS::detail::trampoline_kernel<rocprim::ROCPRIM_400200_NS::detail::wrapped_radix_sort_onesweep_config<rocprim::ROCPRIM_400200_NS::default_config, hip_bfloat16, at::cuda::cub::detail::OpaqueType<8> >, (rocprim::ROCPRIM_400200_NS::detail::target_arch)950, rocprim::ROCPRIM_400200_NS::detail::radix_sort_onesweep_global_offsets<rocprim::ROCPRIM_400200_NS::default_config, true, hip_bfloat16 const*, at::cuda::cub::detail::OpaqueType<8> const*, unsigned long, rocprim::ROCPRIM_400200_NS::identity_decomposer>(hip_bfloat16 const*, at::cuda::cub::detail::OpaqueType<8> const*, unsigned long*, unsigned long, unsigned int, rocprim::ROCPRIM_400200_NS::identity_decomposer, unsigned int, unsigned int, ihipStream_t*, bool)::{lambda(auto:1)#2}, rocprim::ROCPRIM_400200_NS::detail::radix_sort_onesweep_histogram_config_selector>(rocprim::ROCPRIM_400200_NS::detail::radix_sort_onesweep_global_offsets<rocprim::ROCPRIM_400200_NS::default_config, true, hip_bfloat16 const*, at::cuda::cub::detail::OpaqueType<8> const*, unsigned long, rocprim::ROCPRIM_400200_NS::identity_decomposer>(hip_bfloat16 const*, at::cuda::cub::detail::OpaqueType<8> const*, unsigned long*, unsigned long, unsigned int, rocprim::ROCPRIM_400200_NS::identity_decomposer, unsigned int, unsigned int, ihipStream_t*, bool)::{lambda(auto:1)#2})",1,4840,4840.000000,2.624e-14,4840,4840,0.00000000e+00
"at::native::(anonymous namespace)::fill_index_and_segment_kernel(HIP_vector_type<int, 2u>*, int, at::cuda::detail::IntDivider<unsigned int>)",1,4440,4440.000000,2.407e-14,4440,4440,0.00000000e+00
"void at::native::elementwise_kernel_manual_unroll<128, 8, at::native::gpu_kernel_impl_nocast<at::native::FillFunctor<bool> >(at::TensorIteratorBase&, at::native::FillFunctor<bool> const&)::{lambda(int, bool)#1}>(int, at::native::gpu_kernel_impl_nocast<at::native::FillFunctor<bool> >(at::TensorIteratorBase&, at::native::FillFunctor<bool> const&)::{lambda(int, bool)#1})",1,4320,4320.000000,2.342e-14,4320,4320,0.00000000e+00
"void rocprim::ROCPRIM_400200_NS::detail::trampoline_kernel<rocprim::ROCPRIM_400200_NS::detail::wrapped_transform_config<rocprim::ROCPRIM_400200_NS::default_config, long, true>, (rocprim::ROCPRIM_400200_NS::detail::target_arch)950, rocprim::ROCPRIM_400200_NS::detail::transform_impl<true, rocprim::ROCPRIM_400200_NS::default_config, long*, long*, rocprim::ROCPRIM_400200_NS::identity<long> >(long*, long*, unsigned long, rocprim::ROCPRIM_400200_NS::identity<long>, ihipStream_t*, bool)::{lambda(auto:1)#1}, rocprim::ROCPRIM_400200_NS::detail::default_config_selector>(rocprim::ROCPRIM_400200_NS::detail::transform_impl<true, rocprim::ROCPRIM_400200_NS::default_config, long*, long*, rocprim::ROCPRIM_400200_NS::identity<long> >(long*, long*, unsigned long, rocprim::ROCPRIM_400200_NS::identity<long>, ihipStream_t*, bool)::{lambda(auto:1)#1})",1,3440,3440.000000,1.865e-14,3440,3440,0.00000000e+00
