"Name","Calls","TotalDurationNs","AverageNs","Percentage","MinNs","MaxNs","StdDev"
"ncclDevKernel_Generic_1(ncclDevKernelArgsStorage<4096ul>)",1826611,1227444670293,671979.239309,27.42,1560,661385268032,2348434.925181
"aiter::fmha_fwd_hd192_hd128_bf16_group",300120,601597430432,2004522.958923,13.44,0,4008596,2338864.327093
"void aiter::cross_device_reduce_2stage<std::bfloat16_t, 8, false>(aiter::RankData*, aiter::RankData*, aiter::RankSignals, aiter::Signal*, std::bfloat16_t*, int, int)",5791692,426080596910,73567.551056,9.52,0,8984938629,1472383.708969
"aiter::mla_a8w8_qh16_qseqlen1_gqaratio16_lse_ps",508621,237384854498,466722.479996,5.30,0,1435213,491793.369378
"mfma_moe1_silu_mul_afp8_wfp4_fp8_t32x128x256_pm1_fp8q_sort_async_gui_situv2_sb4p0_slb25p0_v32",1703288,154715827500,90833.627372,3.46,11320,967148,94212.308695
"mfma_moe1_silu_mul_afp8_wfp4_bf16_t64x128x256_pm1_async_gui_xcd4_situv2_sb4p0_slb25p0_v32",253882,141040342145,555535.020777,3.15,0,843487,556354.987993
"_attn_res_kernel",4254361,128581131445,30223.371135,2.87,0,469364,63941.303881
"Cijk_Alik_Bljk_BBS_BH_Bias_HA_S_SAV_UserArgs_MT256x224x64_MI16x16x1_SN_LDSB1_AFC0_AFEM1_AFEM1_ASEM1_CLR1_CADS0_DTLA0_DTLB0_DTVA0_DTVB0_EPS0_FDSI0_GRPM1_GRVWA8_GRVWB8_GSU0_GSUAMB_GLS0_ISA950_IU1_K1_LDSTI0_LBSPPA1024_LBSPPB128_LBSPPM0_LPA16_LPB16_LPM0_LRVW8_LWPMn1_MIAV0_MIWT8_7_MO40_NTn1_NTA0_NTB0_NTC0_NTD0_NTM0_NEPBS0_NLCA1_NLCB1_ONLL1_PGR2_PLR1_PKA1_SIA3_SS1_SPO0_SRVW0_SSO0_SVW8_SK3_SKFTR0_SKXCCM0_TLDS1_ULSGRO0_USL1_UIOFGRO0_USFGRO0_VSn1_VWA8_VWB1_WSGRA0_WSGRB0_WS64_WG32_8_1",732133,125110716598,170885.230686,2.79,21800,752006,191956.606400
"mfma_moe2_afp8_wfp4_bf16_cshuffle_t64x256x128_vscale_fix3_fp4opt_v1_pm1_xcd4_acc0",253882,110757071763,436254.132877,2.47,0,727804,437386.845664
"mfma_moe2_afp8_wfp4_bf16_cshuffle_t32x256x128_vscale_fix3_fp4opt_v1_pm1",1455900,85335108420,58613.303400,1.91,10440,322963,60022.455539
"void vllm::gather_and_maybe_dequant_cache_page<__hip_bfloat16, unsigned char, (vllm::Fp8KVCacheDataType)1, 576>(unsigned char const*, __hip_bfloat16*, int const*, int const*, int, int, int, long, long, long, long, float const*, int const*)",300121,66840796773,222712.828403,1.49,0,440203,225010.860176
"chunk_gated_delta_rule_fwd_kernel_h_blockdim64",282174,66473284745,235575.512786,1.48,0,605764,269941.234005
"Cijk_Alik_Bljk_BBS_BH_Bias_HA_S_SAV_UserArgs_MT256x240x64_MI16x16x1_SN_LDSB0_AFC0_AFEM1_AFEM1_ASEM1_CLR0_CADS0_DTLA1_DTLB1_DTVA0_DTVB0_EPS0_FDSI0_GRPM1_GRVWA8_GRVWB2_GSU0_GSUAMB_GLS0_ISA950_IU1_K1_LDSTI0_LBSPPA1024_LBSPPB256_LBSPPM0_LPA16_LPB16_LPM0_LRVW8_LWPMn1_MIAV0_MIWT4_15_MO40_NTn1_NTA0_NTB0_NTC6_NTD4_NTM0_NEPBS0_NLCA1_NLCB1_ONLL1_PGR2_PLR1_PKA1_SIA3_SS1_SPO1_SRVW0_SSO1_SVW4_SK3_SKFTR0_SKXCCM0_TLDS1_ULSGRO0_USL1_UIOFGRO0_USFGRO0_VSn1_VWA4_VWB1_WSGRA0_WSGRB0_WS64_WG64_4_1",285863,66341033388,232072.822954,1.48,0,736086,243041.771184
"Cijk_Alik_Bljk_BBS_BH_Bias_HA_S_SAV_UserArgs_MT256x256x64_MI16x16x1_CMS_SN_LDSB0_AFC0_AFEM1_AFEM1_ASEM1_CLR1_CADS0_DTLA1_DTLB1_DTVA0_DTVB0_EPS0_FDSI0_GRPM1_GRVWA8_GRVWB8_GSU0_GSUAMB_GLS0_ISA950_IU1_K1_LDSTI0_LBSPPA1024_LBSPPB1024_LBSPPM0_LPA16_LPB16_LPM0_LRVW8_LWPMn1_MIAV0_MIWT8_8_MO40_NTn1_NTA0_NTB0_NTC0_NTD4_NTM0_NEPBS0_NLCA1_NLCB1_ONLL1_PGR2_PLR1_PKA1_SIA3_SS1_SPO0_SRVW0_SSO0_SVW8_SK3_SKFTR0_SKXCCM0_TLDS1_ULSGRO0_USL1_UIOFGRO0_USFGRO0_VSn1_VWA8_VWB8_WSGRA0_WSGRB0_WS64_WG32_8_1",167439,59468239324,355163.607786,1.33,25000,745165,394464.102528
"void at::native::elementwise_kernel_manual_unroll<128, 8, at::native::gpu_kernel_impl_nocast<at::native::direct_copy_kernel_cuda(at::TensorIteratorBase&)::{lambda()#3}::operator()() const::{lambda()#12}::operator()() const::{lambda(c10::BFloat16)#1}>(at::TensorIteratorBase&, at::native::direct_copy_kernel_cuda(at::TensorIteratorBase&)::{lambda()#3}::operator()() const::{lambda()#12}::operator()() const::{lambda(c10::BFloat16)#1} const&)::{lambda(int, bool)#1}>(int, at::native::gpu_kernel_impl_nocast<at::native::direct_copy_kernel_cuda(at::TensorIteratorBase&)::{lambda()#3}::operator()() const::{lambda()#12}::operator()() const::{lambda(c10::BFloat16)#1}>(at::TensorIteratorBase&, at::native::direct_copy_kernel_cuda(at::TensorIteratorBase&)::{lambda()#3}::operator()() const::{lambda()#12}::operator()() const::{lambda(c10::BFloat16)#1} const&)::{lambda(int, bool)#1})",2394934,47912650150,20005.833209,1.07,0,341243,32005.879710
"moe_reduction_kernel_plain_bf16_topk16_md3584",326930,46304483001,141634.242807,1.03,0,461883,151923.370258
"Cijk_Alik_Bljk_BBS_BH_Bias_HA_S_SAV_UserArgs_MT192x240x64_MI16x16x1_SN_LDSB0_AFC0_AFEM1_AFEM1_ASEM1_CLR0_CADS0_DTLA1_DTLB1_DTVA0_DTVB0_EPS1_FDSI0_GRPM1_GRVWA8_GRVWB2_GSU0_GSUAMB_GLS0_ISA950_IU1_K1_LDSTI0_LBSPPA1024_LBSPPB256_LBSPPM0_LPA16_LPB16_LPM0_LRVW8_LWPMn1_MIAV0_MIWT3_15_MO40_NTn1_NTA0_NTB0_NTC0_NTD4_NTM0_NEPBS0_NLCA1_NLCB1_ONLL1_PGR1_PLR1_PKA1_SIA3_SS1_SPO1_SRVW0_SSO1_SVW1_SK3_SKFTR0_SKXCCM0_TLDS1_ULSGRO0_USL1_UIOFGRO0_USFGRO0_VSn1_VWA1_VWB1_WSGRA0_WSGRB0_WS64_WG64_4_1",378728,38349988725,101259.977411,0.8566,15120,512525,124100.469423
"Cijk_Alik_Bljk_BBS_BH_Bias_HA_S_SAV_UserArgs_MT192x256x64_MI16x16x1_SN_LDSB0_AFC0_AFEM1_AFEM1_ASEM1_CLR1_CADS0_DTLA0_DTLB0_DTVA0_DTVB0_EPS0_FDSI0_GRPM1_GRVWA8_GRVWB8_GSU0_GSUAMB_GLS0_ISA950_IU1_K1_LDSTI0_LBSPPA256_LBSPPB1024_LBSPPM0_LPA16_LPB16_LPM0_LRVW8_LWPMn1_MIAV0_MIWT6_8_MO40_NTn1_NTA0_NTB0_NTC0_NTD0_NTM0_NEPBS0_NLCA1_NLCB1_ONLL1_PGR2_PLR1_PKA1_SIA3_SS1_SPO0_SRVW0_SSO0_SVW2_SK3_SKFTR0_SKXCCM0_TLDS1_ULSGRO0_USL1_UIOFGRO0_USFGRO0_VSn1_VWA2_VWB8_WSGRA0_WSGRB0_WS64_WG32_8_1",71997,36162727542,502281.033126,0.8077,0,663446,509849.610940
"__amd_rocclr_copyBuffer",3906349,33807175616,8654.417620,0.7551,0,305763,12193.264989
"void aiter::grouped_topk_kernel<float, float __vector(4), 1, true, true, false>(float*, float const*, float*, int*, unsigned long, unsigned long, int, int, int, int, float)",2093054,33252189835,15886.924004,0.7427,0,396523,17831.601771
"mscclKernel_Sum_hip_bfloat16_Simple_false(ncclDevComm*, mscclAlgo*, mscclWork*)",508189,29720242527,58482.656112,0.6638,11840,79703334,139325.562196
"Cijk_Alik_Bljk_BSS_BH_Bias_S_HA_S_SAV_UserArgs_MT224x256x64_MI16x16x1_SN_LDSB1_AFC0_AFEM1_AFEM1_ASEM1_CLR1_CADS0_DTLA0_DTLB0_DTVA0_DTVB0_EPS0_FDSI0_GRPM1_GRVWA8_GRVWB8_GSU0_GSUAMB_GLS0_ISA950_IU1_K1_LDSTI0_LBSPPA128_LBSPPB1024_LBSPPM0_LPA16_LPB16_LPM0_LRVW8_LWPMn1_MIAV0_MIWT7_8_MO40_NTn1_NTA0_NTB0_NTC0_NTD0_NTM0_NEPBS0_NLCA1_NLCB1_ONLL1_PGR2_PLR1_PKA1_SIA3_SS1_SPO0_SRVW0_SSO0_SVW1_SK3_SKFTR0_SKXCCM0_TLDS1_ULSGRO0_USL1_UIOFGRO0_USFGRO0_VSn1_VWA1_VWB8_WSGRA0_WSGRB0_WS64_WG32_8_1",232998,24125279897,103542.862587,0.5388,0,361842,102750.562959
"void at::native::vectorized_elementwise_kernel<8, at::native::CUDAFunctor_add<c10::BFloat16>, std::array<char*, 3ul> >(int, at::native::CUDAFunctor_add<c10::BFloat16>, std::array<char*, 3ul>)",2115805,22743803392,10749.479934,0.5080,0,313522,17577.503656
"void (anonymous namespace)::kda_decode_fusion_kernel<true, 12, true, true, true>(__hip_bfloat16 const*, __hip_bfloat16 const*, __hip_bfloat16 const*, float const*, float const*, float const*, float const*, float const*, float const*, __hip_bfloat16*, __hip_bfloat16*, __hip_bfloat16*, float const*, __hip_bfloat16 const*, float const*, __hip_bfloat16 const*, __hip_bfloat16 const*, float const*, int const*, float*, __hip_bfloat16*, float, float, float, (anonymous namespace)::KdaDecodeStrides)",1294371,21863688094,16891.361205,0.4883,1880,138521,17044.743676
"void at::native::(anonymous namespace)::CatArrayBatchedCopy<at::native::(anonymous namespace)::OpaqueType<2u>, unsigned int, 3, 64, 64>(at::native::(anonymous namespace)::OpaqueType<2u>*, at::native::(anonymous namespace)::CatArrInputTensorMetadata<at::native::(anonymous namespace)::OpaqueType<2u>, unsigned int, 64, 64>, at::native::(anonymous namespace)::TensorSizeStride<unsigned int, 4u>, int, unsigned int)",600240,21561797549,35921.960464,0.4816,0,338163,44655.861100
"hgemm_bf16_32x64x128x4_SPK4_W1x4x1_BLDS1_TN_AS1_0",1789300,20333687185,11364.045820,0.4542,8241,108041,11281.814513
"aiter::fmha_fwd_hd192_hd128_bf16_causal_group",94022,19693714566,209458.579545,0.4399,0,553885,242329.641340
"_ZN5aiter30fused_mx_quant_moe_sort_kernelIDF16bDB8_Li256ELi16EEEvPT0_PhPKT_PKiS9_PKfiiiiiiiii",1728864,18996560368,10987.885900,0.4243,6520,247362,10873.858109
"Cijk_Alik_Bljk_BBS_BH_Bias_HA_S_SAV_UserArgs_MT192x192x64_MI16x16x1_SN_LDSB0_AFC0_AFEM1_AFEM1_ASEM1_CLR1_CADS0_DTLA0_DTLB0_DTVA0_DTVB0_EPS0_FDSI0_GRPM1_GRVWA8_GRVWB8_GSU0_GSUAMB_GLS0_ISA950_IU1_K1_LDSTI0_LBSPPA256_LBSPPB256_LBSPPM0_LPA16_LPB16_LPM0_LRVW8_LWPMn1_MIAV0_MIWT6_6_MO40_NTn1_NTA0_NTB0_NTC0_NTD0_NTM0_NEPBS0_NLCA1_NLCB1_ONLL1_PGR2_PLR1_PKA1_SIA3_SS1_SPO0_SRVW0_SSO0_SVW2_SK3_SKFTR0_SKXCCM0_TLDS1_ULSGRO0_USL1_UIOFGRO0_USFGRO0_VSn1_VWA2_VWB2_WSGRA0_WSGRB0_WS64_WG32_8_1",145120,17935785122,123592.786122,0.4006,0,343883,144157.235263
"Cijk_Alik_Bljk_BBS_BH_Bias_HA_S_SAV_UserArgs_MT256x192x64_MI16x16x1_SN_LDSB0_AFC0_AFEM1_AFEM1_ASEM1_CLR1_CADS0_DTLA0_DTLB0_DTVA0_DTVB0_EPS0_FDSI0_GRPM1_GRVWA8_GRVWB8_GSU0_GSUAMB_GLS0_ISA950_IU1_K1_LDSTI0_LBSPPA1024_LBSPPB256_LBSPPM0_LPA16_LPB16_LPM0_LRVW8_LWPMn1_MIAV0_MIWT8_6_MO40_NTn1_NTA0_NTB0_NTC0_NTD0_NTM0_NEPBS0_NLCA1_NLCB1_ONLL1_PGR2_PLR1_PKA1_SIA3_SS1_SPO0_SRVW0_SSO0_SVW8_SK3_SKFTR0_SKXCCM0_TLDS1_ULSGRO0_USL1_UIOFGRO0_USFGRO0_VSn1_VWA8_VWB2_WSGRA0_WSGRB0_WS64_WG32_8_1",198012,17715566509,89467.135876,0.3957,12480,541764,106882.025442
"Cijk_Alik_Bljk_BSS_BH_Bias_S_HA_S_SAV_UserArgs_MT16x16x1024_MI16x16x1_SN_LDSB1_AFC0_AFEM1_AFEM1_ASEM1_CLR1_CADS0_DTLA0_DTLB0_DTVA0_DTVB0_EPS0_FDSI0_GRPM1_GRVWA8_GRVWB8_GSU0_GSUAMB_GLS0_ISA950_IU1_K1_LDSTI0_LBSPPA2048_LBSPPB2048_LBSPPM0_LPA16_LPB16_LPM0_LRVW8_LWPMn1_MIAV0_MIWT1_1_MO40_NTn1_NTA0_NTB0_NTC0_NTD0_NTM0_NEPBS0_NLCA1_NLCB1_ONLL1_PGR2_PLR1_PKA1_SIA3_SS1_SPO0_SRVW0_SSO0_SVW1_SK3_SKFTR0_SKXCCM0_TLDS1_ULSGRO0_USL1_UIOFGRO0_USFGRO0_VSn1_VWA1_VWB1_WSGRA0_WSGRB0_WS64_WG16_4_4",1419100,17591166212,12396.001841,0.3929,10360,282562,12125.177652
"_causal_conv1d_fwd_kernel",826056,16805914074,20344.763641,0.3754,0,304522,21618.775514
"triton_poi_fused__to_copy_mul_sigmoid_slice_tanh_0",2116759,15670620470,7403.119802,0.3500,0,310962,9171.930180
"Cijk_Alik_Bljk_BBS_BH_Bias_HA_S_SAV_UserArgs_MT160x192x128_MI16x16x1_SN_LDSB1_AFC0_AFEM1_AFEM1_ASEM1_CLR0_CADS0_DTLA0_DTLB0_DTVA0_DTVB0_EPS0_FDSI0_GRPM1_GRVWA8_GRVWB8_GSU0_GSUAMB_GLS0_ISA950_IU1_K1_LDSTI0_LBSPPA512_LBSPPB256_LBSPPM0_LPA16_LPB16_LPM0_LRVW8_LWPMn1_MIAV0_MIWT10_3_MO40_NTn1_NTA0_NTB0_NTC1_NTD4_NTM0_NEPBS0_NLCA1_NLCB1_ONLL1_PGR2_PLR1_PKA1_SIA3_SS1_SPO0_SRVW0_SSO0_SVW2_SK3_SKFTR0_SKXCCM0_TLDS1_ULSGRO0_USL1_UIOFGRO0_USFGRO0_VSn1_VWA2_VWB1_WSGRA0_WSGRB0_WS64_WG16_16_1",233324,15478832693,66340.508019,0.3457,31520,347923,63834.289835
"merge_attn_states_kernel",299639,15276199158,50982.012215,0.3412,0,340883,57227.168399
"Cijk_Alik_Bljk_BBS_BH_Bias_HA_S_SAV_UserArgs_MT256x48x64_MI16x16x1_SN_LDSB1_AFC0_AFEM1_AFEM1_ASEM1_CLR1_CADS0_DTLA0_DTLB0_DTVA0_DTVB0_EPS0_FDSI0_GRPM1_GRVWA8_GRVWB4_GSU0_GSUAMB_GLS0_ISA950_IU1_K1_LDSTI0_LBSPPA512_LBSPPB128_LBSPPM0_LPA16_LPB16_LPM0_LRVW8_LWPMn1_MIAV0_MIWT4_3_MO40_NTn1_NTA4_NTB0_NTC0_NTD0_NTM0_NEPBS0_NLCA1_NLCB1_ONLL1_PGR2_PLR1_PKA1_SIA3_SS1_SPO0_SRVW0_SSO0_SVW4_SK3_SKFTR0_SKXCCM8_TLDS1_ULSGRO0_USL1_UIOFGRO0_USFGRO0_VSn1_VWA4_VWB1_WSGRA0_WSGRB0_WS64_WG64_4_1",947232,14357754062,15157.589758,0.3207,13040,271521,15172.442905
"void aiter::add_rmsnorm_quant_kernel<std::bfloat16_t, std::bfloat16_t, 256, 16, false, false, true, 1>(std::bfloat16_t*, std::bfloat16_t*, float*, std::bfloat16_t*, std::bfloat16_t*, std::bfloat16_t*, double, bool, int, int, int, int, int, int, int, bool, bool)",2093054,14343932455,6853.111508,0.3204,0,321802,8033.814205
"Cijk_Alik_Bljk_BBS_BH_Bias_HA_S_SAV_UserArgs_MT32x48x512_MI16x16x1_SN_LDSB1_AFC0_AFEM1_AFEM1_ASEM1_CLR1_CADS0_DTLA0_DTLB0_DTVA0_DTVB0_EPS0_FDSI0_GRPM1_GRVWA8_GRVWB8_GSU0_GSUAMB_GLS0_ISA950_IU1_K1_LDSTI0_LBSPPA2048_LBSPPB1024_LBSPPM0_LPA16_LPB16_LPM0_LRVW8_LWPMn1_MIAV1_MIWT2_3_MO40_NTn1_NTA4_NTB0_NTC3_NTD0_NTM0_NEPBS14_NLCA1_NLCB1_ONLL1_PGR2_PLR1_PKA1_SIA3_SS1_SPO0_SRVW0_SSO0_SVW2_SK3_SKFTR0_SKXCCM8_TLDS1_ULSGRO0_USL1_UIOFGRO0_USFGRO0_VSn1_VWA2_VWB1_WSGRA0_WSGRB0_WS64_WG16_4_4",516258,13730945543,26597.061049,0.3067,23761,293282,26327.645664
"Cijk_Alik_Bljk_BBS_BH_Bias_HA_S_SAV_UserArgs_MT16x16x512_MI16x16x1_SN_LDSB0_AFC0_AFEM1_AFEM1_ASEM1_CLR1_CADS0_DTLA1_DTLB1_DTVA0_DTVB0_EPS0_FDSI0_GRPM1_GRVWA8_GRVWB8_GSU0_GSUAMB_GLS0_ISA950_IU1_K1_LDSTI0_LBSPPA1024_LBSPPB1024_LBSPPM0_LPA16_LPB16_LPM0_LRVW8_LWPMn1_MIAV0_MIWT1_1_MO40_NTn1_NTA0_NTB0_NTC2_NTD1_NTM0_NEPBS0_NLCA1_NLCB1_ONLL1_PGR2_PLR1_PKA1_SIA3_SS0_SPO1_SRVW0_SSO0_SVW1_SK3_SKFTR0_SKXCCM0_TLDS2_ULSGRO0_USL1_UIOFGRO0_USFGRO1_VSn1_VWA1_VWB1_WSGRA0_WSGRB0_WS64_WG16_4_4",1419100,13332681875,9395.167272,0.2978,7480,275442,9104.529833
"hgemm_bf16_32x64x128x4_SPK1_W2x2x1_BLDS1_TN_AS1_0",1434525,13193574656,9197.173041,0.2947,6760,259522,9022.990150
"mfma_moe1_silu_mul_afp8_wfp4_fp8_t64x128x256_pm1_fp8q_sort_async_gui_situv2_sb4p0_slb25p0_v32",49312,13091983094,265492.843405,0.2924,188961,338483,262265.686510
"mfma_moe2_afp8_wfp4_bf16_cshuffle_t64x256x128_vscale_fix3_fp4opt_v1_pm1_acc0",70564,12584347056,178339.479848,0.2811,109321,333723,173629.880632
"Cijk_SB_BiasS_HAS_ScaleAlphaVec_PostGSU16_VW4",1507128,12365261526,8204.519806,0.2762,4800,259242,8116.498175
"chunk_gla_fwd_kernel_o",313640,12117612615,38635.418362,0.2706,0,323642,40329.655743
"_ZN5aiter37dynamic_per_group_scaled_quant_kernelIDF16bDB8_Li32ELi32ELb0ELi64ELb1EEEvPT0_PfPKT_PKfliilPKii",618072,11428104280,18489.923957,0.2552,0,332603,19792.024004
"void aiter::opus_moe_sorting_entry<aiter::MoeSortingMultiPhaseKernel_P23<aiter::MoeSortingProblemMp<int, float, int, 1, false, false, true> >, aiter::MoeSortingMultiPhaseKernel_P23<aiter::MoeSortingProblemMp<int, float, int, 1, false, false, true> >::Kargs>(aiter::MoeSortingMultiPhaseKernel_P23<aiter::MoeSortingProblemMp<int, float, int, 1, false, false, true> >::Kargs)",1744504,11273514669,6462.303709,0.2518,3920,308442,6072.856460
"mfma_moe2_afp8_wfp4_bf16_cshuffle_t32x128x128_vscale_fix3_fp4opt_v1_pm1",310224,10807426655,34837.493730,0.2414,5520,125521,35460.621692
"Cijk_Alik_Bljk_BBS_BH_Bias_HA_S_SAV_UserArgs_MT192x64x64_MI16x16x1_SN_LDSB1_AFC0_AFEM1_AFEM1_ASEM1_CLR1_CADS0_DTLA0_DTLB0_DTVA0_DTVB0_EPS0_FDSI0_GRPM1_GRVWA8_GRVWB8_GSU0_GSUAMB_GLS0_ISA950_IU1_K1_LDSTI0_LBSPPA256_LBSPPB256_LBSPPM0_LPA16_LPB16_LPM0_LRVW8_LWPMn1_MIAV0_MIWT6_2_MO40_NTn1_NTA4_NTB0_NTC0_NTD0_NTM0_NEPBS0_NLCA1_NLCB1_ONLL1_PGR2_PLR1_PKA1_SIA3_SS1_SPO0_SRVW0_SSO0_SVW2_SK3_SKFTR0_SKXCCM8_TLDS1_ULSGRO0_USL1_UIOFGRO0_USFGRO0_VSn1_VWA2_VWB2_WSGRA0_WSGRB0_WS64_WG32_8_1",436563,9211836593,21100.818423,0.2057,18401,134761,19692.819237
"chunk_kda_fwd_kernel_intra_sub_chunk",285609,9206610028,32235.013701,0.2056,0,38289371,78979.683889
"void aiter::opus_moe_sorting_entry<aiter::MoeSortingMultiPhaseKernel_P0_v2<aiter::MoeSortingProblemMp<int, float, int, 1, false, false, true> >, aiter::MoeSortingMultiPhaseKernel_P0_v2<aiter::MoeSortingProblemMp<int, float, int, 1, false, false, true> >::Kargs>(aiter::MoeSortingMultiPhaseKernel_P0_v2<aiter::MoeSortingProblemMp<int, float, int, 1, false, false, true> >::Kargs)",1744504,9096266164,5214.242079,0.2032,2720,268882,4989.910380
"hgemm_bf16_32x64x128x4_SPK1_W1x4x1_BLDS1_TN_AS1_0",1419100,8968645882,6319.953408,0.2003,4560,131161,6083.390924
"chunk_kda_fwd_kernel_inter_solve_fused",280307,8957568577,31956.278570,0.2001,0,305842,32091.985081
"Cijk_Alik_Bljk_BBS_BH_Bias_HA_S_SAV_UserArgs_MT256x208x64_MI16x16x1_SN_LDSB1_AFC0_AFEM1_AFEM1_ASEM1_CLR1_CADS0_DTLA0_DTLB0_DTVA0_DTVB0_EPS0_FDSI0_GRPM1_GRVWA8_GRVWB4_GSU0_GSUAMB_GLS0_ISA950_IU1_K1_LDSTI0_LBSPPA512_LBSPPB128_LBSPPM0_LPA16_LPB16_LPM0_LRVW8_LWPMn1_MIAV0_MIWT4_13_MO40_NTn1_NTA0_NTB0_NTC0_NTD0_NTM0_NEPBS0_NLCA1_NLCB1_ONLL1_PGR2_PLR1_PKA1_SIA3_SS1_SPO0_SRVW0_SSO0_SVW4_SK3_SKFTR0_SKXCCM0_TLDS1_ULSGRO0_USL1_UIOFGRO0_USFGRO0_VSn1_VWA4_VWB1_WSGRA0_WSGRB0_WS64_WG64_4_1",73522,8641926846,117542.053345,0.1930,0,674606,167682.603758
"recompute_w_u_fwd_kernel",281033,8056863522,28668.745386,0.1800,0,330883,29321.716869
"mfma_moe1_silu_mul_afp8_wfp4_fp8_t64x128x256_pm1_fp8q_sort_async_gui_xcd4_situv2_sb4p0_slb25p0_v32",21252,7696282921,362143.935677,0.1719,297642,441244,350704.996934
"Cijk_Alik_Bljk_BBS_BH_Bias_HA_S_SAV_UserArgs_MT256x176x64_MI16x16x1_SN_LDSB0_AFC0_AFEM1_AFEM1_ASEM1_CLR1_CADS0_DTLA0_DTLB0_DTVA0_DTVB0_EPS0_FDSI0_GRPM1_GRVWA8_GRVWB4_GSU0_GSUAMB_GLS0_ISA950_IU1_K1_LDSTI0_LBSPPA512_LBSPPB128_LBSPPM0_LPA16_LPB16_LPM0_LRVW8_LWPMn1_MIAV0_MIWT4_11_MO40_NTn1_NTA0_NTB0_NTC0_NTD0_NTM0_NEPBS0_NLCA1_NLCB1_ONLL1_PGR2_PLR1_PKA1_SIA3_SS1_SPO0_SRVW0_SSO0_SVW4_SK3_SKFTR0_SKXCCM0_TLDS1_ULSGRO0_USL1_UIOFGRO0_USFGRO0_VSn1_VWA4_VWB1_WSGRA0_WSGRB0_WS64_WG64_4_1",133816,7631633506,57030.799800,0.1705,13561,408163,64121.489643
"Cijk_Alik_Bljk_BBS_BH_Bias_HA_S_SAV_UserArgs_MT128x64x64_MI16x16x1_SN_LDSB1_AFC0_AFEM1_AFEM1_ASEM1_CLR1_CADS0_DTLA0_DTLB0_DTVA0_DTVB0_EPS0_FDSI0_GRPM1_GRVWA8_GRVWB8_GSU0_GSUAMB_GLS0_ISA950_IU1_K1_LDSTI0_LBSPPA512_LBSPPB256_LBSPPM0_LPA16_LPB16_LPM0_LRVW8_LWPMn1_MIAV0_MIWT4_2_MO40_NTn1_NTA4_NTB0_NTC0_NTD0_NTM0_NEPBS0_NLCA1_NLCB1_ONLL1_PGR2_PLR1_PKA1_SIA3_SS1_SPO0_SRVW0_SSO0_SVW4_SK3_SKFTR0_SKXCCM8_TLDS1_ULSGRO0_USL1_UIOFGRO0_USFGRO0_VSn1_VWA4_VWB2_WSGRA0_WSGRB0_WS64_WG32_8_1",498180,7342582760,14738.814806,0.1640,13480,135601,12205.819122
"Cijk_Alik_Bljk_BBS_BH_Bias_HA_S_SAV_UserArgs_MT32x16x64_MI16x16x1_SN_LDSB0_AFC0_AFEM1_AFEM1_ASEM1_CLR0_CADS0_DTLA1_DTLB1_DTVA0_DTVB0_EPS0_FDSI0_GRPM1_GRVWA8_GRVWB8_GSU0_GSUAMB_GLS0_ISA950_IU1_K1_LDSTI0_LBSPPA1024_LBSPPB1024_LBSPPM0_LPA16_LPB16_LPM0_LRVW8_LWPMn1_MIAV0_MIWT2_1_MO40_NTn1_NTA0_NTB0_NTC3_NTD1_NTM0_NEPBS10_NLCA1_NLCB1_ONLL1_PGR2_PLR1_PKA1_SIA3_SS1_SPO1_SRVW0_SSO0_SVW2_SK3_SKFTR0_SKXCCM0_TLDS2_ULSGRO0_USL1_UIOFGRO0_USFGROn1_VSn1_VWA2_VWB1_WSGRA0_WSGRB0_WS64_WG16_4_1",1064877,6948816703,6525.464164,0.1552,4160,129121,5741.597772
"Cijk_Alik_Bljk_BBS_BH_Bias_HA_S_SAV_UserArgs_MT192x224x64_MI16x16x1_SN_LDSB0_AFC0_AFEM1_AFEM1_ASEM1_CLR1_CADS0_DTLA0_DTLB0_DTVA0_DTVB0_EPS0_FDSI0_GRPM1_GRVWA8_GRVWB8_GSU0_GSUAMB_GLS0_ISA950_IU1_K1_LDSTI0_LBSPPA256_LBSPPB128_LBSPPM0_LPA16_LPB16_LPM0_LRVW8_LWPMn1_MIAV0_MIWT6_7_MO40_NTn1_NTA0_NTB0_NTC0_NTD0_NTM0_NEPBS0_NLCA1_NLCB1_ONLL1_PGR2_PLR1_PKA1_SIA3_SS1_SPO0_SRVW0_SSO0_SVW2_SK3_SKFTR0_SKXCCM0_TLDS1_ULSGRO0_USL1_UIOFGRO0_USFGRO0_VSn1_VWA2_VWB1_WSGRA0_WSGRB0_WS64_WG32_8_1",44348,5588544066,126015.695544,0.1248,17040,351083,117530.500235
"kda_gate_chunk_cumsum_vector_kernel",283394,5113296326,18043.064871,0.1142,0,285162,16404.222167
"void aiter::opus_moe_sorting_entry<aiter::MoeSortingMultiPhaseKernel_P23<aiter::MoeSortingProblemMp<int, float, unsigned char, 16, false, false, true> >, aiter::MoeSortingMultiPhaseKernel_P23<aiter::MoeSortingProblemMp<int, float, unsigned char, 16, false, false, true> >::Kargs>(aiter::MoeSortingMultiPhaseKernel_P23<aiter::MoeSortingProblemMp<int, float, unsigned char, 16, false, false, true> >::Kargs)",348550,4868097537,13966.712199,0.1087,0,293082,12608.602261
"layer_norm_gated_fwd_kernel",275352,4628076559,16807.855251,0.1034,0,289242,17149.296633
"_dcp_a2a_pack_send_kernel",508621,4583423775,9011.471754,0.1024,0,133761,8539.208401
"void kn_mla_reduce_v1_ps<MlaReduceKernelV1Traits<512, 16, 1>, float, std::bfloat16_t>(MlaReduceKernelV1Params, MlaReduceKernelV1Configs)",508621,4433751830,8717.201669,0.0990,0,137281,8506.300451
"Cijk_Alik_Bljk_BBS_BH_Bias_HA_S_SAV_UserArgs_MT32x16x1024_MI16x16x1_SN_LDSB1_AFC0_AFEM1_AFEM1_ASEM1_CLR1_CADS0_DTLA0_DTLB0_DTVA0_DTVB0_EPS0_FDSI0_GRPM1_GRVWA8_GRVWB8_GSU0_GSUAMB_GLS0_ISA950_IU1_K1_LDSTI0_LBSPPA2048_LBSPPB2048_LBSPPM0_LPA16_LPB16_LPM0_LRVW8_LWPMn1_MIAV0_MIWT2_1_MO40_NTn1_NTA4_NTB0_NTC0_NTD0_NTM0_NEPBS0_NLCA1_NLCB1_ONLL1_PGR2_PLR1_PKA1_SIA3_SS1_SPO0_SRVW0_SSO0_SVW1_SK3_SKFTR0_SKXCCM8_TLDS1_ULSGRO0_USL1_UIOFGRO0_USFGRO0_VSn1_VWA1_VWB1_WSGRA0_WSGRB0_WS64_WG16_4_4",236946,4432634648,18707.362218,0.0990,16640,36280,18169.524875
"l2norm_fwd_kernel2",550704,4392396754,7975.966679,0.0981,0,273962,8101.734954
"_batched_gemm_a16wfp4_kernel_BLOCK_SIZE_M_64_BLOCK_SIZE_N_128_BLOCK_SIZE_K_256_GROUP_SIZE_M_1_NUM_KSPLIT_1_SPLITK_BLOCK_SIZE_512_EVEN_K_1_GRID_MN_1_PRE_QUANT_1_HAVE_Y_SCALE_0_cache_modifier_CG",421621,4376124220,10379.284286,0.0977,0,130201,10206.869082
"void kn_get_mla_metadata_v1_2<MlaMetadataV12Traits<128, false, 1, true, false> >(MlaMetadataV1KernelParameter)",21193,4218905751,199070.719153,0.0942,29280,250562,28946.192590
"hgemm_bf16_16x64x128x4_SPK1_W1x2x1_BLDS1_TN_AS1_0",616760,4114912118,6671.820673,0.0919,4280,251362,1019.078008
"Cijk_Alik_Bljk_BBS_BH_Bias_HA_S_SAV_UserArgs_MT32x32x512_MI16x16x1_SN_LDSB0_AFC0_AFEM1_AFEM1_ASEM1_CLR1_CADS0_DTLA1_DTLB1_DTVA0_DTVB0_EPS0_FDSI0_GRPM1_GRVWA8_GRVWB8_GSU0_GSUAMB_GLS0_ISA950_IU1_K1_LDSTI0_LBSPPA1024_LBSPPB1024_LBSPPM0_LPA16_LPB16_LPM0_LRVW8_LWPMn1_MIAV1_MIWT1_1_MO40_NTn1_NTA4_NTB0_NTC3_NTD0_NTM0_NEPBS16_NLCA1_NLCB1_ONLL1_PGR2_PLR1_PKA1_SIA3_SS1_SPO0_SRVW0_SSO0_SVW1_SK3_SKFTR0_SKXCCM0_TLDS2_ULSGRO0_USL1_UIOFGRO0_USFGRO0_VSn1_VWA1_VWB1_WSGRA0_WSGRB0_WS64_WG32_8_1",179170,4069732426,22714.363041,0.0909,20400,120201,963.566925
"mfma_moe1_silu_mul_afp8_wfp4_fp8_t32x128x256_pm1_fp8q_sort_async_gui_xcd4_situv2_sb4p0_slb25p0_v32",64032,3944382113,61600.170430,0.0881,19640,219802,39768.771758
"void at::native::elementwise_kernel_manual_unroll<128, 8, at::native::gpu_kernel_impl_nocast<at::native::float8_copy_kernel_cuda(at::TensorIteratorBase&)::{lambda(c10::Float8_e4m3fn)#1}>(at::TensorIteratorBase&, at::native::float8_copy_kernel_cuda(at::TensorIteratorBase&)::{lambda(c10::Float8_e4m3fn)#1} const&)::{lambda(int, bool)#1}>(int, at::native::gpu_kernel_impl_nocast<at::native::float8_copy_kernel_cuda(at::TensorIteratorBase&)::{lambda(c10::Float8_e4m3fn)#1}>(at::TensorIteratorBase&, at::native::float8_copy_kernel_cuda(at::TensorIteratorBase&)::{lambda(c10::Float8_e4m3fn)#1} const&)::{lambda(int, bool)#1})",508525,3877481449,7624.957375,0.0866,0,136841,838.780333
"void aiter::mxfp4_moe_sort_kernel<256, 32, 16, 32>(unsigned char*, unsigned char*, int const*, int const*, int, int, int, int, int)",364190,3563595305,9784.989442,0.0796,0,284482,2454.832224
"void at::native::vectorized_elementwise_kernel<8, at::native::sigmoid_kernel_cuda(at::TensorIteratorBase&)::{lambda()#2}::operator()() const::{lambda()#4}::operator()() const::{lambda(c10::BFloat16)#1}, std::array<char*, 2ul> >(int, at::native::sigmoid_kernel_cuda(at::TensorIteratorBase&)::{lambda()#2}::operator()() const::{lambda()#4}::operator()() const::{lambda(c10::BFloat16)#1}, std::array<char*, 2ul>)",546013,3465595372,6347.093150,0.0774,0,285243,3206.039025
"void vllm::concat_and_cache_mla_kernel<__hip_bfloat16, unsigned char, (vllm::Fp8KVCacheDataType)1>(__hip_bfloat16 const*, __hip_bfloat16 const*, unsigned char*, long const*, int, int, int, int, int, int, int, float const*)",545990,3430526775,6283.131147,0.0766,0,258763,3006.410682
"Cijk_Alik_Bljk_BBS_BH_Bias_HA_S_SAV_UserArgs_MT256x160x64_MI16x16x1_SN_LDSB0_AFC0_AFEM1_AFEM1_ASEM1_CLR1_CADS0_DTLA0_DTLB0_DTVA0_DTVB0_EPS0_FDSI0_GRPM1_GRVWA8_GRVWB8_GSU0_GSUAMB_GLS0_ISA950_IU1_K1_LDSTI0_LBSPPA1024_LBSPPB128_LBSPPM0_LPA16_LPB16_LPM0_LRVW8_LWPMn1_MIAV0_MIWT8_5_MO40_NTn1_NTA0_NTB0_NTC0_NTD0_NTM0_NEPBS0_NLCA1_NLCB1_ONLL1_PGR2_PLR1_PKA1_SIA3_SS1_SPO0_SRVW0_SSO0_SVW8_SK3_SKFTR0_SKXCCM0_TLDS1_ULSGRO0_USL1_UIOFGRO0_USFGRO0_VSn1_VWA8_VWB1_WSGRA0_WSGRB0_WS64_WG32_8_1",47091,3368950190,71541.275191,0.0752,0,248282,42150.033673
"void at::native::vectorized_elementwise_kernel<8, at::native::BinaryFunctor<c10::BFloat16, c10::BFloat16, c10::BFloat16, at::native::binary_internal::MulFunctor<float> >, std::array<char*, 3ul> >(int, at::native::BinaryFunctor<c10::BFloat16, c10::BFloat16, c10::BFloat16, at::native::binary_internal::MulFunctor<float> >, std::array<char*, 3ul>)",546013,3328866491,6096.679916,0.0744,0,64480,2535.663438
"void at::native::vectorized_elementwise_kernel<4, at::native::FillFunctor<int>, std::array<char*, 1ul> >(int, at::native::FillFunctor<int>, std::array<char*, 1ul>)",179913,3240841462,18013.381256,0.0724,520,321322,17160.075079
"void aiter::add_rmsnorm_quant_kernel<std::bfloat16_t, std::bfloat16_t, 256, 8, false, false, true, 1>(std::bfloat16_t*, std::bfloat16_t*, float*, std::bfloat16_t*, std::bfloat16_t*, std::bfloat16_t*, double, bool, int, int, int, int, int, int, int, bool, bool)",546014,3170632486,5806.870311,0.0708,0,273723,1818.132388
"Cijk_SB_BiasS_HAS_ScaleAlphaVec_PostGSU8_VW4",563174,3112041531,5525.897025,0.0695,2760,136561,1552.879230
"Cijk_Alik_Bljk_BSS_BH_Bias_S_HA_S_SAV_UserArgs_MT16x16x1024_MI16x16x1_SN_LDSB1_AFC0_AFEM1_AFEM1_ASEM1_CLR1_CADS0_DTLA0_DTLB0_DTVA0_DTVB0_EPS0_FDSI0_GRPM1_GRVWA8_GRVWB8_GSU0_GSUAMB_GLS0_ISA950_IU1_K1_LDSTI0_LBSPPA2048_LBSPPB2048_LBSPPM0_LPA16_LPB16_LPM0_LRVW8_LWPMn1_MIAV0_MIWT1_1_MO40_NTn1_NTA4_NTB0_NTC0_NTD0_NTM0_NEPBS0_NLCA1_NLCB1_ONLL1_PGR2_PLR1_PKA1_SIA3_SS1_SPO0_SRVW0_SSO0_SVW1_SK3_SKFTR0_SKXCCM8_TLDS1_ULSGRO0_USL1_UIOFGRO0_USFGRO0_VSn1_VWA1_VWB1_WSGRA0_WSGRB0_WS64_WG16_4_4",251344,3066385950,12199.956832,0.0685,10640,23360,595.245207
"_dcp_a2a_unpack_combine_kernel",508621,3001550003,5901.348947,0.0670,0,108561,805.260278
"_gemm_a16_w16_kernel_BLOCK_SIZE_M_32_BLOCK_SIZE_N_32_BLOCK_SIZE_K_256_GROUP_SIZE_M_1_NUM_KSPLIT_1_SPLITK_BLOCK_SIZE_1536_EVEN_K_1_EVEN_MN_0_cache_modifier_CG_activation_NONE_use_activation_0_ADD_BIAS_0_SKIP_REDUCE_0",308016,2992833558,9716.487319,0.0668,7360,36041,719.336882
"fused_recurrent_kda_fwd_kernel",167919,2973735603,17709.345595,0.0664,0,206642,3064.076410
"hgemm_bf16_32x64x128x3_SPK7_W1x4x1_BLDS1_TN_AS1_0",310416,2883971998,9290.668000,0.0644,6720,27121,673.190599
"Cijk_Alik_Bljk_BBS_BH_Bias_HA_S_SAV_UserArgs_MT16x16x512_MI16x16x1_SN_LDSB0_AFC0_AFEM1_AFEM1_ASEM1_CLR1_CADS0_DTLA1_DTLB1_DTVA0_DTVB0_EPS0_FDSI0_GRPM1_GRVWA8_GRVWB8_GSU0_GSUAMB_GLS0_ISA950_IU1_K1_LDSTI0_LBSPPA1024_LBSPPB1024_LBSPPM0_LPA16_LPB16_LPM0_LRVW8_LWPMn1_MIAV0_MIWT1_1_MO40_NTn1_NTA4_NTB0_NTC2_NTD1_NTM0_NEPBS0_NLCA1_NLCB1_ONLL1_PGR2_PLR1_PKA1_SIA3_SS0_SPO1_SRVW0_SSO0_SVW1_SK3_SKFTR0_SKXCCM0_TLDS2_ULSGRO0_USL1_UIOFGRO0_USFGRO1_VSn1_VWA1_VWB1_WSGRA0_WSGRB0_WS64_WG16_4_4",306176,2849027359,9305.194917,0.0636,6960,32160,580.499132
"void aiter::add_rmsnorm_quant_kernel<std::bfloat16_t, std::bfloat16_t, 64, 8, false, false, true, 1>(std::bfloat16_t*, std::bfloat16_t*, float*, std::bfloat16_t*, std::bfloat16_t*, std::bfloat16_t*, double, bool, int, int, int, int, int, int, int, bool, bool)",546014,2834944788,5192.073441,0.0633,0,91680,741.969521
"hgemm_bf16_48x64x64x7_SPK7_W1x2x1_BLDS1_TN_AS1_0",209040,2821407169,13496.972680,0.0630,8600,31360,670.827599
"triton_poi_fused__to_copy_cat_clamp_mul_reciprocal_view_0",509681,2805634043,5504.686349,0.0627,0,182082,841.079480
"void (anonymous namespace)::elementwise_kernel_with_index<int, at::native::arange_cuda_out(c10::Scalar const&, c10::Scalar const&, c10::Scalar const&, at::Tensor&)::{lambda()#1}::operator()() const::{lambda()#3}::operator()() const::{lambda(long)#1}>(int, at::native::arange_cuda_out(c10::Scalar const&, c10::Scalar const&, c10::Scalar const&, at::Tensor&)::{lambda()#1}::operator()() const::{lambda()#3}::operator()() const::{lambda(long)#1}, function_traits<at::native::arange_cuda_out(c10::Scalar const&, c10::Scalar const&, c10::Scalar const&, at::Tensor&)::{lambda()#1}::operator()() const::{lambda()#3}::operator()() const::{lambda(long)#1}>::result_type*)",599696,2789755044,4651.948727,0.0623,0,124721,1389.340328
"void at::native::index_elementwise_kernel<128, 4, at::native::gpu_index_kernel<at::native::index_kernel_impl<at::native::OpaqueType<4> >(at::TensorIteratorBase&, c10::ArrayRef<long>, c10::ArrayRef<long>)::{lambda(char*, char const*, long)#1}>(at::TensorIteratorBase&, c10::ArrayRef<long>, c10::ArrayRef<long>, at::native::index_kernel_impl<at::native::OpaqueType<4> >(at::TensorIteratorBase&, c10::ArrayRef<long>, c10::ArrayRef<long>)::{lambda(char*, char const*, long)#1} const&, bool)::{lambda(int)#1}>(long, at::native::gpu_index_kernel<at::native::index_kernel_impl<at::native::OpaqueType<4> >(at::TensorIteratorBase&, c10::ArrayRef<long>, c10::ArrayRef<long>)::{lambda(char*, char const*, long)#1}>(at::TensorIteratorBase&, c10::ArrayRef<long>, c10::ArrayRef<long>, at::native::index_kernel_impl<at::native::OpaqueType<4> >(at::TensorIteratorBase&, c10::ArrayRef<long>, c10::ArrayRef<long>)::{lambda(char*, char const*, long)#1} const&, bool)::{lambda(int)#1})",531183,2745618893,5168.875685,0.0613,0,133081,779.349376
"void at::native::elementwise_kernel_manual_unroll<128, 4, at::native::gpu_kernel_impl_nocast<at::native::(anonymous namespace)::masked_fill_kernel(at::TensorIterator&, c10::Scalar const&)::{lambda()#1}::operator()() const::{lambda()#7}::operator()() const::{lambda(float, bool)#1}>(at::TensorIteratorBase&, at::native::(anonymous namespace)::masked_fill_kernel(at::TensorIterator&, c10::Scalar const&)::{lambda()#1}::operator()() const::{lambda()#7}::operator()() const::{lambda(float, bool)#1} const&)::{lambda(int, bool)#1}>(int, at::native::gpu_kernel_impl_nocast<at::native::(anonymous namespace)::masked_fill_kernel(at::TensorIterator&, c10::Scalar const&)::{lambda()#1}::operator()() const::{lambda()#7}::operator()() const::{lambda(float, bool)#1}>(at::TensorIteratorBase&, at::native::(anonymous namespace)::masked_fill_kernel(at::TensorIterator&, c10::Scalar const&)::{lambda()#1}::operator()() const::{lambda()#7}::operator()() const::{lambda(float, bool)#1} const&)::{lambda(int, bool)#1})",508621,2723152848,5353.992163,0.0608,0,289362,870.732036
"void at::native::vectorized_elementwise_kernel<4, at::native::AUnaryFunctor<int, int, bool, at::native::(anonymous namespace)::CompareEqFunctor<int> >, std::array<char*, 2ul> >(int, at::native::AUnaryFunctor<int, int, bool, at::native::(anonymous namespace)::CompareEqFunctor<int> >, std::array<char*, 2ul>)",508621,2627481837,5165.893341,0.0587,0,96641,701.229872
"void at::native::vectorized_elementwise_kernel<16, at::native::BinaryFunctor<bool, bool, bool, at::native::BitwiseOrFunctor<bool> >, std::array<char*, 3ul> >(int, at::native::BinaryFunctor<bool, bool, bool, at::native::BitwiseOrFunctor<bool> >, std::array<char*, 3ul>)",508621,2623078874,5157.236673,0.0586,0,110760,735.079944
"void at::native::vectorized_elementwise_kernel<4, at::native::(anonymous namespace)::launch_clamp_scalar(at::TensorIteratorBase&, c10::Scalar, c10::Scalar, at::native::detail::ClampLimits)::{lambda()#1}::operator()() const::{lambda()#4}::operator()() const::{lambda(long)#1}, std::array<char*, 2ul> >(int, at::native::(anonymous namespace)::launch_clamp_scalar(at::TensorIteratorBase&, c10::Scalar, c10::Scalar, at::native::detail::ClampLimits)::{lambda()#1}::operator()() const::{lambda()#4}::operator()() const::{lambda(long)#1}, std::array<char*, 2ul>)",508621,2621723632,5154.572131,0.0586,0,128041,737.953672
"void at::native::elementwise_kernel_manual_unroll<128, 8, at::native::gpu_kernel_impl_nocast<at::native::(anonymous namespace)::CompareFunctor<int> >(at::TensorIteratorBase&, at::native::(anonymous namespace)::CompareFunctor<int> const&)::{lambda(int, bool)#1}>(int, at::native::gpu_kernel_impl_nocast<at::native::(anonymous namespace)::CompareFunctor<int> >(at::TensorIteratorBase&, at::native::(anonymous namespace)::CompareFunctor<int> const&)::{lambda(int, bool)#1})",508525,2617127818,5146.507680,0.0585,0,133481,725.881188
"void at::native::(anonymous namespace)::searchsorted_cuda_kernel<int, long>(long*, int const*, int const*, long const*, long, long, long, bool, bool)",508621,2616227799,5143.766771,0.0584,0,177721,802.311970
"_batched_gemm_a16wfp4_kernel_BLOCK_SIZE_M_64_BLOCK_SIZE_N_128_BLOCK_SIZE_K_128_GROUP_SIZE_M_1_NUM_KSPLIT_1_SPLITK_BLOCK_SIZE_128_EVEN_K_1_GRID_MN_4_PRE_QUANT_1_HAVE_Y_SCALE_1_cache_modifier_CG",421621,2538815032,6021.557351,0.0567,0,24441,633.125136
"void at::native::(anonymous namespace)::CatArrayBatchedCopy_contig<at::native::(anonymous namespace)::OpaqueType<2u>, unsigned int, 4, 128, 1>(at::native::(anonymous namespace)::OpaqueType<2u>*, at::native::(anonymous namespace)::CatArrInputTensorMetadata<at::native::(anonymous namespace)::OpaqueType<2u>, unsigned int, 128, 1>, at::native::(anonymous namespace)::TensorSizeStride<unsigned int, 4u>, int, unsigned int)",167919,2470472370,14712.286102,0.0552,0,145002,6800.859441
"hgemm_bf16_64x64x64x5_SPK7_W2x2x1_BLDS1_TN_AS1_0",148824,2136509663,14355.948389,0.0477,12400,27681,672.322152
"void at::native::elementwise_kernel_manual_unroll<128, 4, at::native::gpu_kernel_impl<at::native::direct_copy_kernel_cuda(at::TensorIteratorBase&)::{lambda()#3}::operator()() const::{lambda()#4}::operator()() const::{lambda(long)#1}>(at::TensorIteratorBase&, at::native::direct_copy_kernel_cuda(at::TensorIteratorBase&)::{lambda()#3}::operator()() const::{lambda()#4}::operator()() const::{lambda(long)#1} const&)::{lambda(int, bool)#1}>(int, at::native::gpu_kernel_impl<at::native::direct_copy_kernel_cuda(at::TensorIteratorBase&)::{lambda()#3}::operator()() const::{lambda()#4}::operator()() const::{lambda(long)#1}>(at::TensorIteratorBase&, at::native::direct_copy_kernel_cuda(at::TensorIteratorBase&)::{lambda()#3}::operator()() const::{lambda()#4}::operator()() const::{lambda(long)#1} const&)::{lambda(int, bool)#1})",343609,1781000847,5183.219435,0.0398,0,292162,1993.748233
"void at::native::vectorized_elementwise_kernel<8, at::native::FillFunctor<c10::BFloat16>, std::array<char*, 1ul> >(int, at::native::FillFunctor<c10::BFloat16>, std::array<char*, 1ul>)",332490,1758090373,5287.648871,0.0393,0,283162,1554.295089
"void at::native::index_elementwise_kernel<128, 4, at::native::gpu_index_kernel<at::native::index_put_kernel_impl<at::native::OpaqueType<4> >(at::TensorIterator&, c10::ArrayRef<long>, c10::ArrayRef<long>)::{lambda(char*, char const*, long)#1}>(at::TensorIteratorBase&, c10::ArrayRef<long>, c10::ArrayRef<long>, at::native::index_put_kernel_impl<at::native::OpaqueType<4> >(at::TensorIterator&, c10::ArrayRef<long>, c10::ArrayRef<long>)::{lambda(char*, char const*, long)#1} const&, bool)::{lambda(int)#1}>(long, at::native::gpu_index_kernel<at::native::index_put_kernel_impl<at::native::OpaqueType<4> >(at::TensorIterator&, c10::ArrayRef<long>, c10::ArrayRef<long>)::{lambda(char*, char const*, long)#1}>(at::TensorIteratorBase&, c10::ArrayRef<long>, c10::ArrayRef<long>, at::native::index_put_kernel_impl<at::native::OpaqueType<4> >(at::TensorIterator&, c10::ArrayRef<long>, c10::ArrayRef<long>)::{lambda(char*, char const*, long)#1} const&, bool)::{lambda(int)#1})",275352,1713569325,6223.195492,0.0383,0,304723,1480.815566
"Cijk_Alik_Bljk_BBS_BH_Bias_HA_S_SAV_UserArgs_MT192x32x64_MI16x16x1_SN_LDSB1_AFC0_AFEM1_AFEM1_ASEM1_CLR1_CADS0_DTLA0_DTLB0_DTVA0_DTVB0_EPS0_FDSI0_GRPM1_GRVWA8_GRVWB8_GSU0_GSUAMB_GLS0_ISA950_IU1_K1_LDSTI0_LBSPPA256_LBSPPB128_LBSPPM0_LPA16_LPB16_LPM0_LRVW8_LWPMn1_MIAV0_MIWT6_1_MO40_NTn1_NTA4_NTB0_NTC0_NTD0_NTM0_NEPBS0_NLCA1_NLCB1_ONLL1_PGR2_PLR1_PKA1_SIA3_SS1_SPO0_SRVW0_SSO0_SVW2_SK3_SKFTR0_SKXCCM8_TLDS1_ULSGRO0_USL1_UIOFGRO0_USFGRO0_VSn1_VWA2_VWB1_WSGRA0_WSGRB0_WS64_WG32_8_1",90114,1703311001,18901.735590,0.0380,17320,30960,821.247108
"Cijk_Alik_Bljk_BSS_BH_Bias_S_HA_S_SAV_UserArgs_MT224x224x64_MI16x16x1_SN_LDSB1_AFC0_AFEM1_AFEM1_ASEM1_CLR1_CADS0_DTLA0_DTLB0_DTVA0_DTVB0_EPS0_FDSI0_GRPM1_GRVWA8_GRVWB8_GSU0_GSUAMB_GLS0_ISA950_IU1_K1_LDSTI0_LBSPPA128_LBSPPB128_LBSPPM0_LPA16_LPB16_LPM0_LRVW8_LWPMn1_MIAV0_MIWT7_7_MO40_NTn1_NTA0_NTB0_NTC0_NTD0_NTM0_NEPBS0_NLCA1_NLCB1_ONLL1_PGR2_PLR1_PKA1_SIA3_SS1_SPO0_SRVW0_SSO0_SVW1_SK3_SKFTR0_SKXCCM0_TLDS1_ULSGRO0_USL1_UIOFGRO0_USFGRO0_VSn1_VWA1_VWB1_WSGRA0_WSGRB0_WS64_WG32_8_1",22816,1625637195,71249.877060,0.0363,47200,171401,23556.456522
"void aiter::mxfp4_moe_sort_kernel<256, 64, 4, 32>(unsigned char*, unsigned char*, int const*, int const*, int, int, int, int, int)",253882,1620161640,6381.553793,0.0362,0,326522,1984.496762
"void aiter::opus_moe_sorting_entry<aiter::MoeSortingClearWorkspaceKernel<aiter::MoeSortingClearWorkspaceProblem<false, 1024, 1> >, aiter::MoeSortingClearWorkspaceKernel<aiter::MoeSortingClearWorkspaceProblem<false, 1024, 1> >::Kargs>(aiter::MoeSortingClearWorkspaceKernel<aiter::MoeSortingClearWorkspaceProblem<false, 1024, 1> >::Kargs)",275134,1452570196,5279.500883,0.0324,0,288883,1856.815832
"Cijk_Alik_Bljk_BBS_BH_Bias_HA_S_SAV_UserArgs_MT224x224x64_MI16x16x1_SN_LDSB1_AFC0_AFEM1_AFEM1_ASEM1_CLR1_CADS0_DTLA0_DTLB0_DTVA0_DTVB0_EPS0_FDSI0_GRPM1_GRVWA8_GRVWB8_GSU0_GSUAMB_GLS0_ISA950_IU1_K1_LDSTI0_LBSPPA128_LBSPPB128_LBSPPM0_LPA16_LPB16_LPM0_LRVW8_LWPMn1_MIAV0_MIWT7_7_MO40_NTn1_NTA0_NTB0_NTC0_NTD0_NTM0_NEPBS0_NLCA1_NLCB1_ONLL1_PGR2_PLR1_PKA1_SIA3_SS1_SPO0_SRVW0_SSO0_SVW1_SK3_SKFTR0_SKXCCM0_TLDS1_ULSGRO0_USL1_UIOFGRO0_USFGRO0_VSn1_VWA1_VWB1_WSGRA0_WSGRB0_WS64_WG32_8_1",8230,1422477603,172840.534994,0.0318,45800,418964,87348.933546
"_gather_initial_states_kernel",275352,1390350710,5049.357586,0.0311,0,323083,1367.399378
"void aiter::opus_moe_sorting_entry<aiter::MoeSortingMultiPhaseKernel_P0_v1<aiter::MoeSortingProblemMp<int, float, unsigned char, 4, false, false, true> >, aiter::MoeSortingMultiPhaseKernel_P0_v1<aiter::MoeSortingProblemMp<int, float, unsigned char, 4, false, false, true> >::Kargs>(aiter::MoeSortingMultiPhaseKernel_P0_v1<aiter::MoeSortingProblemMp<int, float, unsigned char, 4, false, false, true> >::Kargs)",275134,1389804554,5051.373345,0.0310,0,290403,1210.726943
"Cijk_Alik_Bljk_BBS_BH_Bias_HA_S_SAV_UserArgs_MT320x192x64_MI16x16x1_SN_LDSB1_AFC0_AFEM1_AFEM1_ASEM1_CLR0_CADS0_DTLA0_DTLB0_DTVA0_DTVB0_EPS0_FDSI0_GRPM1_GRVWA8_GRVWB8_GSU0_GSUAMB_GLS0_ISA950_IU1_K1_LDSTI0_LBSPPA256_LBSPPB256_LBSPPM0_LPA16_LPB16_LPM0_LRVW8_LWPMn1_MIAV0_MIWT10_6_MO40_NTn1_NTA0_NTB0_NTC0_NTD4_NTM0_NEPBS0_NLCA1_NLCB1_ONLL1_PGR2_PLR1_PKA1_SIA3_SS1_SPO1_SRVW0_SSO1_SVW2_SK3_SKFTR0_SKXCCM0_TLDS2_ULSGRO0_USL1_UIOFGRO0_USFGRO0_VSn1_VWA2_VWB2_WSGRA0_WSGRB0_WS64_WG32_8_1",19522,1385273877,70959.628983,0.0309,42321,559285,67880.248260
"void aiter::opus_moe_sorting_entry<aiter::MoeSortingMultiPhaseKernel_P1<aiter::MoeSortingProblemMp<int, float, unsigned char, 16, false, false, true> >, aiter::MoeSortingMultiPhaseKernel_P1<aiter::MoeSortingProblemMp<int, float, unsigned char, 16, false, false, true> >::Kargs>(aiter::MoeSortingMultiPhaseKernel_P1<aiter::MoeSortingProblemMp<int, float, unsigned char, 16, false, false, true> >::Kargs)",275134,1351560560,4912.372008,0.0302,0,299722,1039.786989
"hgemm_bf16_64x128x128x3_SPK1_W2x4x2_BLDS1_TN_AS1_0",30392,1271849323,41848.161457,0.0284,36440,159322,1774.834764
"Cijk_Alik_Bljk_BBS_BH_Bias_HA_S_SAV_UserArgs_MT224x160x64_MI16x16x1_SN_LDSB0_AFC0_AFEM1_AFEM1_ASEM1_CLR1_CADS0_DTLA0_DTLB0_DTVA0_DTVB0_EPS0_FDSI0_GRPM1_GRVWA8_GRVWB8_GSU0_GSUAMB_GLS0_ISA950_IU1_K1_LDSTI0_LBSPPA128_LBSPPB128_LBSPPM0_LPA16_LPB16_LPM0_LRVW8_LWPMn1_MIAV0_MIWT7_5_MO40_NTn1_NTA0_NTB0_NTC0_NTD0_NTM0_NEPBS0_NLCA1_NLCB1_ONLL1_PGR2_PLR1_PKA1_SIA3_SS1_SPO0_SRVW0_SSO0_SVW1_SK3_SKFTR0_SKXCCM0_TLDS1_ULSGRO0_USL1_UIOFGRO0_USFGRO0_VSn1_VWA1_VWB1_WSGRA0_WSGRB0_WS64_WG32_8_1",19967,1133731847,56780.279812,0.0253,22760,222602,45383.201389
"Cijk_Alik_Bljk_BBS_BH_Bias_HA_S_SAV_UserArgs_MT32x16x64_MI16x16x1_SN_LDSB0_AFC0_AFEM1_AFEM1_ASEM1_CLR0_CADS0_DTLA1_DTLB1_DTVA0_DTVB0_EPS0_FDSI0_GRPM1_GRVWA8_GRVWB8_GSU0_GSUAMB_GLS0_ISA950_IU1_K1_LDSTI0_LBSPPA1024_LBSPPB1024_LBSPPM0_LPA16_LPB16_LPM0_LRVW8_LWPMn1_MIAV0_MIWT2_1_MO40_NTn1_NTA4_NTB0_NTC3_NTD1_NTM0_NEPBS10_NLCA1_NLCB1_ONLL1_PGR2_PLR1_PKA1_SIA3_SS1_SPO1_SRVW0_SSO0_SVW2_SK3_SKFTR0_SKXCCM0_TLDS2_ULSGRO0_USL1_UIOFGRO0_USFGROn1_VSn1_VWA2_VWB1_WSGRA0_WSGRB0_WS64_WG16_4_1",185932,1108636414,5962.590700,0.0248,4240,231121,1071.215700
"Cijk_Alik_Bljk_BSS_BH_Bias_S_HA_S_SAV_UserArgs_MT128x96x128_MI16x16x1_SN_LDSB1_AFC0_AFEM1_AFEM1_ASEM1_CLR1_CADS0_DTLA0_DTLB0_DTVA0_DTVB0_EPS0_FDSI0_GRPM1_GRVWA8_GRVWB8_GSU0_GSUAMB_GLS0_ISA950_IU1_K1_LDSTI0_LBSPPA1024_LBSPPB256_LBSPPM0_LPA16_LPB16_LPM0_LRVW8_LWPMn1_MIAV0_MIWT4_3_MO40_NTn1_NTA0_NTB0_NTC0_NTD0_NTM0_NEPBS0_NLCA1_NLCB1_ONLL1_PGR2_PLR1_PKA1_SIA3_SS1_SPO0_SRVW0_SSO0_SVW4_SK3_SKFTR0_SKXCCM0_TLDS1_ULSGRO0_USL1_UIOFGRO0_USFGRO0_VSn1_VWA4_VWB1_WSGRA0_WSGRB0_WS64_WG32_8_1",29808,1103731536,37028.030596,0.0247,23920,126681,6347.229490
"Cijk_Alik_Bljk_BBS_BH_Bias_HA_S_SAV_UserArgs_MT224x192x64_MI16x16x1_SN_LDSB0_AFC0_AFEM1_AFEM1_ASEM1_CLR1_CADS0_DTLA0_DTLB0_DTVA0_DTVB0_EPS0_FDSI0_GRPM1_GRVWA8_GRVWB8_GSU0_GSUAMB_GLS0_ISA950_IU1_K1_LDSTI0_LBSPPA128_LBSPPB256_LBSPPM0_LPA16_LPB16_LPM0_LRVW8_LWPMn1_MIAV0_MIWT7_6_MO40_NTn1_NTA0_NTB0_NTC0_NTD0_NTM0_NEPBS0_NLCA1_NLCB1_ONLL1_PGR2_PLR1_PKA1_SIA3_SS1_SPO0_SRVW0_SSO0_SVW1_SK3_SKFTR0_SKXCCM0_TLDS1_ULSGRO0_USL1_UIOFGRO0_USFGRO0_VSn1_VWA1_VWB2_WSGRA0_WSGRB0_WS64_WG32_8_1",12727,1084019373,85174.775909,0.0242,33401,282403,56240.359038
"void at::native::elementwise_kernel_manual_unroll<128, 8, at::native::gpu_kernel_impl_nocast<at::native::direct_copy_kernel_cuda(at::TensorIteratorBase&)::{lambda()#3}::operator()() const::{lambda()#1}::operator()() const::{lambda(unsigned char)#1}>(at::TensorIteratorBase&, at::native::direct_copy_kernel_cuda(at::TensorIteratorBase&)::{lambda()#3}::operator()() const::{lambda()#1}::operator()() const::{lambda(unsigned char)#1} const&)::{lambda(int, bool)#1}>(int, at::native::gpu_kernel_impl_nocast<at::native::direct_copy_kernel_cuda(at::TensorIteratorBase&)::{lambda()#3}::operator()() const::{lambda()#1}::operator()() const::{lambda(unsigned char)#1}>(at::TensorIteratorBase&, at::native::direct_copy_kernel_cuda(at::TensorIteratorBase&)::{lambda()#3}::operator()() const::{lambda()#1}::operator()() const::{lambda(unsigned char)#1} const&)::{lambda(int, bool)#1})",165048,1077536905,6528.627460,0.0241,2240,2132536,44290.540153
"Cijk_Alik_Bljk_BBS_BH_Bias_HA_S_SAV_UserArgs_MT16x16x1024_MI16x16x1_SN_LDSB1_AFC0_AFEM1_AFEM1_ASEM1_CLR1_CADS0_DTLA0_DTLB0_DTVA0_DTVB0_EPS0_FDSI0_GRPM1_GRVWA8_GRVWB8_GSU0_GSUAMB_GLS0_ISA950_IU1_K1_LDSTI0_LBSPPA2048_LBSPPB2048_LBSPPM0_LPA16_LPB16_LPM0_LRVW8_LWPMn1_MIAV0_MIWT1_1_MO40_NTn1_NTA4_NTB0_NTC0_NTD0_NTM0_NEPBS0_NLCA1_NLCB1_ONLL1_PGR2_PLR1_PKA1_SIA3_SS1_SPO0_SRVW0_SSO0_SVW1_SK3_SKFTR0_SKXCCM8_TLDS1_ULSGRO0_USL1_UIOFGRO0_USFGRO0_VSn1_VWA1_VWB1_WSGRA0_WSGRB0_WS64_WG16_4_4",60415,901223711,14917.217760,0.0201,12320,62920,4700.080481
"Cijk_Alik_Bljk_BBS_BH_Bias_HA_S_SAV_UserArgs_MT128x128x256_MI16x16x1_SN_LDSB1_AFC0_AFEM1_AFEM1_ASEM1_CLR0_CADS0_DTLA0_DTLB0_DTVA0_DTVB0_EPS0_FDSI0_GRPM1_GRVWA8_GRVWB8_GSU0_GSUAMB_GLS0_ISA950_IU1_K1_LDSTI0_LBSPPA2048_LBSPPB2048_LBSPPM0_LPA16_LPB16_LPM0_LRVW8_LWPMn1_MIAV0_MIWT4_4_MO40_NTn1_NTA0_NTB0_NTC1_NTD1_NTM0_NEPBS0_NLCA1_NLCB1_ONLL1_PGR2_PLR1_PKA1_SIA3_SS1_SPO1_SRVW0_SSO4_SVW4_SK3_SKFTR0_SKXCCM0_TLDS1_ULSGRO0_USL1_UIOFGRO0_USFGRO0_VSn1_VWA4_VWB4_WSGRA0_WSGRB0_WS64_WG32_8_1",19040,873632784,45884.074790,0.0195,18960,94561,25764.451568
"Cijk_Alik_Bljk_BBS_BH_Bias_HA_S_SAV_UserArgs_MT64x96x256_MI16x16x1_SN_LDSB1_AFC0_AFEM1_AFEM1_ASEM1_CLR0_CADS0_DTLA0_DTLB0_DTVA0_DTVB0_EPS0_FDSI0_GRPM1_GRVWA8_GRVWB8_GSU0_GSUAMB_GLS0_ISA950_IU1_K1_LDSTI0_LBSPPA1024_LBSPPB512_LBSPPM0_LPA16_LPB16_LPM0_LRVW8_LWPMn1_MIAV0_MIWT2_3_MO40_NTn1_NTA0_NTB0_NTC0_NTD4_NTM0_NEPBS0_NLCA1_NLCB1_ONLL1_PGR2_PLR1_PKA1_SIA3_SS1_SPO0_SRVW0_SSO0_SVW2_SK3_SKFTR0_SKXCCM0_TLDS1_ULSGRO0_USL1_UIOFGRO0_USFGRO0_VSn1_VWA2_VWB1_WSGRA0_WSGRB0_WS64_WG32_8_1",32752,847932819,25889.497405,0.0189,21600,37761,963.214897
"precopy_mamba_align_fused_kernel",22554,836534456,37090.292454,0.0187,3160,304603,24787.867708
"_gumbel_sample_kernel",22554,787345476,34909.349827,0.0176,7120,89241,10235.832408
"Cijk_Alik_Bljk_BSS_BH_Bias_S_HA_S_SAV_UserArgs_MT224x160x64_MI16x16x1_SN_LDSB0_AFC0_AFEM1_AFEM1_ASEM1_CLR1_CADS0_DTLA0_DTLB0_DTVA0_DTVB0_EPS0_FDSI0_GRPM1_GRVWA8_GRVWB8_GSU0_GSUAMB_GLS0_ISA950_IU1_K1_LDSTI0_LBSPPA128_LBSPPB128_LBSPPM0_LPA16_LPB16_LPM0_LRVW8_LWPMn1_MIAV0_MIWT7_5_MO40_NTn1_NTA0_NTB0_NTC0_NTD0_NTM0_NEPBS0_NLCA1_NLCB1_ONLL1_PGR2_PLR1_PKA1_SIA3_SS1_SPO0_SRVW0_SSO0_SVW1_SK3_SKFTR0_SKXCCM0_TLDS1_ULSGRO0_USL1_UIOFGRO0_USFGRO0_VSn1_VWA1_VWB1_WSGRA0_WSGRB0_WS64_WG32_8_1",14536,761141658,52362.524629,0.0170,30280,84801,19532.493846
"Cijk_Alik_Bljk_BBS_BH_Bias_HA_S_SAV_UserArgs_MT256x144x64_MI16x16x1_SN_LDSB0_AFC0_AFEM1_AFEM1_ASEM1_CLR1_CADS0_DTLA0_DTLB0_DTVA0_DTVB0_EPS0_FDSI0_GRPM1_GRVWA8_GRVWB4_GSU0_GSUAMB_GLS0_ISA950_IU1_K1_LDSTI0_LBSPPA512_LBSPPB128_LBSPPM0_LPA16_LPB16_LPM0_LRVW8_LWPMn1_MIAV0_MIWT4_9_MO40_NTn1_NTA0_NTB0_NTC0_NTD0_NTM0_NEPBS0_NLCA1_NLCB1_ONLL1_PGR2_PLR1_PKA1_SIA3_SS1_SPO0_SRVW0_SSO0_SVW4_SK3_SKFTR0_SKXCCM0_TLDS1_ULSGRO0_USL1_UIOFGRO0_USFGRO0_VSn1_VWA4_VWB1_WSGRA0_WSGRB0_WS64_WG64_4_1",11344,756279698,66667.815409,0.0169,17560,268082,36323.823573
"void gemm_a16w16_flatmm_splitk_kernel<opus_flatmm_splitk_traits_gfx950<256, opus::seq<64, 96, 128>, opus::tuple<std::bfloat16_t, std::bfloat16_t, float, float, std::bfloat16_t>, opus::seq<8, 8, 4>, opus::seq<16, 16, 32>, 1, false, false> >(opus_gemm_flatmm_splitk_kargs_gfx950)",15457,720486830,46612.332924,0.0161,25440,59080,1318.458012
"Cijk_Alik_Bljk_BBS_BH_Bias_HA_S_SAV_UserArgs_MT224x32x64_MI16x16x1_SN_LDSB1_AFC0_AFEM1_AFEM1_ASEM1_CLR1_CADS0_DTLA0_DTLB0_DTVA0_DTVB0_EPS0_FDSI0_GRPM1_GRVWA8_GRVWB8_GSU0_GSUAMB_GLS0_ISA950_IU1_K1_LDSTI0_LBSPPA128_LBSPPB128_LBSPPM0_LPA16_LPB16_LPM0_LRVW8_LWPMn1_MIAV0_MIWT7_1_MO40_NTn1_NTA4_NTB0_NTC0_NTD0_NTM0_NEPBS0_NLCA1_NLCB1_ONLL1_PGR2_PLR1_PKA1_SIA3_SS1_SPO0_SRVW0_SSO0_SVW1_SK3_SKFTR0_SKXCCM8_TLDS1_ULSGRO0_USL1_UIOFGRO0_USFGRO0_VSn1_VWA1_VWB1_WSGRA0_WSGRB0_WS64_WG32_8_1",52440,707111388,13484.198856,0.0158,12240,37360,545.742417
"void aiter::opus_moe_sorting_entry<aiter::MoeSortingMultiPhaseKernel_P0_v2<aiter::MoeSortingProblemMp<int, float, unsigned char, 4, false, false, true> >, aiter::MoeSortingMultiPhaseKernel_P0_v2<aiter::MoeSortingProblemMp<int, float, unsigned char, 4, false, false, true> >::Kargs>(aiter::MoeSortingMultiPhaseKernel_P0_v2<aiter::MoeSortingProblemMp<int, float, unsigned char, 4, false, false, true> >::Kargs)",73416,676787735,9218.531860,0.0151,5080,88681,1614.486953
"Cijk_Alik_Bljk_BBS_BH_Bias_HA_S_SAV_UserArgs_MT192x320x64_MI16x16x1_SN_LDSB1_AFC0_AFEM1_AFEM1_ASEM1_CLR1_CADS0_DTLA0_DTLB0_DTVA0_DTVB0_EPS0_FDSI0_GRPM1_GRVWA8_GRVWB8_GSU0_GSUAMB_GLS0_ISA950_IU1_K1_LDSTI0_LBSPPA256_LBSPPB256_LBSPPM0_LPA16_LPB16_LPM0_LRVW8_LWPMn1_MIAV0_MIWT6_10_MO40_NTn1_NTA0_NTB0_NTC0_NTD7_NTM0_NEPBS0_NLCA1_NLCB1_ONLL1_PGR2_PLR1_PKA1_SIA3_SS1_SPO0_SRVW0_SSO0_SVW2_SK3_SKFTR0_SKXCCM0_TLDS1_ULSGRO0_USL1_UIOFGRO0_USFGRO0_VSn1_VWA2_VWB2_WSGRA0_WSGRB0_WS64_WG32_8_1",4709,666990065,141641.551285,0.0149,99641,540245,91541.463107
"Cijk_SB_BiasS_HAS_ScaleAlphaVec_PostGSU4_VW4",61854,659340205,10659.621124,0.0147,6280,138001,2418.668673
"hgemm_bf16_128x128x64x2_SPK1_W2x4x1_BLDS1_TN_AS1_0",24366,658387438,27020.743577,0.0147,23760,126681,1287.786431
"postprocess_mamba_fused_kernel",22553,647139671,28694.172438,0.0145,3000,271882,10089.287273
"Cijk_Alik_Bljk_BBS_BH_Bias_HA_S_SAV_UserArgs_MT128x192x128_MI16x16x1_SN_LDSB1_AFC0_AFEM1_AFEM1_ASEM1_CLR0_CADS0_DTLA0_DTLB0_DTVA0_DTVB0_EPS0_FDSI0_GRPM1_GRVWA8_GRVWB8_GSU0_GSUAMB_GLS0_ISA950_IU1_K1_LDSTI0_LBSPPA2048_LBSPPB256_LBSPPM0_LPA16_LPB16_LPM0_LRVW8_LWPMn1_MIAV0_MIWT8_3_MO40_NTn1_NTA0_NTB0_NTC1_NTD4_NTM0_NEPBS0_NLCA1_NLCB1_ONLL1_PGR2_PLR1_PKA1_SIA3_SS1_SPO0_SRVW0_SSO0_SVW8_SK3_SKFTR0_SKXCCM0_TLDS2_ULSGRO0_USL1_UIOFGRO0_USFGRO0_VSn1_VWA8_VWB1_WSGRA0_WSGRB0_WS64_WG16_16_1",11580,645138831,55711.470725,0.0144,14160,73361,7992.477149
"hgemm_bf16_16x64x128x6_SPK7_W1x2x1_BLDS1_TN_AS1_0",74820,631391984,8438.812938,0.0141,6480,22680,624.713863
"Cijk_Alik_Bljk_BBS_BH_Bias_HA_S_SAV_UserArgs_MT128x96x128_MI16x16x1_SN_LDSB0_AFC0_AFEM1_AFEM1_ASEM1_CLR1_CADS0_DTLA1_DTLB1_DTVA0_DTVB0_EPS0_FDSI0_GRPM1_GRVWA8_GRVWB2_GSU0_GSUAMB_GLS0_ISA950_IU1_K1_LDSTI0_LBSPPA1024_LBSPPB256_LBSPPM0_LPA16_LPB16_LPM0_LRVW8_LWPMn1_MIAV0_MIWT4_3_MO40_NTn1_NTA0_NTB0_NTC0_NTD5_NTM0_NEPBS0_NLCA1_NLCB1_ONLL1_PGR2_PLR1_PKA1_SIA3_SS1_SPO0_SRVW0_SSO0_SVW4_SK3_SKFTR0_SKXCCM0_TLDS2_ULSGRO0_USL1_UIOFGRO0_USFGRO0_VSn1_VWA4_VWB1_WSGRA0_WSGRB0_WS64_WG32_8_1",17200,600713584,34925.208372,0.0134,16600,135921,5848.070412
"Cijk_Alik_Bljk_BBS_BH_Bias_HA_S_SAV_UserArgs_MT240x256x64_MI16x16x1_SN_LDSB1_AFC0_AFEM1_AFEM1_ASEM1_CLR1_CADS0_DTLA0_DTLB0_DTVA0_DTVB0_EPS0_FDSI0_GRPM1_GRVWA4_GRVWB8_GSU0_GSUAMB_GLS0_ISA950_IU1_K1_LDSTI0_LBSPPA128_LBSPPB512_LBSPPM0_LPA16_LPB16_LPM0_LRVW8_LWPMn1_MIAV0_MIWT15_4_MO40_NTn1_NTA0_NTB0_NTC0_NTD0_NTM0_NEPBS0_NLCA1_NLCB1_ONLL1_PGR2_PLR1_PKA1_SIA3_SS1_SPO0_SRVW0_SSO0_SVW1_SK3_SKFTR0_SKXCCM0_TLDS1_ULSGRO0_USL1_UIOFGRO0_USFGRO0_VSn1_VWA1_VWB4_WSGRA0_WSGRB0_WS64_WG16_16_1",3743,600339911,160390.037670,0.0134,61320,348083,46745.162078
"Cijk_Alik_Bljk_BBS_BH_Bias_HA_S_SAV_UserArgs_MT256x48x128_MI16x16x1_SN_LDSB1_AFC0_AFEM1_AFEM1_ASEM1_CLR1_CADS0_DTLA0_DTLB0_DTVA0_DTVB0_EPS0_FDSI0_GRPM1_GRVWA8_GRVWB8_GSU0_GSUAMB_GLS0_ISA950_IU1_K1_LDSTI0_LBSPPA1024_LBSPPB256_LBSPPM0_LPA16_LPB16_LPM0_LRVW8_LWPMn1_MIAV0_MIWT4_3_MO40_NTn1_NTA4_NTB0_NTC0_NTD0_NTM0_NEPBS0_NLCA1_NLCB1_ONLL1_PGR2_PLR1_PKA1_SIA3_SS1_SPO0_SRVW0_SSO0_SVW4_SK3_SKFTR0_SKXCCM8_TLDS1_ULSGRO0_USL1_UIOFGRO0_USFGRO0_VSn1_VWA4_VWB1_WSGRA0_WSGRB0_WS64_WG64_4_1",10107,588950900,58271.584051,0.0132,54321,64160,1287.860260
"Cijk_Alik_Bljk_BBS_BH_Bias_HA_S_SAV_UserArgs_MT224x256x64_MI16x16x1_SN_LDSB1_AFC0_AFEM1_AFEM1_ASEM1_CLR1_CADS0_DTLA0_DTLB0_DTVA0_DTVB0_EPS0_FDSI0_GRPM1_GRVWA8_GRVWB8_GSU0_GSUAMB_GLS0_ISA950_IU1_K1_LDSTI0_LBSPPA128_LBSPPB1024_LBSPPM0_LPA16_LPB16_LPM0_LRVW8_LWPMn1_MIAV0_MIWT7_8_MO40_NTn1_NTA0_NTB0_NTC0_NTD0_NTM0_NEPBS0_NLCA1_NLCB1_ONLL1_PGR2_PLR1_PKA1_SIA3_SS1_SPO0_SRVW0_SSO0_SVW1_SK3_SKFTR0_SKXCCM0_TLDS1_ULSGRO0_USL1_UIOFGRO0_USFGRO0_VSn1_VWA1_VWB8_WSGRA0_WSGRB0_WS64_WG32_8_1",2770,567445783,204854.073285,0.0127,0,399363,102976.608759
"hgemm_bf16_32x64x64x6_SPK7_W1x4x1_BLDS1_TN_AS1_0",54168,565269167,10435.481594,0.0126,8560,287322,1321.050000
"_batched_gemm_a16wfp4_kernel_BLOCK_SIZE_M_32_BLOCK_SIZE_N_128_BLOCK_SIZE_K_256_GROUP_SIZE_M_1_NUM_KSPLIT_1_SPLITK_BLOCK_SIZE_512_EVEN_K_1_GRID_MN_1_PRE_QUANT_1_HAVE_Y_SCALE_0_cache_modifier_CG",68424,541292404,7910.855899,0.0121,6120,13600,606.748513
"void wvSplitKrc_<__hip_bfloat16, 64, 16, 4, 8, 1, 16, 1, 1, 1>(int, int, int, int, int, int, __hip_bfloat16 const*, __hip_bfloat16 const*, __hip_bfloat16 const*, float*, int*, __hip_bfloat16*, int)",72616,532400911,7331.730073,0.0119,5560,11200,572.947299
"Cijk_Alik_Bljk_BBS_BH_Bias_HA_S_SAV_UserArgs_MT128x160x128_MI16x16x1_SN_LDSB1_AFC0_AFEM1_AFEM1_ASEM1_CLR1_CADS0_DTLA0_DTLB0_DTVA0_DTVB0_EPS0_FDSI0_GRPM1_GRVWA8_GRVWB8_GSU0_GSUAMB_GLS0_ISA950_IU1_K1_LDSTI0_LBSPPA1024_LBSPPB256_LBSPPM0_LPA16_LPB16_LPM0_LRVW8_LWPMn1_MIAV0_MIWT4_5_MO40_NTn1_NTA0_NTB0_NTC0_NTD0_NTM0_NEPBS0_NLCA1_NLCB1_ONLL1_PGR2_PLR1_PKA1_SIA3_SS1_SPO0_SRVW0_SSO0_SVW4_SK3_SKFTR0_SKXCCM0_TLDS1_ULSGRO0_USL1_UIOFGRO0_USFGRO0_VSn1_VWA4_VWB1_WSGRA0_WSGRB0_WS64_WG32_8_1",11920,509659045,42756.631292,0.0114,12160,54521,7371.848962
"Cijk_Alik_Bljk_BSS_BH_Bias_S_HA_S_SAV_UserArgs_MT64x32x64_MI16x16x1_SN_LDSB0_AFC0_AFEM1_AFEM1_ASEM1_CLR1_CADS0_DTLA0_DTLB0_DTVA0_DTVB0_EPS0_FDSI0_GRPM1_GRVWA8_GRVWB8_GSU0_GSUAMB_GLS0_ISA950_IU1_K1_LDSTI0_LBSPPA256_LBSPPB128_LBSPPM0_LPA16_LPB16_LPM0_LRVW8_LWPMn1_MIAV0_MIWT2_1_MO40_NTn1_NTA4_NTB0_NTC0_NTD0_NTM0_NEPBS0_NLCA1_NLCB1_ONLL1_PGR2_PLR1_PKA1_SIA3_SS1_SPO0_SRVW0_SSO0_SVW2_SK3_SKFTR0_SKXCCM8_TLDS1_ULSGRO0_USL1_UIOFGRO0_USFGRO0_VSn1_VWA2_VWB1_WSGRA0_WSGRB0_WS64_WG32_8_1",52440,477344624,9102.681617,0.0107,8040,15400,514.562112
"void wvSplitKrc_<__hip_bfloat16, 64, 16, 4, 8, 1, 32, 2, 1, 1>(int, int, int, int, int, int, __hip_bfloat16 const*, __hip_bfloat16 const*, __hip_bfloat16 const*, float*, int*, __hip_bfloat16*, int)",64224,470616546,7327.736454,0.0105,5560,10440,450.314970
"Cijk_Alik_Bljk_BBS_BH_Bias_HA_S_SAV_UserArgs_MT128x64x128_MI16x16x1_SN_LDSB1_AFC0_AFEM1_AFEM1_ASEM1_CLR1_CADS0_DTLA0_DTLB0_DTVA0_DTVB0_EPS0_FDSI0_GRPM1_GRVWA8_GRVWB8_GSU0_GSUAMB_GLS0_ISA950_IU1_K1_LDSTI0_LBSPPA1024_LBSPPB512_LBSPPM0_LPA16_LPB16_LPM0_LRVW8_LWPMn1_MIAV0_MIWT4_2_MO40_NTn1_NTA4_NTB0_NTC0_NTD0_NTM0_NEPBS0_NLCA1_NLCB1_ONLL1_PGR2_PLR1_PKA1_SIA3_SS1_SPO0_SRVW0_SSO0_SVW4_SK3_SKFTR0_SKXCCM8_TLDS1_ULSGRO0_USL1_UIOFGRO0_USFGRO0_VSn1_VWA4_VWB2_WSGRA0_WSGRB0_WS64_WG32_8_1",7366,449539457,61028.978686,0.0100,57840,66760,1188.143444
"Cijk_Alik_Bljk_BSS_BH_Bias_S_HA_S_SAV_UserArgs_MT128x128x128_MI16x16x1_SN_LDSB1_AFC0_AFEM1_AFEM1_ASEM1_CLR1_CADS0_DTLA0_DTLB0_DTVA0_DTVB0_EPS0_FDSI0_GRPM1_GRVWA8_GRVWB8_GSU0_GSUAMB_GLS0_ISA950_IU1_K1_LDSTI0_LBSPPA1024_LBSPPB1024_LBSPPM0_LPA16_LPB16_LPM0_LRVW8_LWPMn1_MIAV0_MIWT4_4_MO40_NTn1_NTA0_NTB0_NTC0_NTD0_NTM0_NEPBS0_NLCA1_NLCB1_ONLL1_PGR2_PLR1_PKA1_SIA3_SS1_SPO0_SRVW0_SSO0_SVW4_SK3_SKFTR0_SKXCCM0_TLDS1_ULSGRO0_USL1_UIOFGRO0_USFGRO0_VSn1_VWA4_VWB4_WSGRA0_WSGRB0_WS64_WG32_8_1",9660,434096548,44937.530849,9.696e-03,28080,76961,15304.736603
"hgemm_bf16_64x64x64x3_SPK1_W1x1x1_BLDS1_TN_AS1_0",6288,410439329,65273.430184,9.167e-03,57241,77600,3749.681709
"hgemm_bf16_128x128x64x2_SPK1_W4x2x1_BLDS1_TN_AS1_0",24104,396482438,16448.823349,8.856e-03,13400,24960,1168.290146
"void kn_mla_reduce_v1_ps<MlaReduceKernelV1Traits<128, 16, 1>, float, std::bfloat16_t>(MlaReduceKernelV1Params, MlaReduceKernelV1Configs)",1752,380916611,217418.156963,8.508e-03,3040,458964,123417.695942
"Cijk_SS_BiasS_HAS_ScaleAlphaVec_PostGSU16_VW4",52900,365585433,6910.877750,8.165e-03,4960,21241,708.167426
"_expand_page_indices_kernel",21193,359618723,16968.750201,8.032e-03,2160,25240,2031.904130
"_batched_gemm_a16wfp4_kernel_BLOCK_SIZE_M_32_BLOCK_SIZE_N_128_BLOCK_SIZE_K_128_GROUP_SIZE_M_1_NUM_KSPLIT_1_SPLITK_BLOCK_SIZE_128_EVEN_K_1_GRID_MN_4_PRE_QUANT_1_HAVE_Y_SCALE_1_cache_modifier_CG",68424,359069704,5247.715772,8.020e-03,3440,9680,576.854732
"hgemm_bf16_32x64x128x4_SPK1_W1x2x2_BLDS1_TN_AS1_0",15425,355054222,23018.101912,7.930e-03,16160,28081,758.844344
"Cijk_Alik_Bljk_BBS_BH_Bias_HA_S_SAV_UserArgs_MT256x128x64_MI16x16x1_SN_LDSB1_AFC0_AFEM1_AFEM1_ASEM1_CLR1_CADS0_DTLA0_DTLB0_DTVA0_DTVB0_EPS0_FDSI0_GRPM1_GRVWA8_GRVWB8_GSU0_GSUAMB_GLS0_ISA950_IU1_K1_LDSTI0_LBSPPA1024_LBSPPB512_LBSPPM0_LPA16_LPB16_LPM0_LRVW8_LWPMn1_MIAV0_MIWT8_4_MO40_NTn1_NTA0_NTB0_NTC0_NTD0_NTM0_NEPBS0_NLCA1_NLCB1_ONLL1_PGR2_PLR1_PKA1_SIA3_SS1_SPO0_SRVW0_SSO0_SVW8_SK3_SKFTR0_SKXCCM0_TLDS1_ULSGRO0_USL1_UIOFGRO0_USFGRO0_VSn1_VWA8_VWB4_WSGRA0_WSGRB0_WS64_WG32_8_1",9130,330338214,36181.622563,7.378e-03,12240,71080,19619.845269
"Cijk_Alik_Bljk_BBS_BH_Bias_HA_S_SAV_UserArgs_MT192x96x128_MI16x16x1_SN_LDSB1_AFC0_AFEM1_AFEM1_ASEM1_CLR1_CADS0_DTLA0_DTLB0_DTVA0_DTVB0_EPS0_FDSI0_GRPM1_GRVWA8_GRVWB8_GSU0_GSUAMB_GLS0_ISA950_IU1_K1_LDSTI0_LBSPPA512_LBSPPB256_LBSPPM0_LPA16_LPB16_LPM0_LRVW8_LWPMn1_MIAV0_MIWT6_3_MO40_NTn1_NTA0_NTB0_NTC0_NTD0_NTM0_NEPBS0_NLCA1_NLCB1_ONLL1_PGR2_PLR1_PKA1_SIA3_SS1_SPO0_SRVW0_SSO0_SVW2_SK3_SKFTR0_SKXCCM0_TLDS1_ULSGRO0_USL1_UIOFGRO0_USFGRO0_VSn1_VWA2_VWB1_WSGRA0_WSGRB0_WS64_WG32_8_1",15840,329735044,20816.606313,7.365e-03,11280,54721,10499.364528
"Cijk_Alik_Bljk_BSS_BH_Bias_S_HA_S_SAV_UserArgs_MT128x160x128_MI16x16x1_SN_LDSB1_AFC0_AFEM1_AFEM1_ASEM1_CLR1_CADS0_DTLA0_DTLB0_DTVA0_DTVB0_EPS0_FDSI0_GRPM1_GRVWA8_GRVWB8_GSU0_GSUAMB_GLS0_ISA950_IU1_K1_LDSTI0_LBSPPA1024_LBSPPB256_LBSPPM0_LPA16_LPB16_LPM0_LRVW8_LWPMn1_MIAV0_MIWT4_5_MO40_NTn1_NTA0_NTB0_NTC0_NTD0_NTM0_NEPBS0_NLCA1_NLCB1_ONLL1_PGR2_PLR1_PKA1_SIA3_SS1_SPO0_SRVW0_SSO0_SVW4_SK3_SKFTR0_SKXCCM0_TLDS1_ULSGRO0_USL1_UIOFGRO0_USFGRO0_VSn1_VWA4_VWB1_WSGRA0_WSGRB0_WS64_WG32_8_1",5704,308990522,54170.848878,6.901e-03,34640,88721,14091.297041
"void at::native::vectorized_gather_kernel<16, long>(char*, char*, long*, int, long, long, long, long, bool)",43217,295065676,6827.537219,6.590e-03,2280,45360,6886.038450
"Cijk_Alik_Bljk_BSS_BH_Bias_S_HA_S_SAV_UserArgs_MT224x128x64_MI16x16x1_SN_LDSB1_AFC0_AFEM1_AFEM1_ASEM1_CLR1_CADS0_DTLA0_DTLB0_DTVA0_DTVB0_EPS0_FDSI0_GRPM1_GRVWA8_GRVWB8_GSU0_GSUAMB_GLS0_ISA950_IU1_K1_LDSTI0_LBSPPA128_LBSPPB512_LBSPPM0_LPA16_LPB16_LPM0_LRVW8_LWPMn1_MIAV0_MIWT7_4_MO40_NTn1_NTA0_NTB0_NTC0_NTD0_NTM0_NEPBS0_NLCA1_NLCB1_ONLL1_PGR2_PLR1_PKA1_SIA3_SS1_SPO0_SRVW0_SSO0_SVW1_SK3_SKFTR0_SKXCCM0_TLDS1_ULSGRO0_USL1_UIOFGRO0_USFGRO0_VSn1_VWA1_VWB4_WSGRA0_WSGRB0_WS64_WG32_8_1",9292,293219710,31556.146147,6.549e-03,24520,151961,5575.073007
"Cijk_Alik_Bljk_BSS_BH_Bias_S_HA_S_SAV_UserArgs_MT128x64x128_MI16x16x1_SN_LDSB1_AFC0_AFEM1_AFEM1_ASEM1_CLR1_CADS0_DTLA0_DTLB0_DTVA0_DTVB0_EPS0_FDSI0_GRPM1_GRVWA8_GRVWB8_GSU0_GSUAMB_GLS0_ISA950_IU1_K1_LDSTI0_LBSPPA1024_LBSPPB512_LBSPPM0_LPA16_LPB16_LPM0_LRVW8_LWPMn1_MIAV0_MIWT4_2_MO40_NTn1_NTA0_NTB0_NTC0_NTD0_NTM0_NEPBS0_NLCA1_NLCB1_ONLL1_PGR2_PLR1_PKA1_SIA3_SS1_SPO0_SRVW0_SSO0_SVW4_SK3_SKFTR0_SKXCCM0_TLDS1_ULSGRO0_USL1_UIOFGRO0_USFGRO0_VSn1_VWA4_VWB2_WSGRA0_WSGRB0_WS64_WG32_8_1",11500,278730799,24237.460783,6.226e-03,20480,31600,1521.964750
"Cijk_Alik_Bljk_BBS_BH_Bias_HA_S_SAV_UserArgs_MT64x64x256_MI16x16x1_SN_LDSB0_AFC0_AFEM1_AFEM1_ASEM1_CLR0_CADS0_DTLA0_DTLB0_DTVA0_DTVB0_EPS0_FDSI0_GRPM1_GRVWA8_GRVWB8_GSU0_GSUAMB_GLS0_ISA950_IU1_K1_LDSTI0_LBSPPA1024_LBSPPB1024_LBSPPM0_LPA16_LPB16_LPM0_LRVW8_LWPMn1_MIAV1_MIWT2_2_MO40_NTn1_NTA0_NTB0_NTC3_NTD3_NTM0_NEPBS16_NLCA1_NLCB1_ONLL1_PGR2_PLR1_PKA1_SIA3_SS1_SPO0_SRVW0_SSO0_SVW2_SK3_SKFTR0_SKXCCM0_TLDS1_ULSGRO0_USL1_UIOFGRO0_USFGRO0_VSn1_VWA2_VWB2_WSGRA0_WSGRB0_WS64_WG32_8_1",13524,273276183,20206.757098,6.104e-03,16440,25721,880.643935
"Cijk_Alik_Bljk_BSS_BH_Bias_S_HA_S_SAV_UserArgs_MT224x96x64_MI16x16x1_SN_LDSB1_AFC0_AFEM1_AFEM1_ASEM1_CLR1_CADS0_DTLA0_DTLB0_DTVA0_DTVB0_EPS0_FDSI0_GRPM1_GRVWA8_GRVWB8_GSU0_GSUAMB_GLS0_ISA950_IU1_K1_LDSTI0_LBSPPA128_LBSPPB128_LBSPPM0_LPA16_LPB16_LPM0_LRVW8_LWPMn1_MIAV0_MIWT7_3_MO40_NTn1_NTA0_NTB0_NTC0_NTD0_NTM0_NEPBS0_NLCA1_NLCB1_ONLL1_PGR2_PLR1_PKA1_SIA3_SS1_SPO0_SRVW0_SSO0_SVW1_SK3_SKFTR0_SKXCCM0_TLDS1_ULSGRO0_USL1_UIOFGRO0_USFGRO0_VSn1_VWA1_VWB1_WSGRA0_WSGRB0_WS64_WG32_8_1",8832,270644218,30643.593524,6.045e-03,20000,142122,4009.257328
"Cijk_Alik_Bljk_BBS_BH_Bias_HA_S_SAV_UserArgs_MT64x80x256_MI16x16x1_SN_LDSB0_AFC0_AFEM1_AFEM1_ASEM1_CLR0_CADS0_DTLA0_DTLB0_DTVA0_DTVB0_EPS0_FDSI0_GRPM1_GRVWA8_GRVWB8_GSU0_GSUAMB_GLS0_ISA950_IU1_K1_LDSTI0_LBSPPA512_LBSPPB512_LBSPPM0_LPA16_LPB16_LPM0_LRVW8_LWPMn1_MIAV0_MIWT1_5_MO40_NTn1_NTA0_NTB0_NTC0_NTD5_NTM0_NEPBS0_NLCA1_NLCB1_ONLL1_PGR2_PLR1_PKA1_SIA3_SS1_SPO1_SRVW0_SSO0_SVW1_SK3_SKFTR0_SKXCCM0_TLDS1_ULSGRO0_USL1_UIOFGRO0_USFGRO0_VSn1_VWA1_VWB1_WSGRA0_WSGRB0_WS64_WG64_4_1",10396,240667452,23150.005002,5.375e-03,19600,27400,899.822691
"Cijk_Alik_Bljk_BBS_BH_Bias_HA_S_SAV_UserArgs_MT16x16x128_MI16x16x1_SN_LDSB0_AFC0_AFEM1_AFEM1_ASEM1_CLR0_CADS0_DTLA0_DTLB0_DTVA0_DTVB0_EPS0_FDSI0_GRPM1_GRVWA8_GRVWB8_GSU0_GSUAMB_GLS0_ISA950_IU1_K1_LDSTI0_LBSPPA256_LBSPPB256_LBSPPM0_LPA16_LPB16_LPM0_LRVW8_LWPMn1_MIAV0_MIWT1_1_MO40_NTn1_NTA4_NTB0_NTC0_NTD0_NTM0_NEPBS0_NLCA1_NLCB1_ONLL1_PGR2_PLR0_PKA1_SIA3_SS1_SPO0_SRVW0_SSO0_SVW1_SK3_SKFTR0_SKXCCM8_TLDS1_ULSGRO0_USL1_UIOFGRO0_USFGRO0_VSn1_VWA1_VWB1_WSGRA0_WSGRB0_WS64_WG16_4_4",44781,234053361,5226.622027,5.228e-03,3880,35640,623.574133
"Cijk_Alik_Bljk_BSS_BH_Bias_S_HA_S_SAV_UserArgs_MT224x64x128_MI16x16x1_SN_LDSB1_AFC0_AFEM1_AFEM1_ASEM1_CLR1_CADS0_DTLA0_DTLB0_DTVA0_DTVB0_EPS0_FDSI0_GRPM1_GRVWA8_GRVWB8_GSU0_GSUAMB_GLS0_ISA950_IU1_K1_LDSTI0_LBSPPA256_LBSPPB512_LBSPPM0_LPA16_LPB16_LPM0_LRVW8_LWPMn1_MIAV0_MIWT7_2_MO40_NTn1_NTA0_NTB0_NTC0_NTD0_NTM0_NEPBS0_NLCA1_NLCB1_ONLL1_PGR2_PLR1_PKA1_SIA3_SS1_SPO0_SRVW0_SSO0_SVW1_SK3_SKFTR0_SKXCCM0_TLDS1_ULSGRO0_USL1_UIOFGRO0_USFGRO0_VSn1_VWA1_VWB2_WSGRA0_WSGRB0_WS64_WG32_8_1",6164,223465030,36253.249513,4.991e-03,31040,45401,1842.474439
"Cijk_Alik_Bljk_BBS_BH_Bias_HA_S_SAV_UserArgs_MT128x224x64_MI16x16x1_SN_LDSB1_AFC0_AFEM1_AFEM1_ASEM1_CLR1_CADS0_DTLA0_DTLB0_DTVA0_DTVB0_EPS0_FDSI0_GRPM1_GRVWA8_GRVWB8_GSU0_GSUAMB_GLS0_ISA950_IU1_K1_LDSTI0_LBSPPA512_LBSPPB128_LBSPPM0_LPA16_LPB16_LPM0_LRVW8_LWPMn1_MIAV0_MIWT4_7_MO40_NTn1_NTA0_NTB0_NTC0_NTD0_NTM0_NEPBS0_NLCA1_NLCB1_ONLL1_PGR2_PLR1_PKA1_SIA3_SS1_SPO0_SRVW0_SSO0_SVW4_SK3_SKFTR0_SKXCCM0_TLDS1_ULSGRO0_USL1_UIOFGRO0_USFGRO0_VSn1_VWA4_VWB1_WSGRA0_WSGRB0_WS64_WG32_8_1",8903,223386540,25091.153544,4.989e-03,10760,61521,14161.318416
"Cijk_Alik_Bljk_BBS_BH_Bias_HA_S_SAV_UserArgs_MT64x48x256_MI16x16x1_SN_LDSB0_AFC0_AFEM1_AFEM1_ASEM1_CLR1_CADS0_DTLA0_DTLB0_DTVA0_DTVB0_EPS0_FDSI0_GRPM1_GRVWA8_GRVWB8_GSU0_GSUAMB_GLS0_ISA950_IU1_K1_LDSTI0_LBSPPA512_LBSPPB512_LBSPPM0_LPA16_LPB16_LPM0_LRVW8_LWPMn1_MIAV0_MIWT1_3_MO40_NTn1_NTA0_NTB0_NTC1_NTD5_NTM0_NEPBS16_NLCA1_NLCB1_ONLL1_PGR2_PLR1_PKA1_SIA3_SS1_SPO1_SRVW0_SSO0_SVW1_SK3_SKFTR0_SKXCCM0_TLDS2_ULSGRO0_USL1_UIOFGRO0_USFGRO1_VSn1_VWA1_VWB1_WSGRA0_WSGRB0_WS64_WG64_4_1",12052,220540154,18299.050282,4.926e-03,15520,114921,1225.393586
"Cijk_Alik_Bljk_BBS_BH_Bias_HA_S_SAV_UserArgs_MT64x160x64_MI16x16x1_SN_LDSB1_AFC0_AFEM1_AFEM1_ASEM1_CLR1_CADS0_DTLA0_DTLB0_DTVA0_DTVB0_EPS0_FDSI0_GRPM1_GRVWA8_GRVWB8_GSU0_GSUAMB_GLS0_ISA950_IU1_K1_LDSTI0_LBSPPA256_LBSPPB128_LBSPPM0_LPA16_LPB16_LPM0_LRVW8_LWPMn1_MIAV0_MIWT2_5_MO40_NTn1_NTA0_NTB0_NTC0_NTD0_NTM0_NEPBS0_NLCA1_NLCB1_ONLL1_PGR2_PLR1_PKA1_SIA3_SS1_SPO0_SRVW0_SSO0_SVW2_SK3_SKFTR0_SKXCCM0_TLDS1_ULSGRO0_USL1_UIOFGRO0_USFGRO0_VSn1_VWA2_VWB1_WSGRA0_WSGRB0_WS64_WG32_8_1",22563,217324999,9631.919470,4.854e-03,7040,13120,603.435973
"void at::native::elementwise_kernel_manual_unroll<128, 8, at::native::gpu_kernel_impl_nocast<at::native::(anonymous namespace)::masked_fill_kernel(at::TensorIterator&, c10::Scalar const&)::{lambda()#1}::operator()() const::{lambda()#12}::operator()() const::{lambda(c10::BFloat16, bool)#1}>(at::TensorIteratorBase&, at::native::(anonymous namespace)::masked_fill_kernel(at::TensorIterator&, c10::Scalar const&)::{lambda()#1}::operator()() const::{lambda()#12}::operator()() const::{lambda(c10::BFloat16, bool)#1} const&)::{lambda(int, bool)#1}>(int, at::native::gpu_kernel_impl_nocast<at::native::(anonymous namespace)::masked_fill_kernel(at::TensorIterator&, c10::Scalar const&)::{lambda()#1}::operator()() const::{lambda()#12}::operator()() const::{lambda(c10::BFloat16, bool)#1}>(at::TensorIteratorBase&, at::native::(anonymous namespace)::masked_fill_kernel(at::TensorIterator&, c10::Scalar const&)::{lambda()#1}::operator()() const::{lambda()#12}::operator()() const::{lambda(c10::BFloat16, bool)#1} const&)::{lambda(int, bool)#1})",22751,212039750,9320.018900,4.736e-03,3880,45680,11073.196088
"Cijk_SS_BiasS_HAS_ScaleAlphaVec_PostGSU4_VW4",21896,201202278,9188.996986,4.494e-03,5120,17361,2024.129228
"hgemm_bf16_128x128x64x4_SPK1_W4x4x1_BLDS1_TN_AS1_0",10622,189778297,17866.531444,4.239e-03,14720,49640,2532.496942
"void aiter::cross_device_reduce_1stage<std::bfloat16_t, 8, false>(aiter::RankData*, aiter::RankData*, aiter::RankSignals, aiter::Signal*, std::bfloat16_t*, int, int)",3226,185570535,57523.414445,4.145e-03,5760,95194219,1677181.583541
"void at::native::reduce_kernel<512, 1, at::native::ReduceOp<float, at::native::ArgMaxOps<float>, unsigned int, long, 4, 4> >(at::native::ReduceOp<float, at::native::ArgMaxOps<float>, unsigned int, long, 4, 4>)",22554,177599650,7874.419172,3.967e-03,6000,10840,586.634799
"aiter::mla_pfl_qh192_vh128_m32x8_n128x1_causal1",1752,175158302,99976.199772,3.912e-03,13480,166081,69077.729919
"hgemm_bf16_128x128x64x4_SPK1_W4x2x1_BLDS1_TN_AS1_0",16516,174054179,10538.518951,3.888e-03,6960,17960,1395.773554
"mscclKernel_Sum_hip_bfloat16_LL_false(ncclDevComm*, mscclAlgo*, mscclWork*)",432,172883375,400192.997685,3.861e-03,8160,2905459,287543.991543
"Cijk_Alik_Bljk_BBS_BH_Bias_HA_S_SAV_UserArgs_MT128x80x128_MI16x16x1_SN_LDSB0_AFC0_AFEM1_AFEM1_ASEM1_CLR1_CADS0_DTLA1_DTLB1_DTVA0_DTVB0_EPS0_FDSI0_GRPM1_GRVWA8_GRVWB2_GSU0_GSUAMB_GLS0_ISA950_IU1_K1_LDSTI0_LBSPPA1024_LBSPPB256_LBSPPM0_LPA16_LPB16_LPM0_LRVW8_LWPMn1_MIAV0_MIWT2_5_MO40_NTn1_NTA0_NTB0_NTC4_NTD4_NTM0_NEPBS0_NLCA1_NLCB1_ONLL1_PGR2_PLR1_PKA1_SIA3_SS1_SPO0_SRVW0_SSO1_SVW2_SK3_SKFTR0_SKXCCM0_TLDS2_ULSGRO0_USL1_UIOFGRO0_USFGRO0_VSn1_VWA2_VWB1_WSGRA0_WSGRB0_WS64_WG64_4_1",5260,172817239,32854.988403,3.860e-03,16240,50840,6657.140922
"Cijk_Alik_Bljk_BBS_BH_Bias_HA_S_SAV_UserArgs_MT288x224x64_MI16x16x1_SN_LDSB0_AFC0_AFEM1_AFEM1_ASEM1_CLR0_CADS0_DTLA1_DTLB1_DTVA0_DTVB0_EPS0_FDSI0_GRPM1_GRVWA2_GRVWB8_GSU0_GSUAMB_GLS0_ISA950_IU1_K1_LDSTI0_LBSPPA256_LBSPPB1024_LBSPPM0_LPA16_LPB16_LPM0_LRVW8_LWPMn1_MIAV0_MIWT9_7_MO40_NTn1_NTA0_NTB0_NTC0_NTD1_NTM0_NEPBS0_NLCA1_NLCB1_ONLL1_PGR2_PLR1_PKA1_SIA3_SS1_SPO1_SRVW0_SSO1_SVW1_SK3_SKFTR0_SKXCCM0_TLDS2_ULSGRO0_USL1_UIOFGRO0_USFGRO0_VSn1_VWA1_VWB1_WSGRA0_WSGRB0_WS64_WG32_8_1",1948,161176699,82739.578542,3.600e-03,54520,189961,43763.714965
"void at::native::index_elementwise_kernel<128, 4, at::native::gpu_index_kernel<at::native::index_kernel_impl<at::native::OpaqueType<1> >(at::TensorIteratorBase&, c10::ArrayRef<long>, c10::ArrayRef<long>)::{lambda(char*, char const*, long)#1}>(at::TensorIteratorBase&, c10::ArrayRef<long>, c10::ArrayRef<long>, at::native::index_kernel_impl<at::native::OpaqueType<1> >(at::TensorIteratorBase&, c10::ArrayRef<long>, c10::ArrayRef<long>)::{lambda(char*, char const*, long)#1} const&, bool)::{lambda(int)#1}>(long, at::native::gpu_index_kernel<at::native::index_kernel_impl<at::native::OpaqueType<1> >(at::TensorIteratorBase&, c10::ArrayRef<long>, c10::ArrayRef<long>)::{lambda(char*, char const*, long)#1}>(at::TensorIteratorBase&, c10::ArrayRef<long>, c10::ArrayRef<long>, at::native::index_kernel_impl<at::native::OpaqueType<1> >(at::TensorIteratorBase&, c10::ArrayRef<long>, c10::ArrayRef<long>)::{lambda(char*, char const*, long)#1} const&, bool)::{lambda(int)#1})",20928,159239914,7608.940845,3.557e-03,5560,22680,1113.920895
"hgemm_bf16_16x64x64x6_SPK7_W1x2x1_BLDS1_TN_AS1_0",15480,156005309,10077.862339,3.484e-03,8320,13920,492.251879
"void at::native::_scatter_gather_elementwise_kernel<256, 4, at::native::_cuda_scatter_gather_internal_kernel<false, at::native::OpaqueType<4>, long>::operator()<at::native::TensorAssign>(at::TensorIterator&, long, long, long, at::native::TensorAssign const&)::{lambda(int)#1}>(int, at::native::_cuda_scatter_gather_internal_kernel<false, at::native::OpaqueType<4>, long>::operator()<at::native::TensorAssign>(at::TensorIterator&, long, long, long, at::native::TensorAssign const&)::{lambda(int)#1})",68252,149581500,2191.606107,3.341e-03,640,9200,405.623070
"hgemm_bf16_16x64x128x6_SPK2_W1x1x2_BLDS1_TN_AS1_0",10056,149490008,14865.752586,3.339e-03,13360,18160,564.802004
"void gemm_a16w16_flatmm_splitk_kernel<opus_flatmm_splitk_traits_gfx950<256, opus::seq<32, 96, 64>, opus::tuple<std::bfloat16_t, std::bfloat16_t, float, float, std::bfloat16_t>, opus::seq<8, 8, 4>, opus::seq<16, 16, 32>, 2, false, false> >(opus_gemm_flatmm_splitk_kargs_gfx950)",2692,147691652,54863.169391,3.299e-03,25320,62840,1551.439567
"hgemm_bf16_32x64x128x5_SPK2_W2x2x1_BLDS1_TN_AS1_0",9120,146148181,16025.019846,3.264e-03,14560,19320,642.544325
"void at::native::vectorized_elementwise_kernel<4, at::native::CUDAFunctorOnSelf_add<int>, std::array<char*, 2ul> >(int, at::native::CUDAFunctorOnSelf_add<int>, std::array<char*, 2ul>)",70278,144628169,2057.943723,3.230e-03,640,35720,945.263439
"void at::native::vectorized_elementwise_kernel<4, at::native::BUnaryFunctor<int, int, int, at::native::binary_internal::div_floor_kernel_cuda(at::TensorIteratorBase&)::{lambda()#1}::operator()() const::{lambda()#3}::operator()() const::{lambda(int, int)#1}>, std::array<char*, 2ul> >(int, at::native::BUnaryFunctor<int, int, int, at::native::binary_internal::div_floor_kernel_cuda(at::TensorIteratorBase&)::{lambda()#1}::operator()() const::{lambda()#3}::operator()() const::{lambda(int, int)#1}>, std::array<char*, 2ul>)",68250,139789974,2048.204747,3.122e-03,640,11960,527.125351
"Cijk_Alik_Bljk_BBS_BH_Bias_HA_S_SAV_UserArgs_MT96x32x256_MI16x16x1_SN_LDSB1_AFC0_AFEM1_AFEM1_ASEM1_CLR1_CADS0_DTLA0_DTLB0_DTVA0_DTVB0_EPS0_FDSI0_GRPM1_GRVWA8_GRVWB8_GSU0_GSUAMB_GLS0_ISA950_IU1_K1_LDSTI0_LBSPPA512_LBSPPB512_LBSPPM0_LPA16_LPB16_LPM0_LRVW8_LWPMn1_MIAV0_MIWT3_1_MO40_NTn1_NTA4_NTB0_NTC0_NTD0_NTM0_NEPBS0_NLCA1_NLCB1_ONLL1_PGR2_PLR1_PKA1_SIA3_SS1_SPO0_SRVW0_SSO0_SVW1_SK3_SKFTR0_SKXCCM8_TLDS1_ULSGRO0_USL1_UIOFGRO0_USFGRO0_VSn1_VWA1_VWB1_WSGRA0_WSGRB0_WS64_WG32_8_1",2817,137741826,48896.636848,3.076e-03,46360,53320,1105.469107
"void gemm_a16w16_flatmm_splitk_kernel<opus_flatmm_splitk_traits_gfx950<256, opus::seq<64, 96, 64>, opus::tuple<std::bfloat16_t, std::bfloat16_t, float, float, std::bfloat16_t>, opus::seq<8, 8, 4>, opus::seq<16, 16, 32>, 1, false, false> >(opus_gemm_flatmm_splitk_kargs_gfx950)",6655,137687072,20689.267017,3.075e-03,15680,29240,2075.116936
"void at::native::elementwise_kernel_manual_unroll<128, 4, at::native::gpu_kernel_impl_nocast<at::native::CUDAFunctor_add<int> >(at::TensorIteratorBase&, at::native::CUDAFunctor_add<int> const&)::{lambda(int, bool)#1}>(int, at::native::gpu_kernel_impl_nocast<at::native::CUDAFunctor_add<int> >(at::TensorIteratorBase&, at::native::CUDAFunctor_add<int> const&)::{lambda(int, bool)#1})",67963,137573863,2024.246472,3.073e-03,640,29800,568.516993
"hgemm_bf16_96x64x64x4_SPK1_W2x2x1_BLDS1_TN_AS1_0",5424,135598164,24999.661504,3.029e-03,8880,46280,13981.970045
"Cijk_Alik_Bljk_BBS_BH_Bias_HA_S_SAV_UserArgs_MT160x192x128_MI16x16x1_SN_LDSB1_AFC0_AFEM1_AFEM1_ASEM1_CLR0_CADS0_DTLA0_DTLB0_DTVA0_DTVB0_EPS0_FDSI0_GRPM1_GRVWA8_GRVWB8_GSU0_GSUAMB_GLS0_ISA950_IU1_K1_LDSTI0_LBSPPA512_LBSPPB256_LBSPPM0_LPA16_LPB16_LPM0_LRVW8_LWPMn1_MIAV0_MIWT10_3_MO40_NTn1_NTA4_NTB0_NTC1_NTD4_NTM0_NEPBS0_NLCA1_NLCB1_ONLL1_PGR2_PLR1_PKA1_SIA3_SS1_SPO0_SRVW0_SSO0_SVW2_SK3_SKFTR0_SKXCCM0_TLDS1_ULSGRO0_USL1_UIOFGRO0_USFGRO0_VSn1_VWA2_VWB1_WSGRA0_WSGRB0_WS64_WG16_16_1",1863,134336876,72107.823940,3.000e-03,67520,79440,1741.711079
"Cijk_Alik_Bljk_BBS_BH_Bias_HA_S_SAV_UserArgs_MT128x128x128_MI16x16x1_SN_LDSB1_AFC0_AFEM1_AFEM1_ASEM1_CLR1_CADS0_DTLA0_DTLB0_DTVA0_DTVB0_EPS0_FDSI0_GRPM1_GRVWA8_GRVWB8_GSU0_GSUAMB_GLS0_ISA950_IU1_K1_LDSTI0_LBSPPA1024_LBSPPB1024_LBSPPM0_LPA16_LPB16_LPM0_LRVW8_LWPMn1_MIAV0_MIWT4_4_MO40_NTn1_NTA0_NTB0_NTC0_NTD0_NTM0_NEPBS0_NLCA1_NLCB1_ONLL1_PGR2_PLR1_PKA1_SIA3_SS1_SPO0_SRVW0_SSO0_SVW4_SK3_SKFTR0_SKXCCM0_TLDS1_ULSGRO0_USL1_UIOFGRO0_USFGRO0_VSn1_VWA4_VWB4_WSGRA0_WSGRB0_WS64_WG32_8_1",4868,130599025,26828.065941,2.917e-03,10160,47761,13853.734586
"void at::native::vectorized_elementwise_kernel<4, at::native::(anonymous namespace)::launch_clamp_scalar(at::TensorIteratorBase&, c10::Scalar, c10::Scalar, at::native::detail::ClampLimits)::{lambda()#1}::operator()() const::{lambda()#3}::operator()() const::{lambda(int)#1}, std::array<char*, 2ul> >(int, at::native::(anonymous namespace)::launch_clamp_scalar(at::TensorIteratorBase&, c10::Scalar, c10::Scalar, at::native::detail::ClampLimits)::{lambda()#1}::operator()() const::{lambda()#3}::operator()() const::{lambda(int)#1}, std::array<char*, 2ul>)",68250,129287787,1894.326549,2.888e-03,600,61600,500.748978
"_post_update_kernel",22553,128285760,5688.190485,2.865e-03,2640,8200,607.397557
"Cijk_Alik_Bljk_BBS_BH_Bias_HA_S_SAV_UserArgs_MT192x128x128_MI16x16x1_SN_LDSB1_AFC0_AFEM1_AFEM1_ASEM1_CLR0_CADS0_DTLA0_DTLB0_DTVA0_DTVB0_EPS0_FDSI0_GRPM1_GRVWA8_GRVWB8_GSU0_GSUAMB_GLS0_ISA950_IU1_K1_LDSTI0_LBSPPA512_LBSPPB1024_LBSPPM0_LPA16_LPB16_LPM0_LRVW8_LWPMn1_MIAV0_MIWT6_4_MO40_NTn1_NTA0_NTB0_NTC1_NTD4_NTM0_NEPBS0_NLCA1_NLCB1_ONLL1_PGR2_PLR1_PKA1_SIA3_SS1_SPO0_SRVW0_SSO1_SVW2_SK3_SKFTR0_SKXCCM0_TLDS2_ULSGRO0_USL1_UIOFGRO0_USFGRO0_VSn1_VWA2_VWB4_WSGRA0_WSGRB0_WS64_WG32_8_1",2732,126086521,46151.728038,2.816e-03,14000,100121,22346.771422
"Cijk_SS_BiasS_HAS_ScaleAlphaVec_PostGSU8_VW4",16560,125132041,7556.282669,2.795e-03,5160,12960,831.438924
"Cijk_Alik_Bljk_BBS_BH_Bias_HA_S_SAV_UserArgs_MT128x64x128_MI16x16x1_SN_LDSB1_AFC0_AFEM1_AFEM1_ASEM1_CLR1_CADS0_DTLA0_DTLB0_DTVA0_DTVB0_EPS0_FDSI0_GRPM1_GRVWA8_GRVWB8_GSU0_GSUAMB_GLS0_ISA950_IU1_K1_LDSTI0_LBSPPA1024_LBSPPB512_LBSPPM0_LPA16_LPB16_LPM0_LRVW8_LWPMn1_MIAV0_MIWT4_2_MO40_NTn1_NTA0_NTB0_NTC0_NTD0_NTM0_NEPBS0_NLCA1_NLCB1_ONLL1_PGR2_PLR1_PKA1_SIA3_SS1_SPO0_SRVW0_SSO0_SVW4_SK3_SKFTR0_SKXCCM0_TLDS1_ULSGRO0_USL1_UIOFGRO0_USFGRO0_VSn1_VWA4_VWB2_WSGRA0_WSGRB0_WS64_WG32_8_1",4232,123920097,29281.686437,2.768e-03,25641,33640,1048.228788
"void splitk_reduce_kernel<16, 64, std::bfloat16_t, false, std::bfloat16_t, false>(opus_splitk_ws_handle const*, std::bfloat16_t*, int, int, int, int, int, int, std::bfloat16_t const*, int)",24804,121807710,4910.809144,2.721e-03,3320,19761,731.600979
"void aiter::add_rmsnorm_quant_kernel<std::bfloat16_t, std::bfloat16_t, 256, 32, false, false, true, 1>(std::bfloat16_t*, std::bfloat16_t*, float*, std::bfloat16_t*, std::bfloat16_t*, std::bfloat16_t*, double, bool, int, int, int, int, int, int, int, bool, bool)",22555,121078358,5368.138240,2.704e-03,2840,42481,754.422471
"void at::native::_scatter_gather_elementwise_kernel<256, 4, at::native::_cuda_scatter_gather_internal_kernel<false, at::native::OpaqueType<8>, long>::operator()<at::native::TensorAssign>(at::TensorIterator&, long, long, long, at::native::TensorAssign const&)::{lambda(int)#1}>(int, at::native::_cuda_scatter_gather_internal_kernel<false, at::native::OpaqueType<8>, long>::operator()<at::native::TensorAssign>(at::TensorIterator&, long, long, long, at::native::TensorAssign const&)::{lambda(int)#1})",22554,120974730,5363.781591,2.702e-03,2080,9760,633.992674
"void at::native::index_elementwise_kernel<128, 4, at::native::gpu_index_kernel<at::native::index_kernel_impl<at::native::OpaqueType<8> >(at::TensorIteratorBase&, c10::ArrayRef<long>, c10::ArrayRef<long>)::{lambda(char*, char const*, long)#1}>(at::TensorIteratorBase&, c10::ArrayRef<long>, c10::ArrayRef<long>, at::native::index_kernel_impl<at::native::OpaqueType<8> >(at::TensorIteratorBase&, c10::ArrayRef<long>, c10::ArrayRef<long>)::{lambda(char*, char const*, long)#1} const&, bool)::{lambda(int)#1}>(long, at::native::gpu_index_kernel<at::native::index_kernel_impl<at::native::OpaqueType<8> >(at::TensorIteratorBase&, c10::ArrayRef<long>, c10::ArrayRef<long>)::{lambda(char*, char const*, long)#1}>(at::TensorIteratorBase&, c10::ArrayRef<long>, c10::ArrayRef<long>, at::native::index_kernel_impl<at::native::OpaqueType<8> >(at::TensorIteratorBase&, c10::ArrayRef<long>, c10::ArrayRef<long>)::{lambda(char*, char const*, long)#1} const&, bool)::{lambda(int)#1})",22554,120245570,5331.452071,2.686e-03,3280,18480,706.626366
"_apply_write_kernel",7850,118161231,15052.386115,2.639e-03,3200,344723,35246.621567
"_gather_block_tables_kernel",22554,116956358,5185.614880,2.612e-03,3120,122801,1126.045969
"void at::native::index_elementwise_kernel<128, 4, at::native::gpu_index_kernel<at::native::index_put_kernel_impl<at::native::OpaqueType<1> >(at::TensorIterator&, c10::ArrayRef<long>, c10::ArrayRef<long>)::{lambda(char*, char const*, long)#1}>(at::TensorIteratorBase&, c10::ArrayRef<long>, c10::ArrayRef<long>, at::native::index_put_kernel_impl<at::native::OpaqueType<1> >(at::TensorIterator&, c10::ArrayRef<long>, c10::ArrayRef<long>)::{lambda(char*, char const*, long)#1} const&, bool)::{lambda(int)#1}>(long, at::native::gpu_index_kernel<at::native::index_put_kernel_impl<at::native::OpaqueType<1> >(at::TensorIterator&, c10::ArrayRef<long>, c10::ArrayRef<long>)::{lambda(char*, char const*, long)#1}>(at::TensorIteratorBase&, c10::ArrayRef<long>, c10::ArrayRef<long>, at::native::index_put_kernel_impl<at::native::OpaqueType<1> >(at::TensorIterator&, c10::ArrayRef<long>, c10::ArrayRef<long>)::{lambda(char*, char const*, long)#1} const&, bool)::{lambda(int)#1})",20928,116156104,5550.272554,2.594e-03,3680,136402,1216.044700
"_compute_slot_mappings_kernel",22554,114099745,5058.958278,2.548e-03,2800,31320,2011.954484
"void at::native::elementwise_kernel_manual_unroll<128, 4, at::native::gpu_kernel_impl_nocast<at::native::direct_copy_kernel_cuda(at::TensorIteratorBase&)::{lambda()#3}::operator()() const::{lambda()#7}::operator()() const::{lambda(float)#1}>(at::TensorIteratorBase&, at::native::direct_copy_kernel_cuda(at::TensorIteratorBase&)::{lambda()#3}::operator()() const::{lambda()#7}::operator()() const::{lambda(float)#1} const&)::{lambda(int, bool)#1}>(int, at::native::gpu_kernel_impl_nocast<at::native::direct_copy_kernel_cuda(at::TensorIteratorBase&)::{lambda()#3}::operator()() const::{lambda()#7}::operator()() const::{lambda(float)#1}>(at::TensorIteratorBase&, at::native::direct_copy_kernel_cuda(at::TensorIteratorBase&)::{lambda()#3}::operator()() const::{lambda()#7}::operator()() const::{lambda(float)#1} const&)::{lambda(int, bool)#1})",22208,112120916,5048.672370,2.504e-03,0,10400,684.288938
"Cijk_Alik_Bljk_BBS_BH_Bias_HA_S_SAV_UserArgs_MT224x128x64_MI16x16x1_SN_LDSB1_AFC0_AFEM1_AFEM1_ASEM1_CLR1_CADS0_DTLA0_DTLB0_DTVA0_DTVB0_EPS0_FDSI0_GRPM1_GRVWA8_GRVWB8_GSU0_GSUAMB_GLS0_ISA950_IU1_K1_LDSTI0_LBSPPA128_LBSPPB512_LBSPPM0_LPA16_LPB16_LPM0_LRVW8_LWPMn1_MIAV0_MIWT7_4_MO40_NTn1_NTA0_NTB0_NTC0_NTD0_NTM0_NEPBS0_NLCA1_NLCB1_ONLL1_PGR2_PLR1_PKA1_SIA3_SS1_SPO0_SRVW0_SSO0_SVW1_SK3_SKFTR0_SKXCCM0_TLDS1_ULSGRO0_USL1_UIOFGRO0_USFGRO0_VSn1_VWA1_VWB4_WSGRA0_WSGRB0_WS64_WG32_8_1",1986,111027286,55904.977845,2.480e-03,0,77320,13985.802954
"Cijk_Alik_Bljk_BBS_BH_Bias_HA_S_SAV_UserArgs_MT256x80x128_MI16x16x1_SN_LDSB1_AFC0_AFEM1_AFEM1_ASEM1_CLR1_CADS0_DTLA0_DTLB0_DTVA0_DTVB0_EPS0_FDSI0_GRPM1_GRVWA8_GRVWB8_GSU0_GSUAMB_GLS0_ISA950_IU1_K1_LDSTI0_LBSPPA1024_LBSPPB256_LBSPPM0_LPA16_LPB16_LPM0_LRVW8_LWPMn1_MIAV0_MIWT4_5_MO40_NTn1_NTA0_NTB0_NTC0_NTD0_NTM0_NEPBS0_NLCA1_NLCB1_ONLL1_PGR2_PLR1_PKA1_SIA3_SS1_SPO0_SRVW0_SSO0_SVW4_SK3_SKFTR0_SKXCCM0_TLDS1_ULSGRO0_USL1_UIOFGRO0_USFGRO0_VSn1_VWA4_VWB1_WSGRA0_WSGRB0_WS64_WG64_4_1",2578,110503115,42863.892552,2.468e-03,15520,71001,8897.981451
"Cijk_Alik_Bljk_BBS_BH_Bias_HA_S_SAV_UserArgs_MT192x320x64_MI16x16x1_SN_LDSB1_AFC0_AFEM1_AFEM1_ASEM1_CLR0_CADS0_DTLA0_DTLB0_DTVA0_DTVB0_EPS1_FDSI0_GRPM1_GRVWA8_GRVWB8_GSU0_GSUAMB_GLS0_ISA950_IU1_K1_LDSTI0_LBSPPA512_LBSPPB128_LBSPPM0_LPA16_LPB16_LPM0_LRVW8_LWPMn1_MIAV0_MIWT12_5_MO40_NTn1_NTA4_NTB0_NTC5_NTD4_NTM0_NEPBS0_NLCA1_NLCB1_ONLL1_PGR1_PLR1_PKA1_SIA3_SS1_SPO1_SRVW0_SSO1_SVW4_SK3_SKFTR0_SKXCCM0_TLDS1_ULSGRO0_USL1_UIOFGRO0_USFGRO0_VSn1_VWA4_VWB1_WSGRA0_WSGRB0_WS64_WG16_16_1",1932,109894339,56881.127847,2.455e-03,52560,123321,2210.714524
"__amd_rocclr_fillBufferAligned",24651,107863912,4375.640420,2.409e-03,520,98122,3075.398617
"Cijk_Alik_Bljk_BSS_BH_Bias_S_HA_S_SAV_UserArgs_MT64x64x256_MI16x16x1_SN_LDSB1_AFC0_AFEM1_AFEM1_ASEM1_CLR1_CADS0_DTLA0_DTLB0_DTVA0_DTVB0_EPS0_FDSI0_GRPM1_GRVWA8_GRVWB8_GSU0_GSUAMB_GLS0_ISA950_IU1_K1_LDSTI0_LBSPPA1024_LBSPPB1024_LBSPPM0_LPA16_LPB16_LPM0_LRVW8_LWPMn1_MIAV0_MIWT2_2_MO40_NTn1_NTA0_NTB0_NTC0_NTD0_NTM0_NEPBS0_NLCA1_NLCB1_ONLL1_PGR2_PLR1_PKA1_SIA3_SS1_SPO0_SRVW0_SSO0_SVW2_SK3_SKFTR0_SKXCCM0_TLDS1_ULSGRO0_USL1_UIOFGRO0_USFGRO0_VSn1_VWA2_VWB2_WSGRA0_WSGRB0_WS64_WG32_8_1",2852,106928015,37492.291374,2.388e-03,34120,41280,983.000129
"_batched_gemm_a16wfp4_kernel_BLOCK_SIZE_M_16_BLOCK_SIZE_N_64_BLOCK_SIZE_K_256_GROUP_SIZE_M_1_NUM_KSPLIT_1_SPLITK_BLOCK_SIZE_512_EVEN_K_1_GRID_MN_2_PRE_QUANT_1_HAVE_Y_SCALE_0_cache_modifier_CG",18480,105966520,5734.119048,2.367e-03,3840,63281,914.565337
"Cijk_Alik_Bljk_BBS_BH_Bias_HA_S_SAV_UserArgs_MT64x32x256_MI16x16x1_SN_LDSB0_AFC0_AFEM1_AFEM1_ASEM1_CLR0_CADS0_DTLA1_DTLB1_DTVA0_DTVB0_EPS0_FDSI0_GRPM1_GRVWA8_GRVWB8_GSU0_GSUAMB_GLS0_ISA950_IU1_K1_LDSTI0_LBSPPA1024_LBSPPB1024_LBSPPM0_LPA16_LPB16_LPM0_LRVW8_LWPMn1_MIAV0_MIWT2_1_MO40_NTn1_NTA0_NTB0_NTC3_NTD1_NTM0_NEPBS10_NLCA1_NLCB1_ONLL1_PGR2_PLR1_PKA1_SIA3_SS1_SPO0_SRVW0_SSO0_SVW2_SK3_SKFTR0_SKXCCM0_TLDS2_ULSGRO0_USL1_UIOFGRO0_USFGROn1_VSn1_VWA2_VWB1_WSGRA0_WSGRB0_WS64_WG32_8_1",6164,105755431,17156.948572,2.362e-03,14921,20640,764.811795
"hgemm_bf16_96x128x64x4_SPK1_W1x4x1_BLDS1_TN_AS1_0",6345,103957717,16384.194957,2.322e-03,13681,81121,5243.046185
"_scatter_num_accepted_kernel",22553,102751460,4555.999645,2.295e-03,1440,8080,240.714460
"triton_poi_fused_add_bitwise_and_bitwise_not_bitwise_or_ge_lt_mul_sub_0",23701,101171708,4268.668326,2.260e-03,1240,237082,2118.490883
"Cijk_Alik_Bljk_BSS_BH_Bias_S_HA_S_SAV_UserArgs_MT32x32x512_MI16x16x1_SN_LDSB1_AFC0_AFEM1_AFEM1_ASEM1_CLR1_CADS0_DTLA0_DTLB0_DTVA0_DTVB0_EPS0_FDSI0_GRPM1_GRVWA8_GRVWB8_GSU0_GSUAMB_GLS0_ISA950_IU1_K1_LDSTI0_LBSPPA1024_LBSPPB1024_LBSPPM0_LPA16_LPB16_LPM0_LRVW8_LWPMn1_MIAV0_MIWT1_1_MO40_NTn1_NTA0_NTB0_NTC0_NTD0_NTM0_NEPBS0_NLCA1_NLCB1_ONLL1_PGR2_PLR1_PKA1_SIA3_SS1_SPO0_SRVW0_SSO0_SVW1_SK3_SKFTR0_SKXCCM0_TLDS1_ULSGRO0_USL1_UIOFGRO0_USFGRO0_VSn1_VWA1_VWB1_WSGRA0_WSGRB0_WS64_WG32_8_1",4876,97186425,19931.588392,2.171e-03,15880,114561,1564.423243
"_combine_sampled_and_draft_tokens_kernel",22554,97139455,4306.972377,2.170e-03,2520,10840,903.719195
"Cijk_Alik_Bljk_BBS_BH_Bias_HA_S_SAV_UserArgs_MT128x160x64_MI16x16x1_SN_LDSB1_AFC0_AFEM1_AFEM1_ASEM1_CLR1_CADS0_DTLA0_DTLB0_DTVA0_DTVB0_EPS0_FDSI0_GRPM1_GRVWA8_GRVWB8_GSU0_GSUAMB_GLS0_ISA950_IU1_K1_LDSTI0_LBSPPA512_LBSPPB128_LBSPPM0_LPA16_LPB16_LPM0_LRVW8_LWPMn1_MIAV0_MIWT4_5_MO40_NTn1_NTA0_NTB0_NTC0_NTD0_NTM0_NEPBS0_NLCA1_NLCB1_ONLL1_PGR2_PLR1_PKA1_SIA3_SS1_SPO0_SRVW0_SSO0_SVW4_SK3_SKFTR0_SKXCCM0_TLDS1_ULSGRO0_USL1_UIOFGRO0_USFGRO0_VSn1_VWA4_VWB1_WSGRA0_WSGRB0_WS64_WG32_8_1",9660,95598345,9896.309006,2.135e-03,8080,14520,594.876167
"_batched_gemm_a16wfp4_kernel_BLOCK_SIZE_M_16_BLOCK_SIZE_N_64_BLOCK_SIZE_K_128_GROUP_SIZE_M_1_NUM_KSPLIT_1_SPLITK_BLOCK_SIZE_128_EVEN_K_1_GRID_MN_8_PRE_QUANT_1_HAVE_Y_SCALE_1_cache_modifier_CG",18480,94995309,5140.438799,2.122e-03,3481,54161,820.385457
"Cijk_Alik_Bljk_BBS_BH_Bias_HA_S_SAV_UserArgs_MT192x64x128_MI16x16x1_SN_LDSB1_AFC0_AFEM1_AFEM1_ASEM1_CLR1_CADS0_DTLA0_DTLB0_DTVA0_DTVB0_EPS0_FDSI0_GRPM1_GRVWA8_GRVWB8_GSU0_GSUAMB_GLS0_ISA950_IU1_K1_LDSTI0_LBSPPA512_LBSPPB512_LBSPPM0_LPA16_LPB16_LPM0_LRVW8_LWPMn1_MIAV0_MIWT6_2_MO40_NTn1_NTA0_NTB0_NTC0_NTD0_NTM0_NEPBS0_NLCA1_NLCB1_ONLL1_PGR2_PLR1_PKA1_SIA3_SS1_SPO0_SRVW0_SSO0_SVW2_SK3_SKFTR0_SKXCCM0_TLDS1_ULSGRO0_USL1_UIOFGRO0_USFGRO0_VSn1_VWA2_VWB2_WSGRA0_WSGRB0_WS64_WG32_8_1",3132,94544871,30186.740421,2.112e-03,27440,72640,1239.854940
"Cijk_Alik_Bljk_BBS_BH_Bias_HA_S_SAV_UserArgs_MT32x48x512_MI16x16x1_SN_LDSB1_AFC0_AFEM1_AFEM1_ASEM1_CLR1_CADS0_DTLA0_DTLB0_DTVA0_DTVB0_EPS0_FDSI0_GRPM1_GRVWA8_GRVWB8_GSU0_GSUAMB_GLS0_ISA950_IU1_K1_LDSTI0_LBSPPA2048_LBSPPB1024_LBSPPM0_LPA16_LPB16_LPM0_LRVW8_LWPMn1_MIAV1_MIWT2_3_MO40_NTn1_NTA0_NTB0_NTC3_NTD0_NTM0_NEPBS14_NLCA1_NLCB1_ONLL1_PGR2_PLR1_PKA1_SIA3_SS1_SPO0_SRVW0_SSO0_SVW2_SK3_SKFTR0_SKXCCM0_TLDS1_ULSGRO0_USL1_UIOFGRO0_USFGRO0_VSn1_VWA2_VWB1_WSGRA0_WSGRB0_WS64_WG16_4_4",6256,94023344,15029.306905,2.100e-03,12720,18441,760.551100
"Cijk_Alik_Bljk_BBS_BH_Bias_HA_S_SAV_UserArgs_MT64x96x64_MI16x16x1_SN_LDSB0_AFC0_AFEM1_AFEM1_ASEM1_CLR0_CADS0_DTLA0_DTLB0_DTVA0_DTVB0_EPS0_FDSI0_GRPM1_GRVWA8_GRVWB8_GSU0_GSUAMB_GLS0_ISA950_IU1_K1_LDSTI0_LBSPPA128_LBSPPB256_LBSPPM0_LPA16_LPB16_LPM0_LRVW8_LWPMn1_MIAV1_MIWT1_6_MO40_NTn1_NTA0_NTB0_NTC0_NTD5_NTM0_NEPBS0_NLCA1_NLCB1_ONLL1_PGR2_PLR1_PKA1_SIA3_SS1_SPO0_SRVW0_SSO0_SVW1_SK3_SKFTR0_SKXCCM0_TLDS1_ULSGRO0_USL1_UIOFGRO0_USFGROn1_VSn1_VWA1_VWB2_WSGRA0_WSGRB0_WS64_WG64_4_1",10488,91965766,8768.665713,2.054e-03,6200,13040,573.463659
"_get_num_sampled_and_rejected_kernel",22554,91103322,4039.342112,2.035e-03,3200,8720,419.354183
"Cijk_Alik_Bljk_BBS_BH_Bias_HA_S_SAV_UserArgs_MT128x64x64_MI16x16x1_SN_LDSB1_AFC0_AFEM1_AFEM1_ASEM1_CLR1_CADS0_DTLA0_DTLB0_DTVA0_DTVB0_EPS0_FDSI0_GRPM1_GRVWA8_GRVWB8_GSU0_GSUAMB_GLS0_ISA950_IU1_K1_LDSTI0_LBSPPA512_LBSPPB256_LBSPPM0_LPA16_LPB16_LPM0_LRVW8_LWPMn1_MIAV0_MIWT4_2_MO40_NTn1_NTA0_NTB0_NTC0_NTD0_NTM0_NEPBS0_NLCA1_NLCB1_ONLL1_PGR2_PLR1_PKA1_SIA3_SS1_SPO0_SRVW0_SSO0_SVW4_SK3_SKFTR0_SKXCCM0_TLDS1_ULSGRO0_USL1_UIOFGRO0_USFGRO0_VSn1_VWA4_VWB2_WSGRA0_WSGRB0_WS64_WG32_8_1",11454,89889679,7847.885368,2.008e-03,5800,11961,525.075726
"void at::native::elementwise_kernel_manual_unroll<128, 4, at::native::gpu_kernel_impl_nocast<at::native::direct_copy_kernel_cuda(at::TensorIteratorBase&)::{lambda()#3}::operator()() const::{lambda()#3}::operator()() const::{lambda(int)#1}>(at::TensorIteratorBase&, at::native::direct_copy_kernel_cuda(at::TensorIteratorBase&)::{lambda()#3}::operator()() const::{lambda()#3}::operator()() const::{lambda(int)#1} const&)::{lambda(int, bool)#1}>(int, at::native::gpu_kernel_impl_nocast<at::native::direct_copy_kernel_cuda(at::TensorIteratorBase&)::{lambda()#3}::operator()() const::{lambda()#3}::operator()() const::{lambda(int)#1}>(at::TensorIteratorBase&, at::native::direct_copy_kernel_cuda(at::TensorIteratorBase&)::{lambda()#3}::operator()() const::{lambda()#3}::operator()() const::{lambda(int)#1} const&)::{lambda(int, bool)#1})",42372,88111250,2079.468753,1.968e-03,800,123721,951.786225
"Cijk_Alik_Bljk_BBS_BH_Bias_HA_S_SAV_UserArgs_MT192x96x64_MI16x16x1_SN_LDSB1_AFC0_AFEM1_AFEM1_ASEM1_CLR1_CADS0_DTLA0_DTLB0_DTVA0_DTVB0_EPS0_FDSI0_GRPM1_GRVWA8_GRVWB8_GSU0_GSUAMB_GLS0_ISA950_IU1_K1_LDSTI0_LBSPPA256_LBSPPB128_LBSPPM0_LPA16_LPB16_LPM0_LRVW8_LWPMn1_MIAV0_MIWT6_3_MO40_NTn1_NTA0_NTB0_NTC0_NTD0_NTM0_NEPBS0_NLCA1_NLCB1_ONLL1_PGR2_PLR1_PKA1_SIA3_SS1_SPO0_SRVW0_SSO0_SVW2_SK3_SKFTR0_SKXCCM0_TLDS1_ULSGRO0_USL1_UIOFGRO0_USFGRO0_VSn1_VWA2_VWB1_WSGRA0_WSGRB0_WS64_WG32_8_1",5048,86807105,17196.336173,1.939e-03,9360,55400,3041.987372
"Cijk_Alik_Bljk_BBS_BH_Bias_HA_S_SAV_UserArgs_MT176x256x64_MI16x16x1_SN_LDSB0_AFC0_AFEM1_AFEM1_ASEM1_CLR1_CADS0_DTLA0_DTLB0_DTVA0_DTVB0_EPS0_FDSI0_GRPM1_GRVWA4_GRVWB8_GSU0_GSUAMB_GLS0_ISA950_IU1_K1_LDSTI0_LBSPPA128_LBSPPB512_LBSPPM0_LPA16_LPB16_LPM0_LRVW8_LWPMn1_MIAV0_MIWT11_4_MO40_NTn1_NTA0_NTB0_NTC0_NTD0_NTM0_NEPBS0_NLCA1_NLCB1_ONLL1_PGR2_PLR1_PKA1_SIA3_SS1_SPO0_SRVW0_SSO0_SVW1_SK3_SKFTR0_SKXCCM0_TLDS1_ULSGRO0_USL1_UIOFGRO0_USFGRO0_VSn1_VWA1_VWB4_WSGRA0_WSGRB0_WS64_WG16_16_1",630,86221634,136859.736508,1.926e-03,82841,401724,91128.217673
"void wvSplitK_hf_sml_<__hip_bfloat16, 64, 2, 16, 8, 2, 1>(int, int, int, int, int, int, __hip_bfloat16 const*, __hip_bfloat16 const*, __hip_bfloat16 const*, __hip_bfloat16*, int, int)",3747,84686612,22601.177475,1.891e-03,3240,56001,19133.568487
"Cijk_Alik_Bljk_BBS_BH_Bias_HA_S_SAV_UserArgs_MT192x224x64_MI16x16x1_SN_LDSB0_AFC0_AFEM1_AFEM1_ASEM1_CLR1_CADS0_DTLA0_DTLB0_DTVA0_DTVB0_EPS0_FDSI0_GRPM1_GRVWA8_GRVWB8_GSU0_GSUAMB_GLS0_ISA950_IU1_K1_LDSTI0_LBSPPA256_LBSPPB128_LBSPPM0_LPA16_LPB16_LPM0_LRVW8_LWPMn1_MIAV0_MIWT6_7_MO40_NTn1_NTA4_NTB0_NTC0_NTD0_NTM0_NEPBS0_NLCA1_NLCB1_ONLL1_PGR2_PLR1_PKA1_SIA3_SS1_SPO0_SRVW0_SSO0_SVW2_SK3_SKFTR0_SKXCCM8_TLDS1_ULSGRO0_USL1_UIOFGRO0_USFGRO0_VSn1_VWA2_VWB1_WSGRA0_WSGRB0_WS64_WG32_8_1",1794,83948827,46794.217949,1.875e-03,30681,75681,17763.250536
"Cijk_Alik_Bljk_BSS_BH_Bias_S_HA_S_SAV_UserArgs_MT224x192x64_MI16x16x1_SN_LDSB0_AFC0_AFEM1_AFEM1_ASEM1_CLR1_CADS0_DTLA0_DTLB0_DTVA0_DTVB0_EPS0_FDSI0_GRPM1_GRVWA8_GRVWB8_GSU0_GSUAMB_GLS0_ISA950_IU1_K1_LDSTI0_LBSPPA128_LBSPPB256_LBSPPM0_LPA16_LPB16_LPM0_LRVW8_LWPMn1_MIAV0_MIWT7_6_MO40_NTn1_NTA0_NTB0_NTC0_NTD0_NTM0_NEPBS0_NLCA1_NLCB1_ONLL1_PGR2_PLR1_PKA1_SIA3_SS1_SPO0_SRVW0_SSO0_SVW1_SK3_SKFTR0_SKXCCM0_TLDS1_ULSGRO0_USL1_UIOFGRO0_USFGRO0_VSn1_VWA1_VWB2_WSGRA0_WSGRB0_WS64_WG32_8_1",1012,80889121,79929.961462,1.807e-03,40240,96001,17244.047015
"Cijk_Alik_Bljk_BBS_BH_Bias_HA_S_SAV_UserArgs_MT32x32x512_MI16x16x1_SN_LDSB0_AFC0_AFEM1_AFEM1_ASEM1_CLR1_CADS0_DTLA1_DTLB1_DTVA0_DTVB0_EPS0_FDSI0_GRPM1_GRVWA8_GRVWB8_GSU0_GSUAMB_GLS0_ISA950_IU1_K1_LDSTI0_LBSPPA1024_LBSPPB1024_LBSPPM0_LPA16_LPB16_LPM0_LRVW8_LWPMn1_MIAV1_MIWT1_1_MO40_NTn1_NTA0_NTB0_NTC3_NTD0_NTM0_NEPBS16_NLCA1_NLCB1_ONLL1_PGR2_PLR1_PKA1_SIA3_SS1_SPO0_SRVW0_SSO0_SVW1_SK3_SKFTR0_SKXCCM0_TLDS2_ULSGRO0_USL1_UIOFGRO0_USFGRO0_VSn1_VWA1_VWB1_WSGRA0_WSGRB0_WS64_WG32_8_1",5888,74755484,12696.243886,1.670e-03,10641,17160,696.981287
"void at::native::vectorized_elementwise_kernel<16, at::native::FillFunctor<bool>, std::array<char*, 1ul> >(int, at::native::FillFunctor<bool>, std::array<char*, 1ul>)",22948,74165364,3231.887921,1.656e-03,2280,72480,1467.012223
"Cijk_Alik_Bljk_BBS_BH_Bias_HA_S_SAV_UserArgs_MT192x160x64_MI16x16x1_SN_LDSB1_AFC0_AFEM1_AFEM1_ASEM1_CLR1_CADS0_DTLA0_DTLB0_DTVA0_DTVB0_EPS0_FDSI0_GRPM1_GRVWA8_GRVWB8_GSU0_GSUAMB_GLS0_ISA950_IU1_K1_LDSTI0_LBSPPA256_LBSPPB128_LBSPPM0_LPA16_LPB16_LPM0_LRVW8_LWPMn1_MIAV0_MIWT6_5_MO40_NTn1_NTA0_NTB0_NTC0_NTD0_NTM0_NEPBS0_NLCA1_NLCB1_ONLL1_PGR2_PLR1_PKA1_SIA3_SS1_SPO0_SRVW0_SSO0_SVW2_SK3_SKFTR0_SKXCCM0_TLDS1_ULSGRO0_USL1_UIOFGRO0_USFGRO0_VSn1_VWA2_VWB1_WSGRA0_WSGRB0_WS64_WG32_8_1",3948,70711729,17910.772290,1.579e-03,10160,67801,7792.929996
"_prepare_pos_seq_lens_kernel",22554,70340388,3118.754456,1.571e-03,1560,41441,841.262611
"hgemm_bf16_128x64x128x3_SPK1_W2x4x1_BLDS1_TN_AS1_0",5301,69813091,13169.796453,1.559e-03,11240,18800,753.367573
"aiter::bf16gemm_fp32bf16_tn_64x64_splitk_clean",3624,62539043,17256.910320,1.397e-03,15320,24000,1497.006531
"void rocprim::ROCPRIM_400200_NS::detail::trampoline_kernel<rocprim::ROCPRIM_400200_NS::detail::wrapped_scan_config<rocprim::ROCPRIM_400200_NS::default_config, int>, (rocprim::ROCPRIM_400200_NS::detail::target_arch)950, rocprim::ROCPRIM_400200_NS::detail::scan_impl<(rocprim::ROCPRIM_400200_NS::detail::lookback_scan_determinism)0, false, false, rocprim::ROCPRIM_400200_NS::default_config, int const*, int*, int, std::plus<int>, int>(void*, unsigned long&, int const*, int*, int, unsigned long, std::plus<int>, ihipStream_t*, bool)::{lambda(auto:1, auto:2)#1}::operator()<std::integral_constant<bool, false>, std::integral_constant<bool, true> >(std::integral_constant<bool, false>, std::integral_constant<bool, true>) const::{lambda(auto:1)#2}, rocprim::ROCPRIM_400200_NS::detail::default_config_selector>(rocprim::ROCPRIM_400200_NS::detail::scan_impl<(rocprim::ROCPRIM_400200_NS::detail::lookback_scan_determinism)0, false, false, rocprim::ROCPRIM_400200_NS::default_config, int const*, int*, int, std::plus<int>, int>(void*, unsigned long&, int const*, int*, int, unsigned long, std::plus<int>, ihipStream_t*, bool)::{lambda(auto:1, auto:2)#1}::operator()<std::integral_constant<bool, false>, std::integral_constant<bool, true> >(std::integral_constant<bool, false>, std::integral_constant<bool, true>) const::{lambda(auto:1)#2})",21391,60865571,2845.382217,1.359e-03,2480,11481,350.478766
"Cijk_Alik_Bljk_BSS_BH_Bias_S_HA_S_SAV_UserArgs_MT192x96x128_MI16x16x1_SN_LDSB1_AFC0_AFEM1_AFEM1_ASEM1_CLR1_CADS0_DTLA0_DTLB0_DTVA0_DTVB0_EPS0_FDSI0_GRPM1_GRVWA8_GRVWB8_GSU0_GSUAMB_GLS0_ISA950_IU1_K1_LDSTI0_LBSPPA512_LBSPPB256_LBSPPM0_LPA16_LPB16_LPM0_LRVW8_LWPMn1_MIAV0_MIWT6_3_MO40_NTn1_NTA0_NTB0_NTC0_NTD0_NTM0_NEPBS0_NLCA1_NLCB1_ONLL1_PGR2_PLR1_PKA1_SIA3_SS1_SPO0_SRVW0_SSO0_SVW2_SK3_SKFTR0_SKXCCM0_TLDS1_ULSGRO0_USL1_UIOFGRO0_USFGRO0_VSn1_VWA2_VWB1_WSGRA0_WSGRB0_WS64_WG32_8_1",1656,59509567,35935.728865,1.329e-03,33440,39321,900.531819
"_gemm_a16_w16_kernel_BLOCK_SIZE_M_32_BLOCK_SIZE_N_32_BLOCK_SIZE_K_256_GROUP_SIZE_M_1_NUM_KSPLIT_1_SPLITK_BLOCK_SIZE_4224_EVEN_K_0_EVEN_MN_0_cache_modifier_CG_activation_NONE_use_activation_0_ADD_BIAS_0_SKIP_REDUCE_0",2673,58174445,21763.728021,1.299e-03,20640,24441,453.916710
"Cijk_Alik_Bljk_BSS_BH_Bias_S_HA_S_SAV_UserArgs_MT32x16x128_MI16x16x1_SN_LDSB0_AFC0_AFEM1_AFEM1_ASEM1_CLR0_CADS0_DTLA0_DTLB0_DTVA0_DTVB0_EPS0_FDSI0_GRPM1_GRVWA8_GRVWB8_GSU0_GSUAMB_GLS0_ISA950_IU1_K1_LDSTI0_LBSPPA256_LBSPPB256_LBSPPM0_LPA16_LPB16_LPM0_LRVW8_LWPMn1_MIAV0_MIWT2_1_MO40_NTn1_NTA4_NTB0_NTC0_NTD0_NTM0_NEPBS0_NLCA1_NLCB1_ONLL1_PGR2_PLR0_PKA1_SIA3_SS1_SPO0_SRVW0_SSO0_SVW1_SK3_SKFTR0_SKXCCM8_TLDS1_ULSGRO0_USL1_UIOFGRO0_USFGRO0_VSn1_VWA1_VWB1_WSGRA0_WSGRB0_WS64_WG16_4_4",3680,57356174,15585.916848,1.281e-03,14240,85160,2154.626425
"Cijk_Alik_Bljk_BBS_BH_Bias_HA_S_SAV_UserArgs_MT176x256x64_MI16x16x1_SN_LDSB0_AFC0_AFEM1_AFEM1_ASEM1_CLR1_CADS0_DTLA0_DTLB0_DTVA0_DTVB0_EPS0_FDSI0_GRPM1_GRVWA4_GRVWB8_GSU0_GSUAMB_GLS0_ISA950_IU1_K1_LDSTI0_LBSPPA128_LBSPPB512_LBSPPM0_LPA16_LPB16_LPM0_LRVW8_LWPMn1_MIAV0_MIWT11_4_MO40_NTn1_NTA4_NTB0_NTC0_NTD0_NTM0_NEPBS0_NLCA1_NLCB1_ONLL1_PGR2_PLR1_PKA1_SIA3_SS1_SPO0_SRVW0_SSO0_SVW1_SK3_SKFTR0_SKXCCM8_TLDS1_ULSGRO0_USL1_UIOFGRO0_USFGRO0_VSn1_VWA1_VWB4_WSGRA0_WSGRB0_WS64_WG16_16_1",690,55025947,79747.749275,1.229e-03,76560,83841,1228.764936
"void at::native::elementwise_kernel_manual_unroll<128, 4, at::native::gpu_kernel_impl<at::native::direct_copy_kernel_cuda(at::TensorIteratorBase&)::{lambda()#3}::operator()() const::{lambda()#3}::operator()() const::{lambda(int)#1}>(at::TensorIteratorBase&, at::native::direct_copy_kernel_cuda(at::TensorIteratorBase&)::{lambda()#3}::operator()() const::{lambda()#3}::operator()() const::{lambda(int)#1} const&)::{lambda(int, bool)#1}>(int, at::native::gpu_kernel_impl<at::native::direct_copy_kernel_cuda(at::TensorIteratorBase&)::{lambda()#3}::operator()() const::{lambda()#3}::operator()() const::{lambda(int)#1}>(at::TensorIteratorBase&, at::native::direct_copy_kernel_cuda(at::TensorIteratorBase&)::{lambda()#3}::operator()() const::{lambda()#3}::operator()() const::{lambda(int)#1} const&)::{lambda(int, bool)#1})",11973,54658350,4565.134052,1.221e-03,1560,11760,1827.417610
"void at::native::vectorized_elementwise_kernel<8, at::native::ConvertToFloat8E4M3fnOp<c10::BFloat16>, std::array<char*, 2ul> >(int, at::native::ConvertToFloat8E4M3fnOp<c10::BFloat16>, std::array<char*, 2ul>)",5256,53752202,10226.826865,1.201e-03,3240,125321,4469.204049
"void at::native::(anonymous namespace)::CatArrayBatchedCopy_contig<at::native::(anonymous namespace)::OpaqueType<4u>, unsigned int, 1, 128, 1>(at::native::(anonymous namespace)::OpaqueType<4u>*, at::native::(anonymous namespace)::CatArrInputTensorMetadata<at::native::(anonymous namespace)::OpaqueType<4u>, unsigned int, 128, 1>, at::native::(anonymous namespace)::TensorSizeStride<unsigned int, 4u>, int, unsigned int)",21193,52028680,2454.993630,1.162e-03,1360,17800,444.623711
"preprocess_mamba_align_fused_kernel",22554,51225073,2271.218986,1.144e-03,1680,8320,741.131555
"Cijk_Alik_Bljk_BBS_BH_Bias_HA_S_SAV_UserArgs_MT128x96x64_MI16x16x1_SN_LDSB0_AFC0_AFEM1_AFEM1_ASEM1_CLR0_CADS0_DTLA1_DTLB1_DTVA0_DTVB0_EPS0_FDSI0_GRPM1_GRVWA8_GRVWB8_GSU0_GSUAMB_GLS0_ISA950_IU1_K1_LDSTI0_LBSPPA1024_LBSPPB1024_LBSPPM0_LPA16_LPB16_LPM0_LRVW8_LWPMn1_MIAV0_MIWT4_3_MO40_NTn1_NTA0_NTB0_NTC7_NTD4_NTM0_NEPBS0_NLCA1_NLCB1_ONLL1_PGR2_PLR1_PKA1_SIA3_SS1_SPO0_SRVW0_SSO0_SVW4_SK3_SKFTR0_SKXCCM0_TLDS1_ULSGRO0_USL1_UIOFGRO0_USFGRO1_VSn1_VWA4_VWB1_WSGRA0_WSGRB0_WS64_WG32_8_1",5382,47769213,8875.736343,1.067e-03,6640,12240,653.689908
"hgemm_bf16_128x64x64x5_SPK1_W4x2x1_BLDS1_TN_AS1_0",5244,47307209,9021.206903,1.057e-03,7240,15080,657.216326
"Cijk_Alik_Bljk_BBS_BH_Bias_HA_S_SAV_UserArgs_MT128x128x64_MI16x16x1_SN_LDSB1_AFC0_AFEM1_AFEM1_ASEM1_CLR1_CADS0_DTLA0_DTLB0_DTVA0_DTVB0_EPS0_FDSI0_GRPM1_GRVWA8_GRVWB8_GSU0_GSUAMB_GLS0_ISA950_IU1_K1_LDSTI0_LBSPPA512_LBSPPB512_LBSPPM0_LPA16_LPB16_LPM0_LRVW8_LWPMn1_MIAV0_MIWT4_4_MO40_NTn1_NTA0_NTB0_NTC0_NTD0_NTM0_NEPBS0_NLCA1_NLCB1_ONLL1_PGR2_PLR1_PKA1_SIA3_SS1_SPO0_SRVW0_SSO0_SVW4_SK3_SKFTR0_SKXCCM0_TLDS1_ULSGRO0_USL1_UIOFGRO0_USFGRO0_VSn1_VWA4_VWB4_WSGRA0_WSGRB0_WS64_WG32_8_1",4416,46369184,10500.268116,1.036e-03,7800,14320,630.135585
"Cijk_Alik_Bljk_BSS_BH_Bias_S_HA_S_SAV_UserArgs_MT32x16x1024_MI16x16x1_SN_LDSB1_AFC0_AFEM1_AFEM1_ASEM1_CLR1_CADS0_DTLA0_DTLB0_DTVA0_DTVB0_EPS0_FDSI0_GRPM1_GRVWA8_GRVWB8_GSU0_GSUAMB_GLS0_ISA950_IU1_K1_LDSTI0_LBSPPA2048_LBSPPB2048_LBSPPM0_LPA16_LPB16_LPM0_LRVW8_LWPMn1_MIAV0_MIWT2_1_MO40_NTn1_NTA0_NTB0_NTC0_NTD0_NTM0_NEPBS0_NLCA1_NLCB1_ONLL1_PGR2_PLR1_PKA1_SIA3_SS1_SPO0_SRVW0_SSO0_SVW1_SK3_SKFTR0_SKXCCM0_TLDS1_ULSGRO0_USL1_UIOFGRO0_USFGRO0_VSn1_VWA1_VWB1_WSGRA0_WSGRB0_WS64_WG16_4_4",2668,45858588,17188.376312,1.024e-03,15200,146601,4889.522641
"_prepare_prefill_inputs_kernel",3990,44640402,11188.070677,9.971e-04,2720,26760,3548.265668
"hgemm_bf16_32x64x128x3_SPK4_W2x2x1_BLDS1_TN_AS1_0",2900,43860202,15124.207586,9.796e-04,10720,133401,4379.874015
"Cijk_Alik_Bljk_BBS_BH_Bias_HA_S_SAV_UserArgs_MT64x48x64_MI16x16x1_SN_LDSB0_AFC0_AFEM1_AFEM1_ASEM1_CLR1_CADS0_DTLA1_DTLB1_DTVA0_DTVB0_EPS0_FDSI0_GRPM1_GRVWA8_GRVWB8_GSU0_GSUAMB_GLS0_ISA950_IU1_K1_LDSTI0_LBSPPA1024_LBSPPB1024_LBSPPM0_LPA16_LPB16_LPM0_LRVW8_LWPMn1_MIAV0_MIWT2_3_MO40_NTn1_NTA0_NTB0_NTC5_NTD5_NTM0_NEPBS0_NLCA1_NLCB1_ONLL1_PGR2_PLR1_PKA1_SIA3_SS1_SPO1_SRVW0_SSO0_SVW2_SK3_SKFTR0_SKXCCM0_TLDS2_ULSGRO0_USL1_UIOFGRO0_USFGROn1_VSn1_VWA2_VWB1_WSGRA0_WSGRB0_WS64_WG32_4_1",5175,40442369,7814.950531,9.033e-04,6000,12720,588.320821
"_dcp_local_seq_lens_kernel",22749,40383225,1775.164842,9.020e-04,1240,270162,1844.256541
"Cijk_Alik_Bljk_BBS_BH_Bias_HA_S_SAV_UserArgs_MT64x32x64_MI16x16x1_SN_LDSB0_AFC0_AFEM1_AFEM1_ASEM1_CLR1_CADS0_DTLA1_DTLB1_DTVA0_DTVB0_EPS0_FDSI0_GRPM1_GRVWA8_GRVWB2_GSU0_GSUAMB_GLS0_ISA950_IU1_K1_LDSTI0_LBSPPA1024_LBSPPB256_LBSPPM0_LPA16_LPB16_LPM0_LRVW8_LWPMn1_MIAV0_MIWT1_2_MO40_NTn1_NTA0_NTB0_NTC4_NTD4_NTM0_NEPBS0_NLCA1_NLCB1_ONLL1_PGR2_PLR1_PKA1_SIA3_SS1_SPO1_SRVW0_SSO0_SVW1_SK3_SKFTR0_SKXCCM0_TLDS1_ULSGRO0_USL1_UIOFGRO0_USFGROn1_VSn1_VWA1_VWB2_WSGRA0_WSGRB0_WS64_WG64_4_1",5106,38193131,7480.049158,8.531e-04,5760,12000,483.230412
"hgemm_bf16_96x64x64x4_SPK2_W2x2x1_BLDS1_TN_AS1_0",1368,36691658,26821.387427,8.195e-04,23080,31480,1375.196602
"Cijk_Alik_Bljk_BBS_BH_Bias_HA_S_SAV_UserArgs_MT192x192x64_MI16x16x1_SN_LDSB0_AFC0_AFEM1_AFEM1_ASEM1_CLR1_CADS0_DTLA0_DTLB0_DTVA0_DTVB0_EPS0_FDSI0_GRPM1_GRVWA8_GRVWB8_GSU0_GSUAMB_GLS0_ISA950_IU1_K1_LDSTI0_LBSPPA256_LBSPPB256_LBSPPM0_LPA16_LPB16_LPM0_LRVW8_LWPMn1_MIAV0_MIWT6_6_MO40_NTn1_NTA4_NTB0_NTC0_NTD0_NTM0_NEPBS0_NLCA1_NLCB1_ONLL1_PGR2_PLR1_PKA1_SIA3_SS1_SPO0_SRVW0_SSO0_SVW2_SK3_SKFTR0_SKXCCM8_TLDS1_ULSGRO0_USL1_UIOFGRO0_USFGRO0_VSn1_VWA2_VWB2_WSGRA0_WSGRB0_WS64_WG32_8_1",1173,36507639,31123.306905,8.154e-04,27081,39600,2181.287634
"Cijk_Alik_Bljk_BBS_BH_Bias_HA_S_SAV_UserArgs_MT64x64x64_MI16x16x1_SN_LDSB1_AFC0_AFEM1_AFEM1_ASEM1_CLR1_CADS0_DTLA0_DTLB0_DTVA0_DTVB0_EPS0_FDSI0_GRPM1_GRVWA8_GRVWB8_GSU0_GSUAMB_GLS0_ISA950_IU1_K1_LDSTI0_LBSPPA256_LBSPPB256_LBSPPM0_LPA16_LPB16_LPM0_LRVW8_LWPMn1_MIAV0_MIWT2_2_MO40_NTn1_NTA0_NTB0_NTC0_NTD0_NTM0_NEPBS0_NLCA1_NLCB1_ONLL1_PGR2_PLR1_PKA1_SIA3_SS1_SPO0_SRVW0_SSO0_SVW2_SK3_SKFTR0_SKXCCM0_TLDS1_ULSGRO0_USL1_UIOFGRO0_USFGRO0_VSn1_VWA2_VWB2_WSGRA0_WSGRB0_WS64_WG32_8_1",4899,36443408,7438.948357,8.140e-04,5840,11441,492.938272
"Cijk_Alik_Bljk_BBS_BH_Bias_HA_S_SAV_UserArgs_MT128x224x64_MI16x16x1_SN_LDSB1_AFC0_AFEM1_AFEM1_ASEM1_CLR1_CADS0_DTLA0_DTLB0_DTVA0_DTVB0_EPS0_FDSI0_GRPM1_GRVWA8_GRVWB8_GSU0_GSUAMB_GLS0_ISA950_IU1_K1_LDSTI0_LBSPPA512_LBSPPB128_LBSPPM0_LPA16_LPB16_LPM0_LRVW8_LWPMn1_MIAV0_MIWT4_7_MO40_NTn1_NTA4_NTB0_NTC0_NTD0_NTM0_NEPBS0_NLCA1_NLCB1_ONLL1_PGR2_PLR1_PKA1_SIA3_SS1_SPO0_SRVW0_SSO0_SVW4_SK3_SKFTR0_SKXCCM8_TLDS1_ULSGRO0_USL1_UIOFGRO0_USFGRO0_VSn1_VWA4_VWB1_WSGRA0_WSGRB0_WS64_WG32_8_1",1564,33772014,21593.359335,7.543e-04,19880,30760,902.660631
"Cijk_Alik_Bljk_BBS_BH_Bias_HA_S_SAV_UserArgs_MT32x16x512_MI16x16x1_SN_LDSB1_AFC0_AFEM1_AFEM1_ASEM1_CLR1_CADS0_DTLA0_DTLB0_DTVA0_DTVB0_EPS0_FDSI0_GRPM1_GRVWA8_GRVWB8_GSU0_GSUAMB_GLS0_ISA950_IU1_K1_LDSTI0_LBSPPA1024_LBSPPB1024_LBSPPM0_LPA16_LPB16_LPM0_LRVW8_LWPMn1_MIAV0_MIWT2_1_MO40_NTn1_NTA0_NTB0_NTC0_NTD0_NTM0_NEPBS0_NLCA1_NLCB1_ONLL1_PGR2_PLR1_PKA1_SIA3_SS1_SPO0_SRVW0_SSO0_SVW1_SK3_SKFTR0_SKXCCM0_TLDS1_ULSGRO0_USL1_UIOFGRO0_USFGRO0_VSn1_VWA1_VWB1_WSGRA0_WSGRB0_WS64_WG16_4_4",2668,31790665,11915.541604,7.100e-04,9320,103761,3318.930780
"Cijk_Alik_Bljk_BBS_BH_Bias_HA_S_SAV_UserArgs_MT128x192x64_MI16x16x1_SN_LDSB1_AFC0_AFEM1_AFEM1_ASEM1_CLR1_CADS0_DTLA0_DTLB0_DTVA0_DTVB0_EPS0_FDSI0_GRPM1_GRVWA8_GRVWB8_GSU0_GSUAMB_GLS0_ISA950_IU1_K1_LDSTI0_LBSPPA512_LBSPPB256_LBSPPM0_LPA16_LPB16_LPM0_LRVW8_LWPMn1_MIAV0_MIWT4_6_MO40_NTn1_NTA4_NTB0_NTC0_NTD0_NTM0_NEPBS0_NLCA1_NLCB1_ONLL1_PGR2_PLR1_PKA1_SIA3_SS1_SPO0_SRVW0_SSO0_SVW4_SK3_SKFTR0_SKXCCM8_TLDS1_ULSGRO0_USL1_UIOFGRO0_USFGRO0_VSn1_VWA4_VWB2_WSGRA0_WSGRB0_WS64_WG32_8_1",1564,31622439,20218.950767,7.063e-04,18440,29281,1456.030959
"void at::native::vectorized_elementwise_kernel<4, at::native::compare_scalar_kernel<int>(at::TensorIteratorBase&, at::native::(anonymous namespace)::OpType, int)::{lambda(int)#1}, std::array<char*, 2ul> >(int, at::native::compare_scalar_kernel<int>(at::TensorIteratorBase&, at::native::(anonymous namespace)::OpType, int)::{lambda(int)#1}, std::array<char*, 2ul>)",11973,31237473,2608.992984,6.977e-04,1480,113681,1350.187926
"Cijk_Alik_Bljk_BBS_BH_Bias_HA_S_SAV_UserArgs_MT256x16x64_MI16x16x1_SN_LDSB1_AFC0_AFEM1_AFEM1_ASEM1_CLR1_CADS0_DTLA0_DTLB0_DTVA0_DTVB0_EPS0_FDSI0_GRPM1_GRVWA8_GRVWB4_GSU0_GSUAMB_GLS0_ISA950_IU1_K1_LDSTI0_LBSPPA512_LBSPPB128_LBSPPM0_LPA16_LPB16_LPM0_LRVW8_LWPMn1_MIAV0_MIWT4_1_MO40_NTn1_NTA4_NTB0_NTC0_NTD0_NTM0_NEPBS0_NLCA1_NLCB1_ONLL1_PGR2_PLR1_PKA1_SIA3_SS1_SPO0_SRVW0_SSO0_SVW4_SK3_SKFTR0_SKXCCM8_TLDS1_ULSGRO0_USL1_UIOFGRO0_USFGRO0_VSn1_VWA4_VWB1_WSGRA0_WSGRB0_WS64_WG64_4_1",1587,29908589,18845.991808,6.680e-04,17320,284442,6735.860044
"void at::native::vectorized_elementwise_kernel<4, at::native::CUDAFunctor_add<int>, std::array<char*, 3ul> >(int, at::native::CUDAFunctor_add<int>, std::array<char*, 3ul>)",16251,29534923,1817.421882,6.597e-04,1160,7520,420.312686
"_chunk_metadata_kernel",11973,29274530,2445.045519,6.539e-04,1480,9760,934.208904
"Cijk_Alik_Bljk_BSS_BH_Bias_S_HA_S_SAV_UserArgs_MT128x224x64_MI16x16x1_SN_LDSB1_AFC0_AFEM1_AFEM1_ASEM1_CLR1_CADS0_DTLA0_DTLB0_DTVA0_DTVB0_EPS0_FDSI0_GRPM1_GRVWA8_GRVWB8_GSU0_GSUAMB_GLS0_ISA950_IU1_K1_LDSTI0_LBSPPA512_LBSPPB128_LBSPPM0_LPA16_LPB16_LPM0_LRVW8_LWPMn1_MIAV0_MIWT4_7_MO40_NTn1_NTA0_NTB0_NTC0_NTD0_NTM0_NEPBS0_NLCA1_NLCB1_ONLL1_PGR2_PLR1_PKA1_SIA3_SS1_SPO0_SRVW0_SSO0_SVW4_SK3_SKFTR0_SKXCCM0_TLDS1_ULSGRO0_USL1_UIOFGRO0_USFGRO0_VSn1_VWA4_VWB1_WSGRA0_WSGRB0_WS64_WG32_8_1",460,29203960,63486.869565,6.523e-04,58840,70880,1797.456283
"void at::native::vectorized_elementwise_kernel<16, at::native::FillFunctor<unsigned char>, std::array<char*, 1ul> >(int, at::native::FillFunctor<unsigned char>, std::array<char*, 1ul>)",368,27610365,75028.165761,6.167e-04,7640,193162,70500.676966
"Cijk_Alik_Bljk_BBS_BH_Bias_HA_S_SAV_UserArgs_MT128x80x128_MI16x16x1_SN_LDSB0_AFC0_AFEM1_AFEM1_ASEM1_CLR1_CADS0_DTLA1_DTLB1_DTVA0_DTVB0_EPS0_FDSI0_GRPM1_GRVWA8_GRVWB2_GSU0_GSUAMB_GLS0_ISA950_IU1_K1_LDSTI0_LBSPPA1024_LBSPPB256_LBSPPM0_LPA16_LPB16_LPM0_LRVW8_LWPMn1_MIAV0_MIWT2_5_MO40_NTn1_NTA4_NTB0_NTC4_NTD4_NTM0_NEPBS0_NLCA1_NLCB1_ONLL1_PGR2_PLR1_PKA1_SIA3_SS1_SPO0_SRVW0_SSO1_SVW2_SK3_SKFTR0_SKXCCM0_TLDS2_ULSGRO0_USL1_UIOFGRO0_USFGRO0_VSn1_VWA2_VWB1_WSGRA0_WSGRB0_WS64_WG64_4_1",739,25256487,34176.572395,5.641e-04,31000,92000,5300.007082
"hgemm_bf16_16x64x256x4_SPK1_W1x1x2_BLDS1_TN_AS1_0",645,24828882,38494.390698,5.546e-04,24920,47521,1966.331226
"hgemm_bf16_64x64x128x3_SPK1_W2x4x1_BLDS1_TN_AS1_0",2325,24498515,10536.995699,5.472e-04,7960,100601,2904.198229
"Cijk_Alik_Bljk_BBS_BH_Bias_HA_S_SAV_UserArgs_MT256x48x128_MI16x16x1_SN_LDSB1_AFC0_AFEM1_AFEM1_ASEM1_CLR1_CADS0_DTLA0_DTLB0_DTVA0_DTVB0_EPS0_FDSI0_GRPM1_GRVWA8_GRVWB8_GSU0_GSUAMB_GLS0_ISA950_IU1_K1_LDSTI0_LBSPPA1024_LBSPPB256_LBSPPM0_LPA16_LPB16_LPM0_LRVW8_LWPMn1_MIAV0_MIWT4_3_MO40_NTn1_NTA0_NTB0_NTC0_NTD0_NTM0_NEPBS0_NLCA1_NLCB1_ONLL1_PGR2_PLR1_PKA1_SIA3_SS1_SPO0_SRVW0_SSO0_SVW4_SK3_SKFTR0_SKXCCM0_TLDS1_ULSGRO0_USL1_UIOFGRO0_USFGRO0_VSn1_VWA4_VWB1_WSGRA0_WSGRB0_WS64_WG64_4_1",696,23355927,33557.366379,5.217e-04,31481,36681,738.174006
"void at::native::unrolled_elementwise_kernel<at::native::CUDAFunctor_add<int>, std::array<char*, 3ul>, 4, TrivialOffsetCalculator<2, unsigned int>, TrivialOffsetCalculator<1, unsigned int>, at::native::memory::LoadWithoutCast, at::native::memory::StoreWithoutCast>(int, at::native::CUDAFunctor_add<int>, std::array<char*, 3ul>, TrivialOffsetCalculator<2, unsigned int>, TrivialOffsetCalculator<1, unsigned int>, at::native::memory::LoadWithoutCast, at::native::memory::StoreWithoutCast)",12363,23192571,1875.966270,5.180e-04,1240,7920,521.269437
"void wvSplitK_hf_sml_<__hip_bfloat16, 64, 2, 16, 8, 2, 2>(int, int, int, int, int, int, __hip_bfloat16 const*, __hip_bfloat16 const*, __hip_bfloat16 const*, __hip_bfloat16*, int, int)",2320,22749905,9805.993534,5.081e-04,3280,127720,8082.313640
"Cijk_Alik_Bljk_BBS_BH_Bias_HA_S_SAV_UserArgs_MT256x112x64_MI16x16x1_SN_LDSB1_AFC0_AFEM1_AFEM1_ASEM1_CLR1_CADS0_DTLA0_DTLB0_DTVA0_DTVB0_EPS0_FDSI0_GRPM1_GRVWA8_GRVWB4_GSU0_GSUAMB_GLS0_ISA950_IU1_K1_LDSTI0_LBSPPA512_LBSPPB128_LBSPPM0_LPA16_LPB16_LPM0_LRVW8_LWPMn1_MIAV0_MIWT4_7_MO40_NTn1_NTA0_NTB0_NTC0_NTD0_NTM0_NEPBS0_NLCA1_NLCB1_ONLL1_PGR2_PLR1_PKA1_SIA3_SS1_SPO0_SRVW0_SSO0_SVW4_SK3_SKFTR0_SKXCCM0_TLDS1_ULSGRO0_USL1_UIOFGRO0_USFGRO0_VSn1_VWA4_VWB1_WSGRA0_WSGRB0_WS64_WG64_4_1",924,22339626,24177.084416,4.990e-04,12240,36680,7107.850616
"void at::native::elementwise_kernel_manual_unroll<128, 8, at::native::gpu_kernel_impl_nocast<at::native::float8_copy_kernel_cuda(at::TensorIteratorBase&)::{lambda(c10::Float8_e8m0fnu)#1}>(at::TensorIteratorBase&, at::native::float8_copy_kernel_cuda(at::TensorIteratorBase&)::{lambda(c10::Float8_e8m0fnu)#1} const&)::{lambda(int, bool)#1}>(int, at::native::gpu_kernel_impl_nocast<at::native::float8_copy_kernel_cuda(at::TensorIteratorBase&)::{lambda(c10::Float8_e8m0fnu)#1}>(at::TensorIteratorBase&, at::native::float8_copy_kernel_cuda(at::TensorIteratorBase&)::{lambda(c10::Float8_e8m0fnu)#1} const&)::{lambda(int, bool)#1})",276,22248765,80611.467391,4.969e-04,27280,161601,43918.906687
"Cijk_Alik_Bljk_BBS_BH_Bias_HA_S_SAV_UserArgs_MT192x240x64_MI16x16x1_SN_LDSB0_AFC0_AFEM1_AFEM1_ASEM1_CLR0_CADS0_DTLA1_DTLB1_DTVA0_DTVB0_EPS1_FDSI0_GRPM1_GRVWA8_GRVWB2_GSU0_GSUAMB_GLS0_ISA950_IU1_K1_LDSTI0_LBSPPA1024_LBSPPB256_LBSPPM0_LPA16_LPB16_LPM0_LRVW8_LWPMn1_MIAV0_MIWT3_15_MO40_NTn1_NTA4_NTB0_NTC0_NTD4_NTM0_NEPBS0_NLCA1_NLCB1_ONLL1_PGR1_PLR1_PKA1_SIA3_SS1_SPO1_SRVW0_SSO1_SVW1_SK3_SKFTR0_SKXCCM0_TLDS1_ULSGRO0_USL1_UIOFGRO0_USFGRO0_VSn1_VWA1_VWB1_WSGRA0_WSGRB0_WS64_WG64_4_1",483,21912473,45367.438923,4.894e-04,41120,49280,1169.265423
"Cijk_Alik_Bljk_BBS_BH_Bias_HA_S_SAV_UserArgs_MT320x112x64_MI16x16x1_SN_LDSB0_AFC0_AFEM1_AFEM1_ASEM1_CLR1_CADS0_DTLA1_DTLB1_DTVA0_DTVB0_EPS0_FDSI0_GRPM1_GRVWA8_GRVWB2_GSU0_GSUAMB_GLS0_ISA950_IU1_K1_LDSTI0_LBSPPA1024_LBSPPB256_LBSPPM0_LPA16_LPB16_LPM0_LRVW8_LWPMn1_MIAV0_MIWT5_7_MO40_NTn1_NTA0_NTB0_NTC1_NTD5_NTM0_NEPBS0_NLCA1_NLCB1_ONLL1_PGR2_PLR1_PKA1_SIA3_SS1_SPO0_SRVW0_SSO1_SVW1_SK3_SKFTR0_SKXCCM0_TLDS2_ULSGRO0_USL1_UIOFGRO0_USFGRO0_VSn1_VWA1_VWB1_WSGRA0_WSGRB0_WS64_WG64_4_1",414,21509534,51955.396135,4.804e-04,49040,57961,1197.127756
"hgemm_bf16_128x64x128x3_SPK1_W4x2x1_BLDS1_TN_AS1_0",2881,21047144,7305.499479,4.701e-04,5040,64841,4681.415319
"_zero_kv_blocks_kernel",2705,19672317,7272.575601,4.394e-04,5080,44880,1866.517611
"Cijk_Alik_Bljk_BBS_BH_Bias_HA_S_SAV_UserArgs_MT128x160x64_MI16x16x1_SN_LDSB1_AFC0_AFEM1_AFEM1_ASEM1_CLR1_CADS0_DTLA0_DTLB0_DTVA0_DTVB0_EPS0_FDSI0_GRPM1_GRVWA8_GRVWB8_GSU0_GSUAMB_GLS0_ISA950_IU1_K1_LDSTI0_LBSPPA512_LBSPPB128_LBSPPM0_LPA16_LPB16_LPM0_LRVW8_LWPMn1_MIAV0_MIWT4_5_MO40_NTn1_NTA4_NTB0_NTC0_NTD0_NTM0_NEPBS0_NLCA1_NLCB1_ONLL1_PGR2_PLR1_PKA1_SIA3_SS1_SPO0_SRVW0_SSO0_SVW4_SK3_SKFTR0_SKXCCM8_TLDS1_ULSGRO0_USL1_UIOFGRO0_USFGRO0_VSn1_VWA4_VWB1_WSGRA0_WSGRB0_WS64_WG32_8_1",1012,19529372,19297.798419,4.362e-04,17720,125080,3424.329336
"Cijk_Alik_Bljk_BSS_BH_Bias_S_HA_S_SAV_UserArgs_MT160x64x128_MI16x16x1_SN_LDSB1_AFC0_AFEM1_AFEM1_ASEM1_CLR1_CADS0_DTLA0_DTLB0_DTVA0_DTVB0_EPS0_FDSI0_GRPM1_GRVWA8_GRVWB8_GSU0_GSUAMB_GLS0_ISA950_IU1_K1_LDSTI0_LBSPPA256_LBSPPB512_LBSPPM0_LPA16_LPB16_LPM0_LRVW8_LWPMn1_MIAV0_MIWT5_2_MO40_NTn1_NTA0_NTB0_NTC0_NTD0_NTM0_NEPBS0_NLCA1_NLCB1_ONLL1_PGR2_PLR1_PKA1_SIA3_SS1_SPO0_SRVW0_SSO0_SVW1_SK3_SKFTR0_SKXCCM0_TLDS1_ULSGRO0_USL1_UIOFGRO0_USFGRO0_VSn1_VWA1_VWB2_WSGRA0_WSGRB0_WS64_WG32_8_1",644,19025218,29542.263975,4.249e-04,27400,32480,550.352463
"Cijk_Alik_Bljk_BBS_BH_Bias_HA_S_SAV_UserArgs_MT160x64x128_MI16x16x1_SN_LDSB1_AFC0_AFEM1_AFEM1_ASEM1_CLR1_CADS0_DTLA0_DTLB0_DTVA0_DTVB0_EPS0_FDSI0_GRPM1_GRVWA8_GRVWB8_GSU0_GSUAMB_GLS0_ISA950_IU1_K1_LDSTI0_LBSPPA256_LBSPPB512_LBSPPM0_LPA16_LPB16_LPM0_LRVW8_LWPMn1_MIAV0_MIWT5_2_MO40_NTn1_NTA4_NTB0_NTC0_NTD0_NTM0_NEPBS0_NLCA1_NLCB1_ONLL1_PGR2_PLR1_PKA1_SIA3_SS1_SPO0_SRVW0_SSO0_SVW1_SK3_SKFTR0_SKXCCM8_TLDS1_ULSGRO0_USL1_UIOFGRO0_USFGRO0_VSn1_VWA1_VWB2_WSGRA0_WSGRB0_WS64_WG32_8_1",552,18455189,33433.313406,4.122e-04,31040,40360,1374.780543
"hgemm_bf16_64x64x128x4_SPK1_W2x4x1_BLDS1_TN_AS1_0",2300,17132864,7449.071304,3.827e-04,5560,77841,3491.400768
"hgemm_bf16_128x256x64x3_SPK1_W2x4x2_BLDS1_TN_AS1_0",262,16980704,64811.847328,3.793e-04,57120,85281,2866.853462
"Cijk_Alik_Bljk_BBS_BH_Bias_HA_S_SAV_UserArgs_MT224x64x128_MI16x16x1_SN_LDSB1_AFC0_AFEM1_AFEM1_ASEM1_CLR1_CADS0_DTLA0_DTLB0_DTVA0_DTVB0_EPS0_FDSI0_GRPM1_GRVWA8_GRVWB8_GSU0_GSUAMB_GLS0_ISA950_IU1_K1_LDSTI0_LBSPPA256_LBSPPB512_LBSPPM0_LPA16_LPB16_LPM0_LRVW8_LWPMn1_MIAV0_MIWT7_2_MO40_NTn1_NTA0_NTB0_NTC0_NTD0_NTM0_NEPBS0_NLCA1_NLCB1_ONLL1_PGR2_PLR1_PKA1_SIA3_SS1_SPO0_SRVW0_SSO0_SVW1_SK3_SKFTR0_SKXCCM0_TLDS1_ULSGRO0_USL1_UIOFGRO0_USFGRO0_VSn1_VWA1_VWB2_WSGRA0_WSGRB0_WS64_WG32_8_1",460,16239552,35303.373913,3.627e-04,32720,39720,1022.441134
"void wvSplitK_hf_sml_<__hip_bfloat16, 64, 2, 16, 8, 2, 5>(int, int, int, int, int, int, __hip_bfloat16 const*, __hip_bfloat16 const*, __hip_bfloat16 const*, __hip_bfloat16*, int, int)",1764,15569918,8826.484127,3.478e-04,3360,21720,4032.402691
"void wvSplitK_hf_sml_<__hip_bfloat16, 64, 2, 16, 8, 2, 4>(int, int, int, int, int, int, __hip_bfloat16 const*, __hip_bfloat16 const*, __hip_bfloat16 const*, __hip_bfloat16*, int, int)",1764,15144634,8585.393424,3.383e-04,3400,19920,3984.531463
"Cijk_Alik_Bljk_BBS_BH_Bias_HA_S_SAV_UserArgs_MT256x80x64_MI16x16x1_SN_LDSB1_AFC0_AFEM1_AFEM1_ASEM1_CLR1_CADS0_DTLA0_DTLB0_DTVA0_DTVB0_EPS0_FDSI0_GRPM1_GRVWA8_GRVWB4_GSU0_GSUAMB_GLS0_ISA950_IU1_K1_LDSTI0_LBSPPA512_LBSPPB128_LBSPPM0_LPA16_LPB16_LPM0_LRVW8_LWPMn1_MIAV0_MIWT4_5_MO40_NTn1_NTA0_NTB0_NTC0_NTD0_NTM0_NEPBS0_NLCA1_NLCB1_ONLL1_PGR2_PLR1_PKA1_SIA3_SS1_SPO0_SRVW0_SSO0_SVW4_SK3_SKFTR0_SKXCCM0_TLDS1_ULSGRO0_USL1_UIOFGRO0_USFGRO0_VSn1_VWA4_VWB1_WSGRA0_WSGRB0_WS64_WG64_4_1",696,14567132,20929.787356,3.254e-04,18961,28280,1158.726379
"void wvSplitK_hf_sml_<__hip_bfloat16, 64, 2, 16, 8, 2, 3>(int, int, int, int, int, int, __hip_bfloat16 const*, __hip_bfloat16 const*, __hip_bfloat16 const*, __hip_bfloat16*, int, int)",1788,14495335,8107.010626,3.238e-04,3520,20880,3895.391053
"mfma_moe1_silu_mul_afp8_wfp4_fp8_t32x64x256_pm1_fp8q_sort_async_kw2_gui_situv2_sb4p0_slb25p0_v32",1288,14337628,11131.698758,3.202e-04,9440,122761,4666.198098
"mfma_moe2_afp8_wfp4_bf16_cshuffle_t32x256x128_vscale_fix3_fp4opt_v1_pm1_acc0",1932,13974126,7232.984472,3.121e-04,5200,215161,6819.199974
"Cijk_Alik_Bljk_BBS_BH_Bias_HA_S_SAV_UserArgs_MT256x112x64_MI16x16x1_SN_LDSB1_AFC0_AFEM1_AFEM1_ASEM1_CLR1_CADS0_DTLA0_DTLB0_DTVA0_DTVB0_EPS0_FDSI0_GRPM1_GRVWA8_GRVWB4_GSU0_GSUAMB_GLS0_ISA950_IU1_K1_LDSTI0_LBSPPA512_LBSPPB128_LBSPPM0_LPA16_LPB16_LPM0_LRVW8_LWPMn1_MIAV0_MIWT4_7_MO40_NTn1_NTA4_NTB0_NTC0_NTD0_NTM0_NEPBS0_NLCA1_NLCB1_ONLL1_PGR2_PLR1_PKA1_SIA3_SS1_SPO0_SRVW0_SSO0_SVW4_SK3_SKFTR0_SKXCCM8_TLDS1_ULSGRO0_USL1_UIOFGRO0_USFGRO0_VSn1_VWA4_VWB1_WSGRA0_WSGRB0_WS64_WG64_4_1",621,13878200,22348.148148,3.100e-04,17800,33561,3340.992071
"hgemm_bf16_16x64x64x6_SPK2_W1x1x2_BLDS1_TN_AS1_0",645,13720392,21271.925581,3.064e-04,13360,24760,1143.559266
"Cijk_Alik_Bljk_BBS_BH_Bias_HA_S_SAV_UserArgs_MT192x160x64_MI16x16x1_SN_LDSB1_AFC0_AFEM1_AFEM1_ASEM1_CLR1_CADS0_DTLA0_DTLB0_DTVA0_DTVB0_EPS0_FDSI0_GRPM1_GRVWA8_GRVWB8_GSU0_GSUAMB_GLS0_ISA950_IU1_K1_LDSTI0_LBSPPA256_LBSPPB128_LBSPPM0_LPA16_LPB16_LPM0_LRVW8_LWPMn1_MIAV0_MIWT6_5_MO40_NTn1_NTA4_NTB0_NTC0_NTD0_NTM0_NEPBS0_NLCA1_NLCB1_ONLL1_PGR2_PLR1_PKA1_SIA3_SS1_SPO0_SRVW0_SSO0_SVW2_SK3_SKFTR0_SKXCCM8_TLDS1_ULSGRO0_USL1_UIOFGRO0_USFGRO0_VSn1_VWA2_VWB1_WSGRA0_WSGRB0_WS64_WG32_8_1",483,13574106,28103.739130,3.032e-04,25840,33440,1403.154828
"Cijk_Alik_Bljk_BBS_BH_Bias_HA_S_SAV_UserArgs_MT256x80x64_MI16x16x1_SN_LDSB1_AFC0_AFEM1_AFEM1_ASEM1_CLR1_CADS0_DTLA0_DTLB0_DTVA0_DTVB0_EPS0_FDSI0_GRPM1_GRVWA8_GRVWB4_GSU0_GSUAMB_GLS0_ISA950_IU1_K1_LDSTI0_LBSPPA512_LBSPPB128_LBSPPM0_LPA16_LPB16_LPM0_LRVW8_LWPMn1_MIAV0_MIWT4_5_MO40_NTn1_NTA4_NTB0_NTC0_NTD0_NTM0_NEPBS0_NLCA1_NLCB1_ONLL1_PGR2_PLR1_PKA1_SIA3_SS1_SPO0_SRVW0_SSO0_SVW4_SK3_SKFTR0_SKXCCM8_TLDS1_ULSGRO0_USL1_UIOFGRO0_USFGRO0_VSn1_VWA4_VWB1_WSGRA0_WSGRB0_WS64_WG64_4_1",552,13540694,24530.242754,3.024e-04,21280,75600,5247.655126
"Cijk_Alik_Bljk_BBS_BH_Bias_HA_S_SAV_UserArgs_MT192x256x64_MI16x16x1_SN_LDSB0_AFC0_AFEM1_AFEM1_ASEM1_CLR1_CADS0_DTLA0_DTLB0_DTVA0_DTVB0_EPS0_FDSI0_GRPM1_GRVWA8_GRVWB8_GSU0_GSUAMB_GLS0_ISA950_IU1_K1_LDSTI0_LBSPPA256_LBSPPB1024_LBSPPM0_LPA16_LPB16_LPM0_LRVW8_LWPMn1_MIAV0_MIWT6_8_MO40_NTn1_NTA4_NTB0_NTC0_NTD0_NTM0_NEPBS0_NLCA1_NLCB1_ONLL1_PGR2_PLR1_PKA1_SIA3_SS1_SPO0_SRVW0_SSO0_SVW2_SK3_SKFTR0_SKXCCM8_TLDS1_ULSGRO0_USL1_UIOFGRO0_USFGRO0_VSn1_VWA2_VWB8_WSGRA0_WSGRB0_WS64_WG32_8_1",345,13402985,38849.231884,2.994e-04,35360,46441,1865.089546
"Cijk_Alik_Bljk_BBS_BH_Bias_HA_S_SAV_UserArgs_MT32x32x64_MI16x16x1_SN_LDSB0_AFC0_AFEM1_AFEM1_ASEM1_CLR1_CADS0_DTLA0_DTLB0_DTVA0_DTVB0_EPS0_FDSI0_GRPM1_GRVWA8_GRVWB8_GSU0_GSUAMB_GLS0_ISA950_IU1_K1_LDSTI0_LBSPPA128_LBSPPB128_LBSPPM0_LPA16_LPB16_LPM0_LRVW8_LWPMn1_MIAV0_MIWT1_1_MO40_NTn1_NTA0_NTB0_NTC0_NTD0_NTM0_NEPBS0_NLCA1_NLCB1_ONLL1_PGR2_PLR1_PKA1_SIA3_SS1_SPO0_SRVW0_SSO0_SVW1_SK3_SKFTR0_SKXCCM0_TLDS1_ULSGRO0_USL1_UIOFGRO0_USFGRO0_VSn1_VWA1_VWB1_WSGRA0_WSGRB0_WS64_WG32_8_1",1932,13030987,6744.817288,2.910e-04,5040,8721,641.424212
"hgemm_bf16_32x64x128x3_SPK1_W1x1x2_BLDS1_TN_AS1_0",1368,12621099,9225.949561,2.819e-04,7640,15360,834.473317
"Cijk_Alik_Bljk_BBS_BH_Bias_HA_S_SAV_UserArgs_MT192x96x64_MI16x16x1_SN_LDSB1_AFC0_AFEM1_AFEM1_ASEM1_CLR1_CADS0_DTLA0_DTLB0_DTVA0_DTVB0_EPS0_FDSI0_GRPM1_GRVWA8_GRVWB8_GSU0_GSUAMB_GLS0_ISA950_IU1_K1_LDSTI0_LBSPPA256_LBSPPB128_LBSPPM0_LPA16_LPB16_LPM0_LRVW8_LWPMn1_MIAV0_MIWT6_3_MO40_NTn1_NTA4_NTB0_NTC0_NTD0_NTM0_NEPBS0_NLCA1_NLCB1_ONLL1_PGR2_PLR1_PKA1_SIA3_SS1_SPO0_SRVW0_SSO0_SVW2_SK3_SKFTR0_SKXCCM8_TLDS1_ULSGRO0_USL1_UIOFGRO0_USFGRO0_VSn1_VWA2_VWB1_WSGRA0_WSGRB0_WS64_WG32_8_1",483,11655160,24130.766046,2.603e-04,21920,31840,1869.384535
"Cijk_Alik_Bljk_BSS_BH_Bias_S_HA_S_SAV_UserArgs_MT128x32x128_MI16x16x1_SN_LDSB1_AFC0_AFEM1_AFEM1_ASEM1_CLR1_CADS0_DTLA0_DTLB0_DTVA0_DTVB0_EPS0_FDSI0_GRPM1_GRVWA8_GRVWB8_GSU0_GSUAMB_GLS0_ISA950_IU1_K1_LDSTI0_LBSPPA1024_LBSPPB256_LBSPPM0_LPA16_LPB16_LPM0_LRVW8_LWPMn1_MIAV0_MIWT4_1_MO40_NTn1_NTA0_NTB0_NTC0_NTD0_NTM0_NEPBS0_NLCA1_NLCB1_ONLL1_PGR2_PLR1_PKA1_SIA3_SS1_SPO0_SRVW0_SSO0_SVW4_SK3_SKFTR0_SKXCCM0_TLDS1_ULSGRO0_USL1_UIOFGRO0_USFGRO0_VSn1_VWA4_VWB1_WSGRA0_WSGRB0_WS64_WG32_8_1",552,11055765,20028.559783,2.469e-04,18720,22720,595.606175
"void at::native::elementwise_kernel_manual_unroll<128, 4, at::native::gpu_kernel_impl_nocast<at::native::FillFunctor<float> >(at::TensorIteratorBase&, at::native::FillFunctor<float> const&)::{lambda(int, bool)#1}>(int, at::native::gpu_kernel_impl_nocast<at::native::FillFunctor<float> >(at::TensorIteratorBase&, at::native::FillFunctor<float> const&)::{lambda(int, bool)#1})",2126,11005416,5176.583255,2.458e-04,0,8800,820.242213
"Cijk_Alik_Bljk_BBS_BH_Bias_HA_S_SAV_UserArgs_MT128x128x64_MI16x16x1_SN_LDSB1_AFC0_AFEM1_AFEM1_ASEM1_CLR1_CADS0_DTLA0_DTLB0_DTVA0_DTVB0_EPS0_FDSI0_GRPM1_GRVWA8_GRVWB8_GSU0_GSUAMB_GLS0_ISA950_IU1_K1_LDSTI0_LBSPPA512_LBSPPB512_LBSPPM0_LPA16_LPB16_LPM0_LRVW8_LWPMn1_MIAV0_MIWT4_4_MO40_NTn1_NTA4_NTB0_NTC0_NTD0_NTM0_NEPBS0_NLCA1_NLCB1_ONLL1_PGR2_PLR1_PKA1_SIA3_SS1_SPO0_SRVW0_SSO0_SVW4_SK3_SKFTR0_SKXCCM8_TLDS1_ULSGRO0_USL1_UIOFGRO0_USFGRO0_VSn1_VWA4_VWB4_WSGRA0_WSGRB0_WS64_WG32_8_1",644,10988361,17062.672360,2.454e-04,15480,20280,584.024757
"Cijk_Alik_Bljk_BBS_BH_Bias_HA_S_SAV_UserArgs_MT208x256x64_MI16x16x1_SN_LDSB1_AFC0_AFEM1_AFEM1_ASEM1_CLR1_CADS0_DTLA0_DTLB0_DTVA0_DTVB0_EPS0_FDSI0_GRPM1_GRVWA4_GRVWB8_GSU0_GSUAMB_GLS0_ISA950_IU1_K1_LDSTI0_LBSPPA128_LBSPPB512_LBSPPM0_LPA16_LPB16_LPM0_LRVW8_LWPMn1_MIAV0_MIWT13_4_MO40_NTn1_NTA0_NTB0_NTC0_NTD0_NTM0_NEPBS0_NLCA1_NLCB1_ONLL1_PGR2_PLR1_PKA1_SIA3_SS1_SPO0_SRVW0_SSO0_SVW1_SK3_SKFTR0_SKXCCM0_TLDS1_ULSGRO0_USL1_UIOFGRO0_USFGRO0_VSn1_VWA1_VWB4_WSGRA0_WSGRB0_WS64_WG16_16_1",69,10383564,150486.434783,2.319e-04,107641,457804,59670.182690
"Cijk_Alik_Bljk_BBS_BH_Bias_HA_S_SAV_UserArgs_MT128x96x64_MI16x16x1_SN_LDSB0_AFC0_AFEM1_AFEM1_ASEM1_CLR0_CADS0_DTLA1_DTLB1_DTVA0_DTVB0_EPS0_FDSI0_GRPM1_GRVWA8_GRVWB8_GSU0_GSUAMB_GLS0_ISA950_IU1_K1_LDSTI0_LBSPPA1024_LBSPPB1024_LBSPPM0_LPA16_LPB16_LPM0_LRVW8_LWPMn1_MIAV0_MIWT4_3_MO40_NTn1_NTA4_NTB0_NTC7_NTD4_NTM0_NEPBS0_NLCA1_NLCB1_ONLL1_PGR2_PLR1_PKA1_SIA3_SS1_SPO0_SRVW0_SSO0_SVW4_SK3_SKFTR0_SKXCCM0_TLDS1_ULSGRO0_USL1_UIOFGRO0_USFGRO1_VSn1_VWA4_VWB1_WSGRA0_WSGRB0_WS64_WG32_8_1",644,10099805,15682.927019,2.256e-04,13600,20160,825.809794
"hgemm_bf16_80x128x64x3_SPK1_W1x2x1_BLDS1_TN_AS1_0",113,9909677,87696.256637,2.213e-04,82120,114841,6701.705362
"void at::native::index_elementwise_kernel<128, 4, at::native::gpu_index_kernel<at::native::index_kernel_impl<at::native::OpaqueType<2> >(at::TensorIteratorBase&, c10::ArrayRef<long>, c10::ArrayRef<long>)::{lambda(char*, char const*, long)#1}>(at::TensorIteratorBase&, c10::ArrayRef<long>, c10::ArrayRef<long>, at::native::index_kernel_impl<at::native::OpaqueType<2> >(at::TensorIteratorBase&, c10::ArrayRef<long>, c10::ArrayRef<long>)::{lambda(char*, char const*, long)#1} const&, bool)::{lambda(int)#1}>(long, at::native::gpu_index_kernel<at::native::index_kernel_impl<at::native::OpaqueType<2> >(at::TensorIteratorBase&, c10::ArrayRef<long>, c10::ArrayRef<long>)::{lambda(char*, char const*, long)#1}>(at::TensorIteratorBase&, c10::ArrayRef<long>, c10::ArrayRef<long>, at::native::index_kernel_impl<at::native::OpaqueType<2> >(at::TensorIteratorBase&, c10::ArrayRef<long>, c10::ArrayRef<long>)::{lambda(char*, char const*, long)#1} const&, bool)::{lambda(int)#1})",1423,9350261,6570.808855,2.088e-04,4960,22640,757.445913
"void at::native::vectorized_elementwise_kernel<16, at::native::FillFunctor<signed char>, std::array<char*, 1ul> >(int, at::native::FillFunctor<signed char>, std::array<char*, 1ul>)",32,9108349,284635.906250,2.034e-04,274962,302442,6475.387687
"Cijk_Alik_Bljk_BBS_BH_Bias_HA_S_SAV_UserArgs_MT192x128x64_MI16x16x1_SN_LDSB1_AFC0_AFEM1_AFEM1_ASEM1_CLR1_CADS0_DTLA0_DTLB0_DTVA0_DTVB0_EPS0_FDSI0_GRPM1_GRVWA8_GRVWB8_GSU0_GSUAMB_GLS0_ISA950_IU1_K1_LDSTI0_LBSPPA256_LBSPPB512_LBSPPM0_LPA16_LPB16_LPM0_LRVW8_LWPMn1_MIAV0_MIWT6_4_MO40_NTn1_NTA0_NTB0_NTC0_NTD0_NTM0_NEPBS0_NLCA1_NLCB1_ONLL1_PGR2_PLR1_PKA1_SIA3_SS1_SPO0_SRVW0_SSO0_SVW2_SK3_SKFTR0_SKXCCM0_TLDS1_ULSGRO0_USL1_UIOFGRO0_USFGRO0_VSn1_VWA2_VWB4_WSGRA0_WSGRB0_WS64_WG32_8_1",690,9012515,13061.615942,2.013e-04,11120,15441,698.830449
"Cijk_Alik_Bljk_BBS_BH_Bias_HA_S_SAV_UserArgs_MT192x128x64_MI16x16x1_SN_LDSB1_AFC0_AFEM1_AFEM1_ASEM1_CLR1_CADS0_DTLA0_DTLB0_DTVA0_DTVB0_EPS0_FDSI0_GRPM1_GRVWA8_GRVWB8_GSU0_GSUAMB_GLS0_ISA950_IU1_K1_LDSTI0_LBSPPA256_LBSPPB512_LBSPPM0_LPA16_LPB16_LPM0_LRVW8_LWPMn1_MIAV0_MIWT6_4_MO40_NTn1_NTA4_NTB0_NTC0_NTD0_NTM0_NEPBS0_NLCA1_NLCB1_ONLL1_PGR2_PLR1_PKA1_SIA3_SS1_SPO0_SRVW0_SSO0_SVW2_SK3_SKFTR0_SKXCCM8_TLDS1_ULSGRO0_USL1_UIOFGRO0_USFGRO0_VSn1_VWA2_VWB4_WSGRA0_WSGRB0_WS64_WG32_8_1",345,8928047,25878.397101,1.994e-04,23440,30960,1204.796519
"void at::native::unrolled_elementwise_kernel<at::native::CUDAFunctorOnSelf_add<int>, std::array<char*, 2ul>, 4, TrivialOffsetCalculator<1, unsigned int>, TrivialOffsetCalculator<1, unsigned int>, at::native::memory::LoadWithoutCast, at::native::memory::StoreWithoutCast>(int, at::native::CUDAFunctorOnSelf_add<int>, std::array<char*, 2ul>, TrivialOffsetCalculator<1, unsigned int>, TrivialOffsetCalculator<1, unsigned int>, at::native::memory::LoadWithoutCast, at::native::memory::StoreWithoutCast)",3786,8753755,2312.138141,1.955e-04,960,125161,2279.645674
"void at::native::vectorized_elementwise_kernel<4, at::native::FillFunctor<float>, std::array<char*, 1ul> >(int, at::native::FillFunctor<float>, std::array<char*, 1ul>)",1853,8687193,4688.177550,1.940e-04,1360,8161,1389.914396
"hgemm_bf16_64x64x64x6_SPK1_W4x1x1_BLDS1_TN_AS1_0",1464,8377440,5722.295082,1.871e-04,4120,10840,654.453615
"Cijk_Alik_Bljk_BBS_BH_Bias_HA_S_SAV_UserArgs_MT256x144x64_MI16x16x1_SN_LDSB0_AFC0_AFEM1_AFEM1_ASEM1_CLR1_CADS0_DTLA0_DTLB0_DTVA0_DTVB0_EPS0_FDSI0_GRPM1_GRVWA8_GRVWB4_GSU0_GSUAMB_GLS0_ISA950_IU1_K1_LDSTI0_LBSPPA512_LBSPPB128_LBSPPM0_LPA16_LPB16_LPM0_LRVW8_LWPMn1_MIAV0_MIWT4_9_MO40_NTn1_NTA4_NTB0_NTC0_NTD0_NTM0_NEPBS0_NLCA1_NLCB1_ONLL1_PGR2_PLR1_PKA1_SIA3_SS1_SPO0_SRVW0_SSO0_SVW4_SK3_SKFTR0_SKXCCM8_TLDS1_ULSGRO0_USL1_UIOFGRO0_USFGRO0_VSn1_VWA4_VWB1_WSGRA0_WSGRB0_WS64_WG64_4_1",277,8080215,29170.451264,1.805e-04,26920,74720,2974.578644
"void at::native::(anonymous namespace)::indexSelectSmallIndex<c10::BFloat16, long, unsigned int, 2, 2, -2>(at::cuda::detail::TensorInfo<c10::BFloat16, unsigned int>, at::cuda::detail::TensorInfo<c10::BFloat16 const, unsigned int>, at::cuda::detail::TensorInfo<long const, unsigned int>, int, int, unsigned int, long)",666,7227573,10852.211712,1.614e-04,4040,14520,1724.706175
"_gemm_a16_w16_kernel_BLOCK_SIZE_M_32_BLOCK_SIZE_N_32_BLOCK_SIZE_K_256_GROUP_SIZE_M_1_NUM_KSPLIT_1_SPLITK_BLOCK_SIZE_768_EVEN_K_1_EVEN_MN_0_cache_modifier_CG_activation_NONE_use_activation_0_ADD_BIAS_0_SKIP_REDUCE_0",1196,7159122,5985.887960,1.599e-04,5040,8880,447.881801
"Cijk_Alik_Bljk_BBS_BH_Bias_HA_S_SAV_UserArgs_MT128x32x64_MI16x16x1_SN_LDSB1_AFC0_AFEM1_AFEM1_ASEM1_CLR1_CADS0_DTLA0_DTLB0_DTVA0_DTVB0_EPS0_FDSI0_GRPM1_GRVWA8_GRVWB8_GSU0_GSUAMB_GLS0_ISA950_IU1_K1_LDSTI0_LBSPPA512_LBSPPB128_LBSPPM0_LPA16_LPB16_LPM0_LRVW8_LWPMn1_MIAV0_MIWT4_1_MO40_NTn1_NTA0_NTB0_NTC0_NTD0_NTM0_NEPBS0_NLCA1_NLCB1_ONLL1_PGR2_PLR1_PKA1_SIA3_SS1_SPO0_SRVW0_SSO0_SVW4_SK3_SKFTR0_SKXCCM0_TLDS1_ULSGRO0_USL1_UIOFGRO0_USFGRO0_VSn1_VWA4_VWB1_WSGRA0_WSGRB0_WS64_WG32_8_1",897,6852619,7639.486065,1.531e-04,5960,9560,577.978526
"void wvSplitK_hf_sml_<__hip_bfloat16, 64, 4, 16, 8, 2, 2>(int, int, int, int, int, int, __hip_bfloat16 const*, __hip_bfloat16 const*, __hip_bfloat16 const*, __hip_bfloat16*, int, int)",111,5413755,48772.567568,1.209e-04,46081,54281,1318.994876
"_gemm_a16_w16_kernel_BLOCK_SIZE_M_16_BLOCK_SIZE_N_32_BLOCK_SIZE_K_256_GROUP_SIZE_M_1_NUM_KSPLIT_1_SPLITK_BLOCK_SIZE_1536_EVEN_K_1_EVEN_MN_0_cache_modifier_CG_activation_NONE_use_activation_0_ADD_BIAS_0_SKIP_REDUCE_0",558,5233995,9379.919355,1.169e-04,8840,15120,708.053583
"void at::native::vectorized_elementwise_kernel<2, at::native::CUDAFunctorOnSelf_add<int>, std::array<char*, 2ul> >(int, at::native::CUDAFunctorOnSelf_add<int>, std::array<char*, 2ul>)",2076,4827027,2325.157514,1.078e-04,1000,109881,2620.325447
"hgemm_bf16_16x64x64x8_SPK1_W1x1x2_BLDS1_TN_AS1_0",600,4725081,7875.135000,1.055e-04,6160,56640,2400.665239
"_gemm_a16_w16_kernel_BLOCK_SIZE_M_16_BLOCK_SIZE_N_32_BLOCK_SIZE_K_256_GROUP_SIZE_M_1_NUM_KSPLIT_1_SPLITK_BLOCK_SIZE_768_EVEN_K_1_EVEN_MN_0_cache_modifier_CG_activation_NONE_use_activation_0_ADD_BIAS_0_SKIP_REDUCE_0",552,4611920,8354.927536,1.030e-04,7400,14041,589.768660
"Cijk_Alik_Bljk_BBS_BH_Bias_HA_S_SAV_UserArgs_MT96x160x128_MI16x16x1_SN_LDSB1_AFC0_AFEM1_AFEM1_ASEM1_CLR1_CADS0_DTLA0_DTLB0_DTVA0_DTVB0_EPS0_FDSI0_GRPM1_GRVWA8_GRVWB8_GSU0_GSUAMB_GLS0_ISA950_IU1_K1_LDSTI0_LBSPPA256_LBSPPB256_LBSPPM0_LPA16_LPB16_LPM0_LRVW8_LWPMn1_MIAV0_MIWT3_5_MO40_NTn1_NTA0_NTB0_NTC0_NTD0_NTM0_NEPBS0_NLCA1_NLCB1_ONLL1_PGR2_PLR1_PKA1_SIA3_SS1_SPO0_SRVW0_SSO0_SVW1_SK3_SKFTR0_SKXCCM0_TLDS1_ULSGRO0_USL1_UIOFGRO0_USFGRO0_VSn1_VWA1_VWB1_WSGRA0_WSGRB0_WS64_WG32_8_1",192,4396761,22899.796875,9.820e-05,20481,24680,815.797407
"void at::native::unrolled_elementwise_kernel<at::native::FillFunctor<int>, std::array<char*, 1ul>, 4, TrivialOffsetCalculator<0, unsigned int>, TrivialOffsetCalculator<1, unsigned int>, at::native::memory::LoadWithoutCast, at::native::memory::StoreWithoutCast>(int, at::native::FillFunctor<int>, std::array<char*, 1ul>, TrivialOffsetCalculator<0, unsigned int>, TrivialOffsetCalculator<1, unsigned int>, at::native::memory::LoadWithoutCast, at::native::memory::StoreWithoutCast)",1854,3876659,2090.970334,8.659e-05,1000,7520,650.087666
"hgemm_bf16_16x64x64x8_SPK7_W1x1x2_BLDS1_TN_AS1_0",464,3657869,7883.338362,8.170e-05,6000,12400,545.395606
"Cijk_Alik_Bljk_BBS_BH_Bias_HA_S_SAV_UserArgs_MT96x128x128_MI16x16x1_SN_LDSB1_AFC0_AFEM1_AFEM1_ASEM1_CLR1_CADS0_DTLA0_DTLB0_DTVA0_DTVB0_EPS0_FDSI0_GRPM1_GRVWA8_GRVWB8_GSU0_GSUAMB_GLS0_ISA950_IU1_K1_LDSTI0_LBSPPA256_LBSPPB1024_LBSPPM0_LPA16_LPB16_LPM0_LRVW8_LWPMn1_MIAV0_MIWT3_4_MO40_NTn1_NTA0_NTB0_NTC0_NTD0_NTM0_NEPBS0_NLCA1_NLCB1_ONLL1_PGR2_PLR1_PKA1_SIA3_SS1_SPO0_SRVW0_SSO0_SVW1_SK3_SKFTR0_SKXCCM0_TLDS1_ULSGRO0_USL1_UIOFGRO0_USFGRO0_VSn1_VWA1_VWB4_WSGRA0_WSGRB0_WS64_WG32_8_1",168,3569670,21248.035714,7.973e-05,18560,24481,1007.283600
"mfma_moe2_afp8_wfp4_bf16_cshuffle_t32x128x128_vscale_fix3_fp4opt_v1_pm1_acc0",552,3484339,6312.208333,7.782e-05,5400,11920,756.043223
"aiter::bf16gemm_fp32bf16_tn_80x64_splitk_clean",192,3432308,17876.604167,7.666e-05,15720,57640,4910.209928
"Cijk_Alik_Bljk_BSS_BH_Bias_S_HA_S_SAV_UserArgs_MT64x160x64_MI16x16x1_SN_LDSB1_AFC0_AFEM1_AFEM1_ASEM1_CLR1_CADS0_DTLA0_DTLB0_DTVA0_DTVB0_EPS0_FDSI0_GRPM1_GRVWA8_GRVWB8_GSU0_GSUAMB_GLS0_ISA950_IU1_K1_LDSTI0_LBSPPA256_LBSPPB128_LBSPPM0_LPA16_LPB16_LPM0_LRVW8_LWPMn1_MIAV0_MIWT2_5_MO40_NTn1_NTA0_NTB0_NTC0_NTD0_NTM0_NEPBS0_NLCA1_NLCB1_ONLL1_PGR2_PLR1_PKA1_SIA3_SS1_SPO0_SRVW0_SSO0_SVW2_SK3_SKFTR0_SKXCCM0_TLDS1_ULSGRO0_USL1_UIOFGRO0_USFGRO0_VSn1_VWA2_VWB1_WSGRA0_WSGRB0_WS64_WG32_8_1",276,3359705,12172.844203,7.504e-05,11440,13880,356.302692
"_topk_topp_kernel",2,3255822,1627911.000000,7.272e-05,1509410,1746412,167585.721355
"hgemm_bf16_16x64x64x7_SPK2_W1x2x1_BLDS1_TN_AS1_0",372,2843255,7643.158602,6.350e-05,6480,13120,1510.639128
"hgemm_bf16_32x64x64x6_SPK1_W2x2x1_BLDS1_TN_AS1_0",456,2569787,5635.497807,5.740e-05,4160,9240,717.803218
"hgemm_bf16_16x64x128x3_SPK4_W1x2x1_BLDS1_TN_AS1_0",456,2442538,5356.442982,5.455e-05,4400,7360,669.352465
"_gemm_a16_w16_kernel_BLOCK_SIZE_M_32_BLOCK_SIZE_N_32_BLOCK_SIZE_K_256_GROUP_SIZE_M_1_NUM_KSPLIT_1_SPLITK_BLOCK_SIZE_1536_EVEN_K_1_EVEN_MN_1_cache_modifier_CG_activation_NONE_use_activation_0_ADD_BIAS_0_SKIP_REDUCE_0",279,2277134,8161.770609,5.086e-05,7800,10520,357.804754
"Cijk_Alik_Bljk_BSS_BH_Bias_S_HA_S_SAV_UserArgs_MT64x160x64_MI16x16x1_SN_LDSB1_AFC0_AFEM1_AFEM1_ASEM1_CLR1_CADS0_DTLA0_DTLB0_DTVA0_DTVB0_EPS0_FDSI0_GRPM1_GRVWA8_GRVWB8_GSU0_GSUAMB_GLS0_ISA950_IU1_K1_LDSTI0_LBSPPA256_LBSPPB128_LBSPPM0_LPA16_LPB16_LPM0_LRVW8_LWPMn1_MIAV0_MIWT2_5_MO40_NTn1_NTA4_NTB0_NTC0_NTD0_NTM0_NEPBS0_NLCA1_NLCB1_ONLL1_PGR2_PLR1_PKA1_SIA3_SS1_SPO0_SRVW0_SSO0_SVW2_SK3_SKFTR0_SKXCCM8_TLDS1_ULSGRO0_USL1_UIOFGRO0_USFGRO0_VSn1_VWA2_VWB1_WSGRA0_WSGRB0_WS64_WG32_8_1",184,2183858,11868.793478,4.878e-05,11120,18360,724.439373
"_gemm_a16_w16_kernel_BLOCK_SIZE_M_64_BLOCK_SIZE_N_32_BLOCK_SIZE_K_256_GROUP_SIZE_M_4_NUM_KSPLIT_1_SPLITK_BLOCK_SIZE_512_EVEN_K_1_EVEN_MN_0_cache_modifier_CG_activation_NONE_use_activation_0_ADD_BIAS_0_SKIP_REDUCE_0",288,2065741,7172.711806,4.614e-05,6040,8880,519.843326
"hgemm_bf16_128x64x128x3_SPK1_W4x2x2_BLDS1_TN_AS1_0",57,1720973,30192.508772,3.844e-05,26961,35241,2339.343674
"void at::native::vectorized_elementwise_kernel<4, at::native::FillFunctor<long>, std::array<char*, 1ul> >(int, at::native::FillFunctor<long>, std::array<char*, 1ul>)",402,1539487,3829.569652,3.438e-05,1360,31040,2148.639349
"Cijk_Alik_Bljk_BBS_BH_Bias_HA_S_SAV_UserArgs_MT144x256x64_MI16x16x1_SN_LDSB0_AFC0_AFEM1_AFEM1_ASEM1_CLR1_CADS0_DTLA0_DTLB0_DTVA0_DTVB0_EPS0_FDSI0_GRPM1_GRVWA4_GRVWB8_GSU0_GSUAMB_GLS0_ISA950_IU1_K1_LDSTI0_LBSPPA128_LBSPPB512_LBSPPM0_LPA16_LPB16_LPM0_LRVW8_LWPMn1_MIAV0_MIWT9_4_MO40_NTn1_NTA0_NTB0_NTC0_NTD0_NTM0_NEPBS0_NLCA1_NLCB1_ONLL1_PGR2_PLR1_PKA1_SIA3_SS1_SPO0_SRVW0_SSO0_SVW1_SK3_SKFTR0_SKXCCM0_TLDS1_ULSGRO0_USL1_UIOFGRO0_USFGRO0_VSn1_VWA1_VWB4_WSGRA0_WSGRB0_WS64_WG16_16_1",12,1473893,122824.416667,3.292e-05,121281,123962,888.417434
"void at::native::vectorized_elementwise_kernel<2, at::native::FillFunctor<int>, std::array<char*, 1ul> >(int, at::native::FillFunctor<int>, std::array<char*, 1ul>)",664,1435726,2162.237952,3.207e-05,960,6920,698.760852
"_batched_gemm_a16wfp4_kernel_BLOCK_SIZE_M_64_BLOCK_SIZE_N_128_BLOCK_SIZE_K_256_GROUP_SIZE_M_1_NUM_KSPLIT_1_SPLITK_BLOCK_SIZE_512_EVEN_K_1_GRID_MN_2_PRE_QUANT_1_HAVE_Y_SCALE_0_cache_modifier_CG",96,1107891,11540.531250,2.474e-05,9600,48680,6136.369323
"Cijk_Alik_Bljk_BBS_BH_Bias_HA_S_SAV_UserArgs_MT128x192x64_MI16x16x1_SN_LDSB1_AFC0_AFEM1_AFEM1_ASEM1_CLR1_CADS0_DTLA0_DTLB0_DTVA0_DTVB0_EPS0_FDSI0_GRPM1_GRVWA8_GRVWB8_GSU0_GSUAMB_GLS0_ISA950_IU1_K1_LDSTI0_LBSPPA512_LBSPPB256_LBSPPM0_LPA16_LPB16_LPM0_LRVW8_LWPMn1_MIAV0_MIWT4_6_MO40_NTn1_NTA0_NTB0_NTC0_NTD0_NTM0_NEPBS0_NLCA1_NLCB1_ONLL1_PGR2_PLR1_PKA1_SIA3_SS1_SPO0_SRVW0_SSO0_SVW4_SK3_SKFTR0_SKXCCM0_TLDS1_ULSGRO0_USL1_UIOFGRO0_USFGRO0_VSn1_VWA4_VWB2_WSGRA0_WSGRB0_WS64_WG32_8_1",69,924567,13399.521739,2.065e-05,12040,14840,654.150451
"hgemm_bf16_16x64x64x7_SPK7_W1x2x1_BLDS1_TN_AS1_0",96,897805,9352.135417,2.005e-05,8600,13360,660.914098
"_topk_log_softmax_kernel",5,787045,157409.000000,1.758e-05,149761,178761,12097.715487
"_batched_gemm_a16wfp4_kernel_BLOCK_SIZE_M_128_BLOCK_SIZE_N_128_BLOCK_SIZE_K_128_GROUP_SIZE_M_2_NUM_KSPLIT_1_SPLITK_BLOCK_SIZE_128_EVEN_K_1_GRID_MN_4_PRE_QUANT_1_HAVE_Y_SCALE_1_cache_modifier_CG",96,780124,8126.291667,1.742e-05,6320,36160,4295.119536
"void (anonymous namespace)::elementwise_kernel_with_index<int, at::native::arange_cuda_out(c10::Scalar const&, c10::Scalar const&, c10::Scalar const&, at::Tensor&)::{lambda()#1}::operator()() const::{lambda()#4}::operator()() const::{lambda(long)#1}>(int, at::native::arange_cuda_out(c10::Scalar const&, c10::Scalar const&, c10::Scalar const&, at::Tensor&)::{lambda()#1}::operator()() const::{lambda()#4}::operator()() const::{lambda(long)#1}, function_traits<at::native::arange_cuda_out(c10::Scalar const&, c10::Scalar const&, c10::Scalar const&, at::Tensor&)::{lambda()#1}::operator()() const::{lambda()#4}::operator()() const::{lambda(long)#1}>::result_type*)",198,741365,3744.267677,1.656e-05,1880,7400,674.462218
"void wvSplitK_hf_sml_<__hip_bfloat16, 64, 4, 16, 8, 2, 5>(int, int, int, int, int, int, __hip_bfloat16 const*, __hip_bfloat16 const*, __hip_bfloat16 const*, __hip_bfloat16*, int, int)",4,701407,175351.750000,1.567e-05,171802,177121,2424.600362
"_gemm_a16_w16_kernel_BLOCK_SIZE_M_32_BLOCK_SIZE_N_32_BLOCK_SIZE_K_256_GROUP_SIZE_M_1_NUM_KSPLIT_1_SPLITK_BLOCK_SIZE_512_EVEN_K_1_EVEN_MN_0_cache_modifier_CG_activation_NONE_use_activation_0_ADD_BIAS_0_SKIP_REDUCE_0",120,689203,5743.358333,1.539e-05,4880,9840,733.892406
"Cijk_Alik_Bljk_BBS_BH_Bias_HA_S_SAV_UserArgs_MT192x64x64_MI16x16x1_SN_LDSB1_AFC0_AFEM1_AFEM1_ASEM1_CLR1_CADS0_DTLA0_DTLB0_DTVA0_DTVB0_EPS0_FDSI0_GRPM1_GRVWA8_GRVWB8_GSU0_GSUAMB_GLS0_ISA950_IU1_K1_LDSTI0_LBSPPA256_LBSPPB256_LBSPPM0_LPA16_LPB16_LPM0_LRVW8_LWPMn1_MIAV0_MIWT6_2_MO40_NTn1_NTA0_NTB0_NTC0_NTD0_NTM0_NEPBS0_NLCA1_NLCB1_ONLL1_PGR2_PLR1_PKA1_SIA3_SS1_SPO0_SRVW0_SSO0_SVW2_SK3_SKFTR0_SKXCCM0_TLDS1_ULSGRO0_USL1_UIOFGRO0_USFGRO0_VSn1_VWA2_VWB2_WSGRA0_WSGRB0_WS64_WG32_8_1",69,664767,9634.304348,1.485e-05,8480,10760,602.499800
"Cijk_Alik_Bljk_BBS_BH_Bias_HA_S_SAV_UserArgs_MT160x224x64_MI16x16x1_SN_LDSB0_AFC0_AFEM1_AFEM1_ASEM1_CLR1_CADS0_DTLA0_DTLB0_DTVA0_DTVB0_EPS0_FDSI0_GRPM1_GRVWA8_GRVWB8_GSU0_GSUAMB_GLS0_ISA950_IU1_K1_LDSTI0_LBSPPA128_LBSPPB128_LBSPPM0_LPA16_LPB16_LPM0_LRVW8_LWPMn1_MIAV0_MIWT5_7_MO40_NTn1_NTA0_NTB0_NTC0_NTD0_NTM0_NEPBS0_NLCA1_NLCB1_ONLL1_PGR2_PLR1_PKA1_SIA3_SS1_SPO0_SRVW0_SSO0_SVW1_SK3_SKFTR0_SKXCCM0_TLDS1_ULSGRO0_USL1_UIOFGRO0_USFGRO0_VSn1_VWA1_VWB1_WSGRA0_WSGRB0_WS64_WG32_8_1",3,651085,217028.333333,1.454e-05,216722,217481,400.100404
"hgemm_bf16_48x64x64x4_SPK1_W1x2x1_BLDS1_TN_AS1_0",25,623847,24953.880000,1.393e-05,23360,26640,955.085307
"triton_poi_fused_add_bitwise_and_bitwise_or_ge_lt_mul_sub_0",322,535324,1662.496894,1.196e-05,1280,30201,1650.376712
"_min_p_kernel",4,524763,131190.750000,1.172e-05,118480,143401,12806.761505
"triton_poi_fused_bitwise_and_bitwise_not_bitwise_or_ge_lt_1",322,516764,1604.857143,1.154e-05,1160,15760,899.451282
"hgemm_bf16_16x64x64x6_SPK4_W1x2x1_BLDS1_TN_AS1_0",96,492602,5131.270833,1.100e-05,4480,6480,521.404247
"void wvSplitK_hf_sml_<__hip_bfloat16, 64, 4, 16, 8, 2, 3>(int, int, int, int, int, int, __hip_bfloat16 const*, __hip_bfloat16 const*, __hip_bfloat16 const*, __hip_bfloat16*, int, int)",8,389887,48735.875000,8.708e-06,47081,49800,794.343473
"void wvSplitK_hf_sml_<__hip_bfloat16, 64, 4, 16, 8, 1, 4>(int, int, int, int, int, int, __hip_bfloat16 const*, __hip_bfloat16 const*, __hip_bfloat16 const*, __hip_bfloat16*, int, int)",8,389167,48645.875000,8.692e-06,46721,51081,1199.883975
"hgemm_bf16_16x64x64x7_SPK1_W1x1x2_BLDS1_TN_AS1_0",72,379841,5275.569444,8.484e-06,4240,9280,789.188455
"void at::native::tensor_kernel_scan_innermost_dim<float, std::plus<float> >(float*, float const*, unsigned int, unsigned int, unsigned int, float, std::plus<float>)",1,362883,362883.000000,8.105e-06,362883,362883,0.00000000e+00
"void at::native::unrolled_elementwise_kernel<at::native::(anonymous namespace)::CompareFunctor<int>, std::array<char*, 3ul>, 4, TrivialOffsetCalculator<2, unsigned int>, TrivialOffsetCalculator<1, unsigned int>, at::native::memory::LoadWithoutCast, at::native::memory::StoreWithoutCast>(int, at::native::(anonymous namespace)::CompareFunctor<int>, std::array<char*, 3ul>, TrivialOffsetCalculator<2, unsigned int>, TrivialOffsetCalculator<1, unsigned int>, at::native::memory::LoadWithoutCast, at::native::memory::StoreWithoutCast)",96,359003,3739.614583,8.018e-06,2040,6720,803.750870
"_gemm_a16_w16_kernel_BLOCK_SIZE_M_32_BLOCK_SIZE_N_32_BLOCK_SIZE_K_256_GROUP_SIZE_M_1_NUM_KSPLIT_1_SPLITK_BLOCK_SIZE_512_EVEN_K_1_EVEN_MN_1_cache_modifier_CG_activation_NONE_use_activation_0_ADD_BIAS_0_SKIP_REDUCE_0",48,250204,5212.583333,5.588e-06,3520,6560,582.788668
"void at::native::vectorized_elementwise_kernel<4, at::native::bfloat16_copy_kernel_cuda(at::TensorIteratorBase&)::{lambda(float)#1}, std::array<char*, 2ul> >(int, at::native::bfloat16_copy_kernel_cuda(at::TensorIteratorBase&)::{lambda(float)#1}, std::array<char*, 2ul>)",69,233883,3389.608696,5.224e-06,2000,7720,1608.132240
"void at::native::vectorized_elementwise_kernel<4, at::native::bfloat16tofloat32_copy_kernel_cuda(at::TensorIteratorBase&)::{lambda(c10::BFloat16)#1}, std::array<char*, 2ul> >(int, at::native::bfloat16tofloat32_copy_kernel_cuda(at::TensorIteratorBase&)::{lambda(c10::BFloat16)#1}, std::array<char*, 2ul>)",73,233641,3200.561644,5.218e-06,1520,63961,7298.007241
"_dynamic_mxfp4_quant_kernel",48,186920,3894.166667,4.175e-06,2960,8640,809.874782
"void at::native::mbtopk::computeBlockDigitCounts<c10::BFloat16, unsigned int, unsigned int, 2>(at::cuda::detail::TensorInfo<c10::BFloat16 const, unsigned int>, unsigned int, unsigned int*, unsigned int, unsigned int, int, int, unsigned int, unsigned int, unsigned int*, short*)",8,180840,22605.000000,4.039e-06,4000,57600,17253.252281
"hgemm_bf16_16x256x64x4_SPK7_W1x2x1_BLDS1_TN_AS1_0",4,148800,37200.000000,3.323e-06,24760,45000,8718.776673
"void at::native::mbtopk::gatherTopK<c10::BFloat16, unsigned int, 2>(at::cuda::detail::TensorInfo<c10::BFloat16 const, unsigned int>, unsigned int, unsigned int, bool, unsigned int, unsigned int, at::cuda::detail::TensorInfo<c10::BFloat16, unsigned int>, unsigned int, at::cuda::detail::TensorInfo<long, unsigned int>, unsigned int, unsigned int, unsigned int, c10::BFloat16*, unsigned int*, unsigned int*, unsigned int)",4,132802,33200.500000,2.966e-06,13880,53401,16238.479414
"_penalties_kernel",4,121121,30280.250000,2.705e-06,8000,77921,32826.863393
"hgemm_bf16_16x64x64x8_SPK1_W1x2x1_BLDS1_TN_AS1_0",24,116480,4853.333333,2.602e-06,4080,6120,416.305351
"void wvSplitK_hf_sml_<__hip_bfloat16, 64, 3, 16, 8, 2, 5>(int, int, int, int, int, int, __hip_bfloat16 const*, __hip_bfloat16 const*, __hip_bfloat16 const*, __hip_bfloat16*, int, int)",3,108001,36000.333333,2.412e-06,34721,38280,1979.171628
"void at::native::(anonymous namespace)::cunn_SoftMaxForwardGmem<4, float, float, float, at::native::(anonymous namespace)::SoftMaxForwardWithMulEpilogue, long>(float*, float const*, long)",2,105041,52520.500000,2.346e-06,50841,54200,2375.171678
"void wvSplitK_hf_sml_<__hip_bfloat16, 64, 3, 16, 8, 2, 2>(int, int, int, int, int, int, __hip_bfloat16 const*, __hip_bfloat16 const*, __hip_bfloat16 const*, __hip_bfloat16*, int, int)",4,97962,24490.500000,2.188e-06,21001,33680,6135.145774
"_bias_kernel",4,93121,23280.250000,2.080e-06,7320,69040,30513.775691
"_ranks_kernel",5,86601,17320.200000,1.934e-06,14201,20560,2944.561122
"hgemm_bf16_16x64x64x5_SPK2_W1x2x1_BLDS1_TN_AS1_0",4,79480,19870.000000,1.775e-06,13200,23960,4640.272980
"void at::native::mbtopk::computeBlockwiseWithinKCounts<unsigned int, c10::BFloat16>(unsigned int*, short*, unsigned int*, unsigned int, int, bool, unsigned int*, c10::BFloat16*, unsigned int*, unsigned int*, unsigned int*, unsigned int)",8,72960,9120.000000,1.630e-06,7120,10480,1222.269552
"void wvSplitK_hf_sml_<__hip_bfloat16, 64, 3, 16, 8, 2, 4>(int, int, int, int, int, int, __hip_bfloat16 const*, __hip_bfloat16 const*, __hip_bfloat16 const*, __hip_bfloat16*, int, int)",3,66761,22253.666667,1.491e-06,22081,22480,204.842216
"void wvSplitK_hf_sml_<__hip_bfloat16, 64, 3, 16, 8, 2, 3>(int, int, int, int, int, int, __hip_bfloat16 const*, __hip_bfloat16 const*, __hip_bfloat16 const*, __hip_bfloat16*, int, int)",3,65641,21880.333333,1.466e-06,21641,22040,211.093186
"_gemm_a16_w16_kernel_BLOCK_SIZE_M_32_BLOCK_SIZE_N_32_BLOCK_SIZE_K_256_GROUP_SIZE_M_1_NUM_KSPLIT_1_SPLITK_BLOCK_SIZE_4224_EVEN_K_0_EVEN_MN_1_cache_modifier_CG_activation_NONE_use_activation_0_ADD_BIAS_0_SKIP_REDUCE_0",3,63481,21160.333333,1.418e-06,21000,21321,160.500260
"void rocprim::ROCPRIM_400200_NS::detail::trampoline_kernel<rocprim::ROCPRIM_400200_NS::detail::wrapped_merge_sort_block_merge_config<rocprim::ROCPRIM_400200_NS::default_config, long, rocprim::ROCPRIM_400200_NS::empty_type>, (rocprim::ROCPRIM_400200_NS::detail::target_arch)950, rocprim::ROCPRIM_400200_NS::detail::merge_sort_block_merge_impl<rocprim::ROCPRIM_400200_NS::default_config, long*, rocprim::ROCPRIM_400200_NS::empty_type*, unsigned int, rocprim::ROCPRIM_400200_NS::detail::radix_merge_compare<false, true, long, rocprim::ROCPRIM_400200_NS::identity_decomposer> >(long*, rocprim::ROCPRIM_400200_NS::empty_type*, unsigned int, unsigned int, rocprim::ROCPRIM_400200_NS::detail::radix_merge_compare<false, true, long, rocprim::ROCPRIM_400200_NS::identity_decomposer>, ihipStream_t*, bool, std::iterator_traits<long*>::value_type*, std::iterator_traits<rocprim::ROCPRIM_400200_NS::empty_type*>::value_type*, unsigned int*, rocprim::ROCPRIM_400200_NS::detail::vsmem_t)::{lambda(auto:1, auto:2, auto:3, auto:4)#1}::operator()<long*, long*, rocprim::ROCPRIM_400200_NS::empty_type*, rocprim::ROCPRIM_400200_NS::empty_type*>(long*, long*, rocprim::ROCPRIM_400200_NS::empty_type*, rocprim::ROCPRIM_400200_NS::empty_type*) const::{lambda(auto:1)#1}, rocprim::ROCPRIM_400200_NS::detail::merge_mergepath_partition_config_selector>(rocprim::ROCPRIM_400200_NS::detail::merge_sort_block_merge_impl<rocprim::ROCPRIM_400200_NS::default_config, long*, rocprim::ROCPRIM_400200_NS::empty_type*, unsigned int, rocprim::ROCPRIM_400200_NS::detail::radix_merge_compare<false, true, long, rocprim::ROCPRIM_400200_NS::identity_decomposer> >(long*, rocprim::ROCPRIM_400200_NS::empty_type*, unsigned int, unsigned int, rocprim::ROCPRIM_400200_NS::detail::radix_merge_compare<false, true, long, rocprim::ROCPRIM_400200_NS::identity_decomposer>, ihipStream_t*, bool, std::iterator_traits<long*>::value_type*, std::iterator_traits<rocprim::ROCPRIM_400200_NS::empty_type*>::value_type*, unsigned int*, rocprim::ROCPRIM_400200_NS::detail::vsmem_t)::{lambda(auto:1, auto:2, auto:3, auto:4)#1}::operator()<long*, long*, rocprim::ROCPRIM_400200_NS::empty_type*, rocprim::ROCPRIM_400200_NS::empty_type*>(long*, long*, rocprim::ROCPRIM_400200_NS::empty_type*, rocprim::ROCPRIM_400200_NS::empty_type*) const::{lambda(auto:1)#1})",9,58400,6488.888889,1.304e-06,4840,9160,1462.706776
"void rocprim::ROCPRIM_400200_NS::detail::trampoline_kernel<rocprim::ROCPRIM_400200_NS::detail::wrapped_merge_sort_block_merge_config<rocprim::ROCPRIM_400200_NS::default_config, float, at::cuda::cub::detail::OpaqueType<8> >, (rocprim::ROCPRIM_400200_NS::detail::target_arch)950, rocprim::ROCPRIM_400200_NS::detail::merge_sort_block_merge_impl<rocprim::ROCPRIM_400200_NS::default_config, float*, at::cuda::cub::detail::OpaqueType<8>*, unsigned int, rocprim::ROCPRIM_400200_NS::detail::radix_merge_compare<false, false, float, rocprim::ROCPRIM_400200_NS::identity_decomposer> >(float*, at::cuda::cub::detail::OpaqueType<8>*, unsigned int, unsigned int, rocprim::ROCPRIM_400200_NS::detail::radix_merge_compare<false, false, float, rocprim::ROCPRIM_400200_NS::identity_decomposer>, ihipStream_t*, bool, std::iterator_traits<float*>::value_type*, std::iterator_traits<at::cuda::cub::detail::OpaqueType<8>*>::value_type*, unsigned int*, rocprim::ROCPRIM_400200_NS::detail::vsmem_t)::{lambda(auto:1, auto:2, auto:3, auto:4)#1}::operator()<float*, float*, at::cuda::cub::detail::OpaqueType<8>*, at::cuda::cub::detail::OpaqueType<8>*>(float*, float*, at::cuda::cub::detail::OpaqueType<8>*, at::cuda::cub::detail::OpaqueType<8>*) const::{lambda(auto:1)#1}, rocprim::ROCPRIM_400200_NS::detail::merge_mergepath_partition_config_selector>(rocprim::ROCPRIM_400200_NS::detail::merge_sort_block_merge_impl<rocprim::ROCPRIM_400200_NS::default_config, float*, at::cuda::cub::detail::OpaqueType<8>*, unsigned int, rocprim::ROCPRIM_400200_NS::detail::radix_merge_compare<false, false, float, rocprim::ROCPRIM_400200_NS::identity_decomposer> >(float*, at::cuda::cub::detail::OpaqueType<8>*, unsigned int, unsigned int, rocprim::ROCPRIM_400200_NS::detail::radix_merge_compare<false, false, float, rocprim::ROCPRIM_400200_NS::identity_decomposer>, ihipStream_t*, bool, std::iterator_traits<float*>::value_type*, std::iterator_traits<at::cuda::cub::detail::OpaqueType<8>*>::value_type*, unsigned int*, rocprim::ROCPRIM_400200_NS::detail::vsmem_t)::{lambda(auto:1, auto:2, auto:3, auto:4)#1}::operator()<float*, float*, at::cuda::cub::detail::OpaqueType<8>*, at::cuda::cub::detail::OpaqueType<8>*>(float*, float*, at::cuda::cub::detail::OpaqueType<8>*, at::cuda::cub::detail::OpaqueType<8>*) const::{lambda(auto:1)#1})",9,57721,6413.444444,1.289e-06,5040,7521,866.185187
"void rocprim::ROCPRIM_400200_NS::detail::trampoline_kernel<rocprim::ROCPRIM_400200_NS::detail::wrapped_merge_sort_block_merge_config<rocprim::ROCPRIM_400200_NS::default_config, float, at::cuda::cub::detail::OpaqueType<8> >, (rocprim::ROCPRIM_400200_NS::detail::target_arch)950, rocprim::ROCPRIM_400200_NS::detail::merge_sort_block_merge_impl<rocprim::ROCPRIM_400200_NS::default_config, float*, at::cuda::cub::detail::OpaqueType<8>*, unsigned int, rocprim::ROCPRIM_400200_NS::detail::radix_merge_compare<false, false, float, rocprim::ROCPRIM_400200_NS::identity_decomposer> >(float*, at::cuda::cub::detail::OpaqueType<8>*, unsigned int, unsigned int, rocprim::ROCPRIM_400200_NS::detail::radix_merge_compare<false, false, float, rocprim::ROCPRIM_400200_NS::identity_decomposer>, ihipStream_t*, bool, std::iterator_traits<float*>::value_type*, std::iterator_traits<at::cuda::cub::detail::OpaqueType<8>*>::value_type*, unsigned int*, rocprim::ROCPRIM_400200_NS::detail::vsmem_t)::{lambda(auto:1, auto:2, auto:3, auto:4)#1}::operator()<float*, float*, at::cuda::cub::detail::OpaqueType<8>*, at::cuda::cub::detail::OpaqueType<8>*>(float*, float*, at::cuda::cub::detail::OpaqueType<8>*, at::cuda::cub::detail::OpaqueType<8>*) const::{lambda(auto:1)#3}, rocprim::ROCPRIM_400200_NS::detail::merge_oddeven_config_selector>(rocprim::ROCPRIM_400200_NS::detail::merge_sort_block_merge_impl<rocprim::ROCPRIM_400200_NS::default_config, float*, at::cuda::cub::detail::OpaqueType<8>*, unsigned int, rocprim::ROCPRIM_400200_NS::detail::radix_merge_compare<false, false, float, rocprim::ROCPRIM_400200_NS::identity_decomposer> >(float*, at::cuda::cub::detail::OpaqueType<8>*, unsigned int, unsigned int, rocprim::ROCPRIM_400200_NS::detail::radix_merge_compare<false, false, float, rocprim::ROCPRIM_400200_NS::identity_decomposer>, ihipStream_t*, bool, std::iterator_traits<float*>::value_type*, std::iterator_traits<at::cuda::cub::detail::OpaqueType<8>*>::value_type*, unsigned int*, rocprim::ROCPRIM_400200_NS::detail::vsmem_t)::{lambda(auto:1, auto:2, auto:3, auto:4)#1}::operator()<float*, float*, at::cuda::cub::detail::OpaqueType<8>*, at::cuda::cub::detail::OpaqueType<8>*>(float*, float*, at::cuda::cub::detail::OpaqueType<8>*, at::cuda::cub::detail::OpaqueType<8>*) const::{lambda(auto:1)#3})",8,50560,6320.000000,1.129e-06,5760,7000,448.489528
"_temperature_kernel",4,46120,11530.000000,1.030e-06,4840,18200,7364.156435
"void rocprim::ROCPRIM_400200_NS::detail::trampoline_kernel<rocprim::ROCPRIM_400200_NS::detail::wrapped_merge_sort_block_merge_config<rocprim::ROCPRIM_400200_NS::default_config, float, at::cuda::cub::detail::OpaqueType<8> >, (rocprim::ROCPRIM_400200_NS::detail::target_arch)950, rocprim::ROCPRIM_400200_NS::detail::merge_sort_block_merge_impl<rocprim::ROCPRIM_400200_NS::default_config, float*, at::cuda::cub::detail::OpaqueType<8>*, unsigned int, rocprim::ROCPRIM_400200_NS::detail::radix_merge_compare<false, false, float, rocprim::ROCPRIM_400200_NS::identity_decomposer> >(float*, at::cuda::cub::detail::OpaqueType<8>*, unsigned int, unsigned int, rocprim::ROCPRIM_400200_NS::detail::radix_merge_compare<false, false, float, rocprim::ROCPRIM_400200_NS::identity_decomposer>, ihipStream_t*, bool, std::iterator_traits<float*>::value_type*, std::iterator_traits<at::cuda::cub::detail::OpaqueType<8>*>::value_type*, unsigned int*, rocprim::ROCPRIM_400200_NS::detail::vsmem_t)::{lambda(auto:1, auto:2, auto:3, auto:4)#1}::operator()<float*, float*, at::cuda::cub::detail::OpaqueType<8>*, at::cuda::cub::detail::OpaqueType<8>*>(float*, float*, at::cuda::cub::detail::OpaqueType<8>*, at::cuda::cub::detail::OpaqueType<8>*) const::{lambda(auto:1)#2}, rocprim::ROCPRIM_400200_NS::detail::merge_mergepath_config_selector>(rocprim::ROCPRIM_400200_NS::detail::merge_sort_block_merge_impl<rocprim::ROCPRIM_400200_NS::default_config, float*, at::cuda::cub::detail::OpaqueType<8>*, unsigned int, rocprim::ROCPRIM_400200_NS::detail::radix_merge_compare<false, false, float, rocprim::ROCPRIM_400200_NS::identity_decomposer> >(float*, at::cuda::cub::detail::OpaqueType<8>*, unsigned int, unsigned int, rocprim::ROCPRIM_400200_NS::detail::radix_merge_compare<false, false, float, rocprim::ROCPRIM_400200_NS::identity_decomposer>, ihipStream_t*, bool, std::iterator_traits<float*>::value_type*, std::iterator_traits<at::cuda::cub::detail::OpaqueType<8>*>::value_type*, unsigned int*, rocprim::ROCPRIM_400200_NS::detail::vsmem_t)::{lambda(auto:1, auto:2, auto:3, auto:4)#1}::operator()<float*, float*, at::cuda::cub::detail::OpaqueType<8>*, at::cuda::cub::detail::OpaqueType<8>*>(float*, float*, at::cuda::cub::detail::OpaqueType<8>*, at::cuda::cub::detail::OpaqueType<8>*) const::{lambda(auto:1)#2})",9,45680,5075.555556,1.020e-06,4120,6160,685.695106
"void rocprim::ROCPRIM_400200_NS::detail::trampoline_kernel<rocprim::ROCPRIM_400200_NS::detail::wrapped_merge_sort_block_merge_config<rocprim::ROCPRIM_400200_NS::default_config, long, rocprim::ROCPRIM_400200_NS::empty_type>, (rocprim::ROCPRIM_400200_NS::detail::target_arch)950, rocprim::ROCPRIM_400200_NS::detail::merge_sort_block_merge_impl<rocprim::ROCPRIM_400200_NS::default_config, long*, rocprim::ROCPRIM_400200_NS::empty_type*, unsigned int, rocprim::ROCPRIM_400200_NS::detail::radix_merge_compare<false, true, long, rocprim::ROCPRIM_400200_NS::identity_decomposer> >(long*, rocprim::ROCPRIM_400200_NS::empty_type*, unsigned int, unsigned int, rocprim::ROCPRIM_400200_NS::detail::radix_merge_compare<false, true, long, rocprim::ROCPRIM_400200_NS::identity_decomposer>, ihipStream_t*, bool, std::iterator_traits<long*>::value_type*, std::iterator_traits<rocprim::ROCPRIM_400200_NS::empty_type*>::value_type*, unsigned int*, rocprim::ROCPRIM_400200_NS::detail::vsmem_t)::{lambda(auto:1, auto:2, auto:3, auto:4)#1}::operator()<long*, long*, rocprim::ROCPRIM_400200_NS::empty_type*, rocprim::ROCPRIM_400200_NS::empty_type*>(long*, long*, rocprim::ROCPRIM_400200_NS::empty_type*, rocprim::ROCPRIM_400200_NS::empty_type*) const::{lambda(auto:1)#2}, rocprim::ROCPRIM_400200_NS::detail::merge_mergepath_config_selector>(rocprim::ROCPRIM_400200_NS::detail::merge_sort_block_merge_impl<rocprim::ROCPRIM_400200_NS::default_config, long*, rocprim::ROCPRIM_400200_NS::empty_type*, unsigned int, rocprim::ROCPRIM_400200_NS::detail::radix_merge_compare<false, true, long, rocprim::ROCPRIM_400200_NS::identity_decomposer> >(long*, rocprim::ROCPRIM_400200_NS::empty_type*, unsigned int, unsigned int, rocprim::ROCPRIM_400200_NS::detail::radix_merge_compare<false, true, long, rocprim::ROCPRIM_400200_NS::identity_decomposer>, ihipStream_t*, bool, std::iterator_traits<long*>::value_type*, std::iterator_traits<rocprim::ROCPRIM_400200_NS::empty_type*>::value_type*, unsigned int*, rocprim::ROCPRIM_400200_NS::detail::vsmem_t)::{lambda(auto:1, auto:2, auto:3, auto:4)#1}::operator()<long*, long*, rocprim::ROCPRIM_400200_NS::empty_type*, rocprim::ROCPRIM_400200_NS::empty_type*>(long*, long*, rocprim::ROCPRIM_400200_NS::empty_type*, rocprim::ROCPRIM_400200_NS::empty_type*) const::{lambda(auto:1)#2})",9,37400,4155.555556,8.353e-07,3560,4840,510.076247
"_bad_words_kernel",4,36881,9220.250000,8.237e-07,5840,17760,5713.204610
"void at::native::elementwise_kernel_manual_unroll<128, 8, at::native::gpu_kernel_impl_nocast<at::native::(anonymous namespace)::CompareFunctor<float> >(at::TensorIteratorBase&, at::native::(anonymous namespace)::CompareFunctor<float> const&)::{lambda(int, bool)#1}>(int, at::native::gpu_kernel_impl_nocast<at::native::(anonymous namespace)::CompareFunctor<float> >(at::TensorIteratorBase&, at::native::(anonymous namespace)::CompareFunctor<float> const&)::{lambda(int, bool)#1})",4,27400,6850.000000,6.120e-07,5800,7720,804.238771
"void at::native::(anonymous namespace)::CatArrayBatchedCopy_contig<at::native::(anonymous namespace)::OpaqueType<8u>, unsigned int, 2, 128, 1>(at::native::(anonymous namespace)::OpaqueType<8u>*, at::native::(anonymous namespace)::CatArrInputTensorMetadata<at::native::(anonymous namespace)::OpaqueType<8u>, unsigned int, 128, 1>, at::native::(anonymous namespace)::TensorSizeStride<unsigned int, 4u>, int, unsigned int)",5,25240,5048.000000,5.637e-07,2520,11960,3894.550038
"void rocprim::ROCPRIM_400200_NS::detail::trampoline_kernel<rocprim::ROCPRIM_400200_NS::detail::wrapped_radix_sort_block_sort_config<rocprim::ROCPRIM_400200_NS::kernel_config<256u, 4u, 4294967295u>, float, at::cuda::cub::detail::OpaqueType<8> >, (rocprim::ROCPRIM_400200_NS::detail::target_arch)950, rocprim::ROCPRIM_400200_NS::detail::radix_sort_block_sort<rocprim::ROCPRIM_400200_NS::kernel_config<256u, 4u, 4294967295u>, false, float const*, float*, at::cuda::cub::detail::OpaqueType<8> const*, at::cuda::cub::detail::OpaqueType<8>*, rocprim::ROCPRIM_400200_NS::identity_decomposer>(float const*, float*, at::cuda::cub::detail::OpaqueType<8> const*, at::cuda::cub::detail::OpaqueType<8>*, unsigned int, unsigned int&, rocprim::ROCPRIM_400200_NS::identity_decomposer, unsigned int, unsigned int, ihipStream_t*, bool)::{lambda(auto:1)#1}, rocprim::ROCPRIM_400200_NS::detail::radix_sort_config_selector>(rocprim::ROCPRIM_400200_NS::detail::radix_sort_block_sort<rocprim::ROCPRIM_400200_NS::kernel_config<256u, 4u, 4294967295u>, false, float const*, float*, at::cuda::cub::detail::OpaqueType<8> const*, at::cuda::cub::detail::OpaqueType<8>*, rocprim::ROCPRIM_400200_NS::identity_decomposer>(float const*, float*, at::cuda::cub::detail::OpaqueType<8> const*, at::cuda::cub::detail::OpaqueType<8>*, unsigned int, unsigned int&, rocprim::ROCPRIM_400200_NS::identity_decomposer, unsigned int, unsigned int, ihipStream_t*, bool)::{lambda(auto:1)#1})",2,22800,11400.000000,5.092e-07,9320,13480,2941.564210
"void at::native::index_elementwise_kernel<128, 4, at::native::index_fill_kernel_impl<at::native::OpaqueType<4> >(at::TensorIterator&, long, long, long, at::native::OpaqueType<4>)::{lambda(int)#1}>(long, at::native::index_fill_kernel_impl<at::native::OpaqueType<4> >(at::TensorIterator&, long, long, long, at::native::OpaqueType<4>)::{lambda(int)#1})",2,21880,10940.000000,4.887e-07,4480,17400,9135.819613
"void at::native::bitonicSortKVInPlace<2, -1, 16, 16, c10::BFloat16, long, at::native::GTOp<c10::BFloat16, true>, unsigned int>(at::cuda::detail::TensorInfo<c10::BFloat16, unsigned int>, unsigned int, unsigned int, unsigned int, at::cuda::detail::TensorInfo<long, unsigned int>, unsigned int, at::native::GTOp<c10::BFloat16, true>)",3,16400,5466.666667,3.663e-07,5000,6280,706.918194
"void rocprim::ROCPRIM_400200_NS::detail::trampoline_kernel<rocprim::ROCPRIM_400200_NS::detail::wrapped_radix_sort_onesweep_config<rocprim::ROCPRIM_400200_NS::default_config, hip_bfloat16, at::cuda::cub::detail::OpaqueType<8> >, (rocprim::ROCPRIM_400200_NS::detail::target_arch)950, rocprim::ROCPRIM_400200_NS::detail::radix_sort_onesweep_iteration<rocprim::ROCPRIM_400200_NS::default_config, true, hip_bfloat16 const*, hip_bfloat16*, at::cuda::cub::detail::OpaqueType<8> const*, at::cuda::cub::detail::OpaqueType<8>*, unsigned long, rocprim::ROCPRIM_400200_NS::identity_decomposer, rocprim::ROCPRIM_400200_NS::detail::block_id_wrapper<unsigned int, true> >(hip_bfloat16 const*, std::iterator_traits<hip_bfloat16 const*>::value_type*, hip_bfloat16*, at::cuda::cub::detail::OpaqueType<8> const*, std::iterator_traits<at::cuda::cub::detail::OpaqueType<8> const*>::value_type*, at::cuda::cub::detail::OpaqueType<8>*, unsigned long, unsigned long*, unsigned long*, rocprim::ROCPRIM_400200_NS::detail::onesweep_lookback_state*, bool, bool, rocprim::ROCPRIM_400200_NS::identity_decomposer, unsigned int, unsigned int, rocprim::ROCPRIM_400200_NS::detail::block_id_wrapper<unsigned int, true>, ihipStream_t*, bool)::{lambda(auto:1, auto:2, auto:3, auto:4)#1}::operator()<hip_bfloat16 const*, hip_bfloat16*, at::cuda::cub::detail::OpaqueType<8> const*, at::cuda::cub::detail::OpaqueType<8>*>(hip_bfloat16 const*, hip_bfloat16*, at::cuda::cub::detail::OpaqueType<8> const*, at::cuda::cub::detail::OpaqueType<8>*) const::{lambda(auto:1)#1}, rocprim::ROCPRIM_400200_NS::detail::radix_sort_onesweep_sort_config_selector>(rocprim::ROCPRIM_400200_NS::detail::radix_sort_onesweep_iteration<rocprim::ROCPRIM_400200_NS::default_config, true, hip_bfloat16 const*, hip_bfloat16*, at::cuda::cub::detail::OpaqueType<8> const*, at::cuda::cub::detail::OpaqueType<8>*, unsigned long, rocprim::ROCPRIM_400200_NS::identity_decomposer, rocprim::ROCPRIM_400200_NS::detail::block_id_wrapper<unsigned int, true> >(hip_bfloat16 const*, std::iterator_traits<hip_bfloat16 const*>::value_type*, hip_bfloat16*, at::cuda::cub::detail::OpaqueType<8> const*, std::iterator_traits<at::cuda::cub::detail::OpaqueType<8> const*>::value_type*, at::cuda::cub::detail::OpaqueType<8>*, unsigned long, unsigned long*, unsigned long*, rocprim::ROCPRIM_400200_NS::detail::onesweep_lookback_state*, bool, bool, rocprim::ROCPRIM_400200_NS::identity_decomposer, unsigned int, unsigned int, rocprim::ROCPRIM_400200_NS::detail::block_id_wrapper<unsigned int, true>, ihipStream_t*, bool)::{lambda(auto:1, auto:2, auto:3, auto:4)#1}::operator()<hip_bfloat16 const*, hip_bfloat16*, at::cuda::cub::detail::OpaqueType<8> const*, at::cuda::cub::detail::OpaqueType<8>*>(hip_bfloat16 const*, hip_bfloat16*, at::cuda::cub::detail::OpaqueType<8> const*, at::cuda::cub::detail::OpaqueType<8>*) const::{lambda(auto:1)#1})",1,16360,16360.000000,3.654e-07,16360,16360,0.00000000e+00
"void rocprim::ROCPRIM_400200_NS::detail::trampoline_kernel<rocprim::ROCPRIM_400200_NS::detail::wrapped_radix_sort_onesweep_config<rocprim::ROCPRIM_400200_NS::default_config, hip_bfloat16, at::cuda::cub::detail::OpaqueType<8> >, (rocprim::ROCPRIM_400200_NS::detail::target_arch)950, rocprim::ROCPRIM_400200_NS::detail::radix_sort_onesweep_iteration<rocprim::ROCPRIM_400200_NS::default_config, true, hip_bfloat16 const*, hip_bfloat16*, at::cuda::cub::detail::OpaqueType<8> const*, at::cuda::cub::detail::OpaqueType<8>*, unsigned long, rocprim::ROCPRIM_400200_NS::identity_decomposer, rocprim::ROCPRIM_400200_NS::detail::block_id_wrapper<unsigned int, true> >(hip_bfloat16 const*, std::iterator_traits<hip_bfloat16 const*>::value_type*, hip_bfloat16*, at::cuda::cub::detail::OpaqueType<8> const*, std::iterator_traits<at::cuda::cub::detail::OpaqueType<8> const*>::value_type*, at::cuda::cub::detail::OpaqueType<8>*, unsigned long, unsigned long*, unsigned long*, rocprim::ROCPRIM_400200_NS::detail::onesweep_lookback_state*, bool, bool, rocprim::ROCPRIM_400200_NS::identity_decomposer, unsigned int, unsigned int, rocprim::ROCPRIM_400200_NS::detail::block_id_wrapper<unsigned int, true>, ihipStream_t*, bool)::{lambda(auto:1, auto:2, auto:3, auto:4)#1}::operator()<hip_bfloat16*, hip_bfloat16*, at::cuda::cub::detail::OpaqueType<8>*, at::cuda::cub::detail::OpaqueType<8>*>(hip_bfloat16*, hip_bfloat16*, at::cuda::cub::detail::OpaqueType<8>*, at::cuda::cub::detail::OpaqueType<8>*) const::{lambda(auto:1)#1}, rocprim::ROCPRIM_400200_NS::detail::radix_sort_onesweep_sort_config_selector>(rocprim::ROCPRIM_400200_NS::detail::radix_sort_onesweep_iteration<rocprim::ROCPRIM_400200_NS::default_config, true, hip_bfloat16 const*, hip_bfloat16*, at::cuda::cub::detail::OpaqueType<8> const*, at::cuda::cub::detail::OpaqueType<8>*, unsigned long, rocprim::ROCPRIM_400200_NS::identity_decomposer, rocprim::ROCPRIM_400200_NS::detail::block_id_wrapper<unsigned int, true> >(hip_bfloat16 const*, std::iterator_traits<hip_bfloat16 const*>::value_type*, hip_bfloat16*, at::cuda::cub::detail::OpaqueType<8> const*, std::iterator_traits<at::cuda::cub::detail::OpaqueType<8> const*>::value_type*, at::cuda::cub::detail::OpaqueType<8>*, unsigned long, unsigned long*, unsigned long*, rocprim::ROCPRIM_400200_NS::detail::onesweep_lookback_state*, bool, bool, rocprim::ROCPRIM_400200_NS::identity_decomposer, unsigned int, unsigned int, rocprim::ROCPRIM_400200_NS::detail::block_id_wrapper<unsigned int, true>, ihipStream_t*, bool)::{lambda(auto:1, auto:2, auto:3, auto:4)#1}::operator()<hip_bfloat16*, hip_bfloat16*, at::cuda::cub::detail::OpaqueType<8>*, at::cuda::cub::detail::OpaqueType<8>*>(hip_bfloat16*, hip_bfloat16*, at::cuda::cub::detail::OpaqueType<8>*, at::cuda::cub::detail::OpaqueType<8>*) const::{lambda(auto:1)#1})",1,15560,15560.000000,3.475e-07,15560,15560,0.00000000e+00
"void at::native::mbtopk::fill<unsigned int, unsigned int>(unsigned int*, unsigned int, unsigned int)",4,14240,3560.000000,3.181e-07,1440,6120,2184.795948
"_bincount_kernel",1,14080,14080.000000,3.145e-07,14080,14080,0.00000000e+00
"void at::native::vectorized_elementwise_kernel<4, at::native::(anonymous namespace)::masked_fill_kernel(at::TensorIterator&, c10::Scalar const&)::{lambda()#1}::operator()() const::{lambda()#7}::operator()() const::{lambda(float, bool)#1}, std::array<char*, 3ul> >(int, at::native::(anonymous namespace)::masked_fill_kernel(at::TensorIterator&, c10::Scalar const&)::{lambda()#1}::operator()() const::{lambda()#7}::operator()() const::{lambda(float, bool)#1}, std::array<char*, 3ul>)",4,14000,3500.000000,3.127e-07,2640,4560,856.971411
"void at::native::vectorized_elementwise_kernel<4, at::native::FillFunctor<unsigned int>, std::array<char*, 1ul> >(int, at::native::FillFunctor<unsigned int>, std::array<char*, 1ul>)",3,12960,4320.000000,2.895e-07,3280,5160,955.824252
"void rocprim::ROCPRIM_400200_NS::detail::trampoline_kernel<rocprim::ROCPRIM_400200_NS::detail::wrapped_radix_sort_onesweep_config<rocprim::ROCPRIM_400200_NS::default_config, hip_bfloat16, at::cuda::cub::detail::OpaqueType<8> >, (rocprim::ROCPRIM_400200_NS::detail::target_arch)950, rocprim::ROCPRIM_400200_NS::detail::radix_sort_onesweep_global_offsets<rocprim::ROCPRIM_400200_NS::default_config, true, hip_bfloat16 const*, at::cuda::cub::detail::OpaqueType<8> const*, unsigned long, rocprim::ROCPRIM_400200_NS::identity_decomposer>(hip_bfloat16 const*, at::cuda::cub::detail::OpaqueType<8> const*, unsigned long*, unsigned long, unsigned int, rocprim::ROCPRIM_400200_NS::identity_decomposer, unsigned int, unsigned int, ihipStream_t*, bool)::{lambda(auto:1)#1}, rocprim::ROCPRIM_400200_NS::detail::radix_sort_onesweep_histogram_config_selector>(rocprim::ROCPRIM_400200_NS::detail::radix_sort_onesweep_global_offsets<rocprim::ROCPRIM_400200_NS::default_config, true, hip_bfloat16 const*, at::cuda::cub::detail::OpaqueType<8> const*, unsigned long, rocprim::ROCPRIM_400200_NS::identity_decomposer>(hip_bfloat16 const*, at::cuda::cub::detail::OpaqueType<8> const*, unsigned long*, unsigned long, unsigned int, rocprim::ROCPRIM_400200_NS::identity_decomposer, unsigned int, unsigned int, ihipStream_t*, bool)::{lambda(auto:1)#1})",1,11840,11840.000000,2.644e-07,11840,11840,0.00000000e+00
"void at::native::_scatter_gather_elementwise_kernel<256, 4, at::native::_cuda_scatter_gather_internal_kernel<true, at::native::OpaqueType<4>, long>::operator()<at::native::TensorAssign>(at::TensorIterator&, long, long, long, at::native::TensorAssign const&)::{lambda(int)#1}>(int, at::native::_cuda_scatter_gather_internal_kernel<true, at::native::OpaqueType<4>, long>::operator()<at::native::TensorAssign>(at::TensorIterator&, long, long, long, at::native::TensorAssign const&)::{lambda(int)#1})",2,10520,5260.000000,2.350e-07,4760,5760,707.106781
"void rocprim::ROCPRIM_400200_NS::detail::trampoline_kernel<rocprim::ROCPRIM_400200_NS::detail::wrapped_scan_config<rocprim::ROCPRIM_400200_NS::default_config, float>, (rocprim::ROCPRIM_400200_NS::detail::target_arch)950, rocprim::ROCPRIM_400200_NS::detail::scan_impl<(rocprim::ROCPRIM_400200_NS::detail::lookback_scan_determinism)0, false, false, rocprim::ROCPRIM_400200_NS::default_config, float const*, float*, float, std::plus<float>, float>(void*, unsigned long&, float const*, float*, float, unsigned long, std::plus<float>, ihipStream_t*, bool)::{lambda(auto:1, auto:2)#1}::operator()<std::integral_constant<bool, false>, std::integral_constant<bool, true> >(std::integral_constant<bool, false>, std::integral_constant<bool, true>) const::{lambda(auto:1)#1}, rocprim::ROCPRIM_400200_NS::detail::default_config_selector>(rocprim::ROCPRIM_400200_NS::detail::scan_impl<(rocprim::ROCPRIM_400200_NS::detail::lookback_scan_determinism)0, false, false, rocprim::ROCPRIM_400200_NS::default_config, float const*, float*, float, std::plus<float>, float>(void*, unsigned long&, float const*, float*, float, unsigned long, std::plus<float>, ihipStream_t*, bool)::{lambda(auto:1, auto:2)#1}::operator()<std::integral_constant<bool, false>, std::integral_constant<bool, true> >(std::integral_constant<bool, false>, std::integral_constant<bool, true>) const::{lambda(auto:1)#1})",1,7960,7960.000000,1.778e-07,7960,7960,0.00000000e+00
"at::native::(anonymous namespace)::fill_reverse_indices_kernel(long*, int, at::cuda::detail::IntDivider<unsigned int>)",2,6360,3180.000000,1.421e-07,2400,3960,1103.086579
"void at::native::vectorized_elementwise_kernel<4, at::native::CUDAFunctorOnOther_add<float>, std::array<char*, 2ul> >(int, at::native::CUDAFunctorOnOther_add<float>, std::array<char*, 2ul>)",2,6280,3140.000000,1.403e-07,2040,4240,1555.634919
"void at::native::vectorized_elementwise_kernel<4, at::native::CUDAFunctorOnOther_add<long>, std::array<char*, 2ul> >(int, at::native::CUDAFunctorOnOther_add<long>, std::array<char*, 2ul>)",2,6160,3080.000000,1.376e-07,2000,4160,1527.350647
"void rocprim::ROCPRIM_400200_NS::detail::trampoline_kernel<rocprim::ROCPRIM_400200_NS::detail::wrapped_radix_sort_block_sort_config<rocprim::ROCPRIM_400200_NS::kernel_config<256u, 4u, 4294967295u>, long, rocprim::ROCPRIM_400200_NS::empty_type>, (rocprim::ROCPRIM_400200_NS::detail::target_arch)950, rocprim::ROCPRIM_400200_NS::detail::radix_sort_block_sort<rocprim::ROCPRIM_400200_NS::kernel_config<256u, 4u, 4294967295u>, false, long const*, long*, rocprim::ROCPRIM_400200_NS::empty_type*, rocprim::ROCPRIM_400200_NS::empty_type*, rocprim::ROCPRIM_400200_NS::identity_decomposer>(long const*, long*, rocprim::ROCPRIM_400200_NS::empty_type*, rocprim::ROCPRIM_400200_NS::empty_type*, unsigned int, unsigned int&, rocprim::ROCPRIM_400200_NS::identity_decomposer, unsigned int, unsigned int, ihipStream_t*, bool)::{lambda(auto:1)#1}, rocprim::ROCPRIM_400200_NS::detail::radix_sort_config_selector>(rocprim::ROCPRIM_400200_NS::detail::radix_sort_block_sort<rocprim::ROCPRIM_400200_NS::kernel_config<256u, 4u, 4294967295u>, false, long const*, long*, rocprim::ROCPRIM_400200_NS::empty_type*, rocprim::ROCPRIM_400200_NS::empty_type*, rocprim::ROCPRIM_400200_NS::identity_decomposer>(long const*, long*, rocprim::ROCPRIM_400200_NS::empty_type*, rocprim::ROCPRIM_400200_NS::empty_type*, unsigned int, unsigned int&, rocprim::ROCPRIM_400200_NS::identity_decomposer, unsigned int, unsigned int, ihipStream_t*, bool)::{lambda(auto:1)#1})",1,5280,5280.000000,1.179e-07,5280,5280,0.00000000e+00
"_prompt_logprobs_token_ids_kernel",1,5080,5080.000000,1.135e-07,5080,5080,0.00000000e+00
"void rocprim::ROCPRIM_400200_NS::detail::trampoline_kernel<rocprim::ROCPRIM_400200_NS::detail::wrapped_transform_config<rocprim::ROCPRIM_400200_NS::default_config, at::cuda::cub::detail::OpaqueType<8>, true>, (rocprim::ROCPRIM_400200_NS::detail::target_arch)950, rocprim::ROCPRIM_400200_NS::detail::transform_impl<true, rocprim::ROCPRIM_400200_NS::default_config, at::cuda::cub::detail::OpaqueType<8>*, at::cuda::cub::detail::OpaqueType<8>*, rocprim::ROCPRIM_400200_NS::identity<at::cuda::cub::detail::OpaqueType<8> > >(at::cuda::cub::detail::OpaqueType<8>*, at::cuda::cub::detail::OpaqueType<8>*, unsigned long, rocprim::ROCPRIM_400200_NS::identity<at::cuda::cub::detail::OpaqueType<8> >, ihipStream_t*, bool)::{lambda(auto:1)#1}, rocprim::ROCPRIM_400200_NS::detail::default_config_selector>(rocprim::ROCPRIM_400200_NS::detail::transform_impl<true, rocprim::ROCPRIM_400200_NS::default_config, at::cuda::cub::detail::OpaqueType<8>*, at::cuda::cub::detail::OpaqueType<8>*, rocprim::ROCPRIM_400200_NS::identity<at::cuda::cub::detail::OpaqueType<8> > >(at::cuda::cub::detail::OpaqueType<8>*, at::cuda::cub::detail::OpaqueType<8>*, unsigned long, rocprim::ROCPRIM_400200_NS::identity<at::cuda::cub::detail::OpaqueType<8> >, ihipStream_t*, bool)::{lambda(auto:1)#1})",1,4440,4440.000000,9.917e-08,4440,4440,0.00000000e+00
"void at::native::elementwise_kernel_manual_unroll<128, 8, at::native::gpu_kernel_impl_nocast<at::native::FillFunctor<bool> >(at::TensorIteratorBase&, at::native::FillFunctor<bool> const&)::{lambda(int, bool)#1}>(int, at::native::gpu_kernel_impl_nocast<at::native::FillFunctor<bool> >(at::TensorIteratorBase&, at::native::FillFunctor<bool> const&)::{lambda(int, bool)#1})",1,4240,4240.000000,9.470e-08,4240,4240,0.00000000e+00
"at::native::(anonymous namespace)::fill_index_and_segment_kernel(HIP_vector_type<int, 2u>*, int, at::cuda::detail::IntDivider<unsigned int>)",1,4120,4120.000000,9.202e-08,4120,4120,0.00000000e+00
"void at::native::(anonymous namespace)::sort_postprocess_kernel<float>(float const*, float*, long*, HIP_vector_type<int, 2u> const*, int, int)",1,4000,4000.000000,8.934e-08,4000,4000,0.00000000e+00
"_apply_grammar_bitmask_kernel",1,3920,3920.000000,8.755e-08,3920,3920,0.00000000e+00
"void rocprim::ROCPRIM_400200_NS::detail::trampoline_kernel<rocprim::ROCPRIM_400200_NS::detail::wrapped_transform_config<rocprim::ROCPRIM_400200_NS::default_config, float, true>, (rocprim::ROCPRIM_400200_NS::detail::target_arch)950, rocprim::ROCPRIM_400200_NS::detail::transform_impl<true, rocprim::ROCPRIM_400200_NS::default_config, float*, float*, rocprim::ROCPRIM_400200_NS::identity<float> >(float*, float*, unsigned long, rocprim::ROCPRIM_400200_NS::identity<float>, ihipStream_t*, bool)::{lambda(auto:1)#1}, rocprim::ROCPRIM_400200_NS::detail::default_config_selector>(rocprim::ROCPRIM_400200_NS::detail::transform_impl<true, rocprim::ROCPRIM_400200_NS::default_config, float*, float*, rocprim::ROCPRIM_400200_NS::identity<float> >(float*, float*, unsigned long, rocprim::ROCPRIM_400200_NS::identity<float>, ihipStream_t*, bool)::{lambda(auto:1)#1})",1,3760,3760.000000,8.398e-08,3760,3760,0.00000000e+00
"void rocprim::ROCPRIM_400200_NS::detail::trampoline_kernel<rocprim::ROCPRIM_400200_NS::detail::wrapped_radix_sort_onesweep_config<rocprim::ROCPRIM_400200_NS::default_config, hip_bfloat16, at::cuda::cub::detail::OpaqueType<8> >, (rocprim::ROCPRIM_400200_NS::detail::target_arch)950, rocprim::ROCPRIM_400200_NS::detail::radix_sort_onesweep_global_offsets<rocprim::ROCPRIM_400200_NS::default_config, true, hip_bfloat16 const*, at::cuda::cub::detail::OpaqueType<8> const*, unsigned long, rocprim::ROCPRIM_400200_NS::identity_decomposer>(hip_bfloat16 const*, at::cuda::cub::detail::OpaqueType<8> const*, unsigned long*, unsigned long, unsigned int, rocprim::ROCPRIM_400200_NS::identity_decomposer, unsigned int, unsigned int, ihipStream_t*, bool)::{lambda(auto:1)#2}, rocprim::ROCPRIM_400200_NS::detail::radix_sort_onesweep_histogram_config_selector>(rocprim::ROCPRIM_400200_NS::detail::radix_sort_onesweep_global_offsets<rocprim::ROCPRIM_400200_NS::default_config, true, hip_bfloat16 const*, at::cuda::cub::detail::OpaqueType<8> const*, unsigned long, rocprim::ROCPRIM_400200_NS::identity_decomposer>(hip_bfloat16 const*, at::cuda::cub::detail::OpaqueType<8> const*, unsigned long*, unsigned long, unsigned int, rocprim::ROCPRIM_400200_NS::identity_decomposer, unsigned int, unsigned int, ihipStream_t*, bool)::{lambda(auto:1)#2})",1,3280,3280.000000,7.326e-08,3280,3280,0.00000000e+00
"void rocprim::ROCPRIM_400200_NS::detail::trampoline_kernel<rocprim::ROCPRIM_400200_NS::detail::wrapped_transform_config<rocprim::ROCPRIM_400200_NS::default_config, long, true>, (rocprim::ROCPRIM_400200_NS::detail::target_arch)950, rocprim::ROCPRIM_400200_NS::detail::transform_impl<true, rocprim::ROCPRIM_400200_NS::default_config, long*, long*, rocprim::ROCPRIM_400200_NS::identity<long> >(long*, long*, unsigned long, rocprim::ROCPRIM_400200_NS::identity<long>, ihipStream_t*, bool)::{lambda(auto:1)#1}, rocprim::ROCPRIM_400200_NS::detail::default_config_selector>(rocprim::ROCPRIM_400200_NS::detail::transform_impl<true, rocprim::ROCPRIM_400200_NS::default_config, long*, long*, rocprim::ROCPRIM_400200_NS::identity<long> >(long*, long*, unsigned long, rocprim::ROCPRIM_400200_NS::identity<long>, ihipStream_t*, bool)::{lambda(auto:1)#1})",1,3000,3000.000000,6.701e-08,3000,3000,0.00000000e+00
"void rocprim::ROCPRIM_400200_NS::detail::init_lookback_scan_state_kernel<rocprim::ROCPRIM_400200_NS::detail::lookback_scan_state<float, false, true>, rocprim::ROCPRIM_400200_NS::detail::block_id_wrapper<unsigned int, true> >(rocprim::ROCPRIM_400200_NS::detail::lookback_scan_state<float, false, true>, unsigned int, rocprim::ROCPRIM_400200_NS::detail::block_id_wrapper<unsigned int, true>, unsigned int, rocprim::ROCPRIM_400200_NS::detail::lookback_scan_state<float, false, true>::value_type*)",1,2320,2320.000000,5.182e-08,2320,2320,0.00000000e+00
"void at::native::unrolled_elementwise_kernel<at::native::FillFunctor<bool>, std::array<char*, 1ul>, 4, TrivialOffsetCalculator<0, unsigned int>, TrivialOffsetCalculator<1, unsigned int>, at::native::memory::LoadWithoutCast, at::native::memory::StoreWithoutCast>(int, at::native::FillFunctor<bool>, std::array<char*, 1ul>, TrivialOffsetCalculator<0, unsigned int>, TrivialOffsetCalculator<1, unsigned int>, at::native::memory::LoadWithoutCast, at::native::memory::StoreWithoutCast)",1,2240,2240.000000,5.003e-08,2240,2240,0.00000000e+00
