[32;20m[2026-06-03 06:57:09,628] LMCache INFO:[0m  torch_dev=<module 'torch.cuda' from '/usr/local/lib/python3.12/dist-packages/torch/cuda/__init__.py'>, torch_device_type=cuda [3m(__init__.py:59:lmcache)[0m
[32;20m[2026-06-03 06:57:09,903] LMCache INFO:[0m Skipping backend lmcache.xpu_ops: predicate returned False [3m(__init__.py:91:lmcache)[0m
[32;20m[2026-06-03 06:57:09,904] LMCache INFO:[0m Using backend: lmcache.c_ops [3m(__init__.py:109:lmcache)[0m
[32;20m[2026-06-03 06:57:11,860] LMCache INFO:[0m Discovered API module: cache_api [3m(router_discovery.py:53:lmcache.v1.utils.router_discovery)[0m
[32;20m[2026-06-03 06:57:11,862] LMCache INFO:[0m Discovered API module: env_api [3m(router_discovery.py:53:lmcache.v1.utils.router_discovery)[0m
[32;20m[2026-06-03 06:57:11,862] LMCache INFO:[0m Discovered API module: loglevel_api [3m(router_discovery.py:53:lmcache.v1.utils.router_discovery)[0m
[32;20m[2026-06-03 06:57:11,863] LMCache INFO:[0m Discovered API module: metrics_api [3m(router_discovery.py:53:lmcache.v1.utils.router_discovery)[0m
[32;20m[2026-06-03 06:57:11,865] LMCache INFO:[0m Discovered API module: periodic_thread_api [3m(router_discovery.py:53:lmcache.v1.utils.router_discovery)[0m
[32;20m[2026-06-03 06:57:11,866] LMCache INFO:[0m Discovered API module: run_script_api [3m(router_discovery.py:53:lmcache.v1.utils.router_discovery)[0m
[32;20m[2026-06-03 06:57:11,866] LMCache INFO:[0m Discovered API module: thread_api [3m(router_discovery.py:53:lmcache.v1.utils.router_discovery)[0m
[32;20m[2026-06-03 06:57:11,996] LMCache INFO:[0m Discovered API module: common_api [3m(router_discovery.py:53:lmcache.v1.utils.router_discovery)[0m
[32;20m[2026-06-03 06:57:11,997] LMCache INFO:[0m Discovered API module: conf_api [3m(router_discovery.py:53:lmcache.v1.utils.router_discovery)[0m
[32;20m[2026-06-03 06:57:11,997] LMCache INFO:[0m Discovered API module: healthcheck_api [3m(router_discovery.py:53:lmcache.v1.utils.router_discovery)[0m
[32;20m[2026-06-03 06:57:11,999] LMCache INFO:[0m Discovered API module: quota_api [3m(router_discovery.py:53:lmcache.v1.utils.router_discovery)[0m
[32;20m[2026-06-03 06:57:12,000] LMCache INFO:[0m Discovered API module: root_api [3m(router_discovery.py:53:lmcache.v1.utils.router_discovery)[0m
[32;20m[2026-06-03 06:57:12,000] LMCache INFO:[0m Discovered API module: status_api [3m(router_discovery.py:53:lmcache.v1.utils.router_discovery)[0m
[32;20m[2026-06-03 06:57:12,002] LMCache INFO:[0m Discovered API module: version_api [3m(router_discovery.py:53:lmcache.v1.utils.router_discovery)[0m
[32;20m[2026-06-03 06:57:12,008] LMCache INFO:[0m Starting LMCache HTTP server on http://127.0.0.1:8080 [3m(http_server.py:149:lmcache.v1.multiprocess.http_server)[0m
INFO:     Started server process [1064684]
INFO:     Waiting for application startup.
[32;20m[2026-06-03 06:57:12,018] LMCache INFO:[0m Starting LMCache HTTP server... (accelerator available: True) [3m(http_server.py:60:lmcache.v1.multiprocess.http_server)[0m
[32;20m[2026-06-03 06:57:12,026] LMCache INFO:[0m OTel MeterProvider initialised with Prometheus fallback (standalone metrics HTTP server disabled; /metrics must be exposed by the caller), resource={'telemetry.sdk.language': 'python', 'telemetry.sdk.name': 'opentelemetry', 'telemetry.sdk.version': '1.40.0', 'service.instance.id': '7cf16b52-0c6c-40b5-ba22-618a245d8280', 'service.name': 'unknown_service'} [3m(otel_init.py:114:lmcache.v1.mp_observability.otel_init)[0m
[32;20m[2026-06-03 06:57:12,027] LMCache INFO:[0m Checking if shm capacity is larger than L1 request [3m(server.py:236:lmcache.v1.multiprocess.server)[0m
[32;20m[2026-06-03 06:57:14,540] LMCache INFO:[0m Starting L1EvictionController... [3m(eviction_controller.py:53:lmcache.v1.distributed.storage_controllers.eviction_controller)[0m
[32;20m[2026-06-03 06:57:14,551] LMCache INFO:[0m Starting L2EvictionController... [3m(eviction_controller.py:229:lmcache.v1.distributed.storage_controllers.eviction_controller)[0m
[32;20m[2026-06-03 06:57:14,551] LMCache INFO:[0m Starting StoreController... [3m(store_controller.py:274:lmcache.v1.distributed.storage_controllers.store_controller)[0m
[32;20m[2026-06-03 06:57:14,552] LMCache INFO:[0m Starting PrefetchController... [3m(prefetch_controller.py:449:lmcache.v1.distributed.storage_controllers.prefetch_controller)[0m
[32;20m[2026-06-03 06:57:14,552] LMCache INFO:[0m Using blake3 hash function [3m(token_hasher.py:79:lmcache.v1.multiprocess.token_hasher)[0m
[32;20m[2026-06-03 06:57:14,553] LMCache INFO:[0m Computed NONE_HASH=b"~>\xff\x9e\xf7a:P4\x0e\xb1&w\xee\x03\xb8:\xc7Y\xfc\xba\x9b\xb3'\x05\xf0rH\xd5mG;" using hash function [3m(token_hasher.py:172:lmcache.v1.multiprocess.token_hasher)[0m
[32;20m[2026-06-03 06:57:14,553] LMCache INFO:[0m TokenHasher initialized: chunk_size=256, hash_algorithm=blake3 [3m(token_hasher.py:67:lmcache.v1.multiprocess.token_hasher)[0m
[32;20m[2026-06-03 06:57:14,554] LMCache INFO:[0m Supported transfer mode: auto [3m(server.py:184:lmcache.v1.multiprocess.server)[0m
[32;20m[2026-06-03 06:57:14,556] LMCache INFO:[0m LMCache ZMQ cache server is running on tcp://127.0.0.1:5555 [3m(server.py:291:lmcache.v1.multiprocess.server)[0m
[32;20m[2026-06-03 06:57:14,556] LMCache INFO:[0m LMCache cache server is running... [3m(server.py:306:lmcache.v1.multiprocess.server)[0m
[32;20m[2026-06-03 06:57:14,556] LMCache INFO:[0m LMCache HTTP server initialized [3m(http_server.py:97:lmcache.v1.multiprocess.http_server)[0m
INFO:     Application startup complete.
INFO:     Uvicorn running on http://127.0.0.1:8080 (Press CTRL+C to quit)
INFO:     127.0.0.1:54544 - "GET /healthcheck HTTP/1.1" 200 OK
[32;20m[2026-06-03 06:57:15,657] LMCache INFO:[0m LazyMemoryAllocator: Expanded 10240 MB pinned memory, now total is 30720 MB / 1536000 MB (2.0%) [3m(lazy_memory_allocator.py:259:lmcache.v1.lazy_memory_allocator)[0m
[32;20m[2026-06-03 06:57:16,805] LMCache INFO:[0m LazyMemoryAllocator: Expanded 10240 MB pinned memory, now total is 40960 MB / 1536000 MB (2.7%) [3m(lazy_memory_allocator.py:259:lmcache.v1.lazy_memory_allocator)[0m
[32;20m[2026-06-03 06:57:17,969] LMCache INFO:[0m LazyMemoryAllocator: Expanded 10240 MB pinned memory, now total is 51200 MB / 1536000 MB (3.3%) [3m(lazy_memory_allocator.py:259:lmcache.v1.lazy_memory_allocator)[0m
[32;20m[2026-06-03 06:57:19,125] LMCache INFO:[0m LazyMemoryAllocator: Expanded 10240 MB pinned memory, now total is 61440 MB / 1536000 MB (4.0%) [3m(lazy_memory_allocator.py:259:lmcache.v1.lazy_memory_allocator)[0m
[32;20m[2026-06-03 06:57:20,269] LMCache INFO:[0m LazyMemoryAllocator: Expanded 10240 MB pinned memory, now total is 71680 MB / 1536000 MB (4.7%) [3m(lazy_memory_allocator.py:259:lmcache.v1.lazy_memory_allocator)[0m
[32;20m[2026-06-03 06:57:21,415] LMCache INFO:[0m LazyMemoryAllocator: Expanded 10240 MB pinned memory, now total is 81920 MB / 1536000 MB (5.3%) [3m(lazy_memory_allocator.py:259:lmcache.v1.lazy_memory_allocator)[0m
[32;20m[2026-06-03 06:57:22,533] LMCache INFO:[0m LazyMemoryAllocator: Expanded 10240 MB pinned memory, now total is 92160 MB / 1536000 MB (6.0%) [3m(lazy_memory_allocator.py:259:lmcache.v1.lazy_memory_allocator)[0m
[32;20m[2026-06-03 06:57:23,627] LMCache INFO:[0m LazyMemoryAllocator: Expanded 10240 MB pinned memory, now total is 102400 MB / 1536000 MB (6.7%) [3m(lazy_memory_allocator.py:259:lmcache.v1.lazy_memory_allocator)[0m
[32;20m[2026-06-03 06:57:24,753] LMCache INFO:[0m LazyMemoryAllocator: Expanded 10240 MB pinned memory, now total is 112640 MB / 1536000 MB (7.3%) [3m(lazy_memory_allocator.py:259:lmcache.v1.lazy_memory_allocator)[0m
[32;20m[2026-06-03 06:57:25,841] LMCache INFO:[0m LazyMemoryAllocator: Expanded 10240 MB pinned memory, now total is 122880 MB / 1536000 MB (8.0%) [3m(lazy_memory_allocator.py:259:lmcache.v1.lazy_memory_allocator)[0m
[32;20m[2026-06-03 06:57:26,896] LMCache INFO:[0m LazyMemoryAllocator: Expanded 10240 MB pinned memory, now total is 133120 MB / 1536000 MB (8.7%) [3m(lazy_memory_allocator.py:259:lmcache.v1.lazy_memory_allocator)[0m
[32;20m[2026-06-03 06:57:27,949] LMCache INFO:[0m LazyMemoryAllocator: Expanded 10240 MB pinned memory, now total is 143360 MB / 1536000 MB (9.3%) [3m(lazy_memory_allocator.py:259:lmcache.v1.lazy_memory_allocator)[0m
[32;20m[2026-06-03 06:57:29,012] LMCache INFO:[0m LazyMemoryAllocator: Expanded 10240 MB pinned memory, now total is 153600 MB / 1536000 MB (10.0%) [3m(lazy_memory_allocator.py:259:lmcache.v1.lazy_memory_allocator)[0m
[32;20m[2026-06-03 06:57:30,084] LMCache INFO:[0m LazyMemoryAllocator: Expanded 10240 MB pinned memory, now total is 163840 MB / 1536000 MB (10.7%) [3m(lazy_memory_allocator.py:259:lmcache.v1.lazy_memory_allocator)[0m
[32;20m[2026-06-03 06:57:31,142] LMCache INFO:[0m LazyMemoryAllocator: Expanded 10240 MB pinned memory, now total is 174080 MB / 1536000 MB (11.3%) [3m(lazy_memory_allocator.py:259:lmcache.v1.lazy_memory_allocator)[0m
[32;20m[2026-06-03 06:57:32,192] LMCache INFO:[0m LazyMemoryAllocator: Expanded 10240 MB pinned memory, now total is 184320 MB / 1536000 MB (12.0%) [3m(lazy_memory_allocator.py:259:lmcache.v1.lazy_memory_allocator)[0m
[32;20m[2026-06-03 06:57:33,259] LMCache INFO:[0m LazyMemoryAllocator: Expanded 10240 MB pinned memory, now total is 194560 MB / 1536000 MB (12.7%) [3m(lazy_memory_allocator.py:259:lmcache.v1.lazy_memory_allocator)[0m
[32;20m[2026-06-03 06:57:34,318] LMCache INFO:[0m LazyMemoryAllocator: Expanded 10240 MB pinned memory, now total is 204800 MB / 1536000 MB (13.3%) [3m(lazy_memory_allocator.py:259:lmcache.v1.lazy_memory_allocator)[0m
[32;20m[2026-06-03 06:57:35,376] LMCache INFO:[0m LazyMemoryAllocator: Expanded 10240 MB pinned memory, now total is 215040 MB / 1536000 MB (14.0%) [3m(lazy_memory_allocator.py:259:lmcache.v1.lazy_memory_allocator)[0m
[32;20m[2026-06-03 06:57:36,467] LMCache INFO:[0m LazyMemoryAllocator: Expanded 10240 MB pinned memory, now total is 225280 MB / 1536000 MB (14.7%) [3m(lazy_memory_allocator.py:259:lmcache.v1.lazy_memory_allocator)[0m
[32;20m[2026-06-03 06:57:37,570] LMCache INFO:[0m LazyMemoryAllocator: Expanded 10240 MB pinned memory, now total is 235520 MB / 1536000 MB (15.3%) [3m(lazy_memory_allocator.py:259:lmcache.v1.lazy_memory_allocator)[0m
[32;20m[2026-06-03 06:57:38,638] LMCache INFO:[0m LazyMemoryAllocator: Expanded 10240 MB pinned memory, now total is 245760 MB / 1536000 MB (16.0%) [3m(lazy_memory_allocator.py:259:lmcache.v1.lazy_memory_allocator)[0m
[32;20m[2026-06-03 06:57:39,685] LMCache INFO:[0m LazyMemoryAllocator: Expanded 10240 MB pinned memory, now total is 256000 MB / 1536000 MB (16.7%) [3m(lazy_memory_allocator.py:259:lmcache.v1.lazy_memory_allocator)[0m
[32;20m[2026-06-03 06:57:40,726] LMCache INFO:[0m LazyMemoryAllocator: Expanded 10240 MB pinned memory, now total is 266240 MB / 1536000 MB (17.3%) [3m(lazy_memory_allocator.py:259:lmcache.v1.lazy_memory_allocator)[0m
[32;20m[2026-06-03 06:57:41,793] LMCache INFO:[0m LazyMemoryAllocator: Expanded 10240 MB pinned memory, now total is 276480 MB / 1536000 MB (18.0%) [3m(lazy_memory_allocator.py:259:lmcache.v1.lazy_memory_allocator)[0m
[32;20m[2026-06-03 06:57:42,864] LMCache INFO:[0m LazyMemoryAllocator: Expanded 10240 MB pinned memory, now total is 286720 MB / 1536000 MB (18.7%) [3m(lazy_memory_allocator.py:259:lmcache.v1.lazy_memory_allocator)[0m
[32;20m[2026-06-03 06:57:43,940] LMCache INFO:[0m LazyMemoryAllocator: Expanded 10240 MB pinned memory, now total is 296960 MB / 1536000 MB (19.3%) [3m(lazy_memory_allocator.py:259:lmcache.v1.lazy_memory_allocator)[0m
[32;20m[2026-06-03 06:57:44,977] LMCache INFO:[0m LazyMemoryAllocator: Expanded 10240 MB pinned memory, now total is 307200 MB / 1536000 MB (20.0%) [3m(lazy_memory_allocator.py:259:lmcache.v1.lazy_memory_allocator)[0m
[32;20m[2026-06-03 06:57:46,023] LMCache INFO:[0m LazyMemoryAllocator: Expanded 10240 MB pinned memory, now total is 317440 MB / 1536000 MB (20.7%) [3m(lazy_memory_allocator.py:259:lmcache.v1.lazy_memory_allocator)[0m
[32;20m[2026-06-03 06:57:47,048] LMCache INFO:[0m LazyMemoryAllocator: Expanded 10240 MB pinned memory, now total is 327680 MB / 1536000 MB (21.3%) [3m(lazy_memory_allocator.py:259:lmcache.v1.lazy_memory_allocator)[0m
[32;20m[2026-06-03 06:57:48,094] LMCache INFO:[0m LazyMemoryAllocator: Expanded 10240 MB pinned memory, now total is 337920 MB / 1536000 MB (22.0%) [3m(lazy_memory_allocator.py:259:lmcache.v1.lazy_memory_allocator)[0m
[32;20m[2026-06-03 06:57:49,169] LMCache INFO:[0m LazyMemoryAllocator: Expanded 10240 MB pinned memory, now total is 348160 MB / 1536000 MB (22.7%) [3m(lazy_memory_allocator.py:259:lmcache.v1.lazy_memory_allocator)[0m
[32;20m[2026-06-03 06:57:50,266] LMCache INFO:[0m LazyMemoryAllocator: Expanded 10240 MB pinned memory, now total is 358400 MB / 1536000 MB (23.3%) [3m(lazy_memory_allocator.py:259:lmcache.v1.lazy_memory_allocator)[0m
[32;20m[2026-06-03 06:57:51,336] LMCache INFO:[0m LazyMemoryAllocator: Expanded 10240 MB pinned memory, now total is 368640 MB / 1536000 MB (24.0%) [3m(lazy_memory_allocator.py:259:lmcache.v1.lazy_memory_allocator)[0m
[32;20m[2026-06-03 06:57:52,406] LMCache INFO:[0m LazyMemoryAllocator: Expanded 10240 MB pinned memory, now total is 378880 MB / 1536000 MB (24.7%) [3m(lazy_memory_allocator.py:259:lmcache.v1.lazy_memory_allocator)[0m
[32;20m[2026-06-03 06:57:53,474] LMCache INFO:[0m LazyMemoryAllocator: Expanded 10240 MB pinned memory, now total is 389120 MB / 1536000 MB (25.3%) [3m(lazy_memory_allocator.py:259:lmcache.v1.lazy_memory_allocator)[0m
[32;20m[2026-06-03 06:57:54,538] LMCache INFO:[0m LazyMemoryAllocator: Expanded 10240 MB pinned memory, now total is 399360 MB / 1536000 MB (26.0%) [3m(lazy_memory_allocator.py:259:lmcache.v1.lazy_memory_allocator)[0m
[32;20m[2026-06-03 06:57:55,626] LMCache INFO:[0m LazyMemoryAllocator: Expanded 10240 MB pinned memory, now total is 409600 MB / 1536000 MB (26.7%) [3m(lazy_memory_allocator.py:259:lmcache.v1.lazy_memory_allocator)[0m
[32;20m[2026-06-03 06:57:56,706] LMCache INFO:[0m LazyMemoryAllocator: Expanded 10240 MB pinned memory, now total is 419840 MB / 1536000 MB (27.3%) [3m(lazy_memory_allocator.py:259:lmcache.v1.lazy_memory_allocator)[0m
[32;20m[2026-06-03 06:57:57,763] LMCache INFO:[0m LazyMemoryAllocator: Expanded 10240 MB pinned memory, now total is 430080 MB / 1536000 MB (28.0%) [3m(lazy_memory_allocator.py:259:lmcache.v1.lazy_memory_allocator)[0m
[32;20m[2026-06-03 06:57:58,882] LMCache INFO:[0m LazyMemoryAllocator: Expanded 10240 MB pinned memory, now total is 440320 MB / 1536000 MB (28.7%) [3m(lazy_memory_allocator.py:259:lmcache.v1.lazy_memory_allocator)[0m
[32;20m[2026-06-03 06:58:00,017] LMCache INFO:[0m LazyMemoryAllocator: Expanded 10240 MB pinned memory, now total is 450560 MB / 1536000 MB (29.3%) [3m(lazy_memory_allocator.py:259:lmcache.v1.lazy_memory_allocator)[0m
[32;20m[2026-06-03 06:58:01,085] LMCache INFO:[0m LazyMemoryAllocator: Expanded 10240 MB pinned memory, now total is 460800 MB / 1536000 MB (30.0%) [3m(lazy_memory_allocator.py:259:lmcache.v1.lazy_memory_allocator)[0m
[32;20m[2026-06-03 06:58:02,152] LMCache INFO:[0m LazyMemoryAllocator: Expanded 10240 MB pinned memory, now total is 471040 MB / 1536000 MB (30.7%) [3m(lazy_memory_allocator.py:259:lmcache.v1.lazy_memory_allocator)[0m
[32;20m[2026-06-03 06:58:03,293] LMCache INFO:[0m LazyMemoryAllocator: Expanded 10240 MB pinned memory, now total is 481280 MB / 1536000 MB (31.3%) [3m(lazy_memory_allocator.py:259:lmcache.v1.lazy_memory_allocator)[0m
[32;20m[2026-06-03 06:58:04,410] LMCache INFO:[0m LazyMemoryAllocator: Expanded 10240 MB pinned memory, now total is 491520 MB / 1536000 MB (32.0%) [3m(lazy_memory_allocator.py:259:lmcache.v1.lazy_memory_allocator)[0m
[32;20m[2026-06-03 06:58:05,773] LMCache INFO:[0m LazyMemoryAllocator: Expanded 10240 MB pinned memory, now total is 501760 MB / 1536000 MB (32.7%) [3m(lazy_memory_allocator.py:259:lmcache.v1.lazy_memory_allocator)[0m
[32;20m[2026-06-03 06:58:07,139] LMCache INFO:[0m LazyMemoryAllocator: Expanded 10240 MB pinned memory, now total is 512000 MB / 1536000 MB (33.3%) [3m(lazy_memory_allocator.py:259:lmcache.v1.lazy_memory_allocator)[0m
[32;20m[2026-06-03 06:58:08,200] LMCache INFO:[0m LazyMemoryAllocator: Expanded 10240 MB pinned memory, now total is 522240 MB / 1536000 MB (34.0%) [3m(lazy_memory_allocator.py:259:lmcache.v1.lazy_memory_allocator)[0m
[32;20m[2026-06-03 06:58:09,357] LMCache INFO:[0m LazyMemoryAllocator: Expanded 10240 MB pinned memory, now total is 532480 MB / 1536000 MB (34.7%) [3m(lazy_memory_allocator.py:259:lmcache.v1.lazy_memory_allocator)[0m
[32;20m[2026-06-03 06:58:11,194] LMCache INFO:[0m LazyMemoryAllocator: Expanded 10240 MB pinned memory, now total is 542720 MB / 1536000 MB (35.3%) [3m(lazy_memory_allocator.py:259:lmcache.v1.lazy_memory_allocator)[0m
[32;20m[2026-06-03 06:58:13,006] LMCache INFO:[0m LazyMemoryAllocator: Expanded 10240 MB pinned memory, now total is 552960 MB / 1536000 MB (36.0%) [3m(lazy_memory_allocator.py:259:lmcache.v1.lazy_memory_allocator)[0m
[32;20m[2026-06-03 06:58:14,850] LMCache INFO:[0m LazyMemoryAllocator: Expanded 10240 MB pinned memory, now total is 563200 MB / 1536000 MB (36.7%) [3m(lazy_memory_allocator.py:259:lmcache.v1.lazy_memory_allocator)[0m
[32;20m[2026-06-03 06:58:16,711] LMCache INFO:[0m LazyMemoryAllocator: Expanded 10240 MB pinned memory, now total is 573440 MB / 1536000 MB (37.3%) [3m(lazy_memory_allocator.py:259:lmcache.v1.lazy_memory_allocator)[0m
[32;20m[2026-06-03 06:58:18,540] LMCache INFO:[0m LazyMemoryAllocator: Expanded 10240 MB pinned memory, now total is 583680 MB / 1536000 MB (38.0%) [3m(lazy_memory_allocator.py:259:lmcache.v1.lazy_memory_allocator)[0m
[32;20m[2026-06-03 06:58:20,416] LMCache INFO:[0m LazyMemoryAllocator: Expanded 10240 MB pinned memory, now total is 593920 MB / 1536000 MB (38.7%) [3m(lazy_memory_allocator.py:259:lmcache.v1.lazy_memory_allocator)[0m
[32;20m[2026-06-03 06:58:22,298] LMCache INFO:[0m LazyMemoryAllocator: Expanded 10240 MB pinned memory, now total is 604160 MB / 1536000 MB (39.3%) [3m(lazy_memory_allocator.py:259:lmcache.v1.lazy_memory_allocator)[0m
[32;20m[2026-06-03 06:58:24,180] LMCache INFO:[0m LazyMemoryAllocator: Expanded 10240 MB pinned memory, now total is 614400 MB / 1536000 MB (40.0%) [3m(lazy_memory_allocator.py:259:lmcache.v1.lazy_memory_allocator)[0m
[32;20m[2026-06-03 06:58:26,099] LMCache INFO:[0m LazyMemoryAllocator: Expanded 10240 MB pinned memory, now total is 624640 MB / 1536000 MB (40.7%) [3m(lazy_memory_allocator.py:259:lmcache.v1.lazy_memory_allocator)[0m
[32;20m[2026-06-03 06:58:27,916] LMCache INFO:[0m LazyMemoryAllocator: Expanded 10240 MB pinned memory, now total is 634880 MB / 1536000 MB (41.3%) [3m(lazy_memory_allocator.py:259:lmcache.v1.lazy_memory_allocator)[0m
[32;20m[2026-06-03 06:58:29,835] LMCache INFO:[0m LazyMemoryAllocator: Expanded 10240 MB pinned memory, now total is 645120 MB / 1536000 MB (42.0%) [3m(lazy_memory_allocator.py:259:lmcache.v1.lazy_memory_allocator)[0m
[32;20m[2026-06-03 06:58:31,754] LMCache INFO:[0m LazyMemoryAllocator: Expanded 10240 MB pinned memory, now total is 655360 MB / 1536000 MB (42.7%) [3m(lazy_memory_allocator.py:259:lmcache.v1.lazy_memory_allocator)[0m
[32;20m[2026-06-03 06:58:33,618] LMCache INFO:[0m LazyMemoryAllocator: Expanded 10240 MB pinned memory, now total is 665600 MB / 1536000 MB (43.3%) [3m(lazy_memory_allocator.py:259:lmcache.v1.lazy_memory_allocator)[0m
[32;20m[2026-06-03 06:58:35,534] LMCache INFO:[0m LazyMemoryAllocator: Expanded 10240 MB pinned memory, now total is 675840 MB / 1536000 MB (44.0%) [3m(lazy_memory_allocator.py:259:lmcache.v1.lazy_memory_allocator)[0m
[32;20m[2026-06-03 06:58:37,495] LMCache INFO:[0m LazyMemoryAllocator: Expanded 10240 MB pinned memory, now total is 686080 MB / 1536000 MB (44.7%) [3m(lazy_memory_allocator.py:259:lmcache.v1.lazy_memory_allocator)[0m
[32;20m[2026-06-03 06:58:39,385] LMCache INFO:[0m LazyMemoryAllocator: Expanded 10240 MB pinned memory, now total is 696320 MB / 1536000 MB (45.3%) [3m(lazy_memory_allocator.py:259:lmcache.v1.lazy_memory_allocator)[0m
[32;20m[2026-06-03 06:58:41,265] LMCache INFO:[0m LazyMemoryAllocator: Expanded 10240 MB pinned memory, now total is 706560 MB / 1536000 MB (46.0%) [3m(lazy_memory_allocator.py:259:lmcache.v1.lazy_memory_allocator)[0m
[32;20m[2026-06-03 06:58:43,159] LMCache INFO:[0m LazyMemoryAllocator: Expanded 10240 MB pinned memory, now total is 716800 MB / 1536000 MB (46.7%) [3m(lazy_memory_allocator.py:259:lmcache.v1.lazy_memory_allocator)[0m
[32;20m[2026-06-03 06:58:45,012] LMCache INFO:[0m LazyMemoryAllocator: Expanded 10240 MB pinned memory, now total is 727040 MB / 1536000 MB (47.3%) [3m(lazy_memory_allocator.py:259:lmcache.v1.lazy_memory_allocator)[0m
[32;20m[2026-06-03 06:58:46,923] LMCache INFO:[0m LazyMemoryAllocator: Expanded 10240 MB pinned memory, now total is 737280 MB / 1536000 MB (48.0%) [3m(lazy_memory_allocator.py:259:lmcache.v1.lazy_memory_allocator)[0m
[32;20m[2026-06-03 06:58:48,848] LMCache INFO:[0m LazyMemoryAllocator: Expanded 10240 MB pinned memory, now total is 747520 MB / 1536000 MB (48.7%) [3m(lazy_memory_allocator.py:259:lmcache.v1.lazy_memory_allocator)[0m
[32;20m[2026-06-03 06:58:50,739] LMCache INFO:[0m LazyMemoryAllocator: Expanded 10240 MB pinned memory, now total is 757760 MB / 1536000 MB (49.3%) [3m(lazy_memory_allocator.py:259:lmcache.v1.lazy_memory_allocator)[0m
[32;20m[2026-06-03 06:58:52,678] LMCache INFO:[0m LazyMemoryAllocator: Expanded 10240 MB pinned memory, now total is 768000 MB / 1536000 MB (50.0%) [3m(lazy_memory_allocator.py:259:lmcache.v1.lazy_memory_allocator)[0m
[32;20m[2026-06-03 06:58:54,649] LMCache INFO:[0m LazyMemoryAllocator: Expanded 10240 MB pinned memory, now total is 778240 MB / 1536000 MB (50.7%) [3m(lazy_memory_allocator.py:259:lmcache.v1.lazy_memory_allocator)[0m
[32;20m[2026-06-03 06:58:56,502] LMCache INFO:[0m LazyMemoryAllocator: Expanded 10240 MB pinned memory, now total is 788480 MB / 1536000 MB (51.3%) [3m(lazy_memory_allocator.py:259:lmcache.v1.lazy_memory_allocator)[0m
[32;20m[2026-06-03 06:58:58,375] LMCache INFO:[0m LazyMemoryAllocator: Expanded 10240 MB pinned memory, now total is 798720 MB / 1536000 MB (52.0%) [3m(lazy_memory_allocator.py:259:lmcache.v1.lazy_memory_allocator)[0m
[32;20m[2026-06-03 06:59:00,238] LMCache INFO:[0m LazyMemoryAllocator: Expanded 10240 MB pinned memory, now total is 808960 MB / 1536000 MB (52.7%) [3m(lazy_memory_allocator.py:259:lmcache.v1.lazy_memory_allocator)[0m
[32;20m[2026-06-03 06:59:02,077] LMCache INFO:[0m LazyMemoryAllocator: Expanded 10240 MB pinned memory, now total is 819200 MB / 1536000 MB (53.3%) [3m(lazy_memory_allocator.py:259:lmcache.v1.lazy_memory_allocator)[0m
[32;20m[2026-06-03 06:59:03,916] LMCache INFO:[0m LazyMemoryAllocator: Expanded 10240 MB pinned memory, now total is 829440 MB / 1536000 MB (54.0%) [3m(lazy_memory_allocator.py:259:lmcache.v1.lazy_memory_allocator)[0m
[32;20m[2026-06-03 06:59:05,788] LMCache INFO:[0m LazyMemoryAllocator: Expanded 10240 MB pinned memory, now total is 839680 MB / 1536000 MB (54.7%) [3m(lazy_memory_allocator.py:259:lmcache.v1.lazy_memory_allocator)[0m
[32;20m[2026-06-03 06:59:07,602] LMCache INFO:[0m LazyMemoryAllocator: Expanded 10240 MB pinned memory, now total is 849920 MB / 1536000 MB (55.3%) [3m(lazy_memory_allocator.py:259:lmcache.v1.lazy_memory_allocator)[0m
[32;20m[2026-06-03 06:59:09,486] LMCache INFO:[0m LazyMemoryAllocator: Expanded 10240 MB pinned memory, now total is 860160 MB / 1536000 MB (56.0%) [3m(lazy_memory_allocator.py:259:lmcache.v1.lazy_memory_allocator)[0m
[32;20m[2026-06-03 06:59:11,330] LMCache INFO:[0m LazyMemoryAllocator: Expanded 10240 MB pinned memory, now total is 870400 MB / 1536000 MB (56.7%) [3m(lazy_memory_allocator.py:259:lmcache.v1.lazy_memory_allocator)[0m
[32;20m[2026-06-03 06:59:13,213] LMCache INFO:[0m LazyMemoryAllocator: Expanded 10240 MB pinned memory, now total is 880640 MB / 1536000 MB (57.3%) [3m(lazy_memory_allocator.py:259:lmcache.v1.lazy_memory_allocator)[0m
[32;20m[2026-06-03 06:59:15,093] LMCache INFO:[0m LazyMemoryAllocator: Expanded 10240 MB pinned memory, now total is 890880 MB / 1536000 MB (58.0%) [3m(lazy_memory_allocator.py:259:lmcache.v1.lazy_memory_allocator)[0m
[32;20m[2026-06-03 06:59:16,908] LMCache INFO:[0m LazyMemoryAllocator: Expanded 10240 MB pinned memory, now total is 901120 MB / 1536000 MB (58.7%) [3m(lazy_memory_allocator.py:259:lmcache.v1.lazy_memory_allocator)[0m
[32;20m[2026-06-03 06:59:18,724] LMCache INFO:[0m LazyMemoryAllocator: Expanded 10240 MB pinned memory, now total is 911360 MB / 1536000 MB (59.3%) [3m(lazy_memory_allocator.py:259:lmcache.v1.lazy_memory_allocator)[0m
[32;20m[2026-06-03 06:59:20,654] LMCache INFO:[0m LazyMemoryAllocator: Expanded 10240 MB pinned memory, now total is 921600 MB / 1536000 MB (60.0%) [3m(lazy_memory_allocator.py:259:lmcache.v1.lazy_memory_allocator)[0m
[32;20m[2026-06-03 06:59:22,487] LMCache INFO:[0m LazyMemoryAllocator: Expanded 10240 MB pinned memory, now total is 931840 MB / 1536000 MB (60.7%) [3m(lazy_memory_allocator.py:259:lmcache.v1.lazy_memory_allocator)[0m
[32;20m[2026-06-03 06:59:24,351] LMCache INFO:[0m LazyMemoryAllocator: Expanded 10240 MB pinned memory, now total is 942080 MB / 1536000 MB (61.3%) [3m(lazy_memory_allocator.py:259:lmcache.v1.lazy_memory_allocator)[0m
[32;20m[2026-06-03 06:59:26,428] LMCache INFO:[0m LazyMemoryAllocator: Expanded 10240 MB pinned memory, now total is 952320 MB / 1536000 MB (62.0%) [3m(lazy_memory_allocator.py:259:lmcache.v1.lazy_memory_allocator)[0m
[32;20m[2026-06-03 06:59:28,135] LMCache INFO:[0m LazyMemoryAllocator: Expanded 10240 MB pinned memory, now total is 962560 MB / 1536000 MB (62.7%) [3m(lazy_memory_allocator.py:259:lmcache.v1.lazy_memory_allocator)[0m
[32;20m[2026-06-03 06:59:29,745] LMCache INFO:[0m LazyMemoryAllocator: Expanded 10240 MB pinned memory, now total is 972800 MB / 1536000 MB (63.3%) [3m(lazy_memory_allocator.py:259:lmcache.v1.lazy_memory_allocator)[0m
[32;20m[2026-06-03 06:59:31,349] LMCache INFO:[0m LazyMemoryAllocator: Expanded 10240 MB pinned memory, now total is 983040 MB / 1536000 MB (64.0%) [3m(lazy_memory_allocator.py:259:lmcache.v1.lazy_memory_allocator)[0m
[32;20m[2026-06-03 06:59:32,955] LMCache INFO:[0m LazyMemoryAllocator: Expanded 10240 MB pinned memory, now total is 993280 MB / 1536000 MB (64.7%) [3m(lazy_memory_allocator.py:259:lmcache.v1.lazy_memory_allocator)[0m
[32;20m[2026-06-03 06:59:34,575] LMCache INFO:[0m LazyMemoryAllocator: Expanded 10240 MB pinned memory, now total is 1003520 MB / 1536000 MB (65.3%) [3m(lazy_memory_allocator.py:259:lmcache.v1.lazy_memory_allocator)[0m
[32;20m[2026-06-03 06:59:36,201] LMCache INFO:[0m LazyMemoryAllocator: Expanded 10240 MB pinned memory, now total is 1013760 MB / 1536000 MB (66.0%) [3m(lazy_memory_allocator.py:259:lmcache.v1.lazy_memory_allocator)[0m
[32;20m[2026-06-03 06:59:37,864] LMCache INFO:[0m LazyMemoryAllocator: Expanded 10240 MB pinned memory, now total is 1024000 MB / 1536000 MB (66.7%) [3m(lazy_memory_allocator.py:259:lmcache.v1.lazy_memory_allocator)[0m
[32;20m[2026-06-03 06:59:39,520] LMCache INFO:[0m LazyMemoryAllocator: Expanded 10240 MB pinned memory, now total is 1034240 MB / 1536000 MB (67.3%) [3m(lazy_memory_allocator.py:259:lmcache.v1.lazy_memory_allocator)[0m
[32;20m[2026-06-03 06:59:41,141] LMCache INFO:[0m LazyMemoryAllocator: Expanded 10240 MB pinned memory, now total is 1044480 MB / 1536000 MB (68.0%) [3m(lazy_memory_allocator.py:259:lmcache.v1.lazy_memory_allocator)[0m
[32;20m[2026-06-03 06:59:42,782] LMCache INFO:[0m LazyMemoryAllocator: Expanded 10240 MB pinned memory, now total is 1054720 MB / 1536000 MB (68.7%) [3m(lazy_memory_allocator.py:259:lmcache.v1.lazy_memory_allocator)[0m
[32;20m[2026-06-03 06:59:44,407] LMCache INFO:[0m LazyMemoryAllocator: Expanded 10240 MB pinned memory, now total is 1064960 MB / 1536000 MB (69.3%) [3m(lazy_memory_allocator.py:259:lmcache.v1.lazy_memory_allocator)[0m
[32;20m[2026-06-03 06:59:46,038] LMCache INFO:[0m LazyMemoryAllocator: Expanded 10240 MB pinned memory, now total is 1075200 MB / 1536000 MB (70.0%) [3m(lazy_memory_allocator.py:259:lmcache.v1.lazy_memory_allocator)[0m
[32;20m[2026-06-03 06:59:47,683] LMCache INFO:[0m LazyMemoryAllocator: Expanded 10240 MB pinned memory, now total is 1085440 MB / 1536000 MB (70.7%) [3m(lazy_memory_allocator.py:259:lmcache.v1.lazy_memory_allocator)[0m
[32;20m[2026-06-03 06:59:49,398] LMCache INFO:[0m LazyMemoryAllocator: Expanded 10240 MB pinned memory, now total is 1095680 MB / 1536000 MB (71.3%) [3m(lazy_memory_allocator.py:259:lmcache.v1.lazy_memory_allocator)[0m
[32;20m[2026-06-03 06:59:51,046] LMCache INFO:[0m LazyMemoryAllocator: Expanded 10240 MB pinned memory, now total is 1105920 MB / 1536000 MB (72.0%) [3m(lazy_memory_allocator.py:259:lmcache.v1.lazy_memory_allocator)[0m
[32;20m[2026-06-03 06:59:52,661] LMCache INFO:[0m LazyMemoryAllocator: Expanded 10240 MB pinned memory, now total is 1116160 MB / 1536000 MB (72.7%) [3m(lazy_memory_allocator.py:259:lmcache.v1.lazy_memory_allocator)[0m
[32;20m[2026-06-03 06:59:54,270] LMCache INFO:[0m LazyMemoryAllocator: Expanded 10240 MB pinned memory, now total is 1126400 MB / 1536000 MB (73.3%) [3m(lazy_memory_allocator.py:259:lmcache.v1.lazy_memory_allocator)[0m
[32;20m[2026-06-03 06:59:55,911] LMCache INFO:[0m LazyMemoryAllocator: Expanded 10240 MB pinned memory, now total is 1136640 MB / 1536000 MB (74.0%) [3m(lazy_memory_allocator.py:259:lmcache.v1.lazy_memory_allocator)[0m
[32;20m[2026-06-03 06:59:57,519] LMCache INFO:[0m LazyMemoryAllocator: Expanded 10240 MB pinned memory, now total is 1146880 MB / 1536000 MB (74.7%) [3m(lazy_memory_allocator.py:259:lmcache.v1.lazy_memory_allocator)[0m
[32;20m[2026-06-03 06:59:59,131] LMCache INFO:[0m LazyMemoryAllocator: Expanded 10240 MB pinned memory, now total is 1157120 MB / 1536000 MB (75.3%) [3m(lazy_memory_allocator.py:259:lmcache.v1.lazy_memory_allocator)[0m
[32;20m[2026-06-03 07:00:00,723] LMCache INFO:[0m LazyMemoryAllocator: Expanded 10240 MB pinned memory, now total is 1167360 MB / 1536000 MB (76.0%) [3m(lazy_memory_allocator.py:259:lmcache.v1.lazy_memory_allocator)[0m
[32;20m[2026-06-03 07:00:02,304] LMCache INFO:[0m LazyMemoryAllocator: Expanded 10240 MB pinned memory, now total is 1177600 MB / 1536000 MB (76.7%) [3m(lazy_memory_allocator.py:259:lmcache.v1.lazy_memory_allocator)[0m
[32;20m[2026-06-03 07:00:03,923] LMCache INFO:[0m LazyMemoryAllocator: Expanded 10240 MB pinned memory, now total is 1187840 MB / 1536000 MB (77.3%) [3m(lazy_memory_allocator.py:259:lmcache.v1.lazy_memory_allocator)[0m
[32;20m[2026-06-03 07:00:05,537] LMCache INFO:[0m LazyMemoryAllocator: Expanded 10240 MB pinned memory, now total is 1198080 MB / 1536000 MB (78.0%) [3m(lazy_memory_allocator.py:259:lmcache.v1.lazy_memory_allocator)[0m
[32;20m[2026-06-03 07:00:07,149] LMCache INFO:[0m LazyMemoryAllocator: Expanded 10240 MB pinned memory, now total is 1208320 MB / 1536000 MB (78.7%) [3m(lazy_memory_allocator.py:259:lmcache.v1.lazy_memory_allocator)[0m
[32;20m[2026-06-03 07:00:08,752] LMCache INFO:[0m LazyMemoryAllocator: Expanded 10240 MB pinned memory, now total is 1218560 MB / 1536000 MB (79.3%) [3m(lazy_memory_allocator.py:259:lmcache.v1.lazy_memory_allocator)[0m
[32;20m[2026-06-03 07:00:10,371] LMCache INFO:[0m LazyMemoryAllocator: Expanded 10240 MB pinned memory, now total is 1228800 MB / 1536000 MB (80.0%) [3m(lazy_memory_allocator.py:259:lmcache.v1.lazy_memory_allocator)[0m
[32;20m[2026-06-03 07:00:11,980] LMCache INFO:[0m LazyMemoryAllocator: Expanded 10240 MB pinned memory, now total is 1239040 MB / 1536000 MB (80.7%) [3m(lazy_memory_allocator.py:259:lmcache.v1.lazy_memory_allocator)[0m
[32;20m[2026-06-03 07:00:13,586] LMCache INFO:[0m LazyMemoryAllocator: Expanded 10240 MB pinned memory, now total is 1249280 MB / 1536000 MB (81.3%) [3m(lazy_memory_allocator.py:259:lmcache.v1.lazy_memory_allocator)[0m
[32;20m[2026-06-03 07:00:15,189] LMCache INFO:[0m LazyMemoryAllocator: Expanded 10240 MB pinned memory, now total is 1259520 MB / 1536000 MB (82.0%) [3m(lazy_memory_allocator.py:259:lmcache.v1.lazy_memory_allocator)[0m
[32;20m[2026-06-03 07:00:16,787] LMCache INFO:[0m LazyMemoryAllocator: Expanded 10240 MB pinned memory, now total is 1269760 MB / 1536000 MB (82.7%) [3m(lazy_memory_allocator.py:259:lmcache.v1.lazy_memory_allocator)[0m
[32;20m[2026-06-03 07:00:18,386] LMCache INFO:[0m LazyMemoryAllocator: Expanded 10240 MB pinned memory, now total is 1280000 MB / 1536000 MB (83.3%) [3m(lazy_memory_allocator.py:259:lmcache.v1.lazy_memory_allocator)[0m
[32;20m[2026-06-03 07:00:19,962] LMCache INFO:[0m LazyMemoryAllocator: Expanded 10240 MB pinned memory, now total is 1290240 MB / 1536000 MB (84.0%) [3m(lazy_memory_allocator.py:259:lmcache.v1.lazy_memory_allocator)[0m
[32;20m[2026-06-03 07:00:21,557] LMCache INFO:[0m LazyMemoryAllocator: Expanded 10240 MB pinned memory, now total is 1300480 MB / 1536000 MB (84.7%) [3m(lazy_memory_allocator.py:259:lmcache.v1.lazy_memory_allocator)[0m
[32;20m[2026-06-03 07:00:23,149] LMCache INFO:[0m LazyMemoryAllocator: Expanded 10240 MB pinned memory, now total is 1310720 MB / 1536000 MB (85.3%) [3m(lazy_memory_allocator.py:259:lmcache.v1.lazy_memory_allocator)[0m
[32;20m[2026-06-03 07:00:24,724] LMCache INFO:[0m LazyMemoryAllocator: Expanded 10240 MB pinned memory, now total is 1320960 MB / 1536000 MB (86.0%) [3m(lazy_memory_allocator.py:259:lmcache.v1.lazy_memory_allocator)[0m
[32;20m[2026-06-03 07:00:26,226] LMCache INFO:[0m LazyMemoryAllocator: Expanded 10240 MB pinned memory, now total is 1331200 MB / 1536000 MB (86.7%) [3m(lazy_memory_allocator.py:259:lmcache.v1.lazy_memory_allocator)[0m
[32;20m[2026-06-03 07:00:27,720] LMCache INFO:[0m LazyMemoryAllocator: Expanded 10240 MB pinned memory, now total is 1341440 MB / 1536000 MB (87.3%) [3m(lazy_memory_allocator.py:259:lmcache.v1.lazy_memory_allocator)[0m
[32;20m[2026-06-03 07:00:29,212] LMCache INFO:[0m LazyMemoryAllocator: Expanded 10240 MB pinned memory, now total is 1351680 MB / 1536000 MB (88.0%) [3m(lazy_memory_allocator.py:259:lmcache.v1.lazy_memory_allocator)[0m
[32;20m[2026-06-03 07:00:30,742] LMCache INFO:[0m LazyMemoryAllocator: Expanded 10240 MB pinned memory, now total is 1361920 MB / 1536000 MB (88.7%) [3m(lazy_memory_allocator.py:259:lmcache.v1.lazy_memory_allocator)[0m
[32;20m[2026-06-03 07:00:32,223] LMCache INFO:[0m LazyMemoryAllocator: Expanded 10240 MB pinned memory, now total is 1372160 MB / 1536000 MB (89.3%) [3m(lazy_memory_allocator.py:259:lmcache.v1.lazy_memory_allocator)[0m
[32;20m[2026-06-03 07:00:33,678] LMCache INFO:[0m LazyMemoryAllocator: Expanded 10240 MB pinned memory, now total is 1382400 MB / 1536000 MB (90.0%) [3m(lazy_memory_allocator.py:259:lmcache.v1.lazy_memory_allocator)[0m
[32;20m[2026-06-03 07:00:35,107] LMCache INFO:[0m LazyMemoryAllocator: Expanded 10240 MB pinned memory, now total is 1392640 MB / 1536000 MB (90.7%) [3m(lazy_memory_allocator.py:259:lmcache.v1.lazy_memory_allocator)[0m
[32;20m[2026-06-03 07:00:36,569] LMCache INFO:[0m LazyMemoryAllocator: Expanded 10240 MB pinned memory, now total is 1402880 MB / 1536000 MB (91.3%) [3m(lazy_memory_allocator.py:259:lmcache.v1.lazy_memory_allocator)[0m
[32;20m[2026-06-03 07:00:38,007] LMCache INFO:[0m LazyMemoryAllocator: Expanded 10240 MB pinned memory, now total is 1413120 MB / 1536000 MB (92.0%) [3m(lazy_memory_allocator.py:259:lmcache.v1.lazy_memory_allocator)[0m
[32;20m[2026-06-03 07:00:39,471] LMCache INFO:[0m LazyMemoryAllocator: Expanded 10240 MB pinned memory, now total is 1423360 MB / 1536000 MB (92.7%) [3m(lazy_memory_allocator.py:259:lmcache.v1.lazy_memory_allocator)[0m
[32;20m[2026-06-03 07:00:40,954] LMCache INFO:[0m LazyMemoryAllocator: Expanded 10240 MB pinned memory, now total is 1433600 MB / 1536000 MB (93.3%) [3m(lazy_memory_allocator.py:259:lmcache.v1.lazy_memory_allocator)[0m
[32;20m[2026-06-03 07:00:42,413] LMCache INFO:[0m LazyMemoryAllocator: Expanded 10240 MB pinned memory, now total is 1443840 MB / 1536000 MB (94.0%) [3m(lazy_memory_allocator.py:259:lmcache.v1.lazy_memory_allocator)[0m
[32;20m[2026-06-03 07:00:43,866] LMCache INFO:[0m LazyMemoryAllocator: Expanded 10240 MB pinned memory, now total is 1454080 MB / 1536000 MB (94.7%) [3m(lazy_memory_allocator.py:259:lmcache.v1.lazy_memory_allocator)[0m
[32;20m[2026-06-03 07:00:45,304] LMCache INFO:[0m LazyMemoryAllocator: Expanded 10240 MB pinned memory, now total is 1464320 MB / 1536000 MB (95.3%) [3m(lazy_memory_allocator.py:259:lmcache.v1.lazy_memory_allocator)[0m
[32;20m[2026-06-03 07:00:46,749] LMCache INFO:[0m LazyMemoryAllocator: Expanded 10240 MB pinned memory, now total is 1474560 MB / 1536000 MB (96.0%) [3m(lazy_memory_allocator.py:259:lmcache.v1.lazy_memory_allocator)[0m
[32;20m[2026-06-03 07:00:48,184] LMCache INFO:[0m LazyMemoryAllocator: Expanded 10240 MB pinned memory, now total is 1484800 MB / 1536000 MB (96.7%) [3m(lazy_memory_allocator.py:259:lmcache.v1.lazy_memory_allocator)[0m
[32;20m[2026-06-03 07:00:49,624] LMCache INFO:[0m LazyMemoryAllocator: Expanded 10240 MB pinned memory, now total is 1495040 MB / 1536000 MB (97.3%) [3m(lazy_memory_allocator.py:259:lmcache.v1.lazy_memory_allocator)[0m
[32;20m[2026-06-03 07:00:51,090] LMCache INFO:[0m LazyMemoryAllocator: Expanded 10240 MB pinned memory, now total is 1505280 MB / 1536000 MB (98.0%) [3m(lazy_memory_allocator.py:259:lmcache.v1.lazy_memory_allocator)[0m
[32;20m[2026-06-03 07:00:52,537] LMCache INFO:[0m LazyMemoryAllocator: Expanded 10240 MB pinned memory, now total is 1515520 MB / 1536000 MB (98.7%) [3m(lazy_memory_allocator.py:259:lmcache.v1.lazy_memory_allocator)[0m
[32;20m[2026-06-03 07:00:53,987] LMCache INFO:[0m LazyMemoryAllocator: Expanded 10240 MB pinned memory, now total is 1525760 MB / 1536000 MB (99.3%) [3m(lazy_memory_allocator.py:259:lmcache.v1.lazy_memory_allocator)[0m
[32;20m[2026-06-03 07:00:55,420] LMCache INFO:[0m LazyMemoryAllocator: Expanded 10240 MB pinned memory, now total is 1536000 MB / 1536000 MB (100.0%) [3m(lazy_memory_allocator.py:259:lmcache.v1.lazy_memory_allocator)[0m
[32;20m[2026-06-03 07:08:55,001] LMCache INFO:[0m list_depth: 1, tensor_dim: 3 [3m(utils.py:566:lmcache.v1.gpu_connector.utils)[0m
[32;20m[2026-06-03 07:08:55,001] LMCache INFO:[0m GPU KV Cache Dimensions: [61][3654257, 1, 576] [3m(utils.py:577:lmcache.v1.gpu_connector.utils)[0m
[32;20m[2026-06-03 07:08:55,001] LMCache INFO:[0m vLLM KV cache layout: NHD [3m(utils.py:598:lmcache.v1.gpu_connector.utils)[0m
[32;20m[2026-06-03 07:08:55,001] LMCache INFO:[0m GPU KV Format: NL x [NB, BS, HS] [3m(utils.py:428:lmcache.v1.gpu_connector.utils)[0m
[32;20m[2026-06-03 07:08:55,001] LMCache INFO:[0m Currently used by:
  - vLLM MLA [3m(utils.py:429:lmcache.v1.gpu_connector.utils)[0m
[32;20m[2026-06-03 07:08:55,001] LMCache INFO:[0m Group 0 first-layer tensor: layer_idx=0 shape=(3654257, 1, 576) stride=(576, 576, 1) is_contiguous=True dtype=torch.uint8 device=cuda:1 storage_offset=0 numel=2104852032 storage_nbytes=2104852032 padding_per_block=0 [3m(utils.py:1302:lmcache.v1.gpu_connector.utils)[0m
[32;20m[2026-06-03 07:08:55,001] LMCache INFO:[0m KV layer groups: [KVLayerGroupInfo(layers=61, indices=0-60, shape_desc=(kv=1, nl=61, nb=3654257, bs=1, nh=1, hs=576, element_size=1, block_stride_elems=576), dtype=torch.uint8, compress_ratio=1, physical_chunk_size=256, engine_group_idx=0)] [3m(kv_layer_groups.py:338:lmcache.v1.kv_layer_groups)[0m
[32;20m[2026-06-03 07:08:55,875] LMCache INFO:[0m Registered KV cache for GPU ID 1065845 with 61 layers [3m(gpu_transfer.py:279:lmcache.v1.multiprocess.modules.gpu_transfer)[0m
[32;20m[2026-06-03 07:08:56,379] LMCache INFO:[0m Initialized cuda stream on device cuda:1 [3m(gpu_context.py:169:lmcache.v1.multiprocess.gpu_context)[0m
[32;20m[2026-06-03 07:08:56,390] LMCache INFO:[0m list_depth: 1, tensor_dim: 3 [3m(utils.py:566:lmcache.v1.gpu_connector.utils)[0m
[32;20m[2026-06-03 07:08:56,390] LMCache INFO:[0m GPU KV Cache Dimensions: [61][3654257, 1, 576] [3m(utils.py:577:lmcache.v1.gpu_connector.utils)[0m
[32;20m[2026-06-03 07:08:56,390] LMCache INFO:[0m vLLM KV cache layout: NHD [3m(utils.py:598:lmcache.v1.gpu_connector.utils)[0m
[32;20m[2026-06-03 07:08:56,390] LMCache INFO:[0m GPU KV Format: NL x [NB, BS, HS] [3m(utils.py:428:lmcache.v1.gpu_connector.utils)[0m
[32;20m[2026-06-03 07:08:56,390] LMCache INFO:[0m Currently used by:
  - vLLM MLA [3m(utils.py:429:lmcache.v1.gpu_connector.utils)[0m
[32;20m[2026-06-03 07:08:56,391] LMCache INFO:[0m Group 0 first-layer tensor: layer_idx=0 shape=(3654257, 1, 576) stride=(576, 576, 1) is_contiguous=True dtype=torch.uint8 device=cuda:3 storage_offset=0 numel=2104852032 storage_nbytes=2104852032 padding_per_block=0 [3m(utils.py:1302:lmcache.v1.gpu_connector.utils)[0m
[32;20m[2026-06-03 07:08:56,391] LMCache INFO:[0m KV layer groups: [KVLayerGroupInfo(layers=61, indices=0-60, shape_desc=(kv=1, nl=61, nb=3654257, bs=1, nh=1, hs=576, element_size=1, block_stride_elems=576), dtype=torch.uint8, compress_ratio=1, physical_chunk_size=256, engine_group_idx=0)] [3m(kv_layer_groups.py:338:lmcache.v1.kv_layer_groups)[0m
[32;20m[2026-06-03 07:08:58,931] LMCache INFO:[0m Registered KV cache for GPU ID 1065847 with 61 layers [3m(gpu_transfer.py:279:lmcache.v1.multiprocess.modules.gpu_transfer)[0m
[32;20m[2026-06-03 07:08:58,932] LMCache INFO:[0m Initialized cuda stream on device cuda:3 [3m(gpu_context.py:169:lmcache.v1.multiprocess.gpu_context)[0m
[32;20m[2026-06-03 07:08:58,941] LMCache INFO:[0m list_depth: 1, tensor_dim: 3 [3m(utils.py:566:lmcache.v1.gpu_connector.utils)[0m
[32;20m[2026-06-03 07:08:58,942] LMCache INFO:[0m GPU KV Cache Dimensions: [61][3654257, 1, 576] [3m(utils.py:577:lmcache.v1.gpu_connector.utils)[0m
[32;20m[2026-06-03 07:08:58,942] LMCache INFO:[0m vLLM KV cache layout: NHD [3m(utils.py:598:lmcache.v1.gpu_connector.utils)[0m
[32;20m[2026-06-03 07:08:58,942] LMCache INFO:[0m GPU KV Format: NL x [NB, BS, HS] [3m(utils.py:428:lmcache.v1.gpu_connector.utils)[0m
[32;20m[2026-06-03 07:08:58,942] LMCache INFO:[0m Currently used by:
  - vLLM MLA [3m(utils.py:429:lmcache.v1.gpu_connector.utils)[0m
[32;20m[2026-06-03 07:08:58,942] LMCache INFO:[0m Group 0 first-layer tensor: layer_idx=0 shape=(3654257, 1, 576) stride=(576, 576, 1) is_contiguous=True dtype=torch.uint8 device=cuda:2 storage_offset=0 numel=2104852032 storage_nbytes=2104852032 padding_per_block=0 [3m(utils.py:1302:lmcache.v1.gpu_connector.utils)[0m
[32;20m[2026-06-03 07:08:58,942] LMCache INFO:[0m KV layer groups: [KVLayerGroupInfo(layers=61, indices=0-60, shape_desc=(kv=1, nl=61, nb=3654257, bs=1, nh=1, hs=576, element_size=1, block_stride_elems=576), dtype=torch.uint8, compress_ratio=1, physical_chunk_size=256, engine_group_idx=0)] [3m(kv_layer_groups.py:338:lmcache.v1.kv_layer_groups)[0m
[32;20m[2026-06-03 07:08:58,996] LMCache INFO:[0m Registered KV cache for GPU ID 1065846 with 61 layers [3m(gpu_transfer.py:279:lmcache.v1.multiprocess.modules.gpu_transfer)[0m
[32;20m[2026-06-03 07:08:58,996] LMCache INFO:[0m Initialized cuda stream on device cuda:2 [3m(gpu_context.py:169:lmcache.v1.multiprocess.gpu_context)[0m
[32;20m[2026-06-03 07:08:59,007] LMCache INFO:[0m list_depth: 1, tensor_dim: 3 [3m(utils.py:566:lmcache.v1.gpu_connector.utils)[0m
[32;20m[2026-06-03 07:08:59,007] LMCache INFO:[0m GPU KV Cache Dimensions: [61][3654257, 1, 576] [3m(utils.py:577:lmcache.v1.gpu_connector.utils)[0m
[32;20m[2026-06-03 07:08:59,007] LMCache INFO:[0m vLLM KV cache layout: NHD [3m(utils.py:598:lmcache.v1.gpu_connector.utils)[0m
[32;20m[2026-06-03 07:08:59,007] LMCache INFO:[0m GPU KV Format: NL x [NB, BS, HS] [3m(utils.py:428:lmcache.v1.gpu_connector.utils)[0m
[32;20m[2026-06-03 07:08:59,007] LMCache INFO:[0m Currently used by:
  - vLLM MLA [3m(utils.py:429:lmcache.v1.gpu_connector.utils)[0m
[32;20m[2026-06-03 07:08:59,008] LMCache INFO:[0m Group 0 first-layer tensor: layer_idx=0 shape=(3654257, 1, 576) stride=(576, 576, 1) is_contiguous=True dtype=torch.uint8 device=cuda:0 storage_offset=0 numel=2104852032 storage_nbytes=2104852032 padding_per_block=0 [3m(utils.py:1302:lmcache.v1.gpu_connector.utils)[0m
[32;20m[2026-06-03 07:08:59,008] LMCache INFO:[0m KV layer groups: [KVLayerGroupInfo(layers=61, indices=0-60, shape_desc=(kv=1, nl=61, nb=3654257, bs=1, nh=1, hs=576, element_size=1, block_stride_elems=576), dtype=torch.uint8, compress_ratio=1, physical_chunk_size=256, engine_group_idx=0)] [3m(kv_layer_groups.py:338:lmcache.v1.kv_layer_groups)[0m
[32;20m[2026-06-03 07:08:59,629] LMCache INFO:[0m Registered KV cache for GPU ID 1065844 with 61 layers [3m(gpu_transfer.py:279:lmcache.v1.multiprocess.modules.gpu_transfer)[0m
[32;20m[2026-06-03 07:09:00,133] LMCache INFO:[0m Initialized cuda stream on device cuda:0 [3m(gpu_context.py:169:lmcache.v1.multiprocess.gpu_context)[0m
[32;20m[2026-06-03 07:09:35,491] LMCache INFO:[0m Stored 8192 tokens in 0.041 seconds [3m(gpu_transfer.py:513:lmcache.v1.multiprocess.modules.gpu_transfer)[0m
[32;20m[2026-06-03 07:09:35,713] LMCache INFO:[0m Stored 8192 tokens in 0.005 seconds [3m(gpu_transfer.py:513:lmcache.v1.multiprocess.modules.gpu_transfer)[0m
[32;20m[2026-06-03 07:09:36,130] LMCache INFO:[0m Stored 8192 tokens in 0.005 seconds [3m(gpu_transfer.py:513:lmcache.v1.multiprocess.modules.gpu_transfer)[0m
[32;20m[2026-06-03 07:09:36,647] LMCache INFO:[0m Stored 8192 tokens in 0.006 seconds [3m(gpu_transfer.py:513:lmcache.v1.multiprocess.modules.gpu_transfer)[0m
[32;20m[2026-06-03 07:09:37,320] LMCache INFO:[0m Stored 8192 tokens in 0.005 seconds [3m(gpu_transfer.py:513:lmcache.v1.multiprocess.modules.gpu_transfer)[0m
[32;20m[2026-06-03 07:09:38,323] LMCache INFO:[0m Stored 2560 tokens in 0.006 seconds [3m(gpu_transfer.py:513:lmcache.v1.multiprocess.modules.gpu_transfer)[0m
[32;20m[2026-06-03 07:09:38,929] LMCache INFO:[0m Stored 5376 tokens in 0.030 seconds [3m(gpu_transfer.py:513:lmcache.v1.multiprocess.modules.gpu_transfer)[0m
[32;20m[2026-06-03 07:09:39,076] LMCache INFO:[0m Stored 8192 tokens in 0.006 seconds [3m(gpu_transfer.py:513:lmcache.v1.multiprocess.modules.gpu_transfer)[0m
[32;20m[2026-06-03 07:09:39,390] LMCache INFO:[0m Stored 8192 tokens in 0.005 seconds [3m(gpu_transfer.py:513:lmcache.v1.multiprocess.modules.gpu_transfer)[0m
[32;20m[2026-06-03 07:09:39,825] LMCache INFO:[0m Stored 8192 tokens in 0.005 seconds [3m(gpu_transfer.py:513:lmcache.v1.multiprocess.modules.gpu_transfer)[0m
[32;20m[2026-06-03 07:09:40,390] LMCache INFO:[0m Stored 8192 tokens in 0.005 seconds [3m(gpu_transfer.py:513:lmcache.v1.multiprocess.modules.gpu_transfer)[0m
[32;20m[2026-06-03 07:09:41,111] LMCache INFO:[0m Stored 8192 tokens in 0.005 seconds [3m(gpu_transfer.py:513:lmcache.v1.multiprocess.modules.gpu_transfer)[0m
[32;20m[2026-06-03 07:09:42,057] LMCache INFO:[0m Stored 5376 tokens in 0.006 seconds [3m(gpu_transfer.py:513:lmcache.v1.multiprocess.modules.gpu_transfer)[0m
[32;20m[2026-06-03 07:09:42,500] LMCache INFO:[0m Stored 2560 tokens in 0.004 seconds [3m(gpu_transfer.py:513:lmcache.v1.multiprocess.modules.gpu_transfer)[0m
[32;20m[2026-06-03 07:09:42,679] LMCache INFO:[0m Stored 8192 tokens in 0.005 seconds [3m(gpu_transfer.py:513:lmcache.v1.multiprocess.modules.gpu_transfer)[0m
[32;20m[2026-06-03 07:09:43,028] LMCache INFO:[0m Stored 8192 tokens in 0.005 seconds [3m(gpu_transfer.py:513:lmcache.v1.multiprocess.modules.gpu_transfer)[0m
[32;20m[2026-06-03 07:09:43,507] LMCache INFO:[0m Stored 8192 tokens in 0.005 seconds [3m(gpu_transfer.py:513:lmcache.v1.multiprocess.modules.gpu_transfer)[0m
[32;20m[2026-06-03 07:09:44,133] LMCache INFO:[0m Stored 8192 tokens in 0.005 seconds [3m(gpu_transfer.py:513:lmcache.v1.multiprocess.modules.gpu_transfer)[0m
[32;20m[2026-06-03 07:09:44,962] LMCache INFO:[0m Stored 2048 tokens in 0.005 seconds [3m(gpu_transfer.py:513:lmcache.v1.multiprocess.modules.gpu_transfer)[0m
[32;20m[2026-06-03 07:09:45,629] LMCache INFO:[0m Stored 5888 tokens in 0.004 seconds [3m(gpu_transfer.py:513:lmcache.v1.multiprocess.modules.gpu_transfer)[0m
[32;20m[2026-06-03 07:09:45,804] LMCache INFO:[0m Stored 8192 tokens in 0.007 seconds [3m(gpu_transfer.py:513:lmcache.v1.multiprocess.modules.gpu_transfer)[0m
[32;20m[2026-06-03 07:09:46,109] LMCache INFO:[0m Stored 8192 tokens in 0.006 seconds [3m(gpu_transfer.py:513:lmcache.v1.multiprocess.modules.gpu_transfer)[0m
[32;20m[2026-06-03 07:09:46,536] LMCache INFO:[0m Stored 8192 tokens in 0.005 seconds [3m(gpu_transfer.py:513:lmcache.v1.multiprocess.modules.gpu_transfer)[0m
[32;20m[2026-06-03 07:09:47,091] LMCache INFO:[0m Stored 8192 tokens in 0.006 seconds [3m(gpu_transfer.py:513:lmcache.v1.multiprocess.modules.gpu_transfer)[0m
[32;20m[2026-06-03 07:09:47,804] LMCache INFO:[0m Stored 8192 tokens in 0.005 seconds [3m(gpu_transfer.py:513:lmcache.v1.multiprocess.modules.gpu_transfer)[0m
[32;20m[2026-06-03 07:09:48,668] LMCache INFO:[0m Stored 8192 tokens in 0.006 seconds [3m(gpu_transfer.py:513:lmcache.v1.multiprocess.modules.gpu_transfer)[0m
[32;20m[2026-06-03 07:09:49,682] LMCache INFO:[0m Stored 8192 tokens in 0.006 seconds [3m(gpu_transfer.py:513:lmcache.v1.multiprocess.modules.gpu_transfer)[0m
[32;20m[2026-06-03 07:09:50,840] LMCache INFO:[0m Stored 8192 tokens in 0.006 seconds [3m(gpu_transfer.py:513:lmcache.v1.multiprocess.modules.gpu_transfer)[0m
[32;20m[2026-06-03 07:09:52,232] LMCache INFO:[0m Stored 2304 tokens in 0.009 seconds [3m(gpu_transfer.py:513:lmcache.v1.multiprocess.modules.gpu_transfer)[0m
[32;20m[2026-06-03 07:09:53,074] LMCache INFO:[0m Stored 256 tokens in 0.003 seconds [3m(gpu_transfer.py:513:lmcache.v1.multiprocess.modules.gpu_transfer)[0m
[32;20m[2026-06-03 07:09:53,091] LMCache INFO:[0m Stored 5888 tokens in 0.015 seconds [3m(gpu_transfer.py:513:lmcache.v1.multiprocess.modules.gpu_transfer)[0m
[32;20m[2026-06-03 07:09:53,253] LMCache INFO:[0m Stored 8192 tokens in 0.006 seconds [3m(gpu_transfer.py:513:lmcache.v1.multiprocess.modules.gpu_transfer)[0m
[32;20m[2026-06-03 07:09:53,563] LMCache INFO:[0m Stored 8192 tokens in 0.006 seconds [3m(gpu_transfer.py:513:lmcache.v1.multiprocess.modules.gpu_transfer)[0m
[32;20m[2026-06-03 07:09:53,996] LMCache INFO:[0m Stored 8192 tokens in 0.007 seconds [3m(gpu_transfer.py:513:lmcache.v1.multiprocess.modules.gpu_transfer)[0m
[32;20m[2026-06-03 07:09:54,554] LMCache INFO:[0m Stored 8192 tokens in 0.006 seconds [3m(gpu_transfer.py:513:lmcache.v1.multiprocess.modules.gpu_transfer)[0m
[32;20m[2026-06-03 07:09:55,277] LMCache INFO:[0m Stored 8192 tokens in 0.006 seconds [3m(gpu_transfer.py:513:lmcache.v1.multiprocess.modules.gpu_transfer)[0m
[32;20m[2026-06-03 07:09:56,155] LMCache INFO:[0m Stored 8192 tokens in 0.006 seconds [3m(gpu_transfer.py:513:lmcache.v1.multiprocess.modules.gpu_transfer)[0m
[32;20m[2026-06-03 07:09:57,177] LMCache INFO:[0m Stored 8192 tokens in 0.006 seconds [3m(gpu_transfer.py:513:lmcache.v1.multiprocess.modules.gpu_transfer)[0m
[32;20m[2026-06-03 07:09:58,345] LMCache INFO:[0m Stored 8192 tokens in 0.007 seconds [3m(gpu_transfer.py:513:lmcache.v1.multiprocess.modules.gpu_transfer)[0m
[32;20m[2026-06-03 07:09:59,731] LMCache INFO:[0m Stored 8192 tokens in 0.006 seconds [3m(gpu_transfer.py:513:lmcache.v1.multiprocess.modules.gpu_transfer)[0m
[32;20m[2026-06-03 07:10:01,186] LMCache INFO:[0m Stored 8192 tokens in 0.007 seconds [3m(gpu_transfer.py:513:lmcache.v1.multiprocess.modules.gpu_transfer)[0m
[32;20m[2026-06-03 07:10:02,795] LMCache INFO:[0m Stored 4096 tokens in 0.003 seconds [3m(gpu_transfer.py:513:lmcache.v1.multiprocess.modules.gpu_transfer)[0m
[32;20m[2026-06-03 07:10:03,774] LMCache INFO:[0m Stored 3840 tokens in 0.005 seconds [3m(gpu_transfer.py:513:lmcache.v1.multiprocess.modules.gpu_transfer)[0m
[32;20m[2026-06-03 07:10:03,958] LMCache INFO:[0m Stored 8192 tokens in 0.006 seconds [3m(gpu_transfer.py:513:lmcache.v1.multiprocess.modules.gpu_transfer)[0m
[32;20m[2026-06-03 07:10:04,294] LMCache INFO:[0m Stored 8192 tokens in 0.005 seconds [3m(gpu_transfer.py:513:lmcache.v1.multiprocess.modules.gpu_transfer)[0m
[32;20m[2026-06-03 07:10:04,761] LMCache INFO:[0m Stored 256 tokens in 0.003 seconds [3m(gpu_transfer.py:513:lmcache.v1.multiprocess.modules.gpu_transfer)[0m
[32;20m[2026-06-03 07:10:05,236] LMCache INFO:[0m Stored 7936 tokens in 0.005 seconds [3m(gpu_transfer.py:513:lmcache.v1.multiprocess.modules.gpu_transfer)[0m
[32;20m[2026-06-03 07:10:05,364] LMCache INFO:[0m Stored 8192 tokens in 0.006 seconds [3m(gpu_transfer.py:513:lmcache.v1.multiprocess.modules.gpu_transfer)[0m
[32;20m[2026-06-03 07:10:06,123] LMCache INFO:[0m Stored 8192 tokens in 0.005 seconds [3m(gpu_transfer.py:513:lmcache.v1.multiprocess.modules.gpu_transfer)[0m
[32;20m[2026-06-03 07:10:07,038] LMCache INFO:[0m Stored 8192 tokens in 0.006 seconds [3m(gpu_transfer.py:513:lmcache.v1.multiprocess.modules.gpu_transfer)[0m
[32;20m[2026-06-03 07:10:08,094] LMCache INFO:[0m Stored 8192 tokens in 0.006 seconds [3m(gpu_transfer.py:513:lmcache.v1.multiprocess.modules.gpu_transfer)[0m
[32;20m[2026-06-03 07:10:09,368] LMCache INFO:[0m Stored 4864 tokens in 0.004 seconds [3m(gpu_transfer.py:513:lmcache.v1.multiprocess.modules.gpu_transfer)[0m
[32;20m[2026-06-03 07:10:09,951] LMCache INFO:[0m Stored 3328 tokens in 0.004 seconds [3m(gpu_transfer.py:513:lmcache.v1.multiprocess.modules.gpu_transfer)[0m
[32;20m[2026-06-03 07:10:10,125] LMCache INFO:[0m Stored 8192 tokens in 0.006 seconds [3m(gpu_transfer.py:513:lmcache.v1.multiprocess.modules.gpu_transfer)[0m
[32;20m[2026-06-03 07:10:10,477] LMCache INFO:[0m Stored 256 tokens in 0.002 seconds [3m(gpu_transfer.py:513:lmcache.v1.multiprocess.modules.gpu_transfer)[0m
[32;20m[2026-06-03 07:10:10,833] LMCache INFO:[0m Stored 8192 tokens in 0.005 seconds [3m(gpu_transfer.py:513:lmcache.v1.multiprocess.modules.gpu_transfer)[0m
[32;20m[2026-06-03 07:10:10,954] LMCache INFO:[0m Stored 8192 tokens in 0.005 seconds [3m(gpu_transfer.py:513:lmcache.v1.multiprocess.modules.gpu_transfer)[0m
[32;20m[2026-06-03 07:10:11,578] LMCache INFO:[0m Stored 8192 tokens in 0.005 seconds [3m(gpu_transfer.py:513:lmcache.v1.multiprocess.modules.gpu_transfer)[0m
[32;20m[2026-06-03 07:10:12,358] LMCache INFO:[0m Stored 8192 tokens in 0.005 seconds [3m(gpu_transfer.py:513:lmcache.v1.multiprocess.modules.gpu_transfer)[0m
[32;20m[2026-06-03 07:10:13,371] LMCache INFO:[0m Stored 2304 tokens in 0.008 seconds [3m(gpu_transfer.py:513:lmcache.v1.multiprocess.modules.gpu_transfer)[0m
[32;20m[2026-06-03 07:10:13,705] LMCache INFO:[0m Stored 4352 tokens in 0.004 seconds [3m(gpu_transfer.py:513:lmcache.v1.multiprocess.modules.gpu_transfer)[0m
[32;20m[2026-06-03 07:10:13,724] LMCache INFO:[0m Stored 1280 tokens in 0.013 seconds [3m(gpu_transfer.py:513:lmcache.v1.multiprocess.modules.gpu_transfer)[0m
[32;20m[2026-06-03 07:10:13,882] LMCache INFO:[0m Stored 8192 tokens in 0.006 seconds [3m(gpu_transfer.py:513:lmcache.v1.multiprocess.modules.gpu_transfer)[0m
[32;20m[2026-06-03 07:10:14,226] LMCache INFO:[0m Stored 8192 tokens in 0.005 seconds [3m(gpu_transfer.py:513:lmcache.v1.multiprocess.modules.gpu_transfer)[0m
[32;20m[2026-06-03 07:10:14,706] LMCache INFO:[0m Stored 8192 tokens in 0.006 seconds [3m(gpu_transfer.py:513:lmcache.v1.multiprocess.modules.gpu_transfer)[0m
[32;20m[2026-06-03 07:10:15,312] LMCache INFO:[0m Stored 8192 tokens in 0.005 seconds [3m(gpu_transfer.py:513:lmcache.v1.multiprocess.modules.gpu_transfer)[0m
[32;20m[2026-06-03 07:10:16,074] LMCache INFO:[0m Stored 8192 tokens in 0.005 seconds [3m(gpu_transfer.py:513:lmcache.v1.multiprocess.modules.gpu_transfer)[0m
[32;20m[2026-06-03 07:10:16,995] LMCache INFO:[0m Stored 8192 tokens in 0.006 seconds [3m(gpu_transfer.py:513:lmcache.v1.multiprocess.modules.gpu_transfer)[0m
[32;20m[2026-06-03 07:10:18,054] LMCache INFO:[0m Stored 8192 tokens in 0.005 seconds [3m(gpu_transfer.py:513:lmcache.v1.multiprocess.modules.gpu_transfer)[0m
[32;20m[2026-06-03 07:10:19,332] LMCache INFO:[0m Stored 5888 tokens in 0.004 seconds [3m(gpu_transfer.py:513:lmcache.v1.multiprocess.modules.gpu_transfer)[0m
[32;20m[2026-06-03 07:10:19,934] LMCache INFO:[0m Stored 2048 tokens in 0.004 seconds [3m(gpu_transfer.py:513:lmcache.v1.multiprocess.modules.gpu_transfer)[0m
[32;20m[2026-06-03 07:10:20,371] LMCache INFO:[0m Stored 8192 tokens in 0.005 seconds [3m(gpu_transfer.py:513:lmcache.v1.multiprocess.modules.gpu_transfer)[0m
[32;20m[2026-06-03 07:10:20,739] LMCache INFO:[0m Stored 512 tokens in 0.002 seconds [3m(gpu_transfer.py:513:lmcache.v1.multiprocess.modules.gpu_transfer)[0m
[32;20m[2026-06-03 07:10:21,076] LMCache INFO:[0m Stored 7424 tokens in 0.005 seconds [3m(gpu_transfer.py:513:lmcache.v1.multiprocess.modules.gpu_transfer)[0m
[32;20m[2026-06-03 07:10:21,259] LMCache INFO:[0m Stored 8192 tokens in 0.005 seconds [3m(gpu_transfer.py:513:lmcache.v1.multiprocess.modules.gpu_transfer)[0m
[32;20m[2026-06-03 07:10:21,554] LMCache INFO:[0m Stored 8192 tokens in 0.006 seconds [3m(gpu_transfer.py:513:lmcache.v1.multiprocess.modules.gpu_transfer)[0m
[32;20m[2026-06-03 07:10:21,965] LMCache INFO:[0m Stored 8192 tokens in 0.005 seconds [3m(gpu_transfer.py:513:lmcache.v1.multiprocess.modules.gpu_transfer)[0m
[32;20m[2026-06-03 07:10:22,509] LMCache INFO:[0m Stored 8192 tokens in 0.006 seconds [3m(gpu_transfer.py:513:lmcache.v1.multiprocess.modules.gpu_transfer)[0m
[32;20m[2026-06-03 07:10:23,200] LMCache INFO:[0m Stored 8192 tokens in 0.005 seconds [3m(gpu_transfer.py:513:lmcache.v1.multiprocess.modules.gpu_transfer)[0m
[32;20m[2026-06-03 07:10:24,057] LMCache INFO:[0m Stored 8192 tokens in 0.005 seconds [3m(gpu_transfer.py:513:lmcache.v1.multiprocess.modules.gpu_transfer)[0m
[32;20m[2026-06-03 07:10:25,054] LMCache INFO:[0m Stored 256 tokens in 0.005 seconds [3m(gpu_transfer.py:513:lmcache.v1.multiprocess.modules.gpu_transfer)[0m
[32;20m[2026-06-03 07:10:26,077] LMCache INFO:[0m Stored 8192 tokens in 0.006 seconds [3m(gpu_transfer.py:513:lmcache.v1.multiprocess.modules.gpu_transfer)[0m
[32;20m[2026-06-03 07:10:26,274] LMCache INFO:[0m Stored 1536 tokens in 0.006 seconds [3m(gpu_transfer.py:513:lmcache.v1.multiprocess.modules.gpu_transfer)[0m
[32;20m[2026-06-03 07:10:27,265] LMCache INFO:[0m Stored 6400 tokens in 0.005 seconds [3m(gpu_transfer.py:513:lmcache.v1.multiprocess.modules.gpu_transfer)[0m
[32;20m[2026-06-03 07:10:27,445] LMCache INFO:[0m Stored 8192 tokens in 0.006 seconds [3m(gpu_transfer.py:513:lmcache.v1.multiprocess.modules.gpu_transfer)[0m
[32;20m[2026-06-03 07:10:27,748] LMCache INFO:[0m Stored 8192 tokens in 0.006 seconds [3m(gpu_transfer.py:513:lmcache.v1.multiprocess.modules.gpu_transfer)[0m
[32;20m[2026-06-03 07:10:28,177] LMCache INFO:[0m Stored 8192 tokens in 0.005 seconds [3m(gpu_transfer.py:513:lmcache.v1.multiprocess.modules.gpu_transfer)[0m
[32;20m[2026-06-03 07:10:28,739] LMCache INFO:[0m Stored 8192 tokens in 0.008 seconds [3m(gpu_transfer.py:513:lmcache.v1.multiprocess.modules.gpu_transfer)[0m
[32;20m[2026-06-03 07:10:29,455] LMCache INFO:[0m Stored 256 tokens in 0.005 seconds [3m(gpu_transfer.py:513:lmcache.v1.multiprocess.modules.gpu_transfer)[0m
[32;20m[2026-06-03 07:10:30,201] LMCache INFO:[0m Stored 8192 tokens in 0.006 seconds [3m(gpu_transfer.py:513:lmcache.v1.multiprocess.modules.gpu_transfer)[0m
[32;20m[2026-06-03 07:10:30,330] LMCache INFO:[0m Stored 8192 tokens in 0.005 seconds [3m(gpu_transfer.py:513:lmcache.v1.multiprocess.modules.gpu_transfer)[0m
[32;20m[2026-06-03 07:10:31,348] LMCache INFO:[0m Stored 8192 tokens in 0.006 seconds [3m(gpu_transfer.py:513:lmcache.v1.multiprocess.modules.gpu_transfer)[0m
[32;20m[2026-06-03 07:10:32,522] LMCache INFO:[0m Stored 256 tokens in 0.006 seconds [3m(gpu_transfer.py:513:lmcache.v1.multiprocess.modules.gpu_transfer)[0m
[32;20m[2026-06-03 07:10:33,710] LMCache INFO:[0m Stored 8192 tokens in 0.013 seconds [3m(gpu_transfer.py:513:lmcache.v1.multiprocess.modules.gpu_transfer)[0m
[32;20m[2026-06-03 07:10:33,893] LMCache INFO:[0m Stored 8192 tokens in 0.005 seconds [3m(gpu_transfer.py:513:lmcache.v1.multiprocess.modules.gpu_transfer)[0m
[32;20m[2026-06-03 07:10:35,350] LMCache INFO:[0m Stored 3328 tokens in 0.006 seconds [3m(gpu_transfer.py:513:lmcache.v1.multiprocess.modules.gpu_transfer)[0m
[32;20m[2026-06-03 07:10:36,307] LMCache INFO:[0m Stored 4608 tokens in 0.016 seconds [3m(gpu_transfer.py:513:lmcache.v1.multiprocess.modules.gpu_transfer)[0m
[32;20m[2026-06-03 07:10:36,465] LMCache INFO:[0m Stored 8192 tokens in 0.005 seconds [3m(gpu_transfer.py:513:lmcache.v1.multiprocess.modules.gpu_transfer)[0m
[32;20m[2026-06-03 07:10:36,795] LMCache INFO:[0m Stored 8192 tokens in 0.005 seconds [3m(gpu_transfer.py:513:lmcache.v1.multiprocess.modules.gpu_transfer)[0m
[32;20m[2026-06-03 07:10:37,249] LMCache INFO:[0m Stored 8192 tokens in 0.005 seconds [3m(gpu_transfer.py:513:lmcache.v1.multiprocess.modules.gpu_transfer)[0m
[32;20m[2026-06-03 07:10:37,842] LMCache INFO:[0m Stored 4608 tokens in 0.004 seconds [3m(gpu_transfer.py:513:lmcache.v1.multiprocess.modules.gpu_transfer)[0m
[32;20m[2026-06-03 07:10:38,195] LMCache INFO:[0m Stored 3584 tokens in 0.003 seconds [3m(gpu_transfer.py:513:lmcache.v1.multiprocess.modules.gpu_transfer)[0m
[32;20m[2026-06-03 07:10:38,487] LMCache INFO:[0m Stored 8192 tokens in 0.006 seconds [3m(gpu_transfer.py:513:lmcache.v1.multiprocess.modules.gpu_transfer)[0m
[32;20m[2026-06-03 07:10:38,836] LMCache INFO:[0m Stored 8192 tokens in 0.005 seconds [3m(gpu_transfer.py:513:lmcache.v1.multiprocess.modules.gpu_transfer)[0m
[32;20m[2026-06-03 07:10:39,314] LMCache INFO:[0m Stored 8192 tokens in 0.005 seconds [3m(gpu_transfer.py:513:lmcache.v1.multiprocess.modules.gpu_transfer)[0m
[32;20m[2026-06-03 07:10:39,929] LMCache INFO:[0m Stored 8192 tokens in 0.006 seconds [3m(gpu_transfer.py:513:lmcache.v1.multiprocess.modules.gpu_transfer)[0m
[32;20m[2026-06-03 07:10:40,702] LMCache INFO:[0m Stored 8192 tokens in 0.005 seconds [3m(gpu_transfer.py:513:lmcache.v1.multiprocess.modules.gpu_transfer)[0m
[32;20m[2026-06-03 07:10:41,627] LMCache INFO:[0m Stored 8192 tokens in 0.006 seconds [3m(gpu_transfer.py:513:lmcache.v1.multiprocess.modules.gpu_transfer)[0m
[32;20m[2026-06-03 07:10:42,700] LMCache INFO:[0m Stored 8192 tokens in 0.006 seconds [3m(gpu_transfer.py:513:lmcache.v1.multiprocess.modules.gpu_transfer)[0m
[32;20m[2026-06-03 07:10:43,928] LMCache INFO:[0m Stored 8192 tokens in 0.006 seconds [3m(gpu_transfer.py:513:lmcache.v1.multiprocess.modules.gpu_transfer)[0m
[32;20m[2026-06-03 07:10:45,387] LMCache INFO:[0m Stored 2304 tokens in 0.007 seconds [3m(gpu_transfer.py:513:lmcache.v1.multiprocess.modules.gpu_transfer)[0m
[32;20m[2026-06-03 07:10:46,273] LMCache INFO:[0m Stored 5632 tokens in 0.005 seconds [3m(gpu_transfer.py:513:lmcache.v1.multiprocess.modules.gpu_transfer)[0m
[32;20m[2026-06-03 07:10:46,444] LMCache INFO:[0m Stored 8192 tokens in 0.005 seconds [3m(gpu_transfer.py:513:lmcache.v1.multiprocess.modules.gpu_transfer)[0m
[32;20m[2026-06-03 07:10:46,762] LMCache INFO:[0m Stored 8192 tokens in 0.006 seconds [3m(gpu_transfer.py:513:lmcache.v1.multiprocess.modules.gpu_transfer)[0m
[32;20m[2026-06-03 07:10:47,203] LMCache INFO:[0m Stored 8192 tokens in 0.005 seconds [3m(gpu_transfer.py:513:lmcache.v1.multiprocess.modules.gpu_transfer)[0m
[32;20m[2026-06-03 07:10:47,786] LMCache INFO:[0m Stored 8192 tokens in 0.006 seconds [3m(gpu_transfer.py:513:lmcache.v1.multiprocess.modules.gpu_transfer)[0m
[32;20m[2026-06-03 07:10:48,519] LMCache INFO:[0m Stored 8192 tokens in 0.005 seconds [3m(gpu_transfer.py:513:lmcache.v1.multiprocess.modules.gpu_transfer)[0m
[32;20m[2026-06-03 07:10:49,506] LMCache INFO:[0m Stored 1280 tokens in 0.005 seconds [3m(gpu_transfer.py:513:lmcache.v1.multiprocess.modules.gpu_transfer)[0m
[32;20m[2026-06-03 07:10:50,204] LMCache INFO:[0m Stored 6656 tokens in 0.004 seconds [3m(gpu_transfer.py:513:lmcache.v1.multiprocess.modules.gpu_transfer)[0m
[32;20m[2026-06-03 07:10:50,383] LMCache INFO:[0m Stored 8192 tokens in 0.005 seconds [3m(gpu_transfer.py:513:lmcache.v1.multiprocess.modules.gpu_transfer)[0m
[32;20m[2026-06-03 07:10:50,692] LMCache INFO:[0m Stored 1024 tokens in 0.004 seconds [3m(gpu_transfer.py:513:lmcache.v1.multiprocess.modules.gpu_transfer)[0m
[32;20m[2026-06-03 07:10:50,964] LMCache INFO:[0m Stored 7168 tokens in 0.004 seconds [3m(gpu_transfer.py:513:lmcache.v1.multiprocess.modules.gpu_transfer)[0m
[32;20m[2026-06-03 07:10:51,142] LMCache INFO:[0m Stored 8192 tokens in 0.007 seconds [3m(gpu_transfer.py:513:lmcache.v1.multiprocess.modules.gpu_transfer)[0m
[32;20m[2026-06-03 07:10:51,441] LMCache INFO:[0m Stored 8192 tokens in 0.005 seconds [3m(gpu_transfer.py:513:lmcache.v1.multiprocess.modules.gpu_transfer)[0m
[32;20m[2026-06-03 07:10:51,871] LMCache INFO:[0m Stored 8192 tokens in 0.006 seconds [3m(gpu_transfer.py:513:lmcache.v1.multiprocess.modules.gpu_transfer)[0m
[32;20m[2026-06-03 07:10:52,416] LMCache INFO:[0m Stored 8192 tokens in 0.006 seconds [3m(gpu_transfer.py:513:lmcache.v1.multiprocess.modules.gpu_transfer)[0m
[32;20m[2026-06-03 07:10:53,129] LMCache INFO:[0m Stored 8192 tokens in 0.006 seconds [3m(gpu_transfer.py:513:lmcache.v1.multiprocess.modules.gpu_transfer)[0m
[32;20m[2026-06-03 07:10:53,994] LMCache INFO:[0m Stored 8192 tokens in 0.007 seconds [3m(gpu_transfer.py:513:lmcache.v1.multiprocess.modules.gpu_transfer)[0m
[32;20m[2026-06-03 07:10:54,996] LMCache INFO:[0m Stored 8192 tokens in 0.006 seconds [3m(gpu_transfer.py:513:lmcache.v1.multiprocess.modules.gpu_transfer)[0m
[32;20m[2026-06-03 07:10:56,164] LMCache INFO:[0m Stored 8192 tokens in 0.007 seconds [3m(gpu_transfer.py:513:lmcache.v1.multiprocess.modules.gpu_transfer)[0m
[32;20m[2026-06-03 07:10:57,532] LMCache INFO:[0m Stored 7936 tokens in 0.007 seconds [3m(gpu_transfer.py:513:lmcache.v1.multiprocess.modules.gpu_transfer)[0m
[32;20m[2026-06-03 07:10:58,975] LMCache INFO:[0m Stored 8192 tokens in 0.006 seconds [3m(gpu_transfer.py:513:lmcache.v1.multiprocess.modules.gpu_transfer)[0m
[32;20m[2026-06-03 07:11:00,572] LMCache INFO:[0m Stored 6144 tokens in 0.005 seconds [3m(gpu_transfer.py:513:lmcache.v1.multiprocess.modules.gpu_transfer)[0m
[32;20m[2026-06-03 07:11:01,121] LMCache INFO:[0m Stored 1792 tokens in 0.004 seconds [3m(gpu_transfer.py:513:lmcache.v1.multiprocess.modules.gpu_transfer)[0m
[32;20m[2026-06-03 07:11:01,300] LMCache INFO:[0m Stored 8192 tokens in 0.009 seconds [3m(gpu_transfer.py:513:lmcache.v1.multiprocess.modules.gpu_transfer)[0m
[32;20m[2026-06-03 07:11:01,675] LMCache INFO:[0m Stored 8192 tokens in 0.006 seconds [3m(gpu_transfer.py:513:lmcache.v1.multiprocess.modules.gpu_transfer)[0m
[32;20m[2026-06-03 07:11:02,178] LMCache INFO:[0m Stored 256 tokens in 0.007 seconds [3m(gpu_transfer.py:513:lmcache.v1.multiprocess.modules.gpu_transfer)[0m
[32;20m[2026-06-03 07:11:02,702] LMCache INFO:[0m Stored 8192 tokens in 0.008 seconds [3m(gpu_transfer.py:513:lmcache.v1.multiprocess.modules.gpu_transfer)[0m
[32;20m[2026-06-03 07:11:02,828] LMCache INFO:[0m Stored 8192 tokens in 0.007 seconds [3m(gpu_transfer.py:513:lmcache.v1.multiprocess.modules.gpu_transfer)[0m
[32;20m[2026-06-03 07:11:03,628] LMCache INFO:[0m Stored 8192 tokens in 0.006 seconds [3m(gpu_transfer.py:513:lmcache.v1.multiprocess.modules.gpu_transfer)[0m
[32;20m[2026-06-03 07:11:04,586] LMCache INFO:[0m Stored 8192 tokens in 0.007 seconds [3m(gpu_transfer.py:513:lmcache.v1.multiprocess.modules.gpu_transfer)[0m
[32;20m[2026-06-03 07:11:05,699] LMCache INFO:[0m Stored 8192 tokens in 0.006 seconds [3m(gpu_transfer.py:513:lmcache.v1.multiprocess.modules.gpu_transfer)[0m
[32;20m[2026-06-03 07:11:06,947] LMCache INFO:[0m Stored 8192 tokens in 0.006 seconds [3m(gpu_transfer.py:513:lmcache.v1.multiprocess.modules.gpu_transfer)[0m
[32;20m[2026-06-03 07:11:08,348] LMCache INFO:[0m Stored 8192 tokens in 0.008 seconds [3m(gpu_transfer.py:513:lmcache.v1.multiprocess.modules.gpu_transfer)[0m
[32;20m[2026-06-03 07:11:09,886] LMCache INFO:[0m Stored 8192 tokens in 0.007 seconds [3m(gpu_transfer.py:513:lmcache.v1.multiprocess.modules.gpu_transfer)[0m
[32;20m[2026-06-03 07:11:11,552] LMCache INFO:[0m Stored 8192 tokens in 0.008 seconds [3m(gpu_transfer.py:513:lmcache.v1.multiprocess.modules.gpu_transfer)[0m
[32;20m[2026-06-03 07:11:13,361] LMCache INFO:[0m Stored 8192 tokens in 0.006 seconds [3m(gpu_transfer.py:513:lmcache.v1.multiprocess.modules.gpu_transfer)[0m
[32;20m[2026-06-03 07:11:15,331] LMCache INFO:[0m Stored 8192 tokens in 0.006 seconds [3m(gpu_transfer.py:513:lmcache.v1.multiprocess.modules.gpu_transfer)[0m
[32;20m[2026-06-03 07:11:17,476] LMCache INFO:[0m Stored 3840 tokens in 0.004 seconds [3m(gpu_transfer.py:513:lmcache.v1.multiprocess.modules.gpu_transfer)[0m
[32;20m[2026-06-03 07:11:18,858] LMCache INFO:[0m Stored 4096 tokens in 0.018 seconds [3m(gpu_transfer.py:513:lmcache.v1.multiprocess.modules.gpu_transfer)[0m
[32;20m[2026-06-03 07:11:18,968] LMCache INFO:[0m Stored 256 tokens in 0.007 seconds [3m(gpu_transfer.py:513:lmcache.v1.multiprocess.modules.gpu_transfer)[0m
[32;20m[2026-06-03 07:11:19,189] LMCache INFO:[0m Stored 8192 tokens in 0.006 seconds [3m(gpu_transfer.py:513:lmcache.v1.multiprocess.modules.gpu_transfer)[0m
[32;20m[2026-06-03 07:11:19,312] LMCache INFO:[0m Stored 8192 tokens in 0.007 seconds [3m(gpu_transfer.py:513:lmcache.v1.multiprocess.modules.gpu_transfer)[0m
[32;20m[2026-06-03 07:11:19,781] LMCache INFO:[0m Stored 8192 tokens in 0.006 seconds [3m(gpu_transfer.py:513:lmcache.v1.multiprocess.modules.gpu_transfer)[0m
[32;20m[2026-06-03 07:11:20,383] LMCache INFO:[0m Stored 8192 tokens in 0.006 seconds [3m(gpu_transfer.py:513:lmcache.v1.multiprocess.modules.gpu_transfer)[0m
[32;20m[2026-06-03 07:11:21,150] LMCache INFO:[0m Stored 8192 tokens in 0.007 seconds [3m(gpu_transfer.py:513:lmcache.v1.multiprocess.modules.gpu_transfer)[0m
[32;20m[2026-06-03 07:11:22,065] LMCache INFO:[0m Stored 8192 tokens in 0.006 seconds [3m(gpu_transfer.py:513:lmcache.v1.multiprocess.modules.gpu_transfer)[0m
[32;20m[2026-06-03 07:11:23,128] LMCache INFO:[0m Stored 8192 tokens in 0.007 seconds [3m(gpu_transfer.py:513:lmcache.v1.multiprocess.modules.gpu_transfer)[0m
[32;20m[2026-06-03 07:11:24,339] LMCache INFO:[0m Stored 7936 tokens in 0.006 seconds [3m(gpu_transfer.py:513:lmcache.v1.multiprocess.modules.gpu_transfer)[0m
[32;20m[2026-06-03 07:11:25,762] LMCache INFO:[0m Stored 8192 tokens in 0.006 seconds [3m(gpu_transfer.py:513:lmcache.v1.multiprocess.modules.gpu_transfer)[0m
[32;20m[2026-06-03 07:11:27,238] LMCache INFO:[0m Stored 8192 tokens in 0.006 seconds [3m(gpu_transfer.py:513:lmcache.v1.multiprocess.modules.gpu_transfer)[0m
[32;20m[2026-06-03 07:11:28,863] LMCache INFO:[0m Stored 8192 tokens in 0.006 seconds [3m(gpu_transfer.py:513:lmcache.v1.multiprocess.modules.gpu_transfer)[0m
[32;20m[2026-06-03 07:11:30,630] LMCache INFO:[0m Stored 5632 tokens in 0.009 seconds [3m(gpu_transfer.py:513:lmcache.v1.multiprocess.modules.gpu_transfer)[0m
[32;20m[2026-06-03 07:11:31,470] LMCache INFO:[0m Stored 2560 tokens in 0.004 seconds [3m(gpu_transfer.py:513:lmcache.v1.multiprocess.modules.gpu_transfer)[0m
[32;20m[2026-06-03 07:11:31,653] LMCache INFO:[0m Stored 7936 tokens in 0.005 seconds [3m(gpu_transfer.py:513:lmcache.v1.multiprocess.modules.gpu_transfer)[0m
[32;20m[2026-06-03 07:11:32,020] LMCache INFO:[0m Stored 8192 tokens in 0.006 seconds [3m(gpu_transfer.py:513:lmcache.v1.multiprocess.modules.gpu_transfer)[0m
[32;20m[2026-06-03 07:11:32,510] LMCache INFO:[0m Stored 8192 tokens in 0.005 seconds [3m(gpu_transfer.py:513:lmcache.v1.multiprocess.modules.gpu_transfer)[0m
[32;20m[2026-06-03 07:11:33,145] LMCache INFO:[0m Stored 8192 tokens in 0.005 seconds [3m(gpu_transfer.py:513:lmcache.v1.multiprocess.modules.gpu_transfer)[0m
[32;20m[2026-06-03 07:11:33,933] LMCache INFO:[0m Stored 8192 tokens in 0.006 seconds [3m(gpu_transfer.py:513:lmcache.v1.multiprocess.modules.gpu_transfer)[0m
[32;20m[2026-06-03 07:11:34,878] LMCache INFO:[0m Stored 8192 tokens in 0.006 seconds [3m(gpu_transfer.py:513:lmcache.v1.multiprocess.modules.gpu_transfer)[0m
[32;20m[2026-06-03 07:11:36,061] LMCache INFO:[0m Stored 2304 tokens in 0.008 seconds [3m(gpu_transfer.py:513:lmcache.v1.multiprocess.modules.gpu_transfer)[0m
[32;20m[2026-06-03 07:11:36,775] LMCache INFO:[0m Stored 5632 tokens in 0.007 seconds [3m(gpu_transfer.py:513:lmcache.v1.multiprocess.modules.gpu_transfer)[0m
[32;20m[2026-06-03 07:11:36,961] LMCache INFO:[0m Stored 8192 tokens in 0.008 seconds [3m(gpu_transfer.py:513:lmcache.v1.multiprocess.modules.gpu_transfer)[0m
[32;20m[2026-06-03 07:11:37,291] LMCache INFO:[0m Stored 8192 tokens in 0.010 seconds [3m(gpu_transfer.py:513:lmcache.v1.multiprocess.modules.gpu_transfer)[0m
[32;20m[2026-06-03 07:11:37,739] LMCache INFO:[0m Stored 8192 tokens in 0.008 seconds [3m(gpu_transfer.py:513:lmcache.v1.multiprocess.modules.gpu_transfer)[0m
[32;20m[2026-06-03 07:11:38,317] LMCache INFO:[0m Stored 8192 tokens in 0.008 seconds [3m(gpu_transfer.py:513:lmcache.v1.multiprocess.modules.gpu_transfer)[0m
[32;20m[2026-06-03 07:11:39,044] LMCache INFO:[0m Stored 8192 tokens in 0.010 seconds [3m(gpu_transfer.py:513:lmcache.v1.multiprocess.modules.gpu_transfer)[0m
[32;20m[2026-06-03 07:11:39,923] LMCache INFO:[0m Stored 8192 tokens in 0.008 seconds [3m(gpu_transfer.py:513:lmcache.v1.multiprocess.modules.gpu_transfer)[0m
[32;20m[2026-06-03 07:11:40,955] LMCache INFO:[0m Stored 8192 tokens in 0.010 seconds [3m(gpu_transfer.py:513:lmcache.v1.multiprocess.modules.gpu_transfer)[0m
[32;20m[2026-06-03 07:11:42,132] LMCache INFO:[0m Stored 8192 tokens in 0.008 seconds [3m(gpu_transfer.py:513:lmcache.v1.multiprocess.modules.gpu_transfer)[0m
[32;20m[2026-06-03 07:11:43,529] LMCache INFO:[0m Stored 7936 tokens in 0.008 seconds [3m(gpu_transfer.py:513:lmcache.v1.multiprocess.modules.gpu_transfer)[0m
[32;20m[2026-06-03 07:11:44,993] LMCache INFO:[0m Stored 8192 tokens in 0.008 seconds [3m(gpu_transfer.py:513:lmcache.v1.multiprocess.modules.gpu_transfer)[0m
[32;20m[2026-06-03 07:11:46,597] LMCache INFO:[0m Stored 8192 tokens in 0.008 seconds [3m(gpu_transfer.py:513:lmcache.v1.multiprocess.modules.gpu_transfer)[0m
[32;20m[2026-06-03 07:11:48,332] LMCache INFO:[0m Stored 8192 tokens in 0.011 seconds [3m(gpu_transfer.py:513:lmcache.v1.multiprocess.modules.gpu_transfer)[0m
[32;20m[2026-06-03 07:11:50,230] LMCache INFO:[0m Stored 8192 tokens in 0.008 seconds [3m(gpu_transfer.py:513:lmcache.v1.multiprocess.modules.gpu_transfer)[0m
[32;20m[2026-06-03 07:11:52,280] LMCache INFO:[0m Stored 8192 tokens in 0.010 seconds [3m(gpu_transfer.py:513:lmcache.v1.multiprocess.modules.gpu_transfer)[0m
[32;20m[2026-06-03 07:11:54,472] LMCache INFO:[0m Stored 256 tokens in 0.010 seconds [3m(gpu_transfer.py:513:lmcache.v1.multiprocess.modules.gpu_transfer)[0m
[32;20m[2026-06-03 07:11:56,681] LMCache INFO:[0m Stored 8192 tokens in 0.008 seconds [3m(gpu_transfer.py:513:lmcache.v1.multiprocess.modules.gpu_transfer)[0m
[32;20m[2026-06-03 07:11:56,826] LMCache INFO:[0m Stored 8192 tokens in 0.008 seconds [3m(gpu_transfer.py:513:lmcache.v1.multiprocess.modules.gpu_transfer)[0m
[32;20m[2026-06-03 07:11:59,326] LMCache INFO:[0m Stored 8192 tokens in 0.010 seconds [3m(gpu_transfer.py:513:lmcache.v1.multiprocess.modules.gpu_transfer)[0m
[32;20m[2026-06-03 07:12:01,959] LMCache INFO:[0m Stored 8192 tokens in 0.008 seconds [3m(gpu_transfer.py:513:lmcache.v1.multiprocess.modules.gpu_transfer)[0m
[32;20m[2026-06-03 07:12:04,704] LMCache INFO:[0m Stored 8192 tokens in 0.010 seconds [3m(gpu_transfer.py:513:lmcache.v1.multiprocess.modules.gpu_transfer)[0m
[32;20m[2026-06-03 07:12:07,581] LMCache INFO:[0m Stored 8192 tokens in 0.008 seconds [3m(gpu_transfer.py:513:lmcache.v1.multiprocess.modules.gpu_transfer)[0m
[32;20m[2026-06-03 07:12:10,635] LMCache INFO:[0m Stored 256 tokens in 0.010 seconds [3m(gpu_transfer.py:513:lmcache.v1.multiprocess.modules.gpu_transfer)[0m
[32;20m[2026-06-03 07:12:13,689] LMCache INFO:[0m Stored 8192 tokens in 0.008 seconds [3m(gpu_transfer.py:513:lmcache.v1.multiprocess.modules.gpu_transfer)[0m
[32;20m[2026-06-03 07:12:13,849] LMCache INFO:[0m Stored 7936 tokens in 0.010 seconds [3m(gpu_transfer.py:513:lmcache.v1.multiprocess.modules.gpu_transfer)[0m
[32;20m[2026-06-03 07:12:17,209] LMCache INFO:[0m Stored 8192 tokens in 0.008 seconds [3m(gpu_transfer.py:513:lmcache.v1.multiprocess.modules.gpu_transfer)[0m
[32;20m[2026-06-03 07:12:20,716] LMCache INFO:[0m Stored 8192 tokens in 0.010 seconds [3m(gpu_transfer.py:513:lmcache.v1.multiprocess.modules.gpu_transfer)[0m
[32;20m[2026-06-03 07:12:24,382] LMCache INFO:[0m Stored 8192 tokens in 0.010 seconds [3m(gpu_transfer.py:513:lmcache.v1.multiprocess.modules.gpu_transfer)[0m
[32;20m[2026-06-03 07:12:28,233] LMCache INFO:[0m Stored 7168 tokens in 0.013 seconds [3m(gpu_transfer.py:513:lmcache.v1.multiprocess.modules.gpu_transfer)[0m
[32;20m[2026-06-03 07:12:29,354] LMCache INFO:[0m Stored 768 tokens in 0.006 seconds [3m(gpu_transfer.py:513:lmcache.v1.multiprocess.modules.gpu_transfer)[0m
[32;20m[2026-06-03 07:12:29,526] LMCache INFO:[0m Stored 8192 tokens in 0.007 seconds [3m(gpu_transfer.py:513:lmcache.v1.multiprocess.modules.gpu_transfer)[0m
[32;20m[2026-06-03 07:12:29,915] LMCache INFO:[0m Stored 8192 tokens in 0.006 seconds [3m(gpu_transfer.py:513:lmcache.v1.multiprocess.modules.gpu_transfer)[0m
[32;20m[2026-06-03 07:12:30,439] LMCache INFO:[0m Stored 8192 tokens in 0.006 seconds [3m(gpu_transfer.py:513:lmcache.v1.multiprocess.modules.gpu_transfer)[0m
[32;20m[2026-06-03 07:12:31,101] LMCache INFO:[0m Stored 8192 tokens in 0.006 seconds [3m(gpu_transfer.py:513:lmcache.v1.multiprocess.modules.gpu_transfer)[0m
[32;20m[2026-06-03 07:12:31,931] LMCache INFO:[0m Stored 8192 tokens in 0.006 seconds [3m(gpu_transfer.py:513:lmcache.v1.multiprocess.modules.gpu_transfer)[0m
[32;20m[2026-06-03 07:12:32,909] LMCache INFO:[0m Stored 8192 tokens in 0.006 seconds [3m(gpu_transfer.py:513:lmcache.v1.multiprocess.modules.gpu_transfer)[0m
[32;20m[2026-06-03 07:12:34,025] LMCache INFO:[0m Stored 8192 tokens in 0.006 seconds [3m(gpu_transfer.py:513:lmcache.v1.multiprocess.modules.gpu_transfer)[0m
[32;20m[2026-06-03 07:12:35,292] LMCache INFO:[0m Stored 8192 tokens in 0.007 seconds [3m(gpu_transfer.py:513:lmcache.v1.multiprocess.modules.gpu_transfer)[0m
[32;20m[2026-06-03 07:12:36,765] LMCache INFO:[0m Stored 8192 tokens in 0.006 seconds [3m(gpu_transfer.py:513:lmcache.v1.multiprocess.modules.gpu_transfer)[0m
[32;20m[2026-06-03 07:12:38,323] LMCache INFO:[0m Stored 1280 tokens in 0.007 seconds [3m(gpu_transfer.py:513:lmcache.v1.multiprocess.modules.gpu_transfer)[0m
[32;20m[2026-06-03 07:12:39,602] LMCache INFO:[0m Stored 6656 tokens in 0.005 seconds [3m(gpu_transfer.py:513:lmcache.v1.multiprocess.modules.gpu_transfer)[0m
[32;20m[2026-06-03 07:12:39,736] LMCache INFO:[0m Stored 8192 tokens in 0.008 seconds [3m(gpu_transfer.py:513:lmcache.v1.multiprocess.modules.gpu_transfer)[0m
[32;20m[2026-06-03 07:12:40,048] LMCache INFO:[0m Stored 8192 tokens in 0.006 seconds [3m(gpu_transfer.py:513:lmcache.v1.multiprocess.modules.gpu_transfer)[0m
[32;20m[2026-06-03 07:12:40,476] LMCache INFO:[0m Stored 256 tokens in 0.003 seconds [3m(gpu_transfer.py:513:lmcache.v1.multiprocess.modules.gpu_transfer)[0m
[32;20m[2026-06-03 07:12:40,910] LMCache INFO:[0m Stored 8192 tokens in 0.006 seconds [3m(gpu_transfer.py:513:lmcache.v1.multiprocess.modules.gpu_transfer)[0m
[32;20m[2026-06-03 07:12:41,043] LMCache INFO:[0m Stored 8192 tokens in 0.007 seconds [3m(gpu_transfer.py:513:lmcache.v1.multiprocess.modules.gpu_transfer)[0m
[32;20m[2026-06-03 07:12:41,756] LMCache INFO:[0m Stored 8192 tokens in 0.006 seconds [3m(gpu_transfer.py:513:lmcache.v1.multiprocess.modules.gpu_transfer)[0m
[32;20m[2026-06-03 07:12:42,632] LMCache INFO:[0m Stored 8192 tokens in 0.007 seconds [3m(gpu_transfer.py:513:lmcache.v1.multiprocess.modules.gpu_transfer)[0m
[32;20m[2026-06-03 07:12:43,650] LMCache INFO:[0m Stored 8192 tokens in 0.006 seconds [3m(gpu_transfer.py:513:lmcache.v1.multiprocess.modules.gpu_transfer)[0m
[32;20m[2026-06-03 07:12:44,823] LMCache INFO:[0m Stored 8192 tokens in 0.006 seconds [3m(gpu_transfer.py:513:lmcache.v1.multiprocess.modules.gpu_transfer)[0m
[32;20m[2026-06-03 07:12:46,159] LMCache INFO:[0m Stored 7936 tokens in 0.006 seconds [3m(gpu_transfer.py:513:lmcache.v1.multiprocess.modules.gpu_transfer)[0m
[32;20m[2026-06-03 07:12:47,624] LMCache INFO:[0m Stored 8192 tokens in 0.006 seconds [3m(gpu_transfer.py:513:lmcache.v1.multiprocess.modules.gpu_transfer)[0m
[32;20m[2026-06-03 07:12:49,218] LMCache INFO:[0m Stored 8192 tokens in 0.008 seconds [3m(gpu_transfer.py:513:lmcache.v1.multiprocess.modules.gpu_transfer)[0m
[32;20m[2026-06-03 07:12:50,934] LMCache INFO:[0m Stored 8192 tokens in 0.006 seconds [3m(gpu_transfer.py:513:lmcache.v1.multiprocess.modules.gpu_transfer)[0m
[32;20m[2026-06-03 07:12:52,815] LMCache INFO:[0m Stored 8192 tokens in 0.006 seconds [3m(gpu_transfer.py:513:lmcache.v1.multiprocess.modules.gpu_transfer)[0m
[32;20m[2026-06-03 07:12:54,879] LMCache INFO:[0m Stored 3840 tokens in 0.009 seconds [3m(gpu_transfer.py:513:lmcache.v1.multiprocess.modules.gpu_transfer)[0m
[32;20m[2026-06-03 07:12:56,107] LMCache INFO:[0m Stored 4096 tokens in 0.005 seconds [3m(gpu_transfer.py:513:lmcache.v1.multiprocess.modules.gpu_transfer)[0m
[32;20m[2026-06-03 07:12:56,298] LMCache INFO:[0m Stored 8192 tokens in 0.005 seconds [3m(gpu_transfer.py:513:lmcache.v1.multiprocess.modules.gpu_transfer)[0m
[32;20m[2026-06-03 07:12:56,651] LMCache INFO:[0m Stored 8192 tokens in 0.007 seconds [3m(gpu_transfer.py:513:lmcache.v1.multiprocess.modules.gpu_transfer)[0m
[32;20m[2026-06-03 07:12:57,126] LMCache INFO:[0m Stored 8192 tokens in 0.006 seconds [3m(gpu_transfer.py:513:lmcache.v1.multiprocess.modules.gpu_transfer)[0m
[32;20m[2026-06-03 07:12:57,737] LMCache INFO:[0m Stored 8192 tokens in 0.007 seconds [3m(gpu_transfer.py:513:lmcache.v1.multiprocess.modules.gpu_transfer)[0m
[32;20m[2026-06-03 07:12:58,508] LMCache INFO:[0m Stored 8192 tokens in 0.006 seconds [3m(gpu_transfer.py:513:lmcache.v1.multiprocess.modules.gpu_transfer)[0m
[32;20m[2026-06-03 07:12:59,427] LMCache INFO:[0m Stored 8192 tokens in 0.005 seconds [3m(gpu_transfer.py:513:lmcache.v1.multiprocess.modules.gpu_transfer)[0m
[32;20m[2026-06-03 07:13:00,500] LMCache INFO:[0m Stored 8192 tokens in 0.007 seconds [3m(gpu_transfer.py:513:lmcache.v1.multiprocess.modules.gpu_transfer)[0m
[32;20m[2026-06-03 07:13:01,719] LMCache INFO:[0m Stored 8192 tokens in 0.006 seconds [3m(gpu_transfer.py:513:lmcache.v1.multiprocess.modules.gpu_transfer)[0m
[32;20m[2026-06-03 07:13:03,098] LMCache INFO:[0m Stored 8192 tokens in 0.007 seconds [3m(gpu_transfer.py:513:lmcache.v1.multiprocess.modules.gpu_transfer)[0m
[32;20m[2026-06-03 07:13:04,593] LMCache INFO:[0m Stored 8192 tokens in 0.006 seconds [3m(gpu_transfer.py:513:lmcache.v1.multiprocess.modules.gpu_transfer)[0m
[32;20m[2026-06-03 07:13:06,226] LMCache INFO:[0m Stored 8192 tokens in 0.006 seconds [3m(gpu_transfer.py:513:lmcache.v1.multiprocess.modules.gpu_transfer)[0m
[32;20m[2026-06-03 07:13:08,010] LMCache INFO:[0m Stored 6912 tokens in 0.012 seconds [3m(gpu_transfer.py:513:lmcache.v1.multiprocess.modules.gpu_transfer)[0m
[32;20m[2026-06-03 07:13:08,602] LMCache INFO:[0m Stored 1024 tokens in 0.004 seconds [3m(gpu_transfer.py:513:lmcache.v1.multiprocess.modules.gpu_transfer)[0m
[32;20m[2026-06-03 07:13:08,732] LMCache INFO:[0m Stored 8192 tokens in 0.009 seconds [3m(gpu_transfer.py:513:lmcache.v1.multiprocess.modules.gpu_transfer)[0m
[32;20m[2026-06-03 07:13:09,123] LMCache INFO:[0m Stored 8192 tokens in 0.006 seconds [3m(gpu_transfer.py:513:lmcache.v1.multiprocess.modules.gpu_transfer)[0m
[32;20m[2026-06-03 07:13:09,642] LMCache INFO:[0m Stored 7936 tokens in 0.009 seconds [3m(gpu_transfer.py:513:lmcache.v1.multiprocess.modules.gpu_transfer)[0m
[32;20m[2026-06-03 07:13:10,308] LMCache INFO:[0m Stored 8192 tokens in 0.007 seconds [3m(gpu_transfer.py:513:lmcache.v1.multiprocess.modules.gpu_transfer)[0m
[32;20m[2026-06-03 07:13:11,128] LMCache INFO:[0m Stored 8192 tokens in 0.009 seconds [3m(gpu_transfer.py:513:lmcache.v1.multiprocess.modules.gpu_transfer)[0m
[32;20m[2026-06-03 07:13:12,093] LMCache INFO:[0m Stored 8192 tokens in 0.007 seconds [3m(gpu_transfer.py:513:lmcache.v1.multiprocess.modules.gpu_transfer)[0m
[32;20m[2026-06-03 07:13:13,212] LMCache INFO:[0m Stored 8192 tokens in 0.007 seconds [3m(gpu_transfer.py:513:lmcache.v1.multiprocess.modules.gpu_transfer)[0m
[32;20m[2026-06-03 07:13:14,486] LMCache INFO:[0m Stored 256 tokens in 0.012 seconds [3m(gpu_transfer.py:513:lmcache.v1.multiprocess.modules.gpu_transfer)[0m
[32;20m[2026-06-03 07:13:15,757] LMCache INFO:[0m Stored 8192 tokens in 0.010 seconds [3m(gpu_transfer.py:513:lmcache.v1.multiprocess.modules.gpu_transfer)[0m
[32;20m[2026-06-03 07:13:15,950] LMCache INFO:[0m Stored 8192 tokens in 0.007 seconds [3m(gpu_transfer.py:513:lmcache.v1.multiprocess.modules.gpu_transfer)[0m
[32;20m[2026-06-03 07:13:17,491] LMCache INFO:[0m Stored 8192 tokens in 0.009 seconds [3m(gpu_transfer.py:513:lmcache.v1.multiprocess.modules.gpu_transfer)[0m
[32;20m[2026-06-03 07:13:19,167] LMCache INFO:[0m Stored 8192 tokens in 0.007 seconds [3m(gpu_transfer.py:513:lmcache.v1.multiprocess.modules.gpu_transfer)[0m
[32;20m[2026-06-03 07:13:20,991] LMCache INFO:[0m Stored 8192 tokens in 0.007 seconds [3m(gpu_transfer.py:513:lmcache.v1.multiprocess.modules.gpu_transfer)[0m
[32;20m[2026-06-03 07:13:22,974] LMCache INFO:[0m Stored 256 tokens in 0.009 seconds [3m(gpu_transfer.py:513:lmcache.v1.multiprocess.modules.gpu_transfer)[0m
[32;20m[2026-06-03 07:13:24,966] LMCache INFO:[0m Stored 8192 tokens in 0.009 seconds [3m(gpu_transfer.py:513:lmcache.v1.multiprocess.modules.gpu_transfer)[0m
[32;20m[2026-06-03 07:13:25,107] LMCache INFO:[0m Stored 8192 tokens in 0.006 seconds [3m(gpu_transfer.py:513:lmcache.v1.multiprocess.modules.gpu_transfer)[0m
[32;20m[2026-06-03 07:13:27,382] LMCache INFO:[0m Stored 8192 tokens in 0.008 seconds [3m(gpu_transfer.py:513:lmcache.v1.multiprocess.modules.gpu_transfer)[0m
[32;20m[2026-06-03 07:13:29,798] LMCache INFO:[0m Stored 7936 tokens in 0.006 seconds [3m(gpu_transfer.py:513:lmcache.v1.multiprocess.modules.gpu_transfer)[0m
[32;20m[2026-06-03 07:13:32,389] LMCache INFO:[0m Stored 8192 tokens in 0.007 seconds [3m(gpu_transfer.py:513:lmcache.v1.multiprocess.modules.gpu_transfer)[0m
[32;20m[2026-06-03 07:13:35,134] LMCache INFO:[0m Stored 5376 tokens in 0.015 seconds [3m(gpu_transfer.py:513:lmcache.v1.multiprocess.modules.gpu_transfer)[0m
[32;20m[2026-06-03 07:13:36,336] LMCache INFO:[0m Stored 2816 tokens in 0.006 seconds [3m(gpu_transfer.py:513:lmcache.v1.multiprocess.modules.gpu_transfer)[0m
[32;20m[2026-06-03 07:13:36,475] LMCache INFO:[0m Stored 7936 tokens in 0.009 seconds [3m(gpu_transfer.py:513:lmcache.v1.multiprocess.modules.gpu_transfer)[0m
[32;20m[2026-06-03 07:13:36,843] LMCache INFO:[0m Stored 8192 tokens in 0.009 seconds [3m(gpu_transfer.py:513:lmcache.v1.multiprocess.modules.gpu_transfer)[0m
[32;20m[2026-06-03 07:13:37,332] LMCache INFO:[0m Stored 8192 tokens in 0.007 seconds [3m(gpu_transfer.py:513:lmcache.v1.multiprocess.modules.gpu_transfer)[0m
[32;20m[2026-06-03 07:13:37,971] LMCache INFO:[0m Stored 8192 tokens in 0.009 seconds [3m(gpu_transfer.py:513:lmcache.v1.multiprocess.modules.gpu_transfer)[0m
[32;20m[2026-06-03 07:13:38,759] LMCache INFO:[0m Stored 8192 tokens in 0.007 seconds [3m(gpu_transfer.py:513:lmcache.v1.multiprocess.modules.gpu_transfer)[0m
[32;20m[2026-06-03 07:13:39,699] LMCache INFO:[0m Stored 256 tokens in 0.009 seconds [3m(gpu_transfer.py:513:lmcache.v1.multiprocess.modules.gpu_transfer)[0m
[32;20m[2026-06-03 07:13:40,662] LMCache INFO:[0m Stored 8192 tokens in 0.008 seconds [3m(gpu_transfer.py:513:lmcache.v1.multiprocess.modules.gpu_transfer)[0m
[32;20m[2026-06-03 07:13:40,803] LMCache INFO:[0m Stored 8192 tokens in 0.009 seconds [3m(gpu_transfer.py:513:lmcache.v1.multiprocess.modules.gpu_transfer)[0m
[32;20m[2026-06-03 07:13:42,049] LMCache INFO:[0m Stored 8192 tokens in 0.007 seconds [3m(gpu_transfer.py:513:lmcache.v1.multiprocess.modules.gpu_transfer)[0m
[32;20m[2026-06-03 07:13:43,447] LMCache INFO:[0m Stored 8192 tokens in 0.007 seconds [3m(gpu_transfer.py:513:lmcache.v1.multiprocess.modules.gpu_transfer)[0m
[32;20m[2026-06-03 07:13:44,970] LMCache INFO:[0m Stored 8192 tokens in 0.010 seconds [3m(gpu_transfer.py:513:lmcache.v1.multiprocess.modules.gpu_transfer)[0m
[32;20m[2026-06-03 07:13:46,619] LMCache INFO:[0m Stored 8192 tokens in 0.008 seconds [3m(gpu_transfer.py:513:lmcache.v1.multiprocess.modules.gpu_transfer)[0m
[32;20m[2026-06-03 07:13:48,418] LMCache INFO:[0m Stored 8192 tokens in 0.009 seconds [3m(gpu_transfer.py:513:lmcache.v1.multiprocess.modules.gpu_transfer)[0m
[32;20m[2026-06-03 07:13:50,368] LMCache INFO:[0m Stored 7936 tokens in 0.010 seconds [3m(gpu_transfer.py:513:lmcache.v1.multiprocess.modules.gpu_transfer)[0m
[32;20m[2026-06-03 07:13:52,471] LMCache INFO:[0m Stored 8192 tokens in 0.008 seconds [3m(gpu_transfer.py:513:lmcache.v1.multiprocess.modules.gpu_transfer)[0m
[32;20m[2026-06-03 07:13:54,727] LMCache INFO:[0m Stored 8192 tokens in 0.009 seconds [3m(gpu_transfer.py:513:lmcache.v1.multiprocess.modules.gpu_transfer)[0m
[32;20m[2026-06-03 07:13:57,130] LMCache INFO:[0m Stored 8192 tokens in 0.008 seconds [3m(gpu_transfer.py:513:lmcache.v1.multiprocess.modules.gpu_transfer)[0m
[32;20m[2026-06-03 07:13:59,853] LMCache INFO:[0m Stored 8192 tokens in 0.009 seconds [3m(gpu_transfer.py:513:lmcache.v1.multiprocess.modules.gpu_transfer)[0m
[32;20m[2026-06-03 07:14:02,327] LMCache INFO:[0m Stored 8192 tokens in 0.007 seconds [3m(gpu_transfer.py:513:lmcache.v1.multiprocess.modules.gpu_transfer)[0m
[32;20m[2026-06-03 07:14:05,146] LMCache INFO:[0m Stored 8192 tokens in 0.007 seconds [3m(gpu_transfer.py:513:lmcache.v1.multiprocess.modules.gpu_transfer)[0m
[32;20m[2026-06-03 07:14:08,112] LMCache INFO:[0m Stored 8192 tokens in 0.007 seconds [3m(gpu_transfer.py:513:lmcache.v1.multiprocess.modules.gpu_transfer)[0m
[32;20m[2026-06-03 07:14:11,236] LMCache INFO:[0m Stored 8192 tokens in 0.007 seconds [3m(gpu_transfer.py:513:lmcache.v1.multiprocess.modules.gpu_transfer)[0m
[32;20m[2026-06-03 07:14:14,517] LMCache INFO:[0m Stored 8192 tokens in 0.009 seconds [3m(gpu_transfer.py:513:lmcache.v1.multiprocess.modules.gpu_transfer)[0m
[32;20m[2026-06-03 07:14:17,967] LMCache INFO:[0m Stored 3072 tokens in 0.012 seconds [3m(gpu_transfer.py:513:lmcache.v1.multiprocess.modules.gpu_transfer)[0m
[32;20m[2026-06-03 07:14:20,100] LMCache INFO:[0m Stored 4864 tokens in 0.007 seconds [3m(gpu_transfer.py:513:lmcache.v1.multiprocess.modules.gpu_transfer)[0m
[32;20m[2026-06-03 07:14:20,231] LMCache INFO:[0m Stored 8192 tokens in 0.008 seconds [3m(gpu_transfer.py:513:lmcache.v1.multiprocess.modules.gpu_transfer)[0m
[32;20m[2026-06-03 07:14:20,563] LMCache INFO:[0m Stored 8192 tokens in 0.006 seconds [3m(gpu_transfer.py:513:lmcache.v1.multiprocess.modules.gpu_transfer)[0m
[32;20m[2026-06-03 07:14:21,030] LMCache INFO:[0m Stored 8192 tokens in 0.007 seconds [3m(gpu_transfer.py:513:lmcache.v1.multiprocess.modules.gpu_transfer)[0m
[32;20m[2026-06-03 07:14:21,619] LMCache INFO:[0m Stored 8192 tokens in 0.006 seconds [3m(gpu_transfer.py:513:lmcache.v1.multiprocess.modules.gpu_transfer)[0m
[32;20m[2026-06-03 07:14:22,372] LMCache INFO:[0m Stored 7936 tokens in 0.006 seconds [3m(gpu_transfer.py:513:lmcache.v1.multiprocess.modules.gpu_transfer)[0m
[32;20m[2026-06-03 07:14:23,273] LMCache INFO:[0m Stored 8192 tokens in 0.007 seconds [3m(gpu_transfer.py:513:lmcache.v1.multiprocess.modules.gpu_transfer)[0m
[32;20m[2026-06-03 07:14:24,325] LMCache INFO:[0m Stored 8192 tokens in 0.006 seconds [3m(gpu_transfer.py:513:lmcache.v1.multiprocess.modules.gpu_transfer)[0m
[32;20m[2026-06-03 07:14:25,519] LMCache INFO:[0m Stored 8192 tokens in 0.007 seconds [3m(gpu_transfer.py:513:lmcache.v1.multiprocess.modules.gpu_transfer)[0m
[32;20m[2026-06-03 07:14:26,876] LMCache INFO:[0m Stored 8192 tokens in 0.006 seconds [3m(gpu_transfer.py:513:lmcache.v1.multiprocess.modules.gpu_transfer)[0m
[32;20m[2026-06-03 07:14:28,359] LMCache INFO:[0m Stored 8192 tokens in 0.006 seconds [3m(gpu_transfer.py:513:lmcache.v1.multiprocess.modules.gpu_transfer)[0m
[32;20m[2026-06-03 07:14:29,978] LMCache INFO:[0m Stored 8192 tokens in 0.007 seconds [3m(gpu_transfer.py:513:lmcache.v1.multiprocess.modules.gpu_transfer)[0m
[32;20m[2026-06-03 07:14:31,724] LMCache INFO:[0m Stored 256 tokens in 0.008 seconds [3m(gpu_transfer.py:513:lmcache.v1.multiprocess.modules.gpu_transfer)[0m
[32;20m[2026-06-03 07:14:33,491] LMCache INFO:[0m Stored 8192 tokens in 0.002 seconds [3m(gpu_transfer.py:513:lmcache.v1.multiprocess.modules.gpu_transfer)[0m
[32;20m[2026-06-03 07:14:33,674] LMCache INFO:[0m Stored 256 tokens in 0.009 seconds [3m(gpu_transfer.py:513:lmcache.v1.multiprocess.modules.gpu_transfer)[0m
[32;20m[2026-06-03 07:14:35,409] LMCache INFO:[0m Stored 7936 tokens in 0.008 seconds [3m(gpu_transfer.py:513:lmcache.v1.multiprocess.modules.gpu_transfer)[0m
[32;20m[2026-06-03 07:14:35,548] LMCache INFO:[0m Stored 256 tokens in 0.003 seconds [3m(gpu_transfer.py:513:lmcache.v1.multiprocess.modules.gpu_transfer)[0m
[32;20m[2026-06-03 07:14:35,714] LMCache INFO:[0m Stored 8192 tokens in 0.010 seconds [3m(gpu_transfer.py:513:lmcache.v1.multiprocess.modules.gpu_transfer)[0m
[32;20m[2026-06-03 07:14:35,847] LMCache INFO:[0m Stored 7936 tokens in 0.007 seconds [3m(gpu_transfer.py:513:lmcache.v1.multiprocess.modules.gpu_transfer)[0m
[32;20m[2026-06-03 07:14:36,265] LMCache INFO:[0m Stored 8192 tokens in 0.007 seconds [3m(gpu_transfer.py:513:lmcache.v1.multiprocess.modules.gpu_transfer)[0m
[32;20m[2026-06-03 07:14:36,812] LMCache INFO:[0m Stored 8192 tokens in 0.008 seconds [3m(gpu_transfer.py:513:lmcache.v1.multiprocess.modules.gpu_transfer)[0m
[32;20m[2026-06-03 07:14:37,517] LMCache INFO:[0m Stored 8192 tokens in 0.010 seconds [3m(gpu_transfer.py:513:lmcache.v1.multiprocess.modules.gpu_transfer)[0m
[32;20m[2026-06-03 07:14:38,372] LMCache INFO:[0m Stored 8192 tokens in 0.008 seconds [3m(gpu_transfer.py:513:lmcache.v1.multiprocess.modules.gpu_transfer)[0m
[32;20m[2026-06-03 07:14:39,374] LMCache INFO:[0m Stored 8192 tokens in 0.007 seconds [3m(gpu_transfer.py:513:lmcache.v1.multiprocess.modules.gpu_transfer)[0m
[32;20m[2026-06-03 07:14:40,524] LMCache INFO:[0m Stored 8192 tokens in 0.007 seconds [3m(gpu_transfer.py:513:lmcache.v1.multiprocess.modules.gpu_transfer)[0m
[32;20m[2026-06-03 07:14:41,837] LMCache INFO:[0m Stored 8192 tokens in 0.007 seconds [3m(gpu_transfer.py:513:lmcache.v1.multiprocess.modules.gpu_transfer)[0m
[32;20m[2026-06-03 07:14:43,277] LMCache INFO:[0m Stored 8192 tokens in 0.009 seconds [3m(gpu_transfer.py:513:lmcache.v1.multiprocess.modules.gpu_transfer)[0m
[32;20m[2026-06-03 07:14:44,858] LMCache INFO:[0m Stored 8192 tokens in 0.007 seconds [3m(gpu_transfer.py:513:lmcache.v1.multiprocess.modules.gpu_transfer)[0m
[32;20m[2026-06-03 07:14:46,552] LMCache INFO:[0m Stored 8192 tokens in 0.009 seconds [3m(gpu_transfer.py:513:lmcache.v1.multiprocess.modules.gpu_transfer)[0m
[32;20m[2026-06-03 07:14:48,404] LMCache INFO:[0m Stored 8192 tokens in 0.007 seconds [3m(gpu_transfer.py:513:lmcache.v1.multiprocess.modules.gpu_transfer)[0m
[32;20m[2026-06-03 07:14:50,414] LMCache INFO:[0m Stored 7936 tokens in 0.007 seconds [3m(gpu_transfer.py:513:lmcache.v1.multiprocess.modules.gpu_transfer)[0m
[32;20m[2026-06-03 07:14:52,574] LMCache INFO:[0m Stored 8192 tokens in 0.009 seconds [3m(gpu_transfer.py:513:lmcache.v1.multiprocess.modules.gpu_transfer)[0m
[32;20m[2026-06-03 07:14:54,881] LMCache INFO:[0m Stored 8192 tokens in 0.007 seconds [3m(gpu_transfer.py:513:lmcache.v1.multiprocess.modules.gpu_transfer)[0m
[32;20m[2026-06-03 07:14:57,335] LMCache INFO:[0m Stored 8192 tokens in 0.009 seconds [3m(gpu_transfer.py:513:lmcache.v1.multiprocess.modules.gpu_transfer)[0m
[32;20m[2026-06-03 07:14:59,949] LMCache INFO:[0m Stored 8192 tokens in 0.007 seconds [3m(gpu_transfer.py:513:lmcache.v1.multiprocess.modules.gpu_transfer)[0m
[32;20m[2026-06-03 07:15:02,692] LMCache INFO:[0m Stored 8192 tokens in 0.007 seconds [3m(gpu_transfer.py:513:lmcache.v1.multiprocess.modules.gpu_transfer)[0m
[32;20m[2026-06-03 07:15:05,567] LMCache INFO:[0m Stored 8192 tokens in 0.009 seconds [3m(gpu_transfer.py:513:lmcache.v1.multiprocess.modules.gpu_transfer)[0m
[32;20m[2026-06-03 07:15:08,558] LMCache INFO:[0m Stored 8192 tokens in 0.009 seconds [3m(gpu_transfer.py:513:lmcache.v1.multiprocess.modules.gpu_transfer)[0m
[32;20m[2026-06-03 07:15:11,746] LMCache INFO:[0m Stored 1792 tokens in 0.013 seconds [3m(gpu_transfer.py:513:lmcache.v1.multiprocess.modules.gpu_transfer)[0m
[32;20m[2026-06-03 07:15:14,411] LMCache INFO:[0m Stored 256 tokens in 0.002 seconds [3m(gpu_transfer.py:513:lmcache.v1.multiprocess.modules.gpu_transfer)[0m
[32;20m[2026-06-03 07:15:14,419] LMCache INFO:[0m Stored 6400 tokens in 0.007 seconds [3m(gpu_transfer.py:513:lmcache.v1.multiprocess.modules.gpu_transfer)[0m
[32;20m[2026-06-03 07:15:14,599] LMCache INFO:[0m Stored 7936 tokens in 0.008 seconds [3m(gpu_transfer.py:513:lmcache.v1.multiprocess.modules.gpu_transfer)[0m
[32;20m[2026-06-03 07:15:14,916] LMCache INFO:[0m Stored 8192 tokens in 0.006 seconds [3m(gpu_transfer.py:513:lmcache.v1.multiprocess.modules.gpu_transfer)[0m
[32;20m[2026-06-03 07:15:15,364] LMCache INFO:[0m Stored 256 tokens in 0.010 seconds [3m(gpu_transfer.py:513:lmcache.v1.multiprocess.modules.gpu_transfer)[0m
[32;20m[2026-06-03 07:15:15,795] LMCache INFO:[0m Stored 8192 tokens in 0.007 seconds [3m(gpu_transfer.py:513:lmcache.v1.multiprocess.modules.gpu_transfer)[0m
[32;20m[2026-06-03 07:15:15,925] LMCache INFO:[0m Stored 8192 tokens in 0.006 seconds [3m(gpu_transfer.py:513:lmcache.v1.multiprocess.modules.gpu_transfer)[0m
[32;20m[2026-06-03 07:15:16,658] LMCache INFO:[0m Stored 256 tokens in 0.009 seconds [3m(gpu_transfer.py:513:lmcache.v1.multiprocess.modules.gpu_transfer)[0m
[32;20m[2026-06-03 07:15:17,391] LMCache INFO:[0m Stored 8192 tokens in 0.006 seconds [3m(gpu_transfer.py:513:lmcache.v1.multiprocess.modules.gpu_transfer)[0m
[32;20m[2026-06-03 07:15:17,521] LMCache INFO:[0m Stored 8192 tokens in 0.007 seconds [3m(gpu_transfer.py:513:lmcache.v1.multiprocess.modules.gpu_transfer)[0m
[32;20m[2026-06-03 07:15:18,539] LMCache INFO:[0m Stored 8192 tokens in 0.006 seconds [3m(gpu_transfer.py:513:lmcache.v1.multiprocess.modules.gpu_transfer)[0m
[32;20m[2026-06-03 07:15:19,720] LMCache INFO:[0m Stored 8192 tokens in 0.007 seconds [3m(gpu_transfer.py:513:lmcache.v1.multiprocess.modules.gpu_transfer)[0m
[32;20m[2026-06-03 07:15:21,101] LMCache INFO:[0m Stored 8192 tokens in 0.006 seconds [3m(gpu_transfer.py:513:lmcache.v1.multiprocess.modules.gpu_transfer)[0m
[32;20m[2026-06-03 07:15:22,542] LMCache INFO:[0m Stored 8192 tokens in 0.006 seconds [3m(gpu_transfer.py:513:lmcache.v1.multiprocess.modules.gpu_transfer)[0m
[32;20m[2026-06-03 07:15:24,128] LMCache INFO:[0m Stored 8192 tokens in 0.007 seconds [3m(gpu_transfer.py:513:lmcache.v1.multiprocess.modules.gpu_transfer)[0m
[32;20m[2026-06-03 07:15:25,835] LMCache INFO:[0m Stored 7936 tokens in 0.006 seconds [3m(gpu_transfer.py:513:lmcache.v1.multiprocess.modules.gpu_transfer)[0m
[32;20m[2026-06-03 07:15:27,727] LMCache INFO:[0m Stored 3328 tokens in 0.004 seconds [3m(gpu_transfer.py:513:lmcache.v1.multiprocess.modules.gpu_transfer)[0m
[32;20m[2026-06-03 07:15:28,942] LMCache INFO:[0m Stored 4864 tokens in 0.005 seconds [3m(gpu_transfer.py:513:lmcache.v1.multiprocess.modules.gpu_transfer)[0m
[32;20m[2026-06-03 07:15:29,124] LMCache INFO:[0m Stored 8192 tokens in 0.007 seconds [3m(gpu_transfer.py:513:lmcache.v1.multiprocess.modules.gpu_transfer)[0m
[32;20m[2026-06-03 07:15:29,466] LMCache INFO:[0m Stored 8192 tokens in 0.007 seconds [3m(gpu_transfer.py:513:lmcache.v1.multiprocess.modules.gpu_transfer)[0m
[32;20m[2026-06-03 07:15:29,930] LMCache INFO:[0m Stored 8192 tokens in 0.008 seconds [3m(gpu_transfer.py:513:lmcache.v1.multiprocess.modules.gpu_transfer)[0m
[32;20m[2026-06-03 07:15:30,525] LMCache INFO:[0m Stored 256 tokens in 0.003 seconds [3m(gpu_transfer.py:513:lmcache.v1.multiprocess.modules.gpu_transfer)[0m
[32;20m[2026-06-03 07:15:31,155] LMCache INFO:[0m Stored 8192 tokens in 0.007 seconds [3m(gpu_transfer.py:513:lmcache.v1.multiprocess.modules.gpu_transfer)[0m
[32;20m[2026-06-03 07:15:31,287] LMCache INFO:[0m Stored 7936 tokens in 0.007 seconds [3m(gpu_transfer.py:513:lmcache.v1.multiprocess.modules.gpu_transfer)[0m
[32;20m[2026-06-03 07:15:32,192] LMCache INFO:[0m Stored 256 tokens in 0.004 seconds [3m(gpu_transfer.py:513:lmcache.v1.multiprocess.modules.gpu_transfer)[0m
[32;20m[2026-06-03 07:15:33,100] LMCache INFO:[0m Stored 8192 tokens in 0.007 seconds [3m(gpu_transfer.py:513:lmcache.v1.multiprocess.modules.gpu_transfer)[0m
[32;20m[2026-06-03 07:15:33,233] LMCache INFO:[0m Stored 8192 tokens in 0.007 seconds [3m(gpu_transfer.py:513:lmcache.v1.multiprocess.modules.gpu_transfer)[0m
[32;20m[2026-06-03 07:15:34,422] LMCache INFO:[0m Stored 8192 tokens in 0.007 seconds [3m(gpu_transfer.py:513:lmcache.v1.multiprocess.modules.gpu_transfer)[0m
[32;20m[2026-06-03 07:15:35,813] LMCache INFO:[0m Stored 8192 tokens in 0.007 seconds [3m(gpu_transfer.py:513:lmcache.v1.multiprocess.modules.gpu_transfer)[0m
[32;20m[2026-06-03 07:15:37,280] LMCache INFO:[0m Stored 8192 tokens in 0.008 seconds [3m(gpu_transfer.py:513:lmcache.v1.multiprocess.modules.gpu_transfer)[0m
[32;20m[2026-06-03 07:15:38,884] LMCache INFO:[0m Stored 8192 tokens in 0.007 seconds [3m(gpu_transfer.py:513:lmcache.v1.multiprocess.modules.gpu_transfer)[0m
[32;20m[2026-06-03 07:15:40,623] LMCache INFO:[0m Stored 8192 tokens in 0.008 seconds [3m(gpu_transfer.py:513:lmcache.v1.multiprocess.modules.gpu_transfer)[0m
[32;20m[2026-06-03 07:15:42,544] LMCache INFO:[0m Stored 8192 tokens in 0.007 seconds [3m(gpu_transfer.py:513:lmcache.v1.multiprocess.modules.gpu_transfer)[0m
[32;20m[2026-06-03 07:15:44,588] LMCache INFO:[0m Stored 8192 tokens in 0.007 seconds [3m(gpu_transfer.py:513:lmcache.v1.multiprocess.modules.gpu_transfer)[0m
[32;20m[2026-06-03 07:15:46,788] LMCache INFO:[0m Stored 8192 tokens in 0.008 seconds [3m(gpu_transfer.py:513:lmcache.v1.multiprocess.modules.gpu_transfer)[0m
[32;20m[2026-06-03 07:15:49,129] LMCache INFO:[0m Stored 7936 tokens in 0.007 seconds [3m(gpu_transfer.py:513:lmcache.v1.multiprocess.modules.gpu_transfer)[0m
[32;20m[2026-06-03 07:15:51,626] LMCache INFO:[0m Stored 8192 tokens in 0.008 seconds [3m(gpu_transfer.py:513:lmcache.v1.multiprocess.modules.gpu_transfer)[0m
[32;20m[2026-06-03 07:15:54,282] LMCache INFO:[0m Stored 7424 tokens in 0.005 seconds [3m(gpu_transfer.py:513:lmcache.v1.multiprocess.modules.gpu_transfer)[0m
[32;20m[2026-06-03 07:15:55,043] LMCache INFO:[0m Stored 512 tokens in 0.005 seconds [3m(gpu_transfer.py:513:lmcache.v1.multiprocess.modules.gpu_transfer)[0m
[32;20m[2026-06-03 07:15:55,171] LMCache INFO:[0m Stored 8192 tokens in 0.008 seconds [3m(gpu_transfer.py:513:lmcache.v1.multiprocess.modules.gpu_transfer)[0m
[32;20m[2026-06-03 07:15:55,569] LMCache INFO:[0m Stored 8192 tokens in 0.006 seconds [3m(gpu_transfer.py:513:lmcache.v1.multiprocess.modules.gpu_transfer)[0m
[32;20m[2026-06-03 07:15:56,095] LMCache INFO:[0m Stored 8192 tokens in 0.006 seconds [3m(gpu_transfer.py:513:lmcache.v1.multiprocess.modules.gpu_transfer)[0m
[32;20m[2026-06-03 07:15:56,776] LMCache INFO:[0m Stored 8192 tokens in 0.007 seconds [3m(gpu_transfer.py:513:lmcache.v1.multiprocess.modules.gpu_transfer)[0m
[32;20m[2026-06-03 07:15:57,603] LMCache INFO:[0m Stored 8192 tokens in 0.006 seconds [3m(gpu_transfer.py:513:lmcache.v1.multiprocess.modules.gpu_transfer)[0m
[32;20m[2026-06-03 07:15:58,577] LMCache INFO:[0m Stored 8192 tokens in 0.008 seconds [3m(gpu_transfer.py:513:lmcache.v1.multiprocess.modules.gpu_transfer)[0m
[32;20m[2026-06-03 07:15:59,697] LMCache INFO:[0m Stored 8192 tokens in 0.006 seconds [3m(gpu_transfer.py:513:lmcache.v1.multiprocess.modules.gpu_transfer)[0m
[32;20m[2026-06-03 07:16:00,962] LMCache INFO:[0m Stored 8192 tokens in 0.006 seconds [3m(gpu_transfer.py:513:lmcache.v1.multiprocess.modules.gpu_transfer)[0m
[32;20m[2026-06-03 07:16:02,383] LMCache INFO:[0m Stored 8192 tokens in 0.008 seconds [3m(gpu_transfer.py:513:lmcache.v1.multiprocess.modules.gpu_transfer)[0m
[32;20m[2026-06-03 07:16:03,932] LMCache INFO:[0m Stored 8192 tokens in 0.007 seconds [3m(gpu_transfer.py:513:lmcache.v1.multiprocess.modules.gpu_transfer)[0m
[32;20m[2026-06-03 07:16:05,603] LMCache INFO:[0m Stored 7936 tokens in 0.007 seconds [3m(gpu_transfer.py:513:lmcache.v1.multiprocess.modules.gpu_transfer)[0m
[32;20m[2026-06-03 07:16:07,417] LMCache INFO:[0m Stored 8192 tokens in 0.006 seconds [3m(gpu_transfer.py:513:lmcache.v1.multiprocess.modules.gpu_transfer)[0m
[32;20m[2026-06-03 07:16:09,396] LMCache INFO:[0m Stored 8192 tokens in 0.008 seconds [3m(gpu_transfer.py:513:lmcache.v1.multiprocess.modules.gpu_transfer)[0m
[32;20m[2026-06-03 07:16:11,521] LMCache INFO:[0m Stored 8192 tokens in 0.008 seconds [3m(gpu_transfer.py:513:lmcache.v1.multiprocess.modules.gpu_transfer)[0m
[32;20m[2026-06-03 07:16:13,812] LMCache INFO:[0m Stored 7680 tokens in 0.011 seconds [3m(gpu_transfer.py:513:lmcache.v1.multiprocess.modules.gpu_transfer)[0m
[32;20m[2026-06-03 07:16:14,494] LMCache INFO:[0m Stored 512 tokens in 0.004 seconds [3m(gpu_transfer.py:513:lmcache.v1.multiprocess.modules.gpu_transfer)[0m
[32;20m[2026-06-03 07:16:14,621] LMCache INFO:[0m Stored 8192 tokens in 0.008 seconds [3m(gpu_transfer.py:513:lmcache.v1.multiprocess.modules.gpu_transfer)[0m
[32;20m[2026-06-03 07:16:15,021] LMCache INFO:[0m Stored 8192 tokens in 0.006 seconds [3m(gpu_transfer.py:513:lmcache.v1.multiprocess.modules.gpu_transfer)[0m
[32;20m[2026-06-03 07:16:15,551] LMCache INFO:[0m Stored 7936 tokens in 0.007 seconds [3m(gpu_transfer.py:513:lmcache.v1.multiprocess.modules.gpu_transfer)[0m
[32;20m[2026-06-03 07:16:16,229] LMCache INFO:[0m Stored 256 tokens in 0.003 seconds [3m(gpu_transfer.py:513:lmcache.v1.multiprocess.modules.gpu_transfer)[0m
[32;20m[2026-06-03 07:16:16,921] LMCache INFO:[0m Stored 8192 tokens in 0.006 seconds [3m(gpu_transfer.py:513:lmcache.v1.multiprocess.modules.gpu_transfer)[0m
[32;20m[2026-06-03 07:16:17,050] LMCache INFO:[0m Stored 8192 tokens in 0.006 seconds [3m(gpu_transfer.py:513:lmcache.v1.multiprocess.modules.gpu_transfer)[0m
[32;20m[2026-06-03 07:16:18,023] LMCache INFO:[0m Stored 8192 tokens in 0.007 seconds [3m(gpu_transfer.py:513:lmcache.v1.multiprocess.modules.gpu_transfer)[0m
[32;20m[2026-06-03 07:16:19,143] LMCache INFO:[0m Stored 8192 tokens in 0.006 seconds [3m(gpu_transfer.py:513:lmcache.v1.multiprocess.modules.gpu_transfer)[0m
[32;20m[2026-06-03 07:16:20,417] LMCache INFO:[0m Stored 8192 tokens in 0.007 seconds [3m(gpu_transfer.py:513:lmcache.v1.multiprocess.modules.gpu_transfer)[0m
[32;20m[2026-06-03 07:16:21,838] LMCache INFO:[0m Stored 256 tokens in 0.006 seconds [3m(gpu_transfer.py:513:lmcache.v1.multiprocess.modules.gpu_transfer)[0m
[32;20m[2026-06-03 07:16:23,256] LMCache INFO:[0m Stored 8192 tokens in 0.006 seconds [3m(gpu_transfer.py:513:lmcache.v1.multiprocess.modules.gpu_transfer)[0m
[32;20m[2026-06-03 07:16:23,396] LMCache INFO:[0m Stored 8192 tokens in 0.006 seconds [3m(gpu_transfer.py:513:lmcache.v1.multiprocess.modules.gpu_transfer)[0m
[32;20m[2026-06-03 07:16:25,071] LMCache INFO:[0m Stored 8192 tokens in 0.007 seconds [3m(gpu_transfer.py:513:lmcache.v1.multiprocess.modules.gpu_transfer)[0m
[32;20m[2026-06-03 07:16:26,909] LMCache INFO:[0m Stored 1280 tokens in 0.007 seconds [3m(gpu_transfer.py:513:lmcache.v1.multiprocess.modules.gpu_transfer)[0m
[32;20m[2026-06-03 07:16:28,477] LMCache INFO:[0m Stored 6656 tokens in 0.006 seconds [3m(gpu_transfer.py:513:lmcache.v1.multiprocess.modules.gpu_transfer)[0m
[32;20m[2026-06-03 07:16:28,605] LMCache INFO:[0m Stored 8192 tokens in 0.007 seconds [3m(gpu_transfer.py:513:lmcache.v1.multiprocess.modules.gpu_transfer)[0m
[32;20m[2026-06-03 07:16:28,915] LMCache INFO:[0m Stored 8192 tokens in 0.006 seconds [3m(gpu_transfer.py:513:lmcache.v1.multiprocess.modules.gpu_transfer)[0m
[32;20m[2026-06-03 07:16:29,350] LMCache INFO:[0m Stored 8192 tokens in 0.005 seconds [3m(gpu_transfer.py:513:lmcache.v1.multiprocess.modules.gpu_transfer)[0m
[32;20m[2026-06-03 07:16:29,931] LMCache INFO:[0m Stored 256 tokens in 0.008 seconds [3m(gpu_transfer.py:513:lmcache.v1.multiprocess.modules.gpu_transfer)[0m
[32;20m[2026-06-03 07:16:30,515] LMCache INFO:[0m Stored 8192 tokens in 0.007 seconds [3m(gpu_transfer.py:513:lmcache.v1.multiprocess.modules.gpu_transfer)[0m
[32;20m[2026-06-03 07:16:30,641] LMCache INFO:[0m Stored 8192 tokens in 0.005 seconds [3m(gpu_transfer.py:513:lmcache.v1.multiprocess.modules.gpu_transfer)[0m
[32;20m[2026-06-03 07:16:31,502] LMCache INFO:[0m Stored 8192 tokens in 0.007 seconds [3m(gpu_transfer.py:513:lmcache.v1.multiprocess.modules.gpu_transfer)[0m
[32;20m[2026-06-03 07:16:32,521] LMCache INFO:[0m Stored 8192 tokens in 0.006 seconds [3m(gpu_transfer.py:513:lmcache.v1.multiprocess.modules.gpu_transfer)[0m
[32;20m[2026-06-03 07:16:33,683] LMCache INFO:[0m Stored 8192 tokens in 0.006 seconds [3m(gpu_transfer.py:513:lmcache.v1.multiprocess.modules.gpu_transfer)[0m
[32;20m[2026-06-03 07:16:35,002] LMCache INFO:[0m Stored 8192 tokens in 0.006 seconds [3m(gpu_transfer.py:513:lmcache.v1.multiprocess.modules.gpu_transfer)[0m
[32;20m[2026-06-03 07:16:36,459] LMCache INFO:[0m Stored 7936 tokens in 0.006 seconds [3m(gpu_transfer.py:513:lmcache.v1.multiprocess.modules.gpu_transfer)[0m
[32;20m[2026-06-03 07:16:39,206] LMCache INFO:[0m Stored 1024 tokens in 0.003 seconds [3m(gpu_transfer.py:513:lmcache.v1.multiprocess.modules.gpu_transfer)[0m
[32;20m[2026-06-03 07:16:40,409] LMCache INFO:[0m Stored 256 tokens in 0.002 seconds [3m(gpu_transfer.py:513:lmcache.v1.multiprocess.modules.gpu_transfer)[0m
[32;20m[2026-06-03 07:16:41,388] LMCache INFO:[0m Stored 256 tokens in 0.002 seconds [3m(gpu_transfer.py:513:lmcache.v1.multiprocess.modules.gpu_transfer)[0m
[32;20m[2026-06-03 07:16:41,581] LMCache INFO:[0m Stored 256 tokens in 0.002 seconds [3m(gpu_transfer.py:513:lmcache.v1.multiprocess.modules.gpu_transfer)[0m
[32;20m[2026-06-03 07:16:41,749] LMCache INFO:[0m Stored 256 tokens in 0.003 seconds [3m(gpu_transfer.py:513:lmcache.v1.multiprocess.modules.gpu_transfer)[0m
[32;20m[2026-06-03 07:16:42,142] LMCache INFO:[0m Stored 256 tokens in 0.003 seconds [3m(gpu_transfer.py:513:lmcache.v1.multiprocess.modules.gpu_transfer)[0m
[32;20m[2026-06-03 07:16:42,337] LMCache INFO:[0m Stored 256 tokens in 0.003 seconds [3m(gpu_transfer.py:513:lmcache.v1.multiprocess.modules.gpu_transfer)[0m
[32;20m[2026-06-03 07:16:42,949] LMCache INFO:[0m Stored 256 tokens in 0.004 seconds [3m(gpu_transfer.py:513:lmcache.v1.multiprocess.modules.gpu_transfer)[0m
[32;20m[2026-06-03 07:16:43,112] LMCache INFO:[0m Stored 256 tokens in 0.006 seconds [3m(gpu_transfer.py:513:lmcache.v1.multiprocess.modules.gpu_transfer)[0m
[32;20m[2026-06-03 07:16:43,255] LMCache INFO:[0m Stored 256 tokens in 0.003 seconds [3m(gpu_transfer.py:513:lmcache.v1.multiprocess.modules.gpu_transfer)[0m
[32;20m[2026-06-03 07:16:43,385] LMCache INFO:[0m Stored 256 tokens in 0.003 seconds [3m(gpu_transfer.py:513:lmcache.v1.multiprocess.modules.gpu_transfer)[0m
[32;20m[2026-06-03 07:16:43,593] LMCache INFO:[0m Stored 256 tokens in 0.001 seconds [3m(gpu_transfer.py:513:lmcache.v1.multiprocess.modules.gpu_transfer)[0m
[32;20m[2026-06-03 07:16:44,484] LMCache INFO:[0m Stored 256 tokens in 0.007 seconds [3m(gpu_transfer.py:513:lmcache.v1.multiprocess.modules.gpu_transfer)[0m
[32;20m[2026-06-03 07:16:44,529] LMCache INFO:[0m Stored 256 tokens in 0.003 seconds [3m(gpu_transfer.py:513:lmcache.v1.multiprocess.modules.gpu_transfer)[0m
[32;20m[2026-06-03 07:16:44,540] LMCache INFO:[0m Stored 256 tokens in 0.003 seconds [3m(gpu_transfer.py:513:lmcache.v1.multiprocess.modules.gpu_transfer)[0m
[32;20m[2026-06-03 07:16:45,170] LMCache INFO:[0m Stored 256 tokens in 0.002 seconds [3m(gpu_transfer.py:513:lmcache.v1.multiprocess.modules.gpu_transfer)[0m
[32;20m[2026-06-03 07:16:45,311] LMCache INFO:[0m Stored 256 tokens in 0.004 seconds [3m(gpu_transfer.py:513:lmcache.v1.multiprocess.modules.gpu_transfer)[0m
[32;20m[2026-06-03 07:16:45,701] LMCache INFO:[0m Stored 256 tokens in 0.003 seconds [3m(gpu_transfer.py:513:lmcache.v1.multiprocess.modules.gpu_transfer)[0m
[32;20m[2026-06-03 07:16:45,776] LMCache INFO:[0m Stored 256 tokens in 0.003 seconds [3m(gpu_transfer.py:513:lmcache.v1.multiprocess.modules.gpu_transfer)[0m
[32;20m[2026-06-03 07:16:46,691] LMCache INFO:[0m Stored 256 tokens in 0.003 seconds [3m(gpu_transfer.py:513:lmcache.v1.multiprocess.modules.gpu_transfer)[0m
[32;20m[2026-06-03 07:16:47,059] LMCache INFO:[0m Stored 256 tokens in 0.004 seconds [3m(gpu_transfer.py:513:lmcache.v1.multiprocess.modules.gpu_transfer)[0m
[32;20m[2026-06-03 07:16:48,153] LMCache INFO:[0m Stored 256 tokens in 0.002 seconds [3m(gpu_transfer.py:513:lmcache.v1.multiprocess.modules.gpu_transfer)[0m
[32;20m[2026-06-03 07:16:49,113] LMCache INFO:[0m Stored 256 tokens in 0.002 seconds [3m(gpu_transfer.py:513:lmcache.v1.multiprocess.modules.gpu_transfer)[0m
[32;20m[2026-06-03 07:16:49,302] LMCache INFO:[0m Stored 256 tokens in 0.002 seconds [3m(gpu_transfer.py:513:lmcache.v1.multiprocess.modules.gpu_transfer)[0m
[32;20m[2026-06-03 07:16:49,466] LMCache INFO:[0m Stored 256 tokens in 0.003 seconds [3m(gpu_transfer.py:513:lmcache.v1.multiprocess.modules.gpu_transfer)[0m
[32;20m[2026-06-03 07:16:49,850] LMCache INFO:[0m Stored 256 tokens in 0.003 seconds [3m(gpu_transfer.py:513:lmcache.v1.multiprocess.modules.gpu_transfer)[0m
[32;20m[2026-06-03 07:16:50,039] LMCache INFO:[0m Stored 256 tokens in 0.003 seconds [3m(gpu_transfer.py:513:lmcache.v1.multiprocess.modules.gpu_transfer)[0m
[32;20m[2026-06-03 07:16:50,634] LMCache INFO:[0m Stored 256 tokens in 0.004 seconds [3m(gpu_transfer.py:513:lmcache.v1.multiprocess.modules.gpu_transfer)[0m
[32;20m[2026-06-03 07:16:50,793] LMCache INFO:[0m Stored 256 tokens in 0.005 seconds [3m(gpu_transfer.py:513:lmcache.v1.multiprocess.modules.gpu_transfer)[0m
[32;20m[2026-06-03 07:16:50,935] LMCache INFO:[0m Stored 256 tokens in 0.003 seconds [3m(gpu_transfer.py:513:lmcache.v1.multiprocess.modules.gpu_transfer)[0m
[32;20m[2026-06-03 07:16:51,061] LMCache INFO:[0m Stored 256 tokens in 0.003 seconds [3m(gpu_transfer.py:513:lmcache.v1.multiprocess.modules.gpu_transfer)[0m
[32;20m[2026-06-03 07:16:51,264] LMCache INFO:[0m Stored 256 tokens in 0.001 seconds [3m(gpu_transfer.py:513:lmcache.v1.multiprocess.modules.gpu_transfer)[0m
[32;20m[2026-06-03 07:16:52,124] LMCache INFO:[0m Stored 256 tokens in 0.007 seconds [3m(gpu_transfer.py:513:lmcache.v1.multiprocess.modules.gpu_transfer)[0m
[32;20m[2026-06-03 07:16:52,167] LMCache INFO:[0m Stored 256 tokens in 0.004 seconds [3m(gpu_transfer.py:513:lmcache.v1.multiprocess.modules.gpu_transfer)[0m
[32;20m[2026-06-03 07:16:52,178] LMCache INFO:[0m Stored 256 tokens in 0.003 seconds [3m(gpu_transfer.py:513:lmcache.v1.multiprocess.modules.gpu_transfer)[0m
[32;20m[2026-06-03 07:16:52,882] LMCache INFO:[0m Stored 256 tokens in 0.004 seconds [3m(gpu_transfer.py:513:lmcache.v1.multiprocess.modules.gpu_transfer)[0m
[32;20m[2026-06-03 07:16:53,283] LMCache INFO:[0m Stored 256 tokens in 0.003 seconds [3m(gpu_transfer.py:513:lmcache.v1.multiprocess.modules.gpu_transfer)[0m
[32;20m[2026-06-03 07:16:53,354] LMCache INFO:[0m Stored 256 tokens in 0.003 seconds [3m(gpu_transfer.py:513:lmcache.v1.multiprocess.modules.gpu_transfer)[0m
[32;20m[2026-06-03 07:16:54,247] LMCache INFO:[0m Stored 256 tokens in 0.003 seconds [3m(gpu_transfer.py:513:lmcache.v1.multiprocess.modules.gpu_transfer)[0m
[32;20m[2026-06-03 07:16:54,600] LMCache INFO:[0m Stored 256 tokens in 0.004 seconds [3m(gpu_transfer.py:513:lmcache.v1.multiprocess.modules.gpu_transfer)[0m
[32;20m[2026-06-03 07:16:56,479] LMCache INFO:[0m Stored 256 tokens in 0.002 seconds [3m(gpu_transfer.py:513:lmcache.v1.multiprocess.modules.gpu_transfer)[0m
[32;20m[2026-06-03 07:16:56,652] LMCache INFO:[0m Stored 256 tokens in 0.002 seconds [3m(gpu_transfer.py:513:lmcache.v1.multiprocess.modules.gpu_transfer)[0m
[32;20m[2026-06-03 07:16:56,804] LMCache INFO:[0m Stored 256 tokens in 0.003 seconds [3m(gpu_transfer.py:513:lmcache.v1.multiprocess.modules.gpu_transfer)[0m
[32;20m[2026-06-03 07:16:57,155] LMCache INFO:[0m Stored 256 tokens in 0.003 seconds [3m(gpu_transfer.py:513:lmcache.v1.multiprocess.modules.gpu_transfer)[0m
[32;20m[2026-06-03 07:16:57,331] LMCache INFO:[0m Stored 256 tokens in 0.003 seconds [3m(gpu_transfer.py:513:lmcache.v1.multiprocess.modules.gpu_transfer)[0m
[32;20m[2026-06-03 07:16:57,880] LMCache INFO:[0m Stored 256 tokens in 0.005 seconds [3m(gpu_transfer.py:513:lmcache.v1.multiprocess.modules.gpu_transfer)[0m
[32;20m[2026-06-03 07:16:58,024] LMCache INFO:[0m Stored 256 tokens in 0.005 seconds [3m(gpu_transfer.py:513:lmcache.v1.multiprocess.modules.gpu_transfer)[0m
[32;20m[2026-06-03 07:16:58,152] LMCache INFO:[0m Stored 256 tokens in 0.004 seconds [3m(gpu_transfer.py:513:lmcache.v1.multiprocess.modules.gpu_transfer)[0m
[32;20m[2026-06-03 07:16:59,227] LMCache INFO:[0m Stored 256 tokens in 0.004 seconds [3m(gpu_transfer.py:513:lmcache.v1.multiprocess.modules.gpu_transfer)[0m
[32;20m[2026-06-03 07:16:59,262] LMCache INFO:[0m Stored 256 tokens in 0.003 seconds [3m(gpu_transfer.py:513:lmcache.v1.multiprocess.modules.gpu_transfer)[0m
[32;20m[2026-06-03 07:16:59,273] LMCache INFO:[0m Stored 256 tokens in 0.003 seconds [3m(gpu_transfer.py:513:lmcache.v1.multiprocess.modules.gpu_transfer)[0m
[32;20m[2026-06-03 07:17:00,284] LMCache INFO:[0m Stored 256 tokens in 0.003 seconds [3m(gpu_transfer.py:513:lmcache.v1.multiprocess.modules.gpu_transfer)[0m
[32;20m[2026-06-03 07:17:00,347] LMCache INFO:[0m Stored 256 tokens in 0.003 seconds [3m(gpu_transfer.py:513:lmcache.v1.multiprocess.modules.gpu_transfer)[0m
[32;20m[2026-06-03 07:17:01,161] LMCache INFO:[0m Stored 256 tokens in 0.003 seconds [3m(gpu_transfer.py:513:lmcache.v1.multiprocess.modules.gpu_transfer)[0m
[32;20m[2026-06-03 07:17:01,490] LMCache INFO:[0m Stored 256 tokens in 0.004 seconds [3m(gpu_transfer.py:513:lmcache.v1.multiprocess.modules.gpu_transfer)[0m
[32;20m[2026-06-03 07:17:03,324] LMCache INFO:[0m Stored 256 tokens in 0.003 seconds [3m(gpu_transfer.py:513:lmcache.v1.multiprocess.modules.gpu_transfer)[0m
[32;20m[2026-06-03 07:17:03,626] LMCache INFO:[0m Stored 256 tokens in 0.003 seconds [3m(gpu_transfer.py:513:lmcache.v1.multiprocess.modules.gpu_transfer)[0m
[32;20m[2026-06-03 07:17:03,971] LMCache INFO:[0m Stored 256 tokens in 0.003 seconds [3m(gpu_transfer.py:513:lmcache.v1.multiprocess.modules.gpu_transfer)[0m
[32;20m[2026-06-03 07:17:04,143] LMCache INFO:[0m Stored 256 tokens in 0.004 seconds [3m(gpu_transfer.py:513:lmcache.v1.multiprocess.modules.gpu_transfer)[0m
[32;20m[2026-06-03 07:17:04,676] LMCache INFO:[0m Stored 256 tokens in 0.005 seconds [3m(gpu_transfer.py:513:lmcache.v1.multiprocess.modules.gpu_transfer)[0m
[32;20m[2026-06-03 07:17:04,818] LMCache INFO:[0m Stored 256 tokens in 0.005 seconds [3m(gpu_transfer.py:513:lmcache.v1.multiprocess.modules.gpu_transfer)[0m
[32;20m[2026-06-03 07:17:04,942] LMCache INFO:[0m Stored 256 tokens in 0.004 seconds [3m(gpu_transfer.py:513:lmcache.v1.multiprocess.modules.gpu_transfer)[0m
[32;20m[2026-06-03 07:17:05,917] LMCache INFO:[0m Stored 256 tokens in 0.008 seconds [3m(gpu_transfer.py:513:lmcache.v1.multiprocess.modules.gpu_transfer)[0m
[32;20m[2026-06-03 07:17:05,946] LMCache INFO:[0m Stored 256 tokens in 0.003 seconds [3m(gpu_transfer.py:513:lmcache.v1.multiprocess.modules.gpu_transfer)[0m
[32;20m[2026-06-03 07:17:05,957] LMCache INFO:[0m Stored 256 tokens in 0.003 seconds [3m(gpu_transfer.py:513:lmcache.v1.multiprocess.modules.gpu_transfer)[0m
[32;20m[2026-06-03 07:17:06,879] LMCache INFO:[0m Stored 256 tokens in 0.003 seconds [3m(gpu_transfer.py:513:lmcache.v1.multiprocess.modules.gpu_transfer)[0m
[32;20m[2026-06-03 07:17:06,939] LMCache INFO:[0m Stored 256 tokens in 0.003 seconds [3m(gpu_transfer.py:513:lmcache.v1.multiprocess.modules.gpu_transfer)[0m
[32;20m[2026-06-03 07:17:07,984] LMCache INFO:[0m Stored 256 tokens in 0.004 seconds [3m(gpu_transfer.py:513:lmcache.v1.multiprocess.modules.gpu_transfer)[0m
[32;20m[2026-06-03 07:17:09,649] LMCache INFO:[0m Stored 256 tokens in 0.003 seconds [3m(gpu_transfer.py:513:lmcache.v1.multiprocess.modules.gpu_transfer)[0m
[32;20m[2026-06-03 07:17:09,918] LMCache INFO:[0m Stored 256 tokens in 0.003 seconds [3m(gpu_transfer.py:513:lmcache.v1.multiprocess.modules.gpu_transfer)[0m
[32;20m[2026-06-03 07:17:10,225] LMCache INFO:[0m Stored 256 tokens in 0.003 seconds [3m(gpu_transfer.py:513:lmcache.v1.multiprocess.modules.gpu_transfer)[0m
[32;20m[2026-06-03 07:17:10,378] LMCache INFO:[0m Stored 256 tokens in 0.003 seconds [3m(gpu_transfer.py:513:lmcache.v1.multiprocess.modules.gpu_transfer)[0m
[32;20m[2026-06-03 07:17:10,856] LMCache INFO:[0m Stored 256 tokens in 0.005 seconds [3m(gpu_transfer.py:513:lmcache.v1.multiprocess.modules.gpu_transfer)[0m
[32;20m[2026-06-03 07:17:12,014] LMCache INFO:[0m Stored 256 tokens in 0.004 seconds [3m(gpu_transfer.py:513:lmcache.v1.multiprocess.modules.gpu_transfer)[0m
[32;20m[2026-06-03 07:17:12,040] LMCache INFO:[0m Stored 256 tokens in 0.003 seconds [3m(gpu_transfer.py:513:lmcache.v1.multiprocess.modules.gpu_transfer)[0m
[32;20m[2026-06-03 07:17:12,051] LMCache INFO:[0m Stored 256 tokens in 0.003 seconds [3m(gpu_transfer.py:513:lmcache.v1.multiprocess.modules.gpu_transfer)[0m
[32;20m[2026-06-03 07:17:12,934] LMCache INFO:[0m Stored 256 tokens in 0.003 seconds [3m(gpu_transfer.py:513:lmcache.v1.multiprocess.modules.gpu_transfer)[0m
[32;20m[2026-06-03 07:17:12,993] LMCache INFO:[0m Stored 256 tokens in 0.003 seconds [3m(gpu_transfer.py:513:lmcache.v1.multiprocess.modules.gpu_transfer)[0m
[32;20m[2026-06-03 07:17:13,997] LMCache INFO:[0m Stored 256 tokens in 0.004 seconds [3m(gpu_transfer.py:513:lmcache.v1.multiprocess.modules.gpu_transfer)[0m
[32;20m[2026-06-03 07:17:15,601] LMCache INFO:[0m Stored 256 tokens in 0.003 seconds [3m(gpu_transfer.py:513:lmcache.v1.multiprocess.modules.gpu_transfer)[0m
[32;20m[2026-06-03 07:17:15,864] LMCache INFO:[0m Stored 256 tokens in 0.004 seconds [3m(gpu_transfer.py:513:lmcache.v1.multiprocess.modules.gpu_transfer)[0m
[32;20m[2026-06-03 07:17:16,160] LMCache INFO:[0m Stored 256 tokens in 0.003 seconds [3m(gpu_transfer.py:513:lmcache.v1.multiprocess.modules.gpu_transfer)[0m
[32;20m[2026-06-03 07:17:16,308] LMCache INFO:[0m Stored 256 tokens in 0.004 seconds [3m(gpu_transfer.py:513:lmcache.v1.multiprocess.modules.gpu_transfer)[0m
[32;20m[2026-06-03 07:17:16,772] LMCache INFO:[0m Stored 256 tokens in 0.005 seconds [3m(gpu_transfer.py:513:lmcache.v1.multiprocess.modules.gpu_transfer)[0m
[32;20m[2026-06-03 07:17:17,897] LMCache INFO:[0m Stored 256 tokens in 0.008 seconds [3m(gpu_transfer.py:513:lmcache.v1.multiprocess.modules.gpu_transfer)[0m
[32;20m[2026-06-03 07:17:17,921] LMCache INFO:[0m Stored 256 tokens in 0.003 seconds [3m(gpu_transfer.py:513:lmcache.v1.multiprocess.modules.gpu_transfer)[0m
[32;20m[2026-06-03 07:17:17,932] LMCache INFO:[0m Stored 256 tokens in 0.003 seconds [3m(gpu_transfer.py:513:lmcache.v1.multiprocess.modules.gpu_transfer)[0m
[32;20m[2026-06-03 07:17:18,798] LMCache INFO:[0m Stored 256 tokens in 0.003 seconds [3m(gpu_transfer.py:513:lmcache.v1.multiprocess.modules.gpu_transfer)[0m
[32;20m[2026-06-03 07:17:19,829] LMCache INFO:[0m Stored 256 tokens in 0.004 seconds [3m(gpu_transfer.py:513:lmcache.v1.multiprocess.modules.gpu_transfer)[0m
[32;20m[2026-06-03 07:17:21,419] LMCache INFO:[0m Stored 256 tokens in 0.003 seconds [3m(gpu_transfer.py:513:lmcache.v1.multiprocess.modules.gpu_transfer)[0m
[32;20m[2026-06-03 07:17:21,681] LMCache INFO:[0m Stored 256 tokens in 0.003 seconds [3m(gpu_transfer.py:513:lmcache.v1.multiprocess.modules.gpu_transfer)[0m
[32;20m[2026-06-03 07:17:21,980] LMCache INFO:[0m Stored 256 tokens in 0.003 seconds [3m(gpu_transfer.py:513:lmcache.v1.multiprocess.modules.gpu_transfer)[0m
[32;20m[2026-06-03 07:17:22,129] LMCache INFO:[0m Stored 256 tokens in 0.003 seconds [3m(gpu_transfer.py:513:lmcache.v1.multiprocess.modules.gpu_transfer)[0m
[32;20m[2026-06-03 07:17:22,593] LMCache INFO:[0m Stored 256 tokens in 0.005 seconds [3m(gpu_transfer.py:513:lmcache.v1.multiprocess.modules.gpu_transfer)[0m
[32;20m[2026-06-03 07:17:23,717] LMCache INFO:[0m Stored 256 tokens in 0.008 seconds [3m(gpu_transfer.py:513:lmcache.v1.multiprocess.modules.gpu_transfer)[0m
[32;20m[2026-06-03 07:17:23,740] LMCache INFO:[0m Stored 256 tokens in 0.004 seconds [3m(gpu_transfer.py:513:lmcache.v1.multiprocess.modules.gpu_transfer)[0m
[32;20m[2026-06-03 07:17:23,750] LMCache INFO:[0m Stored 256 tokens in 0.003 seconds [3m(gpu_transfer.py:513:lmcache.v1.multiprocess.modules.gpu_transfer)[0m
[32;20m[2026-06-03 07:17:24,608] LMCache INFO:[0m Stored 256 tokens in 0.003 seconds [3m(gpu_transfer.py:513:lmcache.v1.multiprocess.modules.gpu_transfer)[0m
[32;20m[2026-06-03 07:17:25,627] LMCache INFO:[0m Stored 256 tokens in 0.004 seconds [3m(gpu_transfer.py:513:lmcache.v1.multiprocess.modules.gpu_transfer)[0m
[32;20m[2026-06-03 07:17:27,208] LMCache INFO:[0m Stored 256 tokens in 0.003 seconds [3m(gpu_transfer.py:513:lmcache.v1.multiprocess.modules.gpu_transfer)[0m
[32;20m[2026-06-03 07:17:27,472] LMCache INFO:[0m Stored 256 tokens in 0.003 seconds [3m(gpu_transfer.py:513:lmcache.v1.multiprocess.modules.gpu_transfer)[0m
[32;20m[2026-06-03 07:17:27,771] LMCache INFO:[0m Stored 256 tokens in 0.003 seconds [3m(gpu_transfer.py:513:lmcache.v1.multiprocess.modules.gpu_transfer)[0m
[32;20m[2026-06-03 07:17:27,920] LMCache INFO:[0m Stored 256 tokens in 0.003 seconds [3m(gpu_transfer.py:513:lmcache.v1.multiprocess.modules.gpu_transfer)[0m
[32;20m[2026-06-03 07:17:28,387] LMCache INFO:[0m Stored 256 tokens in 0.005 seconds [3m(gpu_transfer.py:513:lmcache.v1.multiprocess.modules.gpu_transfer)[0m
[32;20m[2026-06-03 07:17:29,505] LMCache INFO:[0m Stored 256 tokens in 0.004 seconds [3m(gpu_transfer.py:513:lmcache.v1.multiprocess.modules.gpu_transfer)[0m
[32;20m[2026-06-03 07:17:29,528] LMCache INFO:[0m Stored 256 tokens in 0.004 seconds [3m(gpu_transfer.py:513:lmcache.v1.multiprocess.modules.gpu_transfer)[0m
[32;20m[2026-06-03 07:17:29,538] LMCache INFO:[0m Stored 256 tokens in 0.003 seconds [3m(gpu_transfer.py:513:lmcache.v1.multiprocess.modules.gpu_transfer)[0m
[32;20m[2026-06-03 07:17:30,368] LMCache INFO:[0m Stored 256 tokens in 0.003 seconds [3m(gpu_transfer.py:513:lmcache.v1.multiprocess.modules.gpu_transfer)[0m
[32;20m[2026-06-03 07:17:31,354] LMCache INFO:[0m Stored 256 tokens in 0.004 seconds [3m(gpu_transfer.py:513:lmcache.v1.multiprocess.modules.gpu_transfer)[0m
[32;20m[2026-06-03 07:17:32,881] LMCache INFO:[0m Stored 256 tokens in 0.003 seconds [3m(gpu_transfer.py:513:lmcache.v1.multiprocess.modules.gpu_transfer)[0m
[32;20m[2026-06-03 07:17:33,134] LMCache INFO:[0m Stored 256 tokens in 0.003 seconds [3m(gpu_transfer.py:513:lmcache.v1.multiprocess.modules.gpu_transfer)[0m
[32;20m[2026-06-03 07:17:33,553] LMCache INFO:[0m Stored 256 tokens in 0.003 seconds [3m(gpu_transfer.py:513:lmcache.v1.multiprocess.modules.gpu_transfer)[0m
[32;20m[2026-06-03 07:17:34,000] LMCache INFO:[0m Stored 256 tokens in 0.005 seconds [3m(gpu_transfer.py:513:lmcache.v1.multiprocess.modules.gpu_transfer)[0m
[32;20m[2026-06-03 07:17:35,085] LMCache INFO:[0m Stored 256 tokens in 0.008 seconds [3m(gpu_transfer.py:513:lmcache.v1.multiprocess.modules.gpu_transfer)[0m
[32;20m[2026-06-03 07:17:35,107] LMCache INFO:[0m Stored 256 tokens in 0.004 seconds [3m(gpu_transfer.py:513:lmcache.v1.multiprocess.modules.gpu_transfer)[0m
[32;20m[2026-06-03 07:17:35,118] LMCache INFO:[0m Stored 256 tokens in 0.003 seconds [3m(gpu_transfer.py:513:lmcache.v1.multiprocess.modules.gpu_transfer)[0m
[32;20m[2026-06-03 07:17:35,945] LMCache INFO:[0m Stored 256 tokens in 0.003 seconds [3m(gpu_transfer.py:513:lmcache.v1.multiprocess.modules.gpu_transfer)[0m
[32;20m[2026-06-03 07:17:36,932] LMCache INFO:[0m Stored 256 tokens in 0.004 seconds [3m(gpu_transfer.py:513:lmcache.v1.multiprocess.modules.gpu_transfer)[0m
[32;20m[2026-06-03 07:17:38,448] LMCache INFO:[0m Stored 256 tokens in 0.003 seconds [3m(gpu_transfer.py:513:lmcache.v1.multiprocess.modules.gpu_transfer)[0m
[32;20m[2026-06-03 07:17:38,700] LMCache INFO:[0m Stored 256 tokens in 0.003 seconds [3m(gpu_transfer.py:513:lmcache.v1.multiprocess.modules.gpu_transfer)[0m
[32;20m[2026-06-03 07:17:39,117] LMCache INFO:[0m Stored 256 tokens in 0.003 seconds [3m(gpu_transfer.py:513:lmcache.v1.multiprocess.modules.gpu_transfer)[0m
[32;20m[2026-06-03 07:17:39,563] LMCache INFO:[0m Stored 256 tokens in 0.005 seconds [3m(gpu_transfer.py:513:lmcache.v1.multiprocess.modules.gpu_transfer)[0m
[32;20m[2026-06-03 07:17:40,643] LMCache INFO:[0m Stored 256 tokens in 0.008 seconds [3m(gpu_transfer.py:513:lmcache.v1.multiprocess.modules.gpu_transfer)[0m
[32;20m[2026-06-03 07:17:40,665] LMCache INFO:[0m Stored 256 tokens in 0.004 seconds [3m(gpu_transfer.py:513:lmcache.v1.multiprocess.modules.gpu_transfer)[0m
[32;20m[2026-06-03 07:17:40,675] LMCache INFO:[0m Stored 256 tokens in 0.003 seconds [3m(gpu_transfer.py:513:lmcache.v1.multiprocess.modules.gpu_transfer)[0m
[32;20m[2026-06-03 07:17:41,394] LMCache INFO:[0m Stored 256 tokens in 0.003 seconds [3m(gpu_transfer.py:513:lmcache.v1.multiprocess.modules.gpu_transfer)[0m
[32;20m[2026-06-03 07:17:42,221] LMCache INFO:[0m Stored 256 tokens in 0.005 seconds [3m(gpu_transfer.py:513:lmcache.v1.multiprocess.modules.gpu_transfer)[0m
[32;20m[2026-06-03 07:17:43,495] LMCache INFO:[0m Stored 256 tokens in 0.003 seconds [3m(gpu_transfer.py:513:lmcache.v1.multiprocess.modules.gpu_transfer)[0m
[32;20m[2026-06-03 07:17:43,709] LMCache INFO:[0m Stored 256 tokens in 0.003 seconds [3m(gpu_transfer.py:513:lmcache.v1.multiprocess.modules.gpu_transfer)[0m
[32;20m[2026-06-03 07:17:44,062] LMCache INFO:[0m Stored 256 tokens in 0.004 seconds [3m(gpu_transfer.py:513:lmcache.v1.multiprocess.modules.gpu_transfer)[0m
[32;20m[2026-06-03 07:17:44,439] LMCache INFO:[0m Stored 256 tokens in 0.005 seconds [3m(gpu_transfer.py:513:lmcache.v1.multiprocess.modules.gpu_transfer)[0m
[32;20m[2026-06-03 07:17:45,339] LMCache INFO:[0m Stored 256 tokens in 0.003 seconds [3m(gpu_transfer.py:513:lmcache.v1.multiprocess.modules.gpu_transfer)[0m
[32;20m[2026-06-03 07:17:45,379] LMCache INFO:[0m Stored 256 tokens in 0.003 seconds [3m(gpu_transfer.py:513:lmcache.v1.multiprocess.modules.gpu_transfer)[0m
[32;20m[2026-06-03 07:17:46,078] LMCache INFO:[0m Stored 256 tokens in 0.003 seconds [3m(gpu_transfer.py:513:lmcache.v1.multiprocess.modules.gpu_transfer)[0m
[32;20m[2026-06-03 07:17:46,908] LMCache INFO:[0m Stored 256 tokens in 0.004 seconds [3m(gpu_transfer.py:513:lmcache.v1.multiprocess.modules.gpu_transfer)[0m
[32;20m[2026-06-03 07:17:48,188] LMCache INFO:[0m Stored 256 tokens in 0.003 seconds [3m(gpu_transfer.py:513:lmcache.v1.multiprocess.modules.gpu_transfer)[0m
[32;20m[2026-06-03 07:17:48,402] LMCache INFO:[0m Stored 256 tokens in 0.003 seconds [3m(gpu_transfer.py:513:lmcache.v1.multiprocess.modules.gpu_transfer)[0m
[32;20m[2026-06-03 07:17:48,756] LMCache INFO:[0m Stored 256 tokens in 0.003 seconds [3m(gpu_transfer.py:513:lmcache.v1.multiprocess.modules.gpu_transfer)[0m
[32;20m[2026-06-03 07:17:49,136] LMCache INFO:[0m Stored 256 tokens in 0.005 seconds [3m(gpu_transfer.py:513:lmcache.v1.multiprocess.modules.gpu_transfer)[0m
[32;20m[2026-06-03 07:17:50,037] LMCache INFO:[0m Stored 256 tokens in 0.004 seconds [3m(gpu_transfer.py:513:lmcache.v1.multiprocess.modules.gpu_transfer)[0m
[32;20m[2026-06-03 07:17:50,076] LMCache INFO:[0m Stored 256 tokens in 0.003 seconds [3m(gpu_transfer.py:513:lmcache.v1.multiprocess.modules.gpu_transfer)[0m
[32;20m[2026-06-03 07:17:50,777] LMCache INFO:[0m Stored 256 tokens in 0.003 seconds [3m(gpu_transfer.py:513:lmcache.v1.multiprocess.modules.gpu_transfer)[0m
[32;20m[2026-06-03 07:17:51,587] LMCache INFO:[0m Stored 256 tokens in 0.005 seconds [3m(gpu_transfer.py:513:lmcache.v1.multiprocess.modules.gpu_transfer)[0m
[32;20m[2026-06-03 07:17:52,765] LMCache INFO:[0m Stored 256 tokens in 0.003 seconds [3m(gpu_transfer.py:513:lmcache.v1.multiprocess.modules.gpu_transfer)[0m
[32;20m[2026-06-03 07:17:53,272] LMCache INFO:[0m Stored 256 tokens in 0.004 seconds [3m(gpu_transfer.py:513:lmcache.v1.multiprocess.modules.gpu_transfer)[0m
[32;20m[2026-06-03 07:17:54,422] LMCache INFO:[0m Stored 256 tokens in 0.004 seconds [3m(gpu_transfer.py:513:lmcache.v1.multiprocess.modules.gpu_transfer)[0m
[32;20m[2026-06-03 07:17:54,456] LMCache INFO:[0m Stored 256 tokens in 0.003 seconds [3m(gpu_transfer.py:513:lmcache.v1.multiprocess.modules.gpu_transfer)[0m
[32;20m[2026-06-03 07:17:55,092] LMCache INFO:[0m Stored 256 tokens in 0.003 seconds [3m(gpu_transfer.py:513:lmcache.v1.multiprocess.modules.gpu_transfer)[0m
[32;20m[2026-06-03 07:17:55,849] LMCache INFO:[0m Stored 256 tokens in 0.005 seconds [3m(gpu_transfer.py:513:lmcache.v1.multiprocess.modules.gpu_transfer)[0m
[32;20m[2026-06-03 07:17:57,015] LMCache INFO:[0m Stored 256 tokens in 0.002 seconds [3m(gpu_transfer.py:513:lmcache.v1.multiprocess.modules.gpu_transfer)[0m
[32;20m[2026-06-03 07:17:57,524] LMCache INFO:[0m Stored 256 tokens in 0.004 seconds [3m(gpu_transfer.py:513:lmcache.v1.multiprocess.modules.gpu_transfer)[0m
[32;20m[2026-06-03 07:17:58,681] LMCache INFO:[0m Stored 256 tokens in 0.004 seconds [3m(gpu_transfer.py:513:lmcache.v1.multiprocess.modules.gpu_transfer)[0m
[32;20m[2026-06-03 07:17:58,716] LMCache INFO:[0m Stored 256 tokens in 0.003 seconds [3m(gpu_transfer.py:513:lmcache.v1.multiprocess.modules.gpu_transfer)[0m
[32;20m[2026-06-03 07:17:59,352] LMCache INFO:[0m Stored 256 tokens in 0.003 seconds [3m(gpu_transfer.py:513:lmcache.v1.multiprocess.modules.gpu_transfer)[0m
[32;20m[2026-06-03 07:18:00,107] LMCache INFO:[0m Stored 256 tokens in 0.004 seconds [3m(gpu_transfer.py:513:lmcache.v1.multiprocess.modules.gpu_transfer)[0m
[32;20m[2026-06-03 07:18:01,237] LMCache INFO:[0m Stored 256 tokens in 0.003 seconds [3m(gpu_transfer.py:513:lmcache.v1.multiprocess.modules.gpu_transfer)[0m
[32;20m[2026-06-03 07:18:01,722] LMCache INFO:[0m Stored 256 tokens in 0.004 seconds [3m(gpu_transfer.py:513:lmcache.v1.multiprocess.modules.gpu_transfer)[0m
[32;20m[2026-06-03 07:18:02,854] LMCache INFO:[0m Stored 256 tokens in 0.004 seconds [3m(gpu_transfer.py:513:lmcache.v1.multiprocess.modules.gpu_transfer)[0m
[32;20m[2026-06-03 07:18:03,454] LMCache INFO:[0m Stored 256 tokens in 0.003 seconds [3m(gpu_transfer.py:513:lmcache.v1.multiprocess.modules.gpu_transfer)[0m
[32;20m[2026-06-03 07:18:04,177] LMCache INFO:[0m Stored 256 tokens in 0.004 seconds [3m(gpu_transfer.py:513:lmcache.v1.multiprocess.modules.gpu_transfer)[0m
[32;20m[2026-06-03 07:18:05,285] LMCache INFO:[0m Stored 256 tokens in 0.002 seconds [3m(gpu_transfer.py:513:lmcache.v1.multiprocess.modules.gpu_transfer)[0m
[32;20m[2026-06-03 07:18:05,772] LMCache INFO:[0m Stored 256 tokens in 0.004 seconds [3m(gpu_transfer.py:513:lmcache.v1.multiprocess.modules.gpu_transfer)[0m
[32;20m[2026-06-03 07:18:06,907] LMCache INFO:[0m Stored 256 tokens in 0.004 seconds [3m(gpu_transfer.py:513:lmcache.v1.multiprocess.modules.gpu_transfer)[0m
[32;20m[2026-06-03 07:18:07,507] LMCache INFO:[0m Stored 256 tokens in 0.003 seconds [3m(gpu_transfer.py:513:lmcache.v1.multiprocess.modules.gpu_transfer)[0m
[32;20m[2026-06-03 07:18:08,230] LMCache INFO:[0m Stored 256 tokens in 0.005 seconds [3m(gpu_transfer.py:513:lmcache.v1.multiprocess.modules.gpu_transfer)[0m
[32;20m[2026-06-03 07:18:09,337] LMCache INFO:[0m Stored 256 tokens in 0.002 seconds [3m(gpu_transfer.py:513:lmcache.v1.multiprocess.modules.gpu_transfer)[0m
[32;20m[2026-06-03 07:18:09,822] LMCache INFO:[0m Stored 256 tokens in 0.004 seconds [3m(gpu_transfer.py:513:lmcache.v1.multiprocess.modules.gpu_transfer)[0m
[32;20m[2026-06-03 07:18:10,956] LMCache INFO:[0m Stored 256 tokens in 0.004 seconds [3m(gpu_transfer.py:513:lmcache.v1.multiprocess.modules.gpu_transfer)[0m
[32;20m[2026-06-03 07:18:11,557] LMCache INFO:[0m Stored 256 tokens in 0.003 seconds [3m(gpu_transfer.py:513:lmcache.v1.multiprocess.modules.gpu_transfer)[0m
[32;20m[2026-06-03 07:18:12,280] LMCache INFO:[0m Stored 256 tokens in 0.005 seconds [3m(gpu_transfer.py:513:lmcache.v1.multiprocess.modules.gpu_transfer)[0m
[32;20m[2026-06-03 07:18:13,387] LMCache INFO:[0m Stored 256 tokens in 0.002 seconds [3m(gpu_transfer.py:513:lmcache.v1.multiprocess.modules.gpu_transfer)[0m
[32;20m[2026-06-03 07:18:13,873] LMCache INFO:[0m Stored 256 tokens in 0.004 seconds [3m(gpu_transfer.py:513:lmcache.v1.multiprocess.modules.gpu_transfer)[0m
[32;20m[2026-06-03 07:18:14,925] LMCache INFO:[0m Stored 256 tokens in 0.005 seconds [3m(gpu_transfer.py:513:lmcache.v1.multiprocess.modules.gpu_transfer)[0m
[32;20m[2026-06-03 07:18:15,432] LMCache INFO:[0m Stored 256 tokens in 0.004 seconds [3m(gpu_transfer.py:513:lmcache.v1.multiprocess.modules.gpu_transfer)[0m
[32;20m[2026-06-03 07:18:16,976] LMCache INFO:[0m Stored 256 tokens in 0.003 seconds [3m(gpu_transfer.py:513:lmcache.v1.multiprocess.modules.gpu_transfer)[0m
[32;20m[2026-06-03 07:18:17,390] LMCache INFO:[0m Stored 256 tokens in 0.004 seconds [3m(gpu_transfer.py:513:lmcache.v1.multiprocess.modules.gpu_transfer)[0m
[32;20m[2026-06-03 07:18:18,352] LMCache INFO:[0m Stored 256 tokens in 0.004 seconds [3m(gpu_transfer.py:513:lmcache.v1.multiprocess.modules.gpu_transfer)[0m
[32;20m[2026-06-03 07:18:18,861] LMCache INFO:[0m Stored 256 tokens in 0.003 seconds [3m(gpu_transfer.py:513:lmcache.v1.multiprocess.modules.gpu_transfer)[0m
[32;20m[2026-06-03 07:18:20,409] LMCache INFO:[0m Stored 256 tokens in 0.003 seconds [3m(gpu_transfer.py:513:lmcache.v1.multiprocess.modules.gpu_transfer)[0m
[32;20m[2026-06-03 07:18:20,822] LMCache INFO:[0m Stored 256 tokens in 0.004 seconds [3m(gpu_transfer.py:513:lmcache.v1.multiprocess.modules.gpu_transfer)[0m
[32;20m[2026-06-03 07:18:21,784] LMCache INFO:[0m Stored 256 tokens in 0.004 seconds [3m(gpu_transfer.py:513:lmcache.v1.multiprocess.modules.gpu_transfer)[0m
[32;20m[2026-06-03 07:18:22,293] LMCache INFO:[0m Stored 256 tokens in 0.003 seconds [3m(gpu_transfer.py:513:lmcache.v1.multiprocess.modules.gpu_transfer)[0m
[32;20m[2026-06-03 07:18:23,835] LMCache INFO:[0m Stored 256 tokens in 0.002 seconds [3m(gpu_transfer.py:513:lmcache.v1.multiprocess.modules.gpu_transfer)[0m
[32;20m[2026-06-03 07:18:24,247] LMCache INFO:[0m Stored 256 tokens in 0.004 seconds [3m(gpu_transfer.py:513:lmcache.v1.multiprocess.modules.gpu_transfer)[0m
[32;20m[2026-06-03 07:18:25,206] LMCache INFO:[0m Stored 256 tokens in 0.004 seconds [3m(gpu_transfer.py:513:lmcache.v1.multiprocess.modules.gpu_transfer)[0m
[32;20m[2026-06-03 07:18:25,714] LMCache INFO:[0m Stored 256 tokens in 0.003 seconds [3m(gpu_transfer.py:513:lmcache.v1.multiprocess.modules.gpu_transfer)[0m
[32;20m[2026-06-03 07:18:27,258] LMCache INFO:[0m Stored 256 tokens in 0.003 seconds [3m(gpu_transfer.py:513:lmcache.v1.multiprocess.modules.gpu_transfer)[0m
[32;20m[2026-06-03 07:18:27,671] LMCache INFO:[0m Stored 256 tokens in 0.004 seconds [3m(gpu_transfer.py:513:lmcache.v1.multiprocess.modules.gpu_transfer)[0m
[32;20m[2026-06-03 07:18:28,631] LMCache INFO:[0m Stored 256 tokens in 0.004 seconds [3m(gpu_transfer.py:513:lmcache.v1.multiprocess.modules.gpu_transfer)[0m
[32;20m[2026-06-03 07:18:29,139] LMCache INFO:[0m Stored 256 tokens in 0.004 seconds [3m(gpu_transfer.py:513:lmcache.v1.multiprocess.modules.gpu_transfer)[0m
[32;20m[2026-06-03 07:18:30,678] LMCache INFO:[0m Stored 256 tokens in 0.003 seconds [3m(gpu_transfer.py:513:lmcache.v1.multiprocess.modules.gpu_transfer)[0m
[32;20m[2026-06-03 07:18:31,090] LMCache INFO:[0m Stored 256 tokens in 0.004 seconds [3m(gpu_transfer.py:513:lmcache.v1.multiprocess.modules.gpu_transfer)[0m
[32;20m[2026-06-03 07:18:32,048] LMCache INFO:[0m Stored 256 tokens in 0.004 seconds [3m(gpu_transfer.py:513:lmcache.v1.multiprocess.modules.gpu_transfer)[0m
[32;20m[2026-06-03 07:18:34,345] LMCache INFO:[0m Stored 256 tokens in 0.004 seconds [3m(gpu_transfer.py:513:lmcache.v1.multiprocess.modules.gpu_transfer)[0m
[32;20m[2026-06-03 07:18:35,862] LMCache INFO:[0m Stored 256 tokens in 0.004 seconds [3m(gpu_transfer.py:513:lmcache.v1.multiprocess.modules.gpu_transfer)[0m
[32;20m[2026-06-03 07:18:38,806] LMCache INFO:[0m Stored 256 tokens in 0.003 seconds [3m(gpu_transfer.py:513:lmcache.v1.multiprocess.modules.gpu_transfer)[0m
[32;20m[2026-06-03 07:18:41,751] LMCache INFO:[0m Stored 256 tokens in 0.004 seconds [3m(gpu_transfer.py:513:lmcache.v1.multiprocess.modules.gpu_transfer)[0m
[32;20m[2026-06-03 07:18:44,700] LMCache INFO:[0m Stored 256 tokens in 0.004 seconds [3m(gpu_transfer.py:513:lmcache.v1.multiprocess.modules.gpu_transfer)[0m
[32;20m[2026-06-03 07:18:47,614] LMCache INFO:[0m Stored 256 tokens in 0.004 seconds [3m(gpu_transfer.py:513:lmcache.v1.multiprocess.modules.gpu_transfer)[0m
[32;20m[2026-06-03 07:18:50,531] LMCache INFO:[0m Stored 256 tokens in 0.004 seconds [3m(gpu_transfer.py:513:lmcache.v1.multiprocess.modules.gpu_transfer)[0m
[32;20m[2026-06-03 07:18:53,453] LMCache INFO:[0m Stored 256 tokens in 0.004 seconds [3m(gpu_transfer.py:513:lmcache.v1.multiprocess.modules.gpu_transfer)[0m
[32;20m[2026-06-03 07:18:56,374] LMCache INFO:[0m Stored 256 tokens in 0.004 seconds [3m(gpu_transfer.py:513:lmcache.v1.multiprocess.modules.gpu_transfer)[0m
[32;20m[2026-06-03 07:18:59,297] LMCache INFO:[0m Stored 256 tokens in 0.003 seconds [3m(gpu_transfer.py:513:lmcache.v1.multiprocess.modules.gpu_transfer)[0m
[32;20m[2026-06-03 07:19:02,223] LMCache INFO:[0m Stored 256 tokens in 0.003 seconds [3m(gpu_transfer.py:513:lmcache.v1.multiprocess.modules.gpu_transfer)[0m
[32;20m[2026-06-03 07:19:05,152] LMCache INFO:[0m Stored 256 tokens in 0.003 seconds [3m(gpu_transfer.py:513:lmcache.v1.multiprocess.modules.gpu_transfer)[0m
[32;20m[2026-06-03 07:19:08,082] LMCache INFO:[0m Stored 256 tokens in 0.003 seconds [3m(gpu_transfer.py:513:lmcache.v1.multiprocess.modules.gpu_transfer)[0m
[32;20m[2026-06-03 07:19:11,013] LMCache INFO:[0m Stored 256 tokens in 0.003 seconds [3m(gpu_transfer.py:513:lmcache.v1.multiprocess.modules.gpu_transfer)[0m
[32;20m[2026-06-03 07:19:13,948] LMCache INFO:[0m Stored 256 tokens in 0.003 seconds [3m(gpu_transfer.py:513:lmcache.v1.multiprocess.modules.gpu_transfer)[0m
[32;20m[2026-06-03 07:19:16,885] LMCache INFO:[0m Stored 256 tokens in 0.004 seconds [3m(gpu_transfer.py:513:lmcache.v1.multiprocess.modules.gpu_transfer)[0m
[32;20m[2026-06-03 07:19:19,822] LMCache INFO:[0m Stored 256 tokens in 0.003 seconds [3m(gpu_transfer.py:513:lmcache.v1.multiprocess.modules.gpu_transfer)[0m
[32;20m[2026-06-03 07:19:22,761] LMCache INFO:[0m Stored 256 tokens in 0.003 seconds [3m(gpu_transfer.py:513:lmcache.v1.multiprocess.modules.gpu_transfer)[0m
[32;20m[2026-06-03 07:19:25,704] LMCache INFO:[0m Stored 256 tokens in 0.004 seconds [3m(gpu_transfer.py:513:lmcache.v1.multiprocess.modules.gpu_transfer)[0m
[32;20m[2026-06-03 07:19:26,693] LMCache INFO:[0m Prefetch request completed (L1+L2): 478/478 retained keys (478 L1, 0 L2) in 7.7 ms (external_request_id=chatcmpl-0a081601-a2b9-4227-8bd5-2000d82320a2-a26622c0, prefetch_request_id=-1) [3m(storage_manager.py:575:lmcache.v1.distributed.storage_manager)[0m
[32;20m[2026-06-03 07:19:26,773] LMCache INFO:[0m Prefetch request completed (L1+L2): 84/84 retained keys (84 L1, 0 L2) in 10.6 ms (external_request_id=chatcmpl-b443b8b1-cefc-4efe-9c88-563702160cc8-9b565849, prefetch_request_id=-1) [3m(storage_manager.py:575:lmcache.v1.distributed.storage_manager)[0m
[32;20m[2026-06-03 07:19:26,901] LMCache INFO:[0m Stored 256 tokens in 0.086 seconds [3m(gpu_transfer.py:513:lmcache.v1.multiprocess.modules.gpu_transfer)[0m
[32;20m[2026-06-03 07:19:27,408] LMCache INFO:[0m Prefetch request completed (L1+L2): 180/180 retained keys (180 L1, 0 L2) in 1.2 ms (external_request_id=chatcmpl-799954a3-b494-41ac-a359-8198271ce3b7-ab537f60, prefetch_request_id=-1) [3m(storage_manager.py:575:lmcache.v1.distributed.storage_manager)[0m
[32;20m[2026-06-03 07:19:27,868] LMCache INFO:[0m Stored 256 tokens in 0.006 seconds [3m(gpu_transfer.py:513:lmcache.v1.multiprocess.modules.gpu_transfer)[0m
[32;20m[2026-06-03 07:19:28,751] LMCache INFO:[0m Prefetch request completed (L1+L2): 345/345 retained keys (345 L1, 0 L2) in 22.3 ms (external_request_id=chatcmpl-016211fd-355e-4538-a68e-78285c6a8602-8b1989d9, prefetch_request_id=-1) [3m(storage_manager.py:575:lmcache.v1.distributed.storage_manager)[0m
[32;20m[2026-06-03 07:19:28,919] LMCache INFO:[0m Retrieved 256 tokens in 0.058 seconds [3m(gpu_transfer.py:728:lmcache.v1.multiprocess.modules.gpu_transfer)[0m
[32;20m[2026-06-03 07:19:28,953] LMCache INFO:[0m Retrieved 256 tokens in 0.080 seconds [3m(gpu_transfer.py:728:lmcache.v1.multiprocess.modules.gpu_transfer)[0m
[32;20m[2026-06-03 07:19:28,960] LMCache INFO:[0m Retrieved 256 tokens in 0.078 seconds [3m(gpu_transfer.py:728:lmcache.v1.multiprocess.modules.gpu_transfer)[0m
[32;20m[2026-06-03 07:19:28,992] LMCache INFO:[0m Retrieved 256 tokens in 0.037 seconds [3m(gpu_transfer.py:728:lmcache.v1.multiprocess.modules.gpu_transfer)[0m
[32;20m[2026-06-03 07:19:29,075] LMCache INFO:[0m Prefetch request completed (L1+L2): 249/249 retained keys (249 L1, 0 L2) in 16.8 ms (external_request_id=chatcmpl-13f754a3-6715-4bc4-bc73-2dee0559122d-a755cac3, prefetch_request_id=-1) [3m(storage_manager.py:575:lmcache.v1.distributed.storage_manager)[0m
[32;20m[2026-06-03 07:19:29,325] LMCache INFO:[0m Prefetch request completed (L1+L2): 181/181 retained keys (181 L1, 0 L2) in 16.8 ms (external_request_id=chatcmpl-5fd39865-9f90-4ef6-813a-0b59995bc7e4-9eff53c5, prefetch_request_id=-1) [3m(storage_manager.py:575:lmcache.v1.distributed.storage_manager)[0m
[32;20m[2026-06-03 07:19:29,463] LMCache INFO:[0m Prefetch request completed (L1+L2): 184/184 retained keys (184 L1, 0 L2) in 2.0 ms (external_request_id=chatcmpl-0db7d0eb-7fdb-498b-adae-356c3dbbc4b1-8815ae57, prefetch_request_id=-1) [3m(storage_manager.py:575:lmcache.v1.distributed.storage_manager)[0m
[32;20m[2026-06-03 07:19:29,696] LMCache INFO:[0m Stored 256 tokens in 0.015 seconds [3m(gpu_transfer.py:513:lmcache.v1.multiprocess.modules.gpu_transfer)[0m
[32;20m[2026-06-03 07:19:29,883] LMCache INFO:[0m Stored 256 tokens in 0.006 seconds [3m(gpu_transfer.py:513:lmcache.v1.multiprocess.modules.gpu_transfer)[0m
[32;20m[2026-06-03 07:19:30,654] LMCache INFO:[0m Prefetch request completed (L1+L2): 456/456 retained keys (456 L1, 0 L2) in 1.7 ms (external_request_id=chatcmpl-83810dd4-5538-4e9e-a8db-d8a2b3d548da-901a8597, prefetch_request_id=-1) [3m(storage_manager.py:575:lmcache.v1.distributed.storage_manager)[0m
[32;20m[2026-06-03 07:19:30,856] LMCache INFO:[0m Stored 256 tokens in 0.073 seconds [3m(gpu_transfer.py:513:lmcache.v1.multiprocess.modules.gpu_transfer)[0m
[32;20m[2026-06-03 07:19:32,742] LMCache INFO:[0m Prefetch request completed (L1+L2): 580/580 retained keys (580 L1, 0 L2) in 1.8 ms (external_request_id=chatcmpl-b6b262cd-3274-4bd9-9fac-b1aaceb99964-b01fae31, prefetch_request_id=-1) [3m(storage_manager.py:575:lmcache.v1.distributed.storage_manager)[0m
[32;20m[2026-06-03 07:19:32,987] LMCache INFO:[0m Stored 256 tokens in 0.015 seconds [3m(gpu_transfer.py:513:lmcache.v1.multiprocess.modules.gpu_transfer)[0m
[32;20m[2026-06-03 07:19:34,039] LMCache INFO:[0m Prefetch request completed (L1+L2): 696/696 retained keys (696 L1, 0 L2) in 18.2 ms (external_request_id=chatcmpl-4f970a95-e9f4-464f-b47f-65dacd21e01c-a56fb6f4, prefetch_request_id=-1) [3m(storage_manager.py:575:lmcache.v1.distributed.storage_manager)[0m
[32;20m[2026-06-03 07:19:34,542] LMCache INFO:[0m Prefetch request completed (L1+L2): 376/376 retained keys (376 L1, 0 L2) in 27.4 ms (external_request_id=chatcmpl-8656eb82-8cdf-440a-a30c-48c28bc2f81f-95f59f2f, prefetch_request_id=-1) [3m(storage_manager.py:575:lmcache.v1.distributed.storage_manager)[0m
[32;20m[2026-06-03 07:19:35,533] LMCache INFO:[0m Prefetch request completed (L1+L2): 810/810 retained keys (810 L1, 0 L2) in 13.4 ms (external_request_id=chatcmpl-a1de1569-a5e2-4bba-aa51-d15901538f24-843ec3e8, prefetch_request_id=-1) [3m(storage_manager.py:575:lmcache.v1.distributed.storage_manager)[0m
[32;20m[2026-06-03 07:19:35,729] LMCache INFO:[0m Prefetch request completed (L1+L2): 84/93 retained keys (84 L1, 0 L2) in 41.3 ms (external_request_id=chatcmpl-cc965edf-5feb-4fc6-b9fa-3da062a66b1e-b7590f3d, prefetch_request_id=-1) [3m(storage_manager.py:575:lmcache.v1.distributed.storage_manager)[0m
[32;20m[2026-06-03 07:19:36,021] LMCache INFO:[0m Prefetch request completed (L1+L2): 371/371 retained keys (371 L1, 0 L2) in 22.2 ms (external_request_id=chatcmpl-47119cdd-be03-4f67-8fad-69ffeefcbdbe-bc11a155, prefetch_request_id=-1) [3m(storage_manager.py:575:lmcache.v1.distributed.storage_manager)[0m
[32;20m[2026-06-03 07:19:36,531] LMCache INFO:[0m Stored 2304 tokens in 0.012 seconds [3m(gpu_transfer.py:513:lmcache.v1.multiprocess.modules.gpu_transfer)[0m
[32;20m[2026-06-03 07:19:36,698] LMCache INFO:[0m Stored 256 tokens in 0.016 seconds [3m(gpu_transfer.py:513:lmcache.v1.multiprocess.modules.gpu_transfer)[0m
[32;20m[2026-06-03 07:19:36,772] LMCache INFO:[0m Prefetch request completed (L1+L2): 408/408 retained keys (408 L1, 0 L2) in 1.3 ms (external_request_id=chatcmpl-0d649f60-fef2-4c57-b922-8b1a684f679f-bc1b105e, prefetch_request_id=-1) [3m(storage_manager.py:575:lmcache.v1.distributed.storage_manager)[0m
[32;20m[2026-06-03 07:19:37,378] LMCache INFO:[0m Stored 256 tokens in 0.004 seconds [3m(gpu_transfer.py:513:lmcache.v1.multiprocess.modules.gpu_transfer)[0m
[32;20m[2026-06-03 07:19:37,714] LMCache INFO:[0m Prefetch request completed (L1+L2): 345/350 retained keys (345 L1, 0 L2) in 1.5 ms (external_request_id=chatcmpl-941e3642-3c34-464c-aacd-b6ca9de343f4-a3f24724, prefetch_request_id=-1) [3m(storage_manager.py:575:lmcache.v1.distributed.storage_manager)[0m
[32;20m[2026-06-03 07:19:38,189] LMCache INFO:[0m Stored 1280 tokens in 0.011 seconds [3m(gpu_transfer.py:513:lmcache.v1.multiprocess.modules.gpu_transfer)[0m
[32;20m[2026-06-03 07:19:38,687] LMCache INFO:[0m Stored 256 tokens in 0.023 seconds [3m(gpu_transfer.py:513:lmcache.v1.multiprocess.modules.gpu_transfer)[0m
[32;20m[2026-06-03 07:19:38,887] LMCache INFO:[0m Stored 256 tokens in 0.012 seconds [3m(gpu_transfer.py:513:lmcache.v1.multiprocess.modules.gpu_transfer)[0m
[32;20m[2026-06-03 07:19:39,246] LMCache INFO:[0m Stored 256 tokens in 0.011 seconds [3m(gpu_transfer.py:513:lmcache.v1.multiprocess.modules.gpu_transfer)[0m
[32;20m[2026-06-03 07:19:39,907] LMCache INFO:[0m Prefetch request completed (L1+L2): 742/742 retained keys (742 L1, 0 L2) in 18.3 ms (external_request_id=chatcmpl-52a8a3e0-fd3f-4979-89c1-f054b650e8bc-9615169d, prefetch_request_id=-1) [3m(storage_manager.py:575:lmcache.v1.distributed.storage_manager)[0m
[32;20m[2026-06-03 07:19:40,305] LMCache INFO:[0m Prefetch request completed (L1+L2): 328/328 retained keys (328 L1, 0 L2) in 20.9 ms (external_request_id=chatcmpl-0d3bcac2-1cd7-4ed1-bafe-2ebc27f0c7b5-a4bdb2e4, prefetch_request_id=-1) [3m(storage_manager.py:575:lmcache.v1.distributed.storage_manager)[0m
[32;20m[2026-06-03 07:19:40,431] LMCache INFO:[0m Prefetch request completed (L1+L2): 251/251 retained keys (251 L1, 0 L2) in 1.3 ms (external_request_id=chatcmpl-d22e62e5-01db-4081-af66-8fca3b86c9cb-ab966c44, prefetch_request_id=-1) [3m(storage_manager.py:575:lmcache.v1.distributed.storage_manager)[0m
[32;20m[2026-06-03 07:19:41,231] LMCache INFO:[0m Prefetch request completed (L1+L2): 195/195 retained keys (195 L1, 0 L2) in 1.2 ms (external_request_id=chatcmpl-48f939d1-03d6-4a3b-a92c-369a4a75d997-9c20ab17, prefetch_request_id=-1) [3m(storage_manager.py:575:lmcache.v1.distributed.storage_manager)[0m
[32;20m[2026-06-03 07:19:41,386] LMCache INFO:[0m Stored 256 tokens in 0.020 seconds [3m(gpu_transfer.py:513:lmcache.v1.multiprocess.modules.gpu_transfer)[0m
[32;20m[2026-06-03 07:19:41,856] LMCache INFO:[0m Stored 256 tokens in 0.008 seconds [3m(gpu_transfer.py:513:lmcache.v1.multiprocess.modules.gpu_transfer)[0m
[32;20m[2026-06-03 07:19:41,999] LMCache INFO:[0m Stored 256 tokens in 0.012 seconds [3m(gpu_transfer.py:513:lmcache.v1.multiprocess.modules.gpu_transfer)[0m
[32;20m[2026-06-03 07:19:42,693] LMCache INFO:[0m Stored 256 tokens in 0.006 seconds [3m(gpu_transfer.py:513:lmcache.v1.multiprocess.modules.gpu_transfer)[0m
[32;20m[2026-06-03 07:19:42,914] LMCache INFO:[0m Stored 256 tokens in 0.019 seconds [3m(gpu_transfer.py:513:lmcache.v1.multiprocess.modules.gpu_transfer)[0m
[32;20m[2026-06-03 07:19:43,533] LMCache INFO:[0m Stored 256 tokens in 0.002 seconds [3m(gpu_transfer.py:513:lmcache.v1.multiprocess.modules.gpu_transfer)[0m
[32;20m[2026-06-03 07:19:43,861] LMCache INFO:[0m Prefetch request completed (L1+L2): 184/188 retained keys (184 L1, 0 L2) in 1.3 ms (external_request_id=chatcmpl-30d90a1e-b816-48af-ad7e-13701917f5e8-b0d2d99f, prefetch_request_id=-1) [3m(storage_manager.py:575:lmcache.v1.distributed.storage_manager)[0m
[32;20m[2026-06-03 07:19:44,071] LMCache INFO:[0m Stored 1024 tokens in 0.006 seconds [3m(gpu_transfer.py:513:lmcache.v1.multiprocess.modules.gpu_transfer)[0m
[32;20m[2026-06-03 07:19:44,356] LMCache INFO:[0m Stored 256 tokens in 0.003 seconds [3m(gpu_transfer.py:513:lmcache.v1.multiprocess.modules.gpu_transfer)[0m
[32;20m[2026-06-03 07:19:44,526] LMCache INFO:[0m Stored 256 tokens in 0.002 seconds [3m(gpu_transfer.py:513:lmcache.v1.multiprocess.modules.gpu_transfer)[0m
[32;20m[2026-06-03 07:19:44,636] LMCache INFO:[0m Stored 256 tokens in 0.003 seconds [3m(gpu_transfer.py:513:lmcache.v1.multiprocess.modules.gpu_transfer)[0m
[32;20m[2026-06-03 07:19:45,516] LMCache INFO:[0m Stored 256 tokens in 0.004 seconds [3m(gpu_transfer.py:513:lmcache.v1.multiprocess.modules.gpu_transfer)[0m
[32;20m[2026-06-03 07:19:46,269] LMCache INFO:[0m Prefetch request completed (L1+L2): 436/436 retained keys (436 L1, 0 L2) in 1.9 ms (external_request_id=chatcmpl-59ac38ad-699e-4b19-85fe-84af543bbde1-8ac7c2f3, prefetch_request_id=-1) [3m(storage_manager.py:575:lmcache.v1.distributed.storage_manager)[0m
[32;20m[2026-06-03 07:19:46,660] LMCache INFO:[0m Stored 256 tokens in 0.006 seconds [3m(gpu_transfer.py:513:lmcache.v1.multiprocess.modules.gpu_transfer)[0m
[32;20m[2026-06-03 07:19:46,895] LMCache INFO:[0m Stored 256 tokens in 0.003 seconds [3m(gpu_transfer.py:513:lmcache.v1.multiprocess.modules.gpu_transfer)[0m
[32;20m[2026-06-03 07:19:47,337] LMCache INFO:[0m Prefetch request completed (L1+L2): 342/342 retained keys (342 L1, 0 L2) in 1.2 ms (external_request_id=chatcmpl-61ab83b7-dbd7-4efb-b9c1-415064617fa1-b06feadd, prefetch_request_id=-1) [3m(storage_manager.py:575:lmcache.v1.distributed.storage_manager)[0m
[32;20m[2026-06-03 07:19:47,431] LMCache INFO:[0m Stored 256 tokens in 0.035 seconds [3m(gpu_transfer.py:513:lmcache.v1.multiprocess.modules.gpu_transfer)[0m
[32;20m[2026-06-03 07:19:48,132] LMCache INFO:[0m Prefetch request completed (L1+L2): 235/235 retained keys (235 L1, 0 L2) in 1.3 ms (external_request_id=chatcmpl-00758332-f1e6-4395-b050-9de15852330f-8e47722a, prefetch_request_id=-1) [3m(storage_manager.py:575:lmcache.v1.distributed.storage_manager)[0m
[32;20m[2026-06-03 07:19:48,542] LMCache INFO:[0m Stored 256 tokens in 0.008 seconds [3m(gpu_transfer.py:513:lmcache.v1.multiprocess.modules.gpu_transfer)[0m
[32;20m[2026-06-03 07:19:48,945] LMCache INFO:[0m Prefetch request completed (L1+L2): 426/426 retained keys (426 L1, 0 L2) in 22.6 ms (external_request_id=chatcmpl-17a34b23-1ba0-4df1-a7ec-4c1a006c10cd-b081b94e, prefetch_request_id=-1) [3m(storage_manager.py:575:lmcache.v1.distributed.storage_manager)[0m
[32;20m[2026-06-03 07:19:49,254] LMCache INFO:[0m Prefetch request completed (L1+L2): 407/407 retained keys (407 L1, 0 L2) in 1.3 ms (external_request_id=chatcmpl-ace8f9eb-6dc4-48a6-a38a-8cc35747a695-b2b002ec, prefetch_request_id=-1) [3m(storage_manager.py:575:lmcache.v1.distributed.storage_manager)[0m
[32;20m[2026-06-03 07:19:49,590] LMCache INFO:[0m Stored 256 tokens in 0.003 seconds [3m(gpu_transfer.py:513:lmcache.v1.multiprocess.modules.gpu_transfer)[0m
[32;20m[2026-06-03 07:19:49,745] LMCache INFO:[0m Stored 256 tokens in 0.003 seconds [3m(gpu_transfer.py:513:lmcache.v1.multiprocess.modules.gpu_transfer)[0m
[32;20m[2026-06-03 07:19:49,808] LMCache INFO:[0m Stored 256 tokens in 0.012 seconds [3m(gpu_transfer.py:513:lmcache.v1.multiprocess.modules.gpu_transfer)[0m
[32;20m[2026-06-03 07:19:50,518] LMCache INFO:[0m Stored 256 tokens in 0.002 seconds [3m(gpu_transfer.py:513:lmcache.v1.multiprocess.modules.gpu_transfer)[0m
[32;20m[2026-06-03 07:19:50,737] LMCache INFO:[0m Stored 256 tokens in 0.004 seconds [3m(gpu_transfer.py:513:lmcache.v1.multiprocess.modules.gpu_transfer)[0m
[32;20m[2026-06-03 07:19:51,492] LMCache INFO:[0m Stored 256 tokens in 0.002 seconds [3m(gpu_transfer.py:513:lmcache.v1.multiprocess.modules.gpu_transfer)[0m
[32;20m[2026-06-03 07:19:51,997] LMCache INFO:[0m Prefetch request completed (L1+L2): 172/172 retained keys (172 L1, 0 L2) in 1.1 ms (external_request_id=chatcmpl-90a5265c-4ef0-4733-a2c4-7b9fea772f64-808cd8ae, prefetch_request_id=-1) [3m(storage_manager.py:575:lmcache.v1.distributed.storage_manager)[0m
[32;20m[2026-06-03 07:19:52,148] LMCache INFO:[0m Stored 256 tokens in 0.004 seconds [3m(gpu_transfer.py:513:lmcache.v1.multiprocess.modules.gpu_transfer)[0m
[32;20m[2026-06-03 07:19:52,257] LMCache INFO:[0m Stored 256 tokens in 0.012 seconds [3m(gpu_transfer.py:513:lmcache.v1.multiprocess.modules.gpu_transfer)[0m
[32;20m[2026-06-03 07:19:52,281] LMCache INFO:[0m Prefetch request completed (L1+L2): 65/65 retained keys (65 L1, 0 L2) in 0.9 ms (external_request_id=chatcmpl-f8481244-ca59-4828-9221-2121d977a182-b911e4ec, prefetch_request_id=-1) [3m(storage_manager.py:575:lmcache.v1.distributed.storage_manager)[0m
[32;20m[2026-06-03 07:19:52,318] LMCache INFO:[0m Stored 256 tokens in 0.027 seconds [3m(gpu_transfer.py:513:lmcache.v1.multiprocess.modules.gpu_transfer)[0m
[32;20m[2026-06-03 07:19:52,323] LMCache INFO:[0m Stored 256 tokens in 0.002 seconds [3m(gpu_transfer.py:513:lmcache.v1.multiprocess.modules.gpu_transfer)[0m
[32;20m[2026-06-03 07:19:52,399] LMCache INFO:[0m Stored 256 tokens in 0.003 seconds [3m(gpu_transfer.py:513:lmcache.v1.multiprocess.modules.gpu_transfer)[0m
[32;20m[2026-06-03 07:19:53,414] LMCache INFO:[0m Stored 256 tokens in 0.004 seconds [3m(gpu_transfer.py:513:lmcache.v1.multiprocess.modules.gpu_transfer)[0m
[32;20m[2026-06-03 07:19:54,177] LMCache INFO:[0m Stored 256 tokens in 0.012 seconds [3m(gpu_transfer.py:513:lmcache.v1.multiprocess.modules.gpu_transfer)[0m
[32;20m[2026-06-03 07:19:54,410] LMCache INFO:[0m Stored 256 tokens in 0.012 seconds [3m(gpu_transfer.py:513:lmcache.v1.multiprocess.modules.gpu_transfer)[0m
[32;20m[2026-06-03 07:19:54,586] LMCache INFO:[0m Stored 256 tokens in 0.005 seconds [3m(gpu_transfer.py:513:lmcache.v1.multiprocess.modules.gpu_transfer)[0m
[32;20m[2026-06-03 07:19:54,859] LMCache INFO:[0m Stored 256 tokens in 0.003 seconds [3m(gpu_transfer.py:513:lmcache.v1.multiprocess.modules.gpu_transfer)[0m
[32;20m[2026-06-03 07:19:55,467] LMCache INFO:[0m Prefetch request completed (L1+L2): 478/480 retained keys (478 L1, 0 L2) in 1.5 ms (external_request_id=chatcmpl-fcfed438-a229-446b-8255-1c32118b4fb2-ba870997, prefetch_request_id=-1) [3m(storage_manager.py:575:lmcache.v1.distributed.storage_manager)[0m
[32;20m[2026-06-03 07:19:55,639] LMCache INFO:[0m Prefetch request completed (L1+L2): 123/123 retained keys (123 L1, 0 L2) in 41.3 ms (external_request_id=chatcmpl-a29073b2-2d17-452b-bd23-c9f9a349e0e4-a8763c77, prefetch_request_id=-1) [3m(storage_manager.py:575:lmcache.v1.distributed.storage_manager)[0m
[32;20m[2026-06-03 07:19:55,778] LMCache INFO:[0m Stored 512 tokens in 0.014 seconds [3m(gpu_transfer.py:513:lmcache.v1.multiprocess.modules.gpu_transfer)[0m
[32;20m[2026-06-03 07:19:56,299] LMCache INFO:[0m Stored 256 tokens in 0.003 seconds [3m(gpu_transfer.py:513:lmcache.v1.multiprocess.modules.gpu_transfer)[0m
[32;20m[2026-06-03 07:19:57,429] LMCache INFO:[0m Stored 256 tokens in 0.002 seconds [3m(gpu_transfer.py:513:lmcache.v1.multiprocess.modules.gpu_transfer)[0m
[32;20m[2026-06-03 07:19:57,881] LMCache INFO:[0m Stored 256 tokens in 0.002 seconds [3m(gpu_transfer.py:513:lmcache.v1.multiprocess.modules.gpu_transfer)[0m
[32;20m[2026-06-03 07:19:58,036] LMCache INFO:[0m Stored 256 tokens in 0.003 seconds [3m(gpu_transfer.py:513:lmcache.v1.multiprocess.modules.gpu_transfer)[0m
[32;20m[2026-06-03 07:19:58,090] LMCache INFO:[0m Stored 256 tokens in 0.003 seconds [3m(gpu_transfer.py:513:lmcache.v1.multiprocess.modules.gpu_transfer)[0m
[32;20m[2026-06-03 07:19:58,359] LMCache INFO:[0m Stored 256 tokens in 0.003 seconds [3m(gpu_transfer.py:513:lmcache.v1.multiprocess.modules.gpu_transfer)[0m
[32;20m[2026-06-03 07:19:58,836] LMCache INFO:[0m Stored 256 tokens in 0.002 seconds [3m(gpu_transfer.py:513:lmcache.v1.multiprocess.modules.gpu_transfer)[0m
[32;20m[2026-06-03 07:19:58,929] LMCache INFO:[0m Prefetch request completed (L1+L2): 252/252 retained keys (252 L1, 0 L2) in 1.3 ms (external_request_id=chatcmpl-147fafb4-d0a1-4d9f-8143-807d7e066f3a-b2e2a069, prefetch_request_id=-1) [3m(storage_manager.py:575:lmcache.v1.distributed.storage_manager)[0m
[32;20m[2026-06-03 07:19:59,125] LMCache INFO:[0m Stored 256 tokens in 0.005 seconds [3m(gpu_transfer.py:513:lmcache.v1.multiprocess.modules.gpu_transfer)[0m
[32;20m[2026-06-03 07:19:59,918] LMCache INFO:[0m Stored 256 tokens in 0.003 seconds [3m(gpu_transfer.py:513:lmcache.v1.multiprocess.modules.gpu_transfer)[0m
[32;20m[2026-06-03 07:20:00,380] LMCache INFO:[0m Stored 256 tokens in 0.003 seconds [3m(gpu_transfer.py:513:lmcache.v1.multiprocess.modules.gpu_transfer)[0m
[32;20m[2026-06-03 07:20:00,559] LMCache INFO:[0m Stored 256 tokens in 0.004 seconds [3m(gpu_transfer.py:513:lmcache.v1.multiprocess.modules.gpu_transfer)[0m
[32;20m[2026-06-03 07:20:00,609] LMCache INFO:[0m Stored 256 tokens in 0.002 seconds [3m(gpu_transfer.py:513:lmcache.v1.multiprocess.modules.gpu_transfer)[0m
[32;20m[2026-06-03 07:20:00,701] LMCache INFO:[0m Stored 256 tokens in 0.003 seconds [3m(gpu_transfer.py:513:lmcache.v1.multiprocess.modules.gpu_transfer)[0m
[32;20m[2026-06-03 07:20:02,176] LMCache INFO:[0m Prefetch request completed (L1+L2): 287/287 retained keys (287 L1, 0 L2) in 1.4 ms (external_request_id=chatcmpl-1e28b75d-04b6-448e-86b5-253258322f74-a15b7876, prefetch_request_id=-1) [3m(storage_manager.py:575:lmcache.v1.distributed.storage_manager)[0m
[32;20m[2026-06-03 07:20:02,525] LMCache INFO:[0m Stored 256 tokens in 0.004 seconds [3m(gpu_transfer.py:513:lmcache.v1.multiprocess.modules.gpu_transfer)[0m
[32;20m[2026-06-03 07:20:02,757] LMCache INFO:[0m Stored 256 tokens in 0.003 seconds [3m(gpu_transfer.py:513:lmcache.v1.multiprocess.modules.gpu_transfer)[0m
[32;20m[2026-06-03 07:20:02,946] LMCache INFO:[0m Stored 256 tokens in 0.005 seconds [3m(gpu_transfer.py:513:lmcache.v1.multiprocess.modules.gpu_transfer)[0m
[32;20m[2026-06-03 07:20:03,219] LMCache INFO:[0m Stored 256 tokens in 0.003 seconds [3m(gpu_transfer.py:513:lmcache.v1.multiprocess.modules.gpu_transfer)[0m
[32;20m[2026-06-03 07:20:03,400] LMCache INFO:[0m Prefetch request completed (L1+L2): 331/331 retained keys (331 L1, 0 L2) in 21.9 ms (external_request_id=chatcmpl-b18bfe66-f45a-489a-83d4-4628df7da842-af9cfa9d, prefetch_request_id=-1) [3m(storage_manager.py:575:lmcache.v1.distributed.storage_manager)[0m
[32;20m[2026-06-03 07:20:03,550] LMCache INFO:[0m Retrieved 256 tokens in 0.042 seconds [3m(gpu_transfer.py:728:lmcache.v1.multiprocess.modules.gpu_transfer)[0m
[32;20m[2026-06-03 07:20:03,550] LMCache INFO:[0m Retrieved 256 tokens in 0.025 seconds [3m(gpu_transfer.py:728:lmcache.v1.multiprocess.modules.gpu_transfer)[0m
[32;20m[2026-06-03 07:20:03,552] LMCache INFO:[0m Retrieved 256 tokens in 0.029 seconds [3m(gpu_transfer.py:728:lmcache.v1.multiprocess.modules.gpu_transfer)[0m
[32;20m[2026-06-03 07:20:03,557] LMCache INFO:[0m Retrieved 256 tokens in 0.002 seconds [3m(gpu_transfer.py:728:lmcache.v1.multiprocess.modules.gpu_transfer)[0m
[32;20m[2026-06-03 07:20:03,629] LMCache INFO:[0m Prefetch request completed (L1+L2): 188/189 retained keys (188 L1, 0 L2) in 1.2 ms (external_request_id=chatcmpl-705ddf61-7694-4625-ac91-7f17796b6763-80ccd03d, prefetch_request_id=-1) [3m(storage_manager.py:575:lmcache.v1.distributed.storage_manager)[0m
[32;20m[2026-06-03 07:20:04,397] LMCache INFO:[0m Stored 256 tokens in 0.006 seconds [3m(gpu_transfer.py:513:lmcache.v1.multiprocess.modules.gpu_transfer)[0m
[32;20m[2026-06-03 07:20:04,689] LMCache INFO:[0m Stored 256 tokens in 0.002 seconds [3m(gpu_transfer.py:513:lmcache.v1.multiprocess.modules.gpu_transfer)[0m
[32;20m[2026-06-03 07:20:04,816] LMCache INFO:[0m Stored 256 tokens in 0.003 seconds [3m(gpu_transfer.py:513:lmcache.v1.multiprocess.modules.gpu_transfer)[0m
[32;20m[2026-06-03 07:20:05,090] LMCache INFO:[0m Prefetch request completed (L1+L2): 580/588 retained keys (580 L1, 0 L2) in 1.5 ms (external_request_id=chatcmpl-f474afa7-9ae3-4a6e-90f5-2878086cc356-b3990f5f, prefetch_request_id=-1) [3m(storage_manager.py:575:lmcache.v1.distributed.storage_manager)[0m
[32;20m[2026-06-03 07:20:05,394] LMCache INFO:[0m Stored 2048 tokens in 0.017 seconds [3m(gpu_transfer.py:513:lmcache.v1.multiprocess.modules.gpu_transfer)[0m
[32;20m[2026-06-03 07:20:06,310] LMCache INFO:[0m Prefetch request completed (L1+L2): 181/184 retained keys (181 L1, 0 L2) in 21.9 ms (external_request_id=chatcmpl-d3d025a5-cede-4f56-83f0-52ec2500783b-9bedf7b8, prefetch_request_id=-1) [3m(storage_manager.py:575:lmcache.v1.distributed.storage_manager)[0m
[32;20m[2026-06-03 07:20:06,525] LMCache INFO:[0m Prefetch request completed (L1+L2): 252/253 retained keys (252 L1, 0 L2) in 1.6 ms (external_request_id=chatcmpl-6309ec00-90b2-4760-8c5b-15add290805d-b538ed2f, prefetch_request_id=-1) [3m(storage_manager.py:575:lmcache.v1.distributed.storage_manager)[0m
[32;20m[2026-06-03 07:20:06,672] LMCache INFO:[0m Prefetch request completed (L1+L2): 251/254 retained keys (251 L1, 0 L2) in 5.6 ms (external_request_id=chatcmpl-4be71c81-7cba-4b56-89f5-9cb3a059be72-93a81219, prefetch_request_id=-1) [3m(storage_manager.py:575:lmcache.v1.distributed.storage_manager)[0m
[32;20m[2026-06-03 07:20:06,820] LMCache INFO:[0m Stored 768 tokens in 0.010 seconds [3m(gpu_transfer.py:513:lmcache.v1.multiprocess.modules.gpu_transfer)[0m
[32;20m[2026-06-03 07:20:07,108] LMCache INFO:[0m Stored 256 tokens in 0.008 seconds [3m(gpu_transfer.py:513:lmcache.v1.multiprocess.modules.gpu_transfer)[0m
[32;20m[2026-06-03 07:20:07,293] LMCache INFO:[0m Stored 768 tokens in 0.008 seconds [3m(gpu_transfer.py:513:lmcache.v1.multiprocess.modules.gpu_transfer)[0m
[32;20m[2026-06-03 07:20:08,529] LMCache INFO:[0m Stored 256 tokens in 0.002 seconds [3m(gpu_transfer.py:513:lmcache.v1.multiprocess.modules.gpu_transfer)[0m
[32;20m[2026-06-03 07:20:09,196] LMCache INFO:[0m Stored 256 tokens in 0.004 seconds [3m(gpu_transfer.py:513:lmcache.v1.multiprocess.modules.gpu_transfer)[0m
[32;20m[2026-06-03 07:20:09,256] LMCache INFO:[0m Stored 256 tokens in 0.003 seconds [3m(gpu_transfer.py:513:lmcache.v1.multiprocess.modules.gpu_transfer)[0m
[32;20m[2026-06-03 07:20:09,557] LMCache INFO:[0m Stored 256 tokens in 0.003 seconds [3m(gpu_transfer.py:513:lmcache.v1.multiprocess.modules.gpu_transfer)[0m
[32;20m[2026-06-03 07:20:10,086] LMCache INFO:[0m Stored 256 tokens in 0.003 seconds [3m(gpu_transfer.py:513:lmcache.v1.multiprocess.modules.gpu_transfer)[0m
[32;20m[2026-06-03 07:20:10,341] LMCache INFO:[0m Stored 256 tokens in 0.004 seconds [3m(gpu_transfer.py:513:lmcache.v1.multiprocess.modules.gpu_transfer)[0m
[32;20m[2026-06-03 07:20:10,765] LMCache INFO:[0m Prefetch request completed (L1+L2): 557/557 retained keys (557 L1, 0 L2) in 2.5 ms (external_request_id=chatcmpl-4ae29060-11e5-437c-8d1e-d3d782f9a561-8c735d41, prefetch_request_id=-1) [3m(storage_manager.py:575:lmcache.v1.distributed.storage_manager)[0m
[32;20m[2026-06-03 07:20:11,093] LMCache INFO:[0m Stored 256 tokens in 0.003 seconds [3m(gpu_transfer.py:513:lmcache.v1.multiprocess.modules.gpu_transfer)[0m
[32;20m[2026-06-03 07:20:11,168] LMCache INFO:[0m Stored 256 tokens in 0.002 seconds [3m(gpu_transfer.py:513:lmcache.v1.multiprocess.modules.gpu_transfer)[0m
[32;20m[2026-06-03 07:20:11,497] LMCache INFO:[0m Stored 256 tokens in 0.002 seconds [3m(gpu_transfer.py:513:lmcache.v1.multiprocess.modules.gpu_transfer)[0m
[32;20m[2026-06-03 07:20:11,591] LMCache INFO:[0m Prefetch request completed (L1+L2): 93/93 retained keys (93 L1, 0 L2) in 0.9 ms (external_request_id=chatcmpl-f6266fd7-210d-499f-b466-7b7e7d19ff74-92577181, prefetch_request_id=-1) [3m(storage_manager.py:575:lmcache.v1.distributed.storage_manager)[0m
[32;20m[2026-06-03 07:20:11,705] LMCache INFO:[0m Stored 256 tokens in 0.015 seconds [3m(gpu_transfer.py:513:lmcache.v1.multiprocess.modules.gpu_transfer)[0m
[32;20m[2026-06-03 07:20:11,982] LMCache INFO:[0m Stored 256 tokens in 0.003 seconds [3m(gpu_transfer.py:513:lmcache.v1.multiprocess.modules.gpu_transfer)[0m
[32;20m[2026-06-03 07:20:12,190] LMCache INFO:[0m Stored 256 tokens in 0.005 seconds [3m(gpu_transfer.py:513:lmcache.v1.multiprocess.modules.gpu_transfer)[0m
[32;20m[2026-06-03 07:20:12,244] LMCache INFO:[0m Stored 256 tokens in 0.002 seconds [3m(gpu_transfer.py:513:lmcache.v1.multiprocess.modules.gpu_transfer)[0m
[32;20m[2026-06-03 07:20:12,347] LMCache INFO:[0m Stored 256 tokens in 0.003 seconds [3m(gpu_transfer.py:513:lmcache.v1.multiprocess.modules.gpu_transfer)[0m
[32;20m[2026-06-03 07:20:13,166] LMCache INFO:[0m Stored 256 tokens in 0.004 seconds [3m(gpu_transfer.py:513:lmcache.v1.multiprocess.modules.gpu_transfer)[0m
[32;20m[2026-06-03 07:20:14,256] LMCache INFO:[0m Prefetch request completed (L1+L2): 296/296 retained keys (296 L1, 0 L2) in 1.5 ms (external_request_id=chatcmpl-6424d888-558d-43a5-a156-fdf82333f123-8505aa4f, prefetch_request_id=-1) [3m(storage_manager.py:575:lmcache.v1.distributed.storage_manager)[0m
[32;20m[2026-06-03 07:20:14,401] LMCache INFO:[0m Stored 256 tokens in 0.004 seconds [3m(gpu_transfer.py:513:lmcache.v1.multiprocess.modules.gpu_transfer)[0m
[32;20m[2026-06-03 07:20:14,661] LMCache INFO:[0m Stored 256 tokens in 0.003 seconds [3m(gpu_transfer.py:513:lmcache.v1.multiprocess.modules.gpu_transfer)[0m
[32;20m[2026-06-03 07:20:14,873] LMCache INFO:[0m Stored 256 tokens in 0.005 seconds [3m(gpu_transfer.py:513:lmcache.v1.multiprocess.modules.gpu_transfer)[0m
[32;20m[2026-06-03 07:20:15,186] LMCache INFO:[0m Stored 256 tokens in 0.004 seconds [3m(gpu_transfer.py:513:lmcache.v1.multiprocess.modules.gpu_transfer)[0m
[32;20m[2026-06-03 07:20:15,395] LMCache INFO:[0m Prefetch request completed (L1+L2): 312/312 retained keys (312 L1, 0 L2) in 1.4 ms (external_request_id=chatcmpl-38937afc-a72b-4dc3-99da-d82fb1232fcd-b38778b0, prefetch_request_id=-1) [3m(storage_manager.py:575:lmcache.v1.distributed.storage_manager)[0m
[32;20m[2026-06-03 07:20:15,547] LMCache INFO:[0m Stored 256 tokens in 0.003 seconds [3m(gpu_transfer.py:513:lmcache.v1.multiprocess.modules.gpu_transfer)[0m
[32;20m[2026-06-03 07:20:15,683] LMCache INFO:[0m Stored 256 tokens in 0.002 seconds [3m(gpu_transfer.py:513:lmcache.v1.multiprocess.modules.gpu_transfer)[0m
[32;20m[2026-06-03 07:20:15,815] LMCache INFO:[0m Stored 256 tokens in 0.003 seconds [3m(gpu_transfer.py:513:lmcache.v1.multiprocess.modules.gpu_transfer)[0m
[32;20m[2026-06-03 07:20:16,137] LMCache INFO:[0m Prefetch request completed (L1+L2): 287/289 retained keys (287 L1, 0 L2) in 1.3 ms (external_request_id=chatcmpl-0a39d77c-5205-4ff4-95e9-2d9b68fc1e68-b0bf41bd, prefetch_request_id=-1) [3m(storage_manager.py:575:lmcache.v1.distributed.storage_manager)[0m
[32;20m[2026-06-03 07:20:16,414] LMCache INFO:[0m Stored 512 tokens in 0.009 seconds [3m(gpu_transfer.py:513:lmcache.v1.multiprocess.modules.gpu_transfer)[0m
[32;20m[2026-06-03 07:20:17,616] LMCache INFO:[0m Stored 256 tokens in 0.002 seconds [3m(gpu_transfer.py:513:lmcache.v1.multiprocess.modules.gpu_transfer)[0m
[32;20m[2026-06-03 07:20:18,272] LMCache INFO:[0m Stored 256 tokens in 0.004 seconds [3m(gpu_transfer.py:513:lmcache.v1.multiprocess.modules.gpu_transfer)[0m
[32;20m[2026-06-03 07:20:18,332] LMCache INFO:[0m Stored 256 tokens in 0.003 seconds [3m(gpu_transfer.py:513:lmcache.v1.multiprocess.modules.gpu_transfer)[0m
[32;20m[2026-06-03 07:20:18,437] LMCache INFO:[0m Stored 256 tokens in 0.004 seconds [3m(gpu_transfer.py:513:lmcache.v1.multiprocess.modules.gpu_transfer)[0m
[32;20m[2026-06-03 07:20:18,640] LMCache INFO:[0m Stored 256 tokens in 0.003 seconds [3m(gpu_transfer.py:513:lmcache.v1.multiprocess.modules.gpu_transfer)[0m
[32;20m[2026-06-03 07:20:19,099] LMCache INFO:[0m Stored 256 tokens in 0.009 seconds [3m(gpu_transfer.py:513:lmcache.v1.multiprocess.modules.gpu_transfer)[0m
[32;20m[2026-06-03 07:20:19,173] LMCache INFO:[0m Prefetch request completed (L1+L2): 65/198 retained keys (65 L1, 0 L2) in 1.3 ms (external_request_id=chatcmpl-45eac3fe-10c2-4372-91e1-b8373de66d85-bb065cbe, prefetch_request_id=-1) [3m(storage_manager.py:575:lmcache.v1.distributed.storage_manager)[0m
[32;20m[2026-06-03 07:20:19,352] LMCache INFO:[0m Stored 8192 tokens in 0.008 seconds [3m(gpu_transfer.py:513:lmcache.v1.multiprocess.modules.gpu_transfer)[0m
[32;20m[2026-06-03 07:20:19,765] LMCache INFO:[0m Stored 256 tokens in 0.002 seconds [3m(gpu_transfer.py:513:lmcache.v1.multiprocess.modules.gpu_transfer)[0m
[32;20m[2026-06-03 07:20:19,887] LMCache INFO:[0m Stored 7936 tokens in 0.005 seconds [3m(gpu_transfer.py:513:lmcache.v1.multiprocess.modules.gpu_transfer)[0m
[32;20m[2026-06-03 07:20:20,587] LMCache INFO:[0m Stored 8192 tokens in 0.006 seconds [3m(gpu_transfer.py:513:lmcache.v1.multiprocess.modules.gpu_transfer)[0m
[32;20m[2026-06-03 07:20:21,396] LMCache INFO:[0m Prefetch request completed (L1+L2): 328/328 retained keys (328 L1, 0 L2) in 1.6 ms (external_request_id=chatcmpl-c6c5d786-2ec7-4914-92cf-80989d01fd95-996618d2, prefetch_request_id=-1) [3m(storage_manager.py:575:lmcache.v1.distributed.storage_manager)[0m
[32;20m[2026-06-03 07:20:21,525] LMCache INFO:[0m Stored 8192 tokens in 0.087 seconds [3m(gpu_transfer.py:513:lmcache.v1.multiprocess.modules.gpu_transfer)[0m
[32;20m[2026-06-03 07:20:22,563] LMCache INFO:[0m Stored 1536 tokens in 0.003 seconds [3m(gpu_transfer.py:513:lmcache.v1.multiprocess.modules.gpu_transfer)[0m
[32;20m[2026-06-03 07:20:23,192] LMCache INFO:[0m Prefetch request completed (L1+L2): 254/258 retained keys (254 L1, 0 L2) in 22.2 ms (external_request_id=chatcmpl-1f6e3951-f87c-4752-b3ea-51f5d57eca24-b0c82888, prefetch_request_id=-1) [3m(storage_manager.py:575:lmcache.v1.distributed.storage_manager)[0m
[32;20m[2026-06-03 07:20:23,328] LMCache INFO:[0m Prefetch request completed (L1+L2): 172/175 retained keys (172 L1, 0 L2) in 6.1 ms (external_request_id=chatcmpl-8a785d81-d0f6-46db-8b9f-86a2860225dc-bd729024, prefetch_request_id=-1) [3m(storage_manager.py:575:lmcache.v1.distributed.storage_manager)[0m
[32;20m[2026-06-03 07:20:23,436] LMCache INFO:[0m Stored 1024 tokens in 0.015 seconds [3m(gpu_transfer.py:513:lmcache.v1.multiprocess.modules.gpu_transfer)[0m
[32;20m[2026-06-03 07:20:23,693] LMCache INFO:[0m Stored 256 tokens in 0.005 seconds [3m(gpu_transfer.py:513:lmcache.v1.multiprocess.modules.gpu_transfer)[0m
[32;20m[2026-06-03 07:20:23,701] LMCache INFO:[0m Stored 768 tokens in 0.006 seconds [3m(gpu_transfer.py:513:lmcache.v1.multiprocess.modules.gpu_transfer)[0m
[32;20m[2026-06-03 07:20:24,484] LMCache INFO:[0m Stored 256 tokens in 0.002 seconds [3m(gpu_transfer.py:513:lmcache.v1.multiprocess.modules.gpu_transfer)[0m
[32;20m[2026-06-03 07:20:25,030] LMCache INFO:[0m Stored 256 tokens in 0.004 seconds [3m(gpu_transfer.py:513:lmcache.v1.multiprocess.modules.gpu_transfer)[0m
[32;20m[2026-06-03 07:20:25,318] LMCache INFO:[0m Stored 256 tokens in 0.003 seconds [3m(gpu_transfer.py:513:lmcache.v1.multiprocess.modules.gpu_transfer)[0m
[32;20m[2026-06-03 07:20:25,514] LMCache INFO:[0m Stored 256 tokens in 0.003 seconds [3m(gpu_transfer.py:513:lmcache.v1.multiprocess.modules.gpu_transfer)[0m
[32;20m[2026-06-03 07:20:25,876] LMCache INFO:[0m Stored 256 tokens in 0.010 seconds [3m(gpu_transfer.py:513:lmcache.v1.multiprocess.modules.gpu_transfer)[0m
[32;20m[2026-06-03 07:20:25,928] LMCache INFO:[0m Stored 256 tokens in 0.002 seconds [3m(gpu_transfer.py:513:lmcache.v1.multiprocess.modules.gpu_transfer)[0m
[32;20m[2026-06-03 07:20:26,505] LMCache INFO:[0m Stored 256 tokens in 0.004 seconds [3m(gpu_transfer.py:513:lmcache.v1.multiprocess.modules.gpu_transfer)[0m
[32;20m[2026-06-03 07:20:26,642] LMCache INFO:[0m Stored 256 tokens in 0.010 seconds [3m(gpu_transfer.py:513:lmcache.v1.multiprocess.modules.gpu_transfer)[0m
[32;20m[2026-06-03 07:20:26,839] LMCache INFO:[0m Prefetch request completed (L1+L2): 331/334 retained keys (331 L1, 0 L2) in 1.5 ms (external_request_id=chatcmpl-dc9bf20c-49a4-47ca-973e-1af86f4d0b1f-a0b4356e, prefetch_request_id=-1) [3m(storage_manager.py:575:lmcache.v1.distributed.storage_manager)[0m
[32;20m[2026-06-03 07:20:27,118] LMCache INFO:[0m Stored 768 tokens in 0.010 seconds [3m(gpu_transfer.py:513:lmcache.v1.multiprocess.modules.gpu_transfer)[0m
[32;20m[2026-06-03 07:20:28,280] LMCache INFO:[0m Stored 256 tokens in 0.003 seconds [3m(gpu_transfer.py:513:lmcache.v1.multiprocess.modules.gpu_transfer)[0m
[32;20m[2026-06-03 07:20:28,521] LMCache INFO:[0m Stored 256 tokens in 0.003 seconds [3m(gpu_transfer.py:513:lmcache.v1.multiprocess.modules.gpu_transfer)[0m
[32;20m[2026-06-03 07:20:28,984] LMCache INFO:[0m Stored 256 tokens in 0.003 seconds [3m(gpu_transfer.py:513:lmcache.v1.multiprocess.modules.gpu_transfer)[0m
[32;20m[2026-06-03 07:20:29,051] LMCache INFO:[0m Stored 256 tokens in 0.003 seconds [3m(gpu_transfer.py:513:lmcache.v1.multiprocess.modules.gpu_transfer)[0m
[32;20m[2026-06-03 07:20:29,122] LMCache INFO:[0m Stored 256 tokens in 0.003 seconds [3m(gpu_transfer.py:513:lmcache.v1.multiprocess.modules.gpu_transfer)[0m
[32;20m[2026-06-03 07:20:29,364] LMCache INFO:[0m Stored 256 tokens in 0.002 seconds [3m(gpu_transfer.py:513:lmcache.v1.multiprocess.modules.gpu_transfer)[0m
[32;20m[2026-06-03 07:20:31,005] LMCache INFO:[0m Prefetch request completed (L1+L2): 249/250 retained keys (249 L1, 0 L2) in 1.2 ms (external_request_id=chatcmpl-f8609c9c-06dd-4e6c-b90b-aaae2642e685-a61be8fd, prefetch_request_id=-1) [3m(storage_manager.py:575:lmcache.v1.distributed.storage_manager)[0m
[32;20m[2026-06-03 07:20:31,228] LMCache INFO:[0m Stored 256 tokens in 0.008 seconds [3m(gpu_transfer.py:513:lmcache.v1.multiprocess.modules.gpu_transfer)[0m
[32;20m[2026-06-03 07:20:31,684] LMCache INFO:[0m Stored 256 tokens in 0.003 seconds [3m(gpu_transfer.py:513:lmcache.v1.multiprocess.modules.gpu_transfer)[0m
[32;20m[2026-06-03 07:20:31,741] LMCache INFO:[0m Stored 256 tokens in 0.003 seconds [3m(gpu_transfer.py:513:lmcache.v1.multiprocess.modules.gpu_transfer)[0m
[32;20m[2026-06-03 07:20:31,774] LMCache INFO:[0m Stored 256 tokens in 0.002 seconds [3m(gpu_transfer.py:513:lmcache.v1.multiprocess.modules.gpu_transfer)[0m
[32;20m[2026-06-03 07:20:31,834] LMCache INFO:[0m Stored 256 tokens in 0.002 seconds [3m(gpu_transfer.py:513:lmcache.v1.multiprocess.modules.gpu_transfer)[0m
[32;20m[2026-06-03 07:20:32,220] LMCache INFO:[0m Prefetch request completed (L1+L2): 180/183 retained keys (180 L1, 0 L2) in 1.1 ms (external_request_id=chatcmpl-e1513f7c-c8bc-4de1-bac9-af606a095cb6-9a7ca68d, prefetch_request_id=-1) [3m(storage_manager.py:575:lmcache.v1.distributed.storage_manager)[0m
[32;20m[2026-06-03 07:20:32,433] LMCache INFO:[0m Stored 768 tokens in 0.007 seconds [3m(gpu_transfer.py:513:lmcache.v1.multiprocess.modules.gpu_transfer)[0m
[32;20m[2026-06-03 07:20:32,821] LMCache INFO:[0m Stored 256 tokens in 0.003 seconds [3m(gpu_transfer.py:513:lmcache.v1.multiprocess.modules.gpu_transfer)[0m
[32;20m[2026-06-03 07:20:32,888] LMCache INFO:[0m Stored 256 tokens in 0.002 seconds [3m(gpu_transfer.py:513:lmcache.v1.multiprocess.modules.gpu_transfer)[0m
[32;20m[2026-06-03 07:20:33,122] LMCache INFO:[0m Stored 256 tokens in 0.004 seconds [3m(gpu_transfer.py:513:lmcache.v1.multiprocess.modules.gpu_transfer)[0m
[32;20m[2026-06-03 07:20:34,289] LMCache INFO:[0m Prefetch request completed (L1+L2): 480/480 retained keys (480 L1, 0 L2) in 1.8 ms (external_request_id=chatcmpl-5cd1e9b2-b28b-4d1e-8c87-6753fb1a3433-b3872204, prefetch_request_id=-1) [3m(storage_manager.py:575:lmcache.v1.distributed.storage_manager)[0m
[32;20m[2026-06-03 07:20:34,468] LMCache INFO:[0m Prefetch request completed (L1+L2): 253/253 retained keys (253 L1, 0 L2) in 10.7 ms (external_request_id=chatcmpl-0dbd10d2-dafe-4e4c-a289-f85507d8741f-bdf456f0, prefetch_request_id=-1) [3m(storage_manager.py:575:lmcache.v1.distributed.storage_manager)[0m
[32;20m[2026-06-03 07:20:34,694] LMCache INFO:[0m Stored 256 tokens in 0.005 seconds [3m(gpu_transfer.py:513:lmcache.v1.multiprocess.modules.gpu_transfer)[0m
[32;20m[2026-06-03 07:20:34,980] LMCache INFO:[0m Stored 256 tokens in 0.003 seconds [3m(gpu_transfer.py:513:lmcache.v1.multiprocess.modules.gpu_transfer)[0m
[32;20m[2026-06-03 07:20:35,490] LMCache INFO:[0m Stored 256 tokens in 0.004 seconds [3m(gpu_transfer.py:513:lmcache.v1.multiprocess.modules.gpu_transfer)[0m
[32;20m[2026-06-03 07:20:35,544] LMCache INFO:[0m Stored 256 tokens in 0.002 seconds [3m(gpu_transfer.py:513:lmcache.v1.multiprocess.modules.gpu_transfer)[0m
[32;20m[2026-06-03 07:20:36,085] LMCache INFO:[0m Stored 256 tokens in 0.004 seconds [3m(gpu_transfer.py:513:lmcache.v1.multiprocess.modules.gpu_transfer)[0m
[32;20m[2026-06-03 07:20:36,202] LMCache INFO:[0m Stored 256 tokens in 0.003 seconds [3m(gpu_transfer.py:513:lmcache.v1.multiprocess.modules.gpu_transfer)[0m
[32;20m[2026-06-03 07:20:36,809] LMCache INFO:[0m Stored 256 tokens in 0.014 seconds [3m(gpu_transfer.py:513:lmcache.v1.multiprocess.modules.gpu_transfer)[0m
[32;20m[2026-06-03 07:20:37,183] LMCache INFO:[0m Stored 256 tokens in 0.003 seconds [3m(gpu_transfer.py:513:lmcache.v1.multiprocess.modules.gpu_transfer)[0m
[32;20m[2026-06-03 07:20:37,424] LMCache INFO:[0m Stored 256 tokens in 0.004 seconds [3m(gpu_transfer.py:513:lmcache.v1.multiprocess.modules.gpu_transfer)[0m
[32;20m[2026-06-03 07:20:37,804] LMCache INFO:[0m Stored 256 tokens in 0.008 seconds [3m(gpu_transfer.py:513:lmcache.v1.multiprocess.modules.gpu_transfer)[0m
[32;20m[2026-06-03 07:20:37,922] LMCache INFO:[0m Stored 256 tokens in 0.003 seconds [3m(gpu_transfer.py:513:lmcache.v1.multiprocess.modules.gpu_transfer)[0m
[32;20m[2026-06-03 07:20:37,960] LMCache INFO:[0m Stored 256 tokens in 0.003 seconds [3m(gpu_transfer.py:513:lmcache.v1.multiprocess.modules.gpu_transfer)[0m
[32;20m[2026-06-03 07:20:38,029] LMCache INFO:[0m Stored 256 tokens in 0.002 seconds [3m(gpu_transfer.py:513:lmcache.v1.multiprocess.modules.gpu_transfer)[0m
[32;20m[2026-06-03 07:20:38,851] LMCache INFO:[0m Prefetch request completed (L1+L2): 184/192 retained keys (184 L1, 0 L2) in 1.1 ms (external_request_id=chatcmpl-8fed4746-eeb3-47cf-99b9-cce5e7473c30-be946253, prefetch_request_id=-1) [3m(storage_manager.py:575:lmcache.v1.distributed.storage_manager)[0m
[32;20m[2026-06-03 07:20:39,013] LMCache INFO:[0m Stored 2048 tokens in 0.007 seconds [3m(gpu_transfer.py:513:lmcache.v1.multiprocess.modules.gpu_transfer)[0m
[32;20m[2026-06-03 07:20:40,539] LMCache INFO:[0m Stored 256 tokens in 0.004 seconds [3m(gpu_transfer.py:513:lmcache.v1.multiprocess.modules.gpu_transfer)[0m
[32;20m[2026-06-03 07:20:40,589] LMCache INFO:[0m Stored 256 tokens in 0.004 seconds [3m(gpu_transfer.py:513:lmcache.v1.multiprocess.modules.gpu_transfer)[0m
[32;20m[2026-06-03 07:20:40,623] LMCache INFO:[0m Stored 256 tokens in 0.002 seconds [3m(gpu_transfer.py:513:lmcache.v1.multiprocess.modules.gpu_transfer)[0m
[32;20m[2026-06-03 07:20:40,687] LMCache INFO:[0m Stored 256 tokens in 0.002 seconds [3m(gpu_transfer.py:513:lmcache.v1.multiprocess.modules.gpu_transfer)[0m
[32;20m[2026-06-03 07:20:41,311] LMCache INFO:[0m Prefetch request completed (L1+L2): 810/821 retained keys (810 L1, 0 L2) in 23.7 ms (external_request_id=chatcmpl-f2b69e54-ae9c-4a28-a72a-ef737a4aa25d-870495b4, prefetch_request_id=-1) [3m(storage_manager.py:575:lmcache.v1.distributed.storage_manager)[0m
[32;20m[2026-06-03 07:20:41,815] LMCache INFO:[0m Prefetch request completed (L1+L2): 183/183 retained keys (183 L1, 0 L2) in 45.1 ms (external_request_id=chatcmpl-a8cc7e69-bba7-4ac2-be46-a5ec77cfcaf6-9ca8bb26, prefetch_request_id=-1) [3m(storage_manager.py:575:lmcache.v1.distributed.storage_manager)[0m
[32;20m[2026-06-03 07:20:41,931] LMCache INFO:[0m Stored 2816 tokens in 0.032 seconds [3m(gpu_transfer.py:513:lmcache.v1.multiprocess.modules.gpu_transfer)[0m
[32;20m[2026-06-03 07:20:41,950] LMCache INFO:[0m Prefetch request completed (L1+L2): 250/250 retained keys (250 L1, 0 L2) in 1.5 ms (external_request_id=chatcmpl-98e6722c-59d2-4bd1-a7bf-1cabde60ce6f-9f341824, prefetch_request_id=-1) [3m(storage_manager.py:575:lmcache.v1.distributed.storage_manager)[0m
[32;20m[2026-06-03 07:20:43,719] LMCache INFO:[0m Prefetch request completed (L1+L2): 328/329 retained keys (328 L1, 0 L2) in 22.3 ms (external_request_id=chatcmpl-b36e87b2-f9ad-46b0-ba40-d8b4570a1083-a9e3ae6b, prefetch_request_id=-1) [3m(storage_manager.py:575:lmcache.v1.distributed.storage_manager)[0m
[32;20m[2026-06-03 07:20:44,025] LMCache INFO:[0m Prefetch request completed (L1+L2): 235/239 retained keys (235 L1, 0 L2) in 22.0 ms (external_request_id=chatcmpl-7cac5c97-e588-400f-820b-1eb7ae42f7b1-a7059453, prefetch_request_id=-1) [3m(storage_manager.py:575:lmcache.v1.distributed.storage_manager)[0m
[32;20m[2026-06-03 07:20:44,383] LMCache INFO:[0m Prefetch request completed (L1+L2): 350/352 retained keys (350 L1, 0 L2) in 22.2 ms (external_request_id=chatcmpl-d6c920f1-36cd-4ea0-b63e-74418d1c3983-adcbc7de, prefetch_request_id=-1) [3m(storage_manager.py:575:lmcache.v1.distributed.storage_manager)[0m
[32;20m[2026-06-03 07:20:44,519] LMCache INFO:[0m Prefetch request completed (L1+L2): 258/258 retained keys (258 L1, 0 L2) in 1.4 ms (external_request_id=chatcmpl-8a98b2f6-bbfc-48ea-a069-ce930398c71a-ada582e4, prefetch_request_id=-1) [3m(storage_manager.py:575:lmcache.v1.distributed.storage_manager)[0m
[32;20m[2026-06-03 07:20:44,856] LMCache INFO:[0m Prefetch request completed (L1+L2): 742/742 retained keys (742 L1, 0 L2) in 36.4 ms (external_request_id=chatcmpl-2aad8683-b41d-4641-8e3b-18b3911a0088-a598f5a2, prefetch_request_id=-1) [3m(storage_manager.py:575:lmcache.v1.distributed.storage_manager)[0m
[32;20m[2026-06-03 07:20:45,087] LMCache INFO:[0m Stored 256 tokens in 0.157 seconds [3m(gpu_transfer.py:513:lmcache.v1.multiprocess.modules.gpu_transfer)[0m
[32;20m[2026-06-03 07:20:45,614] LMCache INFO:[0m Stored 1024 tokens in 0.008 seconds [3m(gpu_transfer.py:513:lmcache.v1.multiprocess.modules.gpu_transfer)[0m
[32;20m[2026-06-03 07:20:45,628] LMCache INFO:[0m Stored 512 tokens in 0.011 seconds [3m(gpu_transfer.py:513:lmcache.v1.multiprocess.modules.gpu_transfer)[0m
[32;20m[2026-06-03 07:20:45,643] LMCache INFO:[0m Prefetch request completed (L1+L2): 189/192 retained keys (189 L1, 0 L2) in 0.8 ms (external_request_id=chatcmpl-1bc4bc4c-2dac-48b8-96bd-8282b18e6909-83cd0385, prefetch_request_id=-1) [3m(storage_manager.py:575:lmcache.v1.distributed.storage_manager)[0m
[32;20m[2026-06-03 07:20:45,987] LMCache INFO:[0m Stored 768 tokens in 0.007 seconds [3m(gpu_transfer.py:513:lmcache.v1.multiprocess.modules.gpu_transfer)[0m
[32;20m[2026-06-03 07:20:46,650] LMCache INFO:[0m Stored 256 tokens in 0.003 seconds [3m(gpu_transfer.py:513:lmcache.v1.multiprocess.modules.gpu_transfer)[0m
[32;20m[2026-06-03 07:20:46,737] LMCache INFO:[0m Stored 256 tokens in 0.002 seconds [3m(gpu_transfer.py:513:lmcache.v1.multiprocess.modules.gpu_transfer)[0m
[32;20m[2026-06-03 07:20:46,862] LMCache INFO:[0m Stored 256 tokens in 0.002 seconds [3m(gpu_transfer.py:513:lmcache.v1.multiprocess.modules.gpu_transfer)[0m
[32;20m[2026-06-03 07:20:47,107] LMCache INFO:[0m Stored 256 tokens in 0.005 seconds [3m(gpu_transfer.py:513:lmcache.v1.multiprocess.modules.gpu_transfer)[0m
[32;20m[2026-06-03 07:20:47,301] LMCache INFO:[0m Stored 256 tokens in 0.008 seconds [3m(gpu_transfer.py:513:lmcache.v1.multiprocess.modules.gpu_transfer)[0m
[32;20m[2026-06-03 07:20:47,415] LMCache INFO:[0m Stored 256 tokens in 0.020 seconds [3m(gpu_transfer.py:513:lmcache.v1.multiprocess.modules.gpu_transfer)[0m
[32;20m[2026-06-03 07:20:47,556] LMCache INFO:[0m Prefetch request completed (L1+L2): 376/376 retained keys (376 L1, 0 L2) in 1.8 ms (external_request_id=chatcmpl-98f28715-ad4b-4b4c-aac9-49beafeba528-ae982bac, prefetch_request_id=-1) [3m(storage_manager.py:575:lmcache.v1.distributed.storage_manager)[0m
[32;20m[2026-06-03 07:20:48,541] LMCache INFO:[0m Stored 256 tokens in 0.005 seconds [3m(gpu_transfer.py:513:lmcache.v1.multiprocess.modules.gpu_transfer)[0m
[32;20m[2026-06-03 07:20:48,874] LMCache INFO:[0m Stored 256 tokens in 0.003 seconds [3m(gpu_transfer.py:513:lmcache.v1.multiprocess.modules.gpu_transfer)[0m
[32;20m[2026-06-03 07:20:49,137] LMCache INFO:[0m Stored 256 tokens in 0.006 seconds [3m(gpu_transfer.py:513:lmcache.v1.multiprocess.modules.gpu_transfer)[0m
[32;20m[2026-06-03 07:20:49,506] LMCache INFO:[0m Stored 256 tokens in 0.003 seconds [3m(gpu_transfer.py:513:lmcache.v1.multiprocess.modules.gpu_transfer)[0m
[32;20m[2026-06-03 07:20:50,234] LMCache INFO:[0m Stored 256 tokens in 0.004 seconds [3m(gpu_transfer.py:513:lmcache.v1.multiprocess.modules.gpu_transfer)[0m
[32;20m[2026-06-03 07:20:50,419] LMCache INFO:[0m Stored 256 tokens in 0.003 seconds [3m(gpu_transfer.py:513:lmcache.v1.multiprocess.modules.gpu_transfer)[0m
[32;20m[2026-06-03 07:20:50,512] LMCache INFO:[0m Stored 256 tokens in 0.010 seconds [3m(gpu_transfer.py:513:lmcache.v1.multiprocess.modules.gpu_transfer)[0m
[32;20m[2026-06-03 07:20:51,047] LMCache INFO:[0m Stored 256 tokens in 0.002 seconds [3m(gpu_transfer.py:513:lmcache.v1.multiprocess.modules.gpu_transfer)[0m
[32;20m[2026-06-03 07:20:51,144] LMCache INFO:[0m Stored 256 tokens in 0.003 seconds [3m(gpu_transfer.py:513:lmcache.v1.multiprocess.modules.gpu_transfer)[0m
[32;20m[2026-06-03 07:20:51,404] LMCache INFO:[0m Stored 256 tokens in 0.002 seconds [3m(gpu_transfer.py:513:lmcache.v1.multiprocess.modules.gpu_transfer)[0m
[32;20m[2026-06-03 07:20:51,626] LMCache INFO:[0m Stored 256 tokens in 0.003 seconds [3m(gpu_transfer.py:513:lmcache.v1.multiprocess.modules.gpu_transfer)[0m
[32;20m[2026-06-03 07:20:51,902] LMCache INFO:[0m Stored 256 tokens in 0.003 seconds [3m(gpu_transfer.py:513:lmcache.v1.multiprocess.modules.gpu_transfer)[0m
[32;20m[2026-06-03 07:20:52,337] LMCache INFO:[0m Stored 256 tokens in 0.003 seconds [3m(gpu_transfer.py:513:lmcache.v1.multiprocess.modules.gpu_transfer)[0m
[32;20m[2026-06-03 07:20:52,458] LMCache INFO:[0m Stored 256 tokens in 0.003 seconds [3m(gpu_transfer.py:513:lmcache.v1.multiprocess.modules.gpu_transfer)[0m
[32;20m[2026-06-03 07:20:52,499] LMCache INFO:[0m Stored 256 tokens in 0.002 seconds [3m(gpu_transfer.py:513:lmcache.v1.multiprocess.modules.gpu_transfer)[0m
[32;20m[2026-06-03 07:20:52,575] LMCache INFO:[0m Stored 256 tokens in 0.003 seconds [3m(gpu_transfer.py:513:lmcache.v1.multiprocess.modules.gpu_transfer)[0m
[32;20m[2026-06-03 07:20:52,927] LMCache INFO:[0m Stored 256 tokens in 0.002 seconds [3m(gpu_transfer.py:513:lmcache.v1.multiprocess.modules.gpu_transfer)[0m
[32;20m[2026-06-03 07:20:54,107] LMCache INFO:[0m Stored 256 tokens in 0.005 seconds [3m(gpu_transfer.py:513:lmcache.v1.multiprocess.modules.gpu_transfer)[0m
[32;20m[2026-06-03 07:20:54,273] LMCache INFO:[0m Prefetch request completed (L1+L2): 329/331 retained keys (329 L1, 0 L2) in 1.6 ms (external_request_id=chatcmpl-ca4cb5bc-a9c7-4bf2-a088-d78382ea8e12-af68219a, prefetch_request_id=-1) [3m(storage_manager.py:575:lmcache.v1.distributed.storage_manager)[0m
[32;20m[2026-06-03 07:20:54,581] LMCache INFO:[0m Stored 512 tokens in 0.011 seconds [3m(gpu_transfer.py:513:lmcache.v1.multiprocess.modules.gpu_transfer)[0m
[32;20m[2026-06-03 07:20:55,036] LMCache INFO:[0m Prefetch request completed (L1+L2): 183/184 retained keys (183 L1, 0 L2) in 1.1 ms (external_request_id=chatcmpl-6117889f-ac33-4ea5-804c-ca640ee3c2c2-8aa99d60, prefetch_request_id=-1) [3m(storage_manager.py:575:lmcache.v1.distributed.storage_manager)[0m
[32;20m[2026-06-03 07:20:55,712] LMCache INFO:[0m Stored 256 tokens in 0.007 seconds [3m(gpu_transfer.py:513:lmcache.v1.multiprocess.modules.gpu_transfer)[0m
[32;20m[2026-06-03 07:20:56,338] LMCache INFO:[0m Stored 256 tokens in 0.003 seconds [3m(gpu_transfer.py:513:lmcache.v1.multiprocess.modules.gpu_transfer)[0m
[32;20m[2026-06-03 07:20:56,898] LMCache INFO:[0m Prefetch request completed (L1+L2): 742/745 retained keys (742 L1, 0 L2) in 2.8 ms (external_request_id=chatcmpl-29e5f07c-6176-43af-bf6c-53d8e93a89cd-999948c0, prefetch_request_id=-1) [3m(storage_manager.py:575:lmcache.v1.distributed.storage_manager)[0m
[32;20m[2026-06-03 07:20:57,114] LMCache INFO:[0m Prefetch request completed (L1+L2): 175/181 retained keys (175 L1, 0 L2) in 55.5 ms (external_request_id=chatcmpl-5a6a2d1d-cba2-4c7a-ad03-74991386eef6-a1c82d6e, prefetch_request_id=-1) [3m(storage_manager.py:575:lmcache.v1.distributed.storage_manager)[0m
[32;20m[2026-06-03 07:20:57,296] LMCache INFO:[0m Stored 768 tokens in 0.027 seconds [3m(gpu_transfer.py:513:lmcache.v1.multiprocess.modules.gpu_transfer)[0m
[32;20m[2026-06-03 07:20:58,031] LMCache INFO:[0m Stored 1536 tokens in 0.006 seconds [3m(gpu_transfer.py:513:lmcache.v1.multiprocess.modules.gpu_transfer)[0m
[32;20m[2026-06-03 07:20:58,464] LMCache INFO:[0m Prefetch request completed (L1+L2): 258/260 retained keys (258 L1, 0 L2) in 1.6 ms (external_request_id=chatcmpl-1d48fef0-f3c9-40fd-a3fb-ec4fe9ac712e-8ca28f1d, prefetch_request_id=-1) [3m(storage_manager.py:575:lmcache.v1.distributed.storage_manager)[0m
[32;20m[2026-06-03 07:20:58,651] LMCache INFO:[0m Stored 512 tokens in 0.008 seconds [3m(gpu_transfer.py:513:lmcache.v1.multiprocess.modules.gpu_transfer)[0m
[32;20m[2026-06-03 07:20:59,017] LMCache INFO:[0m Prefetch request completed (L1+L2): 436/441 retained keys (436 L1, 0 L2) in 1.7 ms (external_request_id=chatcmpl-92d70f55-f560-41ab-a9ae-74641ad2bf5e-b26f2e7c, prefetch_request_id=-1) [3m(storage_manager.py:575:lmcache.v1.distributed.storage_manager)[0m
[32;20m[2026-06-03 07:20:59,297] LMCache INFO:[0m Stored 1280 tokens in 0.013 seconds [3m(gpu_transfer.py:513:lmcache.v1.multiprocess.modules.gpu_transfer)[0m
[32;20m[2026-06-03 07:21:00,174] LMCache INFO:[0m Stored 7936 tokens in 0.005 seconds [3m(gpu_transfer.py:513:lmcache.v1.multiprocess.modules.gpu_transfer)[0m
[32;20m[2026-06-03 07:21:00,365] LMCache INFO:[0m Stored 8192 tokens in 0.016 seconds [3m(gpu_transfer.py:513:lmcache.v1.multiprocess.modules.gpu_transfer)[0m
[32;20m[2026-06-03 07:21:00,899] LMCache INFO:[0m Stored 8192 tokens in 0.006 seconds [3m(gpu_transfer.py:513:lmcache.v1.multiprocess.modules.gpu_transfer)[0m
[32;20m[2026-06-03 07:21:01,363] LMCache INFO:[0m Prefetch request completed (L1+L2): 192/194 retained keys (192 L1, 0 L2) in 1.0 ms (external_request_id=chatcmpl-d8f74b03-b3a1-419f-ad0d-a2b7e714dd1a-ae6b71ec, prefetch_request_id=-1) [3m(storage_manager.py:575:lmcache.v1.distributed.storage_manager)[0m
[32;20m[2026-06-03 07:21:01,454] LMCache INFO:[0m Stored 8192 tokens in 0.005 seconds [3m(gpu_transfer.py:513:lmcache.v1.multiprocess.modules.gpu_transfer)[0m
[32;20m[2026-06-03 07:21:02,271] LMCache INFO:[0m Stored 512 tokens in 0.006 seconds [3m(gpu_transfer.py:513:lmcache.v1.multiprocess.modules.gpu_transfer)[0m
[32;20m[2026-06-03 07:21:02,994] LMCache INFO:[0m Stored 6912 tokens in 0.005 seconds [3m(gpu_transfer.py:513:lmcache.v1.multiprocess.modules.gpu_transfer)[0m
[32;20m[2026-06-03 07:21:03,110] LMCache INFO:[0m Stored 256 tokens in 0.003 seconds [3m(gpu_transfer.py:513:lmcache.v1.multiprocess.modules.gpu_transfer)[0m
[32;20m[2026-06-03 07:21:03,155] LMCache INFO:[0m Stored 256 tokens in 0.002 seconds [3m(gpu_transfer.py:513:lmcache.v1.multiprocess.modules.gpu_transfer)[0m
[32;20m[2026-06-03 07:21:03,443] LMCache INFO:[0m Stored 256 tokens in 0.005 seconds [3m(gpu_transfer.py:513:lmcache.v1.multiprocess.modules.gpu_transfer)[0m
[32;20m[2026-06-03 07:21:03,806] LMCache INFO:[0m Stored 256 tokens in 0.003 seconds [3m(gpu_transfer.py:513:lmcache.v1.multiprocess.modules.gpu_transfer)[0m
[32;20m[2026-06-03 07:21:04,089] LMCache INFO:[0m Prefetch request completed (L1+L2): 376/439 retained keys (376 L1, 0 L2) in 1.7 ms (external_request_id=chatcmpl-716c008b-6bd7-4acd-83ca-f8166a571b37-aee09ce9, prefetch_request_id=-1) [3m(storage_manager.py:575:lmcache.v1.distributed.storage_manager)[0m
[32;20m[2026-06-03 07:21:04,390] LMCache INFO:[0m Stored 8192 tokens in 0.016 seconds [3m(gpu_transfer.py:513:lmcache.v1.multiprocess.modules.gpu_transfer)[0m
[32;20m[2026-06-03 07:21:06,211] LMCache INFO:[0m Stored 7936 tokens in 0.007 seconds [3m(gpu_transfer.py:513:lmcache.v1.multiprocess.modules.gpu_transfer)[0m
[32;20m[2026-06-03 07:21:06,245] LMCache INFO:[0m Prefetch request completed (L1+L2): 250/251 retained keys (250 L1, 0 L2) in 1.6 ms (external_request_id=chatcmpl-03ef92dd-abfc-45f3-99cd-9a136965c743-af9f400a, prefetch_request_id=-1) [3m(storage_manager.py:575:lmcache.v1.distributed.storage_manager)[0m
[32;20m[2026-06-03 07:21:06,293] LMCache INFO:[0m Prefetch request completed (L1+L2): 93/93 retained keys (93 L1, 0 L2) in 0.9 ms (external_request_id=chatcmpl-66a0c1c1-bbbe-4f75-8272-ff61224c7921-aa9530d3, prefetch_request_id=-1) [3m(storage_manager.py:575:lmcache.v1.distributed.storage_manager)[0m
[32;20m[2026-06-03 07:21:08,865] LMCache INFO:[0m Stored 256 tokens in 0.008 seconds [3m(gpu_transfer.py:513:lmcache.v1.multiprocess.modules.gpu_transfer)[0m
[32;20m[2026-06-03 07:21:09,110] LMCache INFO:[0m Stored 256 tokens in 0.002 seconds [3m(gpu_transfer.py:513:lmcache.v1.multiprocess.modules.gpu_transfer)[0m
[32;20m[2026-06-03 07:21:09,303] LMCache INFO:[0m Stored 256 tokens in 0.002 seconds [3m(gpu_transfer.py:513:lmcache.v1.multiprocess.modules.gpu_transfer)[0m
[32;20m[2026-06-03 07:21:09,733] LMCache INFO:[0m Stored 256 tokens in 0.004 seconds [3m(gpu_transfer.py:513:lmcache.v1.multiprocess.modules.gpu_transfer)[0m
[32;20m[2026-06-03 07:21:10,066] LMCache INFO:[0m Stored 256 tokens in 0.003 seconds [3m(gpu_transfer.py:513:lmcache.v1.multiprocess.modules.gpu_transfer)[0m
[32;20m[2026-06-03 07:21:10,676] LMCache INFO:[0m Stored 256 tokens in 0.003 seconds [3m(gpu_transfer.py:513:lmcache.v1.multiprocess.modules.gpu_transfer)[0m
[32;20m[2026-06-03 07:21:11,421] LMCache INFO:[0m Stored 256 tokens in 0.005 seconds [3m(gpu_transfer.py:513:lmcache.v1.multiprocess.modules.gpu_transfer)[0m
[32;20m[2026-06-03 07:21:11,586] LMCache INFO:[0m Prefetch request completed (L1+L2): 198/384 retained keys (198 L1, 0 L2) in 1.4 ms (external_request_id=chatcmpl-4ea9b6d7-554b-44e5-a636-646d50b4fe2f-91932374, prefetch_request_id=-1) [3m(storage_manager.py:575:lmcache.v1.distributed.storage_manager)[0m
[32;20m[2026-06-03 07:21:11,823] LMCache INFO:[0m Stored 8192 tokens in 0.011 seconds [3m(gpu_transfer.py:513:lmcache.v1.multiprocess.modules.gpu_transfer)[0m
[32;20m[2026-06-03 07:21:12,886] LMCache INFO:[0m Stored 7936 tokens in 0.018 seconds [3m(gpu_transfer.py:513:lmcache.v1.multiprocess.modules.gpu_transfer)[0m
[32;20m[2026-06-03 07:21:14,409] LMCache INFO:[0m Stored 256 tokens in 0.008 seconds [3m(gpu_transfer.py:513:lmcache.v1.multiprocess.modules.gpu_transfer)[0m
[32;20m[2026-06-03 07:21:15,733] LMCache INFO:[0m Stored 8192 tokens in 0.006 seconds [3m(gpu_transfer.py:513:lmcache.v1.multiprocess.modules.gpu_transfer)[0m
[32;20m[2026-06-03 07:21:15,869] LMCache INFO:[0m Stored 256 tokens in 0.006 seconds [3m(gpu_transfer.py:513:lmcache.v1.multiprocess.modules.gpu_transfer)[0m
[32;20m[2026-06-03 07:21:17,324] LMCache INFO:[0m Stored 8192 tokens in 0.007 seconds [3m(gpu_transfer.py:513:lmcache.v1.multiprocess.modules.gpu_transfer)[0m
[32;20m[2026-06-03 07:21:17,374] LMCache INFO:[0m Prefetch request completed (L1+L2): 251/253 retained keys (251 L1, 0 L2) in 1.5 ms (external_request_id=chatcmpl-8b229ef3-7ccf-4e58-91e2-aa047c09b3bc-89eb8ce3, prefetch_request_id=-1) [3m(storage_manager.py:575:lmcache.v1.distributed.storage_manager)[0m
[32;20m[2026-06-03 07:21:17,511] LMCache INFO:[0m Stored 8192 tokens in 0.033 seconds [3m(gpu_transfer.py:513:lmcache.v1.multiprocess.modules.gpu_transfer)[0m
[32;20m[2026-06-03 07:21:19,310] LMCache INFO:[0m Stored 512 tokens in 0.012 seconds [3m(gpu_transfer.py:513:lmcache.v1.multiprocess.modules.gpu_transfer)[0m
[32;20m[2026-06-03 07:21:20,804] LMCache INFO:[0m Stored 6912 tokens in 0.006 seconds [3m(gpu_transfer.py:513:lmcache.v1.multiprocess.modules.gpu_transfer)[0m
[32;20m[2026-06-03 07:21:20,806] LMCache INFO:[0m Prefetch request completed (L1+L2): 9/9 retained keys (9 L1, 0 L2) in 0.7 ms (external_request_id=chatcmpl-cfb15e4c-fea3-4c6d-b771-9ee546d9895a-8325ad5e, prefetch_request_id=-1) [3m(storage_manager.py:575:lmcache.v1.distributed.storage_manager)[0m
[32;20m[2026-06-03 07:21:21,249] LMCache INFO:[0m Stored 256 tokens in 0.002 seconds [3m(gpu_transfer.py:513:lmcache.v1.multiprocess.modules.gpu_transfer)[0m
[32;20m[2026-06-03 07:21:21,350] LMCache INFO:[0m Stored 256 tokens in 0.003 seconds [3m(gpu_transfer.py:513:lmcache.v1.multiprocess.modules.gpu_transfer)[0m
[32;20m[2026-06-03 07:21:21,613] LMCache INFO:[0m Stored 256 tokens in 0.002 seconds [3m(gpu_transfer.py:513:lmcache.v1.multiprocess.modules.gpu_transfer)[0m
[32;20m[2026-06-03 07:21:21,851] LMCache INFO:[0m Stored 256 tokens in 0.003 seconds [3m(gpu_transfer.py:513:lmcache.v1.multiprocess.modules.gpu_transfer)[0m
[32;20m[2026-06-03 07:21:22,156] LMCache INFO:[0m Stored 256 tokens in 0.003 seconds [3m(gpu_transfer.py:513:lmcache.v1.multiprocess.modules.gpu_transfer)[0m
[32;20m[2026-06-03 07:21:22,632] LMCache INFO:[0m Stored 256 tokens in 0.003 seconds [3m(gpu_transfer.py:513:lmcache.v1.multiprocess.modules.gpu_transfer)[0m
[32;20m[2026-06-03 07:21:22,794] LMCache INFO:[0m Stored 256 tokens in 0.003 seconds [3m(gpu_transfer.py:513:lmcache.v1.multiprocess.modules.gpu_transfer)[0m
[32;20m[2026-06-03 07:21:22,841] LMCache INFO:[0m Stored 256 tokens in 0.002 seconds [3m(gpu_transfer.py:513:lmcache.v1.multiprocess.modules.gpu_transfer)[0m
[32;20m[2026-06-03 07:21:24,465] LMCache INFO:[0m Stored 256 tokens in 0.005 seconds [3m(gpu_transfer.py:513:lmcache.v1.multiprocess.modules.gpu_transfer)[0m
[32;20m[2026-06-03 07:21:24,661] LMCache INFO:[0m Stored 256 tokens in 0.006 seconds [3m(gpu_transfer.py:513:lmcache.v1.multiprocess.modules.gpu_transfer)[0m
[32;20m[2026-06-03 07:21:25,152] LMCache INFO:[0m Stored 256 tokens in 0.004 seconds [3m(gpu_transfer.py:513:lmcache.v1.multiprocess.modules.gpu_transfer)[0m
[32;20m[2026-06-03 07:21:25,609] LMCache INFO:[0m Stored 256 tokens in 0.008 seconds [3m(gpu_transfer.py:513:lmcache.v1.multiprocess.modules.gpu_transfer)[0m
[32;20m[2026-06-03 07:21:25,668] LMCache INFO:[0m Stored 256 tokens in 0.004 seconds [3m(gpu_transfer.py:513:lmcache.v1.multiprocess.modules.gpu_transfer)[0m
[32;20m[2026-06-03 07:21:25,930] LMCache INFO:[0m Prefetch request completed (L1+L2): 260/261 retained keys (260 L1, 0 L2) in 1.6 ms (external_request_id=chatcmpl-7c6824b7-a8ce-49e4-a935-7ce5fcc035b5-aed55b1a, prefetch_request_id=-1) [3m(storage_manager.py:575:lmcache.v1.distributed.storage_manager)[0m
[32;20m[2026-06-03 07:21:26,173] LMCache INFO:[0m Stored 256 tokens in 0.008 seconds [3m(gpu_transfer.py:513:lmcache.v1.multiprocess.modules.gpu_transfer)[0m
[32;20m[2026-06-03 07:21:26,673] LMCache INFO:[0m Stored 256 tokens in 0.002 seconds [3m(gpu_transfer.py:513:lmcache.v1.multiprocess.modules.gpu_transfer)[0m
[32;20m[2026-06-03 07:21:27,016] LMCache INFO:[0m Stored 256 tokens in 0.003 seconds [3m(gpu_transfer.py:513:lmcache.v1.multiprocess.modules.gpu_transfer)[0m
[32;20m[2026-06-03 07:21:27,092] LMCache INFO:[0m Stored 256 tokens in 0.002 seconds [3m(gpu_transfer.py:513:lmcache.v1.multiprocess.modules.gpu_transfer)[0m
[32;20m[2026-06-03 07:21:27,372] LMCache INFO:[0m Stored 256 tokens in 0.004 seconds [3m(gpu_transfer.py:513:lmcache.v1.multiprocess.modules.gpu_transfer)[0m
[32;20m[2026-06-03 07:21:27,724] LMCache INFO:[0m Stored 256 tokens in 0.003 seconds [3m(gpu_transfer.py:513:lmcache.v1.multiprocess.modules.gpu_transfer)[0m
[32;20m[2026-06-03 07:21:27,793] LMCache INFO:[0m Stored 256 tokens in 0.002 seconds [3m(gpu_transfer.py:513:lmcache.v1.multiprocess.modules.gpu_transfer)[0m
[32;20m[2026-06-03 07:21:28,651] LMCache INFO:[0m Stored 256 tokens in 0.004 seconds [3m(gpu_transfer.py:513:lmcache.v1.multiprocess.modules.gpu_transfer)[0m
[32;20m[2026-06-03 07:21:28,971] LMCache INFO:[0m Stored 256 tokens in 0.003 seconds [3m(gpu_transfer.py:513:lmcache.v1.multiprocess.modules.gpu_transfer)[0m
[32;20m[2026-06-03 07:21:29,561] LMCache INFO:[0m Stored 256 tokens in 0.003 seconds [3m(gpu_transfer.py:513:lmcache.v1.multiprocess.modules.gpu_transfer)[0m
[32;20m[2026-06-03 07:21:29,818] LMCache INFO:[0m Stored 256 tokens in 0.003 seconds [3m(gpu_transfer.py:513:lmcache.v1.multiprocess.modules.gpu_transfer)[0m
[32;20m[2026-06-03 07:21:30,446] LMCache INFO:[0m Stored 256 tokens in 0.003 seconds [3m(gpu_transfer.py:513:lmcache.v1.multiprocess.modules.gpu_transfer)[0m
[32;20m[2026-06-03 07:21:30,514] LMCache INFO:[0m Stored 256 tokens in 0.002 seconds [3m(gpu_transfer.py:513:lmcache.v1.multiprocess.modules.gpu_transfer)[0m
[32;20m[2026-06-03 07:21:31,047] LMCache INFO:[0m Stored 256 tokens in 0.002 seconds [3m(gpu_transfer.py:513:lmcache.v1.multiprocess.modules.gpu_transfer)[0m
[32;20m[2026-06-03 07:21:31,140] LMCache INFO:[0m Stored 256 tokens in 0.003 seconds [3m(gpu_transfer.py:513:lmcache.v1.multiprocess.modules.gpu_transfer)[0m
[32;20m[2026-06-03 07:21:31,396] LMCache INFO:[0m Stored 256 tokens in 0.003 seconds [3m(gpu_transfer.py:513:lmcache.v1.multiprocess.modules.gpu_transfer)[0m
[32;20m[2026-06-03 07:21:31,714] LMCache INFO:[0m Prefetch request completed (L1+L2): 334/573 retained keys (334 L1, 0 L2) in 1.5 ms (external_request_id=chatcmpl-d948a156-c35b-4d8f-bfaa-27427b21d6a9-9a37d327, prefetch_request_id=-1) [3m(storage_manager.py:575:lmcache.v1.distributed.storage_manager)[0m
[32;20m[2026-06-03 07:21:32,027] LMCache INFO:[0m Stored 8192 tokens in 0.017 seconds [3m(gpu_transfer.py:513:lmcache.v1.multiprocess.modules.gpu_transfer)[0m
[32;20m[2026-06-03 07:21:33,620] LMCache INFO:[0m Stored 256 tokens in 0.018 seconds [3m(gpu_transfer.py:513:lmcache.v1.multiprocess.modules.gpu_transfer)[0m
[32;20m[2026-06-03 07:21:33,631] LMCache INFO:[0m Stored 8192 tokens in 0.008 seconds [3m(gpu_transfer.py:513:lmcache.v1.multiprocess.modules.gpu_transfer)[0m
[32;20m[2026-06-03 07:21:35,550] LMCache INFO:[0m Stored 8192 tokens in 0.009 seconds [3m(gpu_transfer.py:513:lmcache.v1.multiprocess.modules.gpu_transfer)[0m
[32;20m[2026-06-03 07:21:37,763] LMCache INFO:[0m Stored 8192 tokens in 0.007 seconds [3m(gpu_transfer.py:513:lmcache.v1.multiprocess.modules.gpu_transfer)[0m
[32;20m[2026-06-03 07:21:39,966] LMCache INFO:[0m Stored 8192 tokens in 0.009 seconds [3m(gpu_transfer.py:513:lmcache.v1.multiprocess.modules.gpu_transfer)[0m
[32;20m[2026-06-03 07:21:42,313] LMCache INFO:[0m Stored 8192 tokens in 0.007 seconds [3m(gpu_transfer.py:513:lmcache.v1.multiprocess.modules.gpu_transfer)[0m
[32;20m[2026-06-03 07:21:44,707] LMCache INFO:[0m Prefetch request completed (L1+L2): 184/187 retained keys (184 L1, 0 L2) in 1.1 ms (external_request_id=chatcmpl-e8a33eeb-26cb-4f42-91c3-9d47051c1831-b003dbd5, prefetch_request_id=-1) [3m(storage_manager.py:575:lmcache.v1.distributed.storage_manager)[0m
[32;20m[2026-06-03 07:21:44,820] LMCache INFO:[0m Prefetch request completed (L1+L2): 342/346 retained keys (342 L1, 0 L2) in 12.9 ms (external_request_id=chatcmpl-3bdd20cd-f0fc-497a-b943-107cd44d30e2-8774884b, prefetch_request_id=-1) [3m(storage_manager.py:575:lmcache.v1.distributed.storage_manager)[0m
[32;20m[2026-06-03 07:21:44,822] LMCache INFO:[0m Stored 8192 tokens in 0.008 seconds [3m(gpu_transfer.py:513:lmcache.v1.multiprocess.modules.gpu_transfer)[0m
[32;20m[2026-06-03 07:21:44,896] LMCache INFO:[0m Prefetch request completed (L1+L2): 289/290 retained keys (289 L1, 0 L2) in 1.5 ms (external_request_id=chatcmpl-8d381a4b-2be3-45e8-94fc-543196d961b9-b6b58b0a, prefetch_request_id=-1) [3m(storage_manager.py:575:lmcache.v1.distributed.storage_manager)[0m
[32;20m[2026-06-03 07:21:45,033] LMCache INFO:[0m Prefetch request completed (L1+L2): 588/593 retained keys (588 L1, 0 L2) in 1.5 ms (external_request_id=chatcmpl-a52400c6-45ba-49da-9d39-b3e1341e1629-89a18ed1, prefetch_request_id=-1) [3m(storage_manager.py:575:lmcache.v1.distributed.storage_manager)[0m
[32;20m[2026-06-03 07:21:45,154] LMCache INFO:[0m Prefetch request completed (L1+L2): 384/447 retained keys (384 L1, 0 L2) in 1.9 ms (external_request_id=chatcmpl-9098a4ec-a86b-4826-866c-9ed07e9f2154-874cd068, prefetch_request_id=-1) [3m(storage_manager.py:575:lmcache.v1.distributed.storage_manager)[0m
[32;20m[2026-06-03 07:21:47,625] LMCache INFO:[0m Stored 768 tokens in 0.027 seconds [3m(gpu_transfer.py:513:lmcache.v1.multiprocess.modules.gpu_transfer)[0m
[32;20m[2026-06-03 07:21:50,138] LMCache INFO:[0m Stored 1024 tokens in 0.011 seconds [3m(gpu_transfer.py:513:lmcache.v1.multiprocess.modules.gpu_transfer)[0m
[32;20m[2026-06-03 07:21:50,164] LMCache INFO:[0m Stored 256 tokens in 0.024 seconds [3m(gpu_transfer.py:513:lmcache.v1.multiprocess.modules.gpu_transfer)[0m
[32;20m[2026-06-03 07:21:50,184] LMCache INFO:[0m Stored 1280 tokens in 0.018 seconds [3m(gpu_transfer.py:513:lmcache.v1.multiprocess.modules.gpu_transfer)[0m
[32;20m[2026-06-03 07:21:50,200] LMCache INFO:[0m Stored 1024 tokens in 0.012 seconds [3m(gpu_transfer.py:513:lmcache.v1.multiprocess.modules.gpu_transfer)[0m
[32;20m[2026-06-03 07:21:50,208] LMCache INFO:[0m Stored 3840 tokens in 0.006 seconds [3m(gpu_transfer.py:513:lmcache.v1.multiprocess.modules.gpu_transfer)[0m
[32;20m[2026-06-03 07:21:50,376] LMCache INFO:[0m Stored 256 tokens in 0.008 seconds [3m(gpu_transfer.py:513:lmcache.v1.multiprocess.modules.gpu_transfer)[0m
[32;20m[2026-06-03 07:21:52,229] LMCache INFO:[0m Stored 8192 tokens in 0.007 seconds [3m(gpu_transfer.py:513:lmcache.v1.multiprocess.modules.gpu_transfer)[0m
[32;20m[2026-06-03 07:21:52,329] LMCache INFO:[0m Prefetch request completed (L1+L2): 331/332 retained keys (331 L1, 0 L2) in 1.4 ms (external_request_id=chatcmpl-c8f08b87-4169-4c64-940f-568aa829744c-801720e7, prefetch_request_id=-1) [3m(storage_manager.py:575:lmcache.v1.distributed.storage_manager)[0m
[32;20m[2026-06-03 07:21:52,383] LMCache INFO:[0m Prefetch request completed (L1+L2): 194/196 retained keys (194 L1, 0 L2) in 1.0 ms (external_request_id=chatcmpl-9c767008-560c-4363-a3a2-4504e7bd1977-99b98611, prefetch_request_id=-1) [3m(storage_manager.py:575:lmcache.v1.distributed.storage_manager)[0m
[32;20m[2026-06-03 07:21:52,561] LMCache INFO:[0m Stored 6912 tokens in 0.079 seconds [3m(gpu_transfer.py:513:lmcache.v1.multiprocess.modules.gpu_transfer)[0m
[32;20m[2026-06-03 07:21:54,454] LMCache INFO:[0m Stored 256 tokens in 0.012 seconds [3m(gpu_transfer.py:513:lmcache.v1.multiprocess.modules.gpu_transfer)[0m
[32;20m[2026-06-03 07:21:54,814] LMCache INFO:[0m Stored 512 tokens in 0.007 seconds [3m(gpu_transfer.py:513:lmcache.v1.multiprocess.modules.gpu_transfer)[0m
[32;20m[2026-06-03 07:21:55,161] LMCache INFO:[0m Stored 256 tokens in 0.003 seconds [3m(gpu_transfer.py:513:lmcache.v1.multiprocess.modules.gpu_transfer)[0m
[32;20m[2026-06-03 07:21:55,336] LMCache INFO:[0m Stored 256 tokens in 0.003 seconds [3m(gpu_transfer.py:513:lmcache.v1.multiprocess.modules.gpu_transfer)[0m
[32;20m[2026-06-03 07:21:55,787] LMCache INFO:[0m Stored 256 tokens in 0.002 seconds [3m(gpu_transfer.py:513:lmcache.v1.multiprocess.modules.gpu_transfer)[0m
[32;20m[2026-06-03 07:21:57,063] LMCache INFO:[0m Stored 256 tokens in 0.006 seconds [3m(gpu_transfer.py:513:lmcache.v1.multiprocess.modules.gpu_transfer)[0m
[32;20m[2026-06-03 07:21:57,265] LMCache INFO:[0m Stored 256 tokens in 0.006 seconds [3m(gpu_transfer.py:513:lmcache.v1.multiprocess.modules.gpu_transfer)[0m
[32;20m[2026-06-03 07:21:57,769] LMCache INFO:[0m Stored 256 tokens in 0.002 seconds [3m(gpu_transfer.py:513:lmcache.v1.multiprocess.modules.gpu_transfer)[0m
[32;20m[2026-06-03 07:21:58,258] LMCache INFO:[0m Stored 256 tokens in 0.012 seconds [3m(gpu_transfer.py:513:lmcache.v1.multiprocess.modules.gpu_transfer)[0m
[32;20m[2026-06-03 07:21:58,312] LMCache INFO:[0m Stored 256 tokens in 0.003 seconds [3m(gpu_transfer.py:513:lmcache.v1.multiprocess.modules.gpu_transfer)[0m
[32;20m[2026-06-03 07:21:58,318] LMCache INFO:[0m Stored 256 tokens in 0.003 seconds [3m(gpu_transfer.py:513:lmcache.v1.multiprocess.modules.gpu_transfer)[0m
[32;20m[2026-06-03 07:21:58,433] LMCache INFO:[0m Stored 256 tokens in 0.002 seconds [3m(gpu_transfer.py:513:lmcache.v1.multiprocess.modules.gpu_transfer)[0m
[32;20m[2026-06-03 07:21:58,888] LMCache INFO:[0m Stored 256 tokens in 0.002 seconds [3m(gpu_transfer.py:513:lmcache.v1.multiprocess.modules.gpu_transfer)[0m
[32;20m[2026-06-03 07:21:59,244] LMCache INFO:[0m Stored 256 tokens in 0.003 seconds [3m(gpu_transfer.py:513:lmcache.v1.multiprocess.modules.gpu_transfer)[0m
[32;20m[2026-06-03 07:21:59,333] LMCache INFO:[0m Stored 256 tokens in 0.002 seconds [3m(gpu_transfer.py:513:lmcache.v1.multiprocess.modules.gpu_transfer)[0m
[32;20m[2026-06-03 07:21:59,628] LMCache INFO:[0m Stored 256 tokens in 0.005 seconds [3m(gpu_transfer.py:513:lmcache.v1.multiprocess.modules.gpu_transfer)[0m
[32;20m[2026-06-03 07:22:00,000] LMCache INFO:[0m Stored 256 tokens in 0.003 seconds [3m(gpu_transfer.py:513:lmcache.v1.multiprocess.modules.gpu_transfer)[0m
[32;20m[2026-06-03 07:22:00,076] LMCache INFO:[0m Stored 256 tokens in 0.001 seconds [3m(gpu_transfer.py:513:lmcache.v1.multiprocess.modules.gpu_transfer)[0m
[32;20m[2026-06-03 07:22:00,972] LMCache INFO:[0m Stored 256 tokens in 0.004 seconds [3m(gpu_transfer.py:513:lmcache.v1.multiprocess.modules.gpu_transfer)[0m
[32;20m[2026-06-03 07:22:01,126] LMCache INFO:[0m Stored 256 tokens in 0.004 seconds [3m(gpu_transfer.py:513:lmcache.v1.multiprocess.modules.gpu_transfer)[0m
[32;20m[2026-06-03 07:22:01,318] LMCache INFO:[0m Stored 256 tokens in 0.004 seconds [3m(gpu_transfer.py:513:lmcache.v1.multiprocess.modules.gpu_transfer)[0m
[32;20m[2026-06-03 07:22:01,593] LMCache INFO:[0m Prefetch request completed (L1+L2): 187/188 retained keys (187 L1, 0 L2) in 1.2 ms (external_request_id=chatcmpl-39ebf39b-a70c-41af-ae20-4828e6df5b5b-8511f6b7, prefetch_request_id=-1) [3m(storage_manager.py:575:lmcache.v1.distributed.storage_manager)[0m
[32;20m[2026-06-03 07:22:01,814] LMCache INFO:[0m Stored 256 tokens in 0.007 seconds [3m(gpu_transfer.py:513:lmcache.v1.multiprocess.modules.gpu_transfer)[0m
[32;20m[2026-06-03 07:22:02,294] LMCache INFO:[0m Stored 256 tokens in 0.003 seconds [3m(gpu_transfer.py:513:lmcache.v1.multiprocess.modules.gpu_transfer)[0m
[32;20m[2026-06-03 07:22:02,872] LMCache INFO:[0m Stored 256 tokens in 0.003 seconds [3m(gpu_transfer.py:513:lmcache.v1.multiprocess.modules.gpu_transfer)[0m
[32;20m[2026-06-03 07:22:03,205] LMCache INFO:[0m Stored 256 tokens in 0.003 seconds [3m(gpu_transfer.py:513:lmcache.v1.multiprocess.modules.gpu_transfer)[0m
[32;20m[2026-06-03 07:22:03,280] LMCache INFO:[0m Stored 256 tokens in 0.002 seconds [3m(gpu_transfer.py:513:lmcache.v1.multiprocess.modules.gpu_transfer)[0m
[32;20m[2026-06-03 07:22:03,830] LMCache INFO:[0m Stored 256 tokens in 0.002 seconds [3m(gpu_transfer.py:513:lmcache.v1.multiprocess.modules.gpu_transfer)[0m
[32;20m[2026-06-03 07:22:03,925] LMCache INFO:[0m Stored 256 tokens in 0.003 seconds [3m(gpu_transfer.py:513:lmcache.v1.multiprocess.modules.gpu_transfer)[0m
[32;20m[2026-06-03 07:22:04,184] LMCache INFO:[0m Stored 256 tokens in 0.002 seconds [3m(gpu_transfer.py:513:lmcache.v1.multiprocess.modules.gpu_transfer)[0m
[32;20m[2026-06-03 07:22:04,414] LMCache INFO:[0m Stored 256 tokens in 0.004 seconds [3m(gpu_transfer.py:513:lmcache.v1.multiprocess.modules.gpu_transfer)[0m
[32;20m[2026-06-03 07:22:04,485] LMCache INFO:[0m Stored 256 tokens in 0.003 seconds [3m(gpu_transfer.py:513:lmcache.v1.multiprocess.modules.gpu_transfer)[0m
[32;20m[2026-06-03 07:22:04,715] LMCache INFO:[0m Stored 256 tokens in 0.003 seconds [3m(gpu_transfer.py:513:lmcache.v1.multiprocess.modules.gpu_transfer)[0m
[32;20m[2026-06-03 07:22:05,276] LMCache INFO:[0m Stored 256 tokens in 0.003 seconds [3m(gpu_transfer.py:513:lmcache.v1.multiprocess.modules.gpu_transfer)[0m
[32;20m[2026-06-03 07:22:05,688] LMCache INFO:[0m Stored 256 tokens in 0.002 seconds [3m(gpu_transfer.py:513:lmcache.v1.multiprocess.modules.gpu_transfer)[0m
[32;20m[2026-06-03 07:22:06,016] LMCache INFO:[0m Stored 256 tokens in 0.002 seconds [3m(gpu_transfer.py:513:lmcache.v1.multiprocess.modules.gpu_transfer)[0m
[32;20m[2026-06-03 07:22:06,798] LMCache INFO:[0m Stored 256 tokens in 0.005 seconds [3m(gpu_transfer.py:513:lmcache.v1.multiprocess.modules.gpu_transfer)[0m
[32;20m[2026-06-03 07:22:07,382] LMCache INFO:[0m Stored 256 tokens in 0.002 seconds [3m(gpu_transfer.py:513:lmcache.v1.multiprocess.modules.gpu_transfer)[0m
[32;20m[2026-06-03 07:22:07,862] LMCache INFO:[0m Prefetch request completed (L1+L2): 290/309 retained keys (290 L1, 0 L2) in 1.6 ms (external_request_id=chatcmpl-1b63ea52-37cf-4fc4-9723-149c5a1d6bd4-b65128fe, prefetch_request_id=-1) [3m(storage_manager.py:575:lmcache.v1.distributed.storage_manager)[0m
[32;20m[2026-06-03 07:22:08,183] LMCache INFO:[0m Stored 4864 tokens in 0.019 seconds [3m(gpu_transfer.py:513:lmcache.v1.multiprocess.modules.gpu_transfer)[0m
[32;20m[2026-06-03 07:22:09,030] LMCache INFO:[0m Stored 256 tokens in 0.003 seconds [3m(gpu_transfer.py:513:lmcache.v1.multiprocess.modules.gpu_transfer)[0m
[32;20m[2026-06-03 07:22:09,036] LMCache INFO:[0m Stored 256 tokens in 0.003 seconds [3m(gpu_transfer.py:513:lmcache.v1.multiprocess.modules.gpu_transfer)[0m
[32;20m[2026-06-03 07:22:09,790] LMCache INFO:[0m Stored 256 tokens in 0.003 seconds [3m(gpu_transfer.py:513:lmcache.v1.multiprocess.modules.gpu_transfer)[0m
[32;20m[2026-06-03 07:22:09,863] LMCache INFO:[0m Stored 256 tokens in 0.002 seconds [3m(gpu_transfer.py:513:lmcache.v1.multiprocess.modules.gpu_transfer)[0m
[32;20m[2026-06-03 07:22:10,122] LMCache INFO:[0m Stored 256 tokens in 0.005 seconds [3m(gpu_transfer.py:513:lmcache.v1.multiprocess.modules.gpu_transfer)[0m
[32;20m[2026-06-03 07:22:10,440] LMCache INFO:[0m Stored 256 tokens in 0.004 seconds [3m(gpu_transfer.py:513:lmcache.v1.multiprocess.modules.gpu_transfer)[0m
[32;20m[2026-06-03 07:22:10,503] LMCache INFO:[0m Stored 256 tokens in 0.001 seconds [3m(gpu_transfer.py:513:lmcache.v1.multiprocess.modules.gpu_transfer)[0m
[32;20m[2026-06-03 07:22:11,301] LMCache INFO:[0m Stored 256 tokens in 0.004 seconds [3m(gpu_transfer.py:513:lmcache.v1.multiprocess.modules.gpu_transfer)[0m
[32;20m[2026-06-03 07:22:11,417] LMCache INFO:[0m Stored 256 tokens in 0.004 seconds [3m(gpu_transfer.py:513:lmcache.v1.multiprocess.modules.gpu_transfer)[0m
[32;20m[2026-06-03 07:22:11,555] LMCache INFO:[0m Prefetch request completed (L1+L2): 332/333 retained keys (332 L1, 0 L2) in 1.7 ms (external_request_id=chatcmpl-cb6be322-c170-4769-9bd2-b1792b98bb6c-9ceaceeb, prefetch_request_id=-1) [3m(storage_manager.py:575:lmcache.v1.distributed.storage_manager)[0m
[32;20m[2026-06-03 07:22:11,799] LMCache INFO:[0m Stored 256 tokens in 0.010 seconds [3m(gpu_transfer.py:513:lmcache.v1.multiprocess.modules.gpu_transfer)[0m
[32;20m[2026-06-03 07:22:12,553] LMCache INFO:[0m Stored 256 tokens in 0.003 seconds [3m(gpu_transfer.py:513:lmcache.v1.multiprocess.modules.gpu_transfer)[0m
[32;20m[2026-06-03 07:22:12,691] LMCache INFO:[0m Stored 256 tokens in 0.003 seconds [3m(gpu_transfer.py:513:lmcache.v1.multiprocess.modules.gpu_transfer)[0m
[32;20m[2026-06-03 07:22:13,479] LMCache INFO:[0m Stored 256 tokens in 0.003 seconds [3m(gpu_transfer.py:513:lmcache.v1.multiprocess.modules.gpu_transfer)[0m
[32;20m[2026-06-03 07:22:13,542] LMCache INFO:[0m Stored 256 tokens in 0.002 seconds [3m(gpu_transfer.py:513:lmcache.v1.multiprocess.modules.gpu_transfer)[0m
[32;20m[2026-06-03 07:22:14,026] LMCache INFO:[0m Stored 256 tokens in 0.003 seconds [3m(gpu_transfer.py:513:lmcache.v1.multiprocess.modules.gpu_transfer)[0m
[32;20m[2026-06-03 07:22:14,112] LMCache INFO:[0m Stored 256 tokens in 0.004 seconds [3m(gpu_transfer.py:513:lmcache.v1.multiprocess.modules.gpu_transfer)[0m
[32;20m[2026-06-03 07:22:14,410] LMCache INFO:[0m Prefetch request completed (L1+L2): 447/512 retained keys (447 L1, 0 L2) in 2.1 ms (external_request_id=chatcmpl-6f044ab1-c07a-4f7b-92dc-69678fedd986-848fe923, prefetch_request_id=-1) [3m(storage_manager.py:575:lmcache.v1.distributed.storage_manager)[0m
[32;20m[2026-06-03 07:22:14,684] LMCache INFO:[0m Stored 8192 tokens in 0.029 seconds [3m(gpu_transfer.py:513:lmcache.v1.multiprocess.modules.gpu_transfer)[0m
[32;20m[2026-06-03 07:22:16,799] LMCache INFO:[0m Stored 8192 tokens in 0.009 seconds [3m(gpu_transfer.py:513:lmcache.v1.multiprocess.modules.gpu_transfer)[0m
[32;20m[2026-06-03 07:22:16,835] LMCache INFO:[0m Prefetch request completed (L1+L2): 196/198 retained keys (196 L1, 0 L2) in 1.1 ms (external_request_id=chatcmpl-1569dd95-820e-4956-8900-f939261575d3-9bb0916f, prefetch_request_id=-1) [3m(storage_manager.py:575:lmcache.v1.distributed.storage_manager)[0m
[32;20m[2026-06-03 07:22:16,972] LMCache INFO:[0m Prefetch request completed (L1+L2): 456/460 retained keys (456 L1, 0 L2) in 1.3 ms (external_request_id=chatcmpl-4d0bc50c-34bc-4190-850a-d51cc8419399-936b2401, prefetch_request_id=-1) [3m(storage_manager.py:575:lmcache.v1.distributed.storage_manager)[0m
[32;20m[2026-06-03 07:22:17,033] LMCache INFO:[0m Prefetch request completed (L1+L2): 154/154 retained keys (154 L1, 0 L2) in 0.7 ms (external_request_id=chatcmpl-d603ab5b-84dd-4162-b815-766f8e583a8d-a0d6a0eb, prefetch_request_id=-1) [3m(storage_manager.py:575:lmcache.v1.distributed.storage_manager)[0m
[32;20m[2026-06-03 07:22:19,363] LMCache INFO:[0m Prefetch request completed (L1+L2): 346/349 retained keys (346 L1, 0 L2) in 1.9 ms (external_request_id=chatcmpl-e643edf7-d798-4efa-b5a2-15917ede9545-8f55e9d4, prefetch_request_id=-1) [3m(storage_manager.py:575:lmcache.v1.distributed.storage_manager)[0m
[32;20m[2026-06-03 07:22:19,595] LMCache INFO:[0m Stored 512 tokens in 0.019 seconds [3m(gpu_transfer.py:513:lmcache.v1.multiprocess.modules.gpu_transfer)[0m
[32;20m[2026-06-03 07:22:20,289] LMCache INFO:[0m Stored 1024 tokens in 0.015 seconds [3m(gpu_transfer.py:513:lmcache.v1.multiprocess.modules.gpu_transfer)[0m
[32;20m[2026-06-03 07:22:20,295] LMCache INFO:[0m Stored 256 tokens in 0.003 seconds [3m(gpu_transfer.py:513:lmcache.v1.multiprocess.modules.gpu_transfer)[0m
[32;20m[2026-06-03 07:22:20,301] LMCache INFO:[0m Stored 256 tokens in 0.004 seconds [3m(gpu_transfer.py:513:lmcache.v1.multiprocess.modules.gpu_transfer)[0m
[32;20m[2026-06-03 07:22:20,486] LMCache INFO:[0m Stored 768 tokens in 0.011 seconds [3m(gpu_transfer.py:513:lmcache.v1.multiprocess.modules.gpu_transfer)[0m
[32;20m[2026-06-03 07:22:21,020] LMCache INFO:[0m Prefetch request completed (L1+L2): 821/831 retained keys (821 L1, 0 L2) in 2.8 ms (external_request_id=chatcmpl-aed31d78-3828-4305-b725-c179b541c66b-a492a696, prefetch_request_id=-1) [3m(storage_manager.py:575:lmcache.v1.distributed.storage_manager)[0m
[32;20m[2026-06-03 07:22:21,389] LMCache INFO:[0m Stored 2560 tokens in 0.023 seconds [3m(gpu_transfer.py:513:lmcache.v1.multiprocess.modules.gpu_transfer)[0m
[32;20m[2026-06-03 07:22:23,016] LMCache INFO:[0m Prefetch request completed (L1+L2): 253/253 retained keys (253 L1, 0 L2) in 1.6 ms (external_request_id=chatcmpl-3961a252-1568-46f3-88bd-e59c0f791cd3-ab929f95, prefetch_request_id=-1) [3m(storage_manager.py:575:lmcache.v1.distributed.storage_manager)[0m
[32;20m[2026-06-03 07:22:23,140] LMCache INFO:[0m Stored 256 tokens in 0.026 seconds [3m(gpu_transfer.py:513:lmcache.v1.multiprocess.modules.gpu_transfer)[0m
[32;20m[2026-06-03 07:22:23,147] LMCache INFO:[0m Stored 256 tokens in 0.005 seconds [3m(gpu_transfer.py:513:lmcache.v1.multiprocess.modules.gpu_transfer)[0m
[32;20m[2026-06-03 07:22:23,377] LMCache INFO:[0m Prefetch request completed (L1+L2): 253/253 retained keys (253 L1, 0 L2) in 1.4 ms (external_request_id=chatcmpl-9705908b-24b8-448c-a427-15e6778fa1d2-8298682b, prefetch_request_id=-1) [3m(storage_manager.py:575:lmcache.v1.distributed.storage_manager)[0m
[32;20m[2026-06-03 07:22:23,497] LMCache INFO:[0m Stored 256 tokens in 0.004 seconds [3m(gpu_transfer.py:513:lmcache.v1.multiprocess.modules.gpu_transfer)[0m
[32;20m[2026-06-03 07:22:24,062] LMCache INFO:[0m Stored 256 tokens in 0.003 seconds [3m(gpu_transfer.py:513:lmcache.v1.multiprocess.modules.gpu_transfer)[0m
[32;20m[2026-06-03 07:22:25,806] LMCache INFO:[0m Stored 256 tokens in 0.005 seconds [3m(gpu_transfer.py:513:lmcache.v1.multiprocess.modules.gpu_transfer)[0m
[32;20m[2026-06-03 07:22:26,214] LMCache INFO:[0m Stored 256 tokens in 0.004 seconds [3m(gpu_transfer.py:513:lmcache.v1.multiprocess.modules.gpu_transfer)[0m
[32;20m[2026-06-03 07:22:26,938] LMCache INFO:[0m Stored 256 tokens in 0.008 seconds [3m(gpu_transfer.py:513:lmcache.v1.multiprocess.modules.gpu_transfer)[0m
[32;20m[2026-06-03 07:22:26,991] LMCache INFO:[0m Stored 256 tokens in 0.004 seconds [3m(gpu_transfer.py:513:lmcache.v1.multiprocess.modules.gpu_transfer)[0m
[32;20m[2026-06-03 07:22:27,794] LMCache INFO:[0m Stored 256 tokens in 0.003 seconds [3m(gpu_transfer.py:513:lmcache.v1.multiprocess.modules.gpu_transfer)[0m
[32;20m[2026-06-03 07:22:27,872] LMCache INFO:[0m Stored 256 tokens in 0.002 seconds [3m(gpu_transfer.py:513:lmcache.v1.multiprocess.modules.gpu_transfer)[0m
[32;20m[2026-06-03 07:22:28,153] LMCache INFO:[0m Stored 256 tokens in 0.005 seconds [3m(gpu_transfer.py:513:lmcache.v1.multiprocess.modules.gpu_transfer)[0m
[32;20m[2026-06-03 07:22:28,344] LMCache INFO:[0m Prefetch request completed (L1+L2): 333/333 retained keys (333 L1, 0 L2) in 1.7 ms (external_request_id=chatcmpl-f7df7f40-1a18-4969-8cba-96946cf1c451-830495e1, prefetch_request_id=-1) [3m(storage_manager.py:575:lmcache.v1.distributed.storage_manager)[0m
[32;20m[2026-06-03 07:22:29,328] LMCache INFO:[0m Prefetch request completed (L1+L2): 253/262 retained keys (253 L1, 0 L2) in 1.5 ms (external_request_id=chatcmpl-9b8f5015-c31d-47e6-89d1-c8bb667d9c6e-a0c364ef, prefetch_request_id=-1) [3m(storage_manager.py:575:lmcache.v1.distributed.storage_manager)[0m
[32;20m[2026-06-03 07:22:29,539] LMCache INFO:[0m Stored 2304 tokens in 0.009 seconds [3m(gpu_transfer.py:513:lmcache.v1.multiprocess.modules.gpu_transfer)[0m
[32;20m[2026-06-03 07:22:30,159] LMCache INFO:[0m Stored 256 tokens in 0.004 seconds [3m(gpu_transfer.py:513:lmcache.v1.multiprocess.modules.gpu_transfer)[0m
[32;20m[2026-06-03 07:22:30,243] LMCache INFO:[0m Stored 256 tokens in 0.006 seconds [3m(gpu_transfer.py:513:lmcache.v1.multiprocess.modules.gpu_transfer)[0m
[32;20m[2026-06-03 07:22:31,095] LMCache INFO:[0m Stored 256 tokens in 0.004 seconds [3m(gpu_transfer.py:513:lmcache.v1.multiprocess.modules.gpu_transfer)[0m
[32;20m[2026-06-03 07:22:31,228] LMCache INFO:[0m Stored 256 tokens in 0.005 seconds [3m(gpu_transfer.py:513:lmcache.v1.multiprocess.modules.gpu_transfer)[0m
[32;20m[2026-06-03 07:22:31,405] LMCache INFO:[0m Stored 256 tokens in 0.004 seconds [3m(gpu_transfer.py:513:lmcache.v1.multiprocess.modules.gpu_transfer)[0m
[32;20m[2026-06-03 07:22:31,666] LMCache INFO:[0m Prefetch request completed (L1+L2): 188/190 retained keys (188 L1, 0 L2) in 1.1 ms (external_request_id=chatcmpl-08a98aae-110c-41ce-b5c3-9d61548ce157-8098a37a, prefetch_request_id=-1) [3m(storage_manager.py:575:lmcache.v1.distributed.storage_manager)[0m
[32;20m[2026-06-03 07:22:31,887] LMCache INFO:[0m Stored 512 tokens in 0.007 seconds [3m(gpu_transfer.py:513:lmcache.v1.multiprocess.modules.gpu_transfer)[0m
[32;20m[2026-06-03 07:22:32,331] LMCache INFO:[0m Stored 256 tokens in 0.003 seconds [3m(gpu_transfer.py:513:lmcache.v1.multiprocess.modules.gpu_transfer)[0m
[32;20m[2026-06-03 07:22:32,576] LMCache INFO:[0m Stored 256 tokens in 0.002 seconds [3m(gpu_transfer.py:513:lmcache.v1.multiprocess.modules.gpu_transfer)[0m
[32;20m[2026-06-03 07:22:33,189] LMCache INFO:[0m Stored 256 tokens in 0.003 seconds [3m(gpu_transfer.py:513:lmcache.v1.multiprocess.modules.gpu_transfer)[0m
[32;20m[2026-06-03 07:22:33,762] LMCache INFO:[0m Stored 256 tokens in 0.005 seconds [3m(gpu_transfer.py:513:lmcache.v1.multiprocess.modules.gpu_transfer)[0m
[32;20m[2026-06-03 07:22:34,053] LMCache INFO:[0m Stored 256 tokens in 0.010 seconds [3m(gpu_transfer.py:513:lmcache.v1.multiprocess.modules.gpu_transfer)[0m
[32;20m[2026-06-03 07:22:34,115] LMCache INFO:[0m Stored 256 tokens in 0.003 seconds [3m(gpu_transfer.py:513:lmcache.v1.multiprocess.modules.gpu_transfer)[0m
[32;20m[2026-06-03 07:22:34,310] LMCache INFO:[0m Stored 256 tokens in 0.004 seconds [3m(gpu_transfer.py:513:lmcache.v1.multiprocess.modules.gpu_transfer)[0m
[32;20m[2026-06-03 07:22:34,376] LMCache INFO:[0m Stored 256 tokens in 0.005 seconds [3m(gpu_transfer.py:513:lmcache.v1.multiprocess.modules.gpu_transfer)[0m
[32;20m[2026-06-03 07:22:34,591] LMCache INFO:[0m Stored 256 tokens in 0.003 seconds [3m(gpu_transfer.py:513:lmcache.v1.multiprocess.modules.gpu_transfer)[0m
[32;20m[2026-06-03 07:22:35,111] LMCache INFO:[0m Stored 256 tokens in 0.004 seconds [3m(gpu_transfer.py:513:lmcache.v1.multiprocess.modules.gpu_transfer)[0m
[32;20m[2026-06-03 07:22:36,600] LMCache INFO:[0m Stored 256 tokens in 0.005 seconds [3m(gpu_transfer.py:513:lmcache.v1.multiprocess.modules.gpu_transfer)[0m
[32;20m[2026-06-03 07:22:36,931] LMCache INFO:[0m Stored 256 tokens in 0.004 seconds [3m(gpu_transfer.py:513:lmcache.v1.multiprocess.modules.gpu_transfer)[0m
[32;20m[2026-06-03 07:22:37,376] LMCache INFO:[0m Stored 256 tokens in 0.003 seconds [3m(gpu_transfer.py:513:lmcache.v1.multiprocess.modules.gpu_transfer)[0m
[32;20m[2026-06-03 07:22:38,303] LMCache INFO:[0m Stored 256 tokens in 0.003 seconds [3m(gpu_transfer.py:513:lmcache.v1.multiprocess.modules.gpu_transfer)[0m
[32;20m[2026-06-03 07:22:38,370] LMCache INFO:[0m Stored 256 tokens in 0.002 seconds [3m(gpu_transfer.py:513:lmcache.v1.multiprocess.modules.gpu_transfer)[0m
[32;20m[2026-06-03 07:22:38,899] LMCache INFO:[0m Stored 256 tokens in 0.004 seconds [3m(gpu_transfer.py:513:lmcache.v1.multiprocess.modules.gpu_transfer)[0m
[32;20m[2026-06-03 07:22:38,958] LMCache INFO:[0m Stored 256 tokens in 0.006 seconds [3m(gpu_transfer.py:513:lmcache.v1.multiprocess.modules.gpu_transfer)[0m
[32;20m[2026-06-03 07:22:39,564] LMCache INFO:[0m Stored 256 tokens in 0.002 seconds [3m(gpu_transfer.py:513:lmcache.v1.multiprocess.modules.gpu_transfer)[0m
[32;20m[2026-06-03 07:22:39,706] LMCache INFO:[0m Stored 256 tokens in 0.004 seconds [3m(gpu_transfer.py:513:lmcache.v1.multiprocess.modules.gpu_transfer)[0m
[32;20m[2026-06-03 07:22:39,837] LMCache INFO:[0m Stored 256 tokens in 0.004 seconds [3m(gpu_transfer.py:513:lmcache.v1.multiprocess.modules.gpu_transfer)[0m
[32;20m[2026-06-03 07:22:39,998] LMCache INFO:[0m Stored 256 tokens in 0.004 seconds [3m(gpu_transfer.py:513:lmcache.v1.multiprocess.modules.gpu_transfer)[0m
[32;20m[2026-06-03 07:22:40,504] LMCache INFO:[0m Stored 256 tokens in 0.003 seconds [3m(gpu_transfer.py:513:lmcache.v1.multiprocess.modules.gpu_transfer)[0m
[32;20m[2026-06-03 07:22:40,717] LMCache INFO:[0m Stored 256 tokens in 0.002 seconds [3m(gpu_transfer.py:513:lmcache.v1.multiprocess.modules.gpu_transfer)[0m
[32;20m[2026-06-03 07:22:41,257] LMCache INFO:[0m Stored 256 tokens in 0.003 seconds [3m(gpu_transfer.py:513:lmcache.v1.multiprocess.modules.gpu_transfer)[0m
[32;20m[2026-06-03 07:22:41,747] LMCache INFO:[0m Stored 256 tokens in 0.002 seconds [3m(gpu_transfer.py:513:lmcache.v1.multiprocess.modules.gpu_transfer)[0m
[32;20m[2026-06-03 07:22:41,876] LMCache INFO:[0m Prefetch request completed (L1+L2): 192/198 retained keys (192 L1, 0 L2) in 1.4 ms (external_request_id=chatcmpl-28dca6a0-a17b-41c1-80d2-aab509fb5bf0-89c377c5, prefetch_request_id=-1) [3m(storage_manager.py:575:lmcache.v1.distributed.storage_manager)[0m
[32;20m[2026-06-03 07:22:42,084] LMCache INFO:[0m Stored 1536 tokens in 0.007 seconds [3m(gpu_transfer.py:513:lmcache.v1.multiprocess.modules.gpu_transfer)[0m
[32;20m[2026-06-03 07:22:42,643] LMCache INFO:[0m Stored 256 tokens in 0.004 seconds [3m(gpu_transfer.py:513:lmcache.v1.multiprocess.modules.gpu_transfer)[0m
[32;20m[2026-06-03 07:22:42,692] LMCache INFO:[0m Stored 256 tokens in 0.004 seconds [3m(gpu_transfer.py:513:lmcache.v1.multiprocess.modules.gpu_transfer)[0m
[32;20m[2026-06-03 07:22:42,889] LMCache INFO:[0m Stored 256 tokens in 0.004 seconds [3m(gpu_transfer.py:513:lmcache.v1.multiprocess.modules.gpu_transfer)[0m
[32;20m[2026-06-03 07:22:43,348] LMCache INFO:[0m Stored 256 tokens in 0.003 seconds [3m(gpu_transfer.py:513:lmcache.v1.multiprocess.modules.gpu_transfer)[0m
[32;20m[2026-06-03 07:22:43,827] LMCache INFO:[0m Stored 256 tokens in 0.002 seconds [3m(gpu_transfer.py:513:lmcache.v1.multiprocess.modules.gpu_transfer)[0m
[32;20m[2026-06-03 07:22:44,652] LMCache INFO:[0m Stored 256 tokens in 0.005 seconds [3m(gpu_transfer.py:513:lmcache.v1.multiprocess.modules.gpu_transfer)[0m
[32;20m[2026-06-03 07:22:45,334] LMCache INFO:[0m Stored 256 tokens in 0.003 seconds [3m(gpu_transfer.py:513:lmcache.v1.multiprocess.modules.gpu_transfer)[0m
[32;20m[2026-06-03 07:22:46,226] LMCache INFO:[0m Stored 256 tokens in 0.003 seconds [3m(gpu_transfer.py:513:lmcache.v1.multiprocess.modules.gpu_transfer)[0m
[32;20m[2026-06-03 07:22:46,474] LMCache INFO:[0m Prefetch request completed (L1+L2): 190/191 retained keys (190 L1, 0 L2) in 1.2 ms (external_request_id=chatcmpl-777c8017-b527-406b-bcc2-b9705ebdce2f-9afc7baf, prefetch_request_id=-1) [3m(storage_manager.py:575:lmcache.v1.distributed.storage_manager)[0m
[32;20m[2026-06-03 07:22:46,713] LMCache INFO:[0m Stored 256 tokens in 0.006 seconds [3m(gpu_transfer.py:513:lmcache.v1.multiprocess.modules.gpu_transfer)[0m
[32;20m[2026-06-03 07:22:47,089] LMCache INFO:[0m Stored 256 tokens in 0.004 seconds [3m(gpu_transfer.py:513:lmcache.v1.multiprocess.modules.gpu_transfer)[0m
[32;20m[2026-06-03 07:22:47,138] LMCache INFO:[0m Stored 256 tokens in 0.005 seconds [3m(gpu_transfer.py:513:lmcache.v1.multiprocess.modules.gpu_transfer)[0m
[32;20m[2026-06-03 07:22:47,681] LMCache INFO:[0m Prefetch request completed (L1+L2): 181/189 retained keys (181 L1, 0 L2) in 1.1 ms (external_request_id=chatcmpl-6ba7ec02-de0d-4061-ba3e-8cf731271d4e-ab095bff, prefetch_request_id=-1) [3m(storage_manager.py:575:lmcache.v1.distributed.storage_manager)[0m
[32;20m[2026-06-03 07:22:47,906] LMCache INFO:[0m Stored 2048 tokens in 0.007 seconds [3m(gpu_transfer.py:513:lmcache.v1.multiprocess.modules.gpu_transfer)[0m
[32;20m[2026-06-03 07:22:48,141] LMCache INFO:[0m Prefetch request completed (L1+L2): 93/93 retained keys (93 L1, 0 L2) in 0.8 ms (external_request_id=chatcmpl-79c0f5b0-75ea-48b4-819a-29bbb30fb8bf-b4bc999c, prefetch_request_id=-1) [3m(storage_manager.py:575:lmcache.v1.distributed.storage_manager)[0m
[32;20m[2026-06-03 07:22:48,261] LMCache INFO:[0m Stored 256 tokens in 0.004 seconds [3m(gpu_transfer.py:513:lmcache.v1.multiprocess.modules.gpu_transfer)[0m
[32;20m[2026-06-03 07:22:48,379] LMCache INFO:[0m Stored 256 tokens in 0.005 seconds [3m(gpu_transfer.py:513:lmcache.v1.multiprocess.modules.gpu_transfer)[0m
[32;20m[2026-06-03 07:22:48,530] LMCache INFO:[0m Stored 256 tokens in 0.004 seconds [3m(gpu_transfer.py:513:lmcache.v1.multiprocess.modules.gpu_transfer)[0m
[32;20m[2026-06-03 07:22:49,010] LMCache INFO:[0m Stored 256 tokens in 0.003 seconds [3m(gpu_transfer.py:513:lmcache.v1.multiprocess.modules.gpu_transfer)[0m
[32;20m[2026-06-03 07:22:49,686] LMCache INFO:[0m Stored 256 tokens in 0.003 seconds [3m(gpu_transfer.py:513:lmcache.v1.multiprocess.modules.gpu_transfer)[0m
[32;20m[2026-06-03 07:22:50,110] LMCache INFO:[0m Stored 256 tokens in 0.002 seconds [3m(gpu_transfer.py:513:lmcache.v1.multiprocess.modules.gpu_transfer)[0m
[32;20m[2026-06-03 07:22:50,499] LMCache INFO:[0m Stored 256 tokens in 0.003 seconds [3m(gpu_transfer.py:513:lmcache.v1.multiprocess.modules.gpu_transfer)[0m
[32;20m[2026-06-03 07:22:50,710] LMCache INFO:[0m Stored 256 tokens in 0.004 seconds [3m(gpu_transfer.py:513:lmcache.v1.multiprocess.modules.gpu_transfer)[0m
[32;20m[2026-06-03 07:22:51,114] LMCache INFO:[0m Stored 256 tokens in 0.003 seconds [3m(gpu_transfer.py:513:lmcache.v1.multiprocess.modules.gpu_transfer)[0m
[32;20m[2026-06-03 07:22:51,534] LMCache INFO:[0m Stored 256 tokens in 0.003 seconds [3m(gpu_transfer.py:513:lmcache.v1.multiprocess.modules.gpu_transfer)[0m
[32;20m[2026-06-03 07:22:51,693] LMCache INFO:[0m Stored 256 tokens in 0.002 seconds [3m(gpu_transfer.py:513:lmcache.v1.multiprocess.modules.gpu_transfer)[0m
[32;20m[2026-06-03 07:22:52,532] LMCache INFO:[0m Prefetch request completed (L1+L2): 696/710 retained keys (696 L1, 0 L2) in 2.7 ms (external_request_id=chatcmpl-c18601ef-eb4d-4f14-ac4d-b1f46c4cf3d6-98d72f84, prefetch_request_id=-1) [3m(storage_manager.py:575:lmcache.v1.distributed.storage_manager)[0m
[32;20m[2026-06-03 07:22:52,721] LMCache INFO:[0m Prefetch request completed (L1+L2): 198/198 retained keys (198 L1, 0 L2) in 31.1 ms (external_request_id=chatcmpl-f33fe244-c0dc-4171-bedf-2065290a70fc-b3b081cf, prefetch_request_id=-1) [3m(storage_manager.py:575:lmcache.v1.distributed.storage_manager)[0m
[32;20m[2026-06-03 07:22:52,938] LMCache INFO:[0m Stored 3584 tokens in 0.021 seconds [3m(gpu_transfer.py:513:lmcache.v1.multiprocess.modules.gpu_transfer)[0m
[32;20m[2026-06-03 07:22:54,331] LMCache INFO:[0m Prefetch request completed (L1+L2): 408/408 retained keys (408 L1, 0 L2) in 1.5 ms (external_request_id=chatcmpl-5765ddbe-bf69-46d4-9564-4b198bfa64ca-aa5f1fce, prefetch_request_id=-1) [3m(storage_manager.py:575:lmcache.v1.distributed.storage_manager)[0m
[32;20m[2026-06-03 07:22:54,568] LMCache INFO:[0m Stored 256 tokens in 0.005 seconds [3m(gpu_transfer.py:513:lmcache.v1.multiprocess.modules.gpu_transfer)[0m
[32;20m[2026-06-03 07:22:55,275] LMCache INFO:[0m Stored 256 tokens in 0.003 seconds [3m(gpu_transfer.py:513:lmcache.v1.multiprocess.modules.gpu_transfer)[0m
[32;20m[2026-06-03 07:22:55,493] LMCache INFO:[0m Stored 256 tokens in 0.004 seconds [3m(gpu_transfer.py:513:lmcache.v1.multiprocess.modules.gpu_transfer)[0m
[32;20m[2026-06-03 07:22:55,968] LMCache INFO:[0m Prefetch request completed (L1+L2): 460/464 retained keys (460 L1, 0 L2) in 2.4 ms (external_request_id=chatcmpl-b630cfa2-ebb5-4504-915e-85d626f933a8-9d18f5da, prefetch_request_id=-1) [3m(storage_manager.py:575:lmcache.v1.distributed.storage_manager)[0m
[32;20m[2026-06-03 07:22:56,196] LMCache INFO:[0m Prefetch request completed (L1+L2): 191/193 retained keys (191 L1, 0 L2) in 36.2 ms (external_request_id=chatcmpl-c3576f0e-b550-4cef-bbcd-e2192c4bbce4-bb2ba73c, prefetch_request_id=-1) [3m(storage_manager.py:575:lmcache.v1.distributed.storage_manager)[0m
[32;20m[2026-06-03 07:22:56,350] LMCache INFO:[0m Stored 1024 tokens in 0.036 seconds [3m(gpu_transfer.py:513:lmcache.v1.multiprocess.modules.gpu_transfer)[0m
[32;20m[2026-06-03 07:22:56,781] LMCache INFO:[0m Stored 512 tokens in 0.007 seconds [3m(gpu_transfer.py:513:lmcache.v1.multiprocess.modules.gpu_transfer)[0m
[32;20m[2026-06-03 07:22:56,860] LMCache INFO:[0m Prefetch request completed (L1+L2): 261/268 retained keys (261 L1, 0 L2) in 1.5 ms (external_request_id=chatcmpl-15f1d581-1b01-4016-b31f-5a3463cdf3b1-9c2157cd, prefetch_request_id=-1) [3m(storage_manager.py:575:lmcache.v1.distributed.storage_manager)[0m
[32;20m[2026-06-03 07:22:57,015] LMCache INFO:[0m Prefetch request completed (L1+L2): 480/480 retained keys (480 L1, 0 L2) in 1.3 ms (external_request_id=chatcmpl-e08cb5bb-57ca-4d97-ad2f-030049ff17bd-903754c5, prefetch_request_id=-1) [3m(storage_manager.py:575:lmcache.v1.distributed.storage_manager)[0m
[32;20m[2026-06-03 07:22:57,306] LMCache INFO:[0m Stored 1792 tokens in 0.009 seconds [3m(gpu_transfer.py:513:lmcache.v1.multiprocess.modules.gpu_transfer)[0m
[32;20m[2026-06-03 07:22:57,760] LMCache INFO:[0m Stored 256 tokens in 0.003 seconds [3m(gpu_transfer.py:513:lmcache.v1.multiprocess.modules.gpu_transfer)[0m
[32;20m[2026-06-03 07:22:58,061] LMCache INFO:[0m Stored 256 tokens in 0.003 seconds [3m(gpu_transfer.py:513:lmcache.v1.multiprocess.modules.gpu_transfer)[0m
[32;20m[2026-06-03 07:22:58,499] LMCache INFO:[0m Stored 256 tokens in 0.007 seconds [3m(gpu_transfer.py:513:lmcache.v1.multiprocess.modules.gpu_transfer)[0m
[32;20m[2026-06-03 07:22:58,555] LMCache INFO:[0m Stored 256 tokens in 0.002 seconds [3m(gpu_transfer.py:513:lmcache.v1.multiprocess.modules.gpu_transfer)[0m
[32;20m[2026-06-03 07:22:59,314] LMCache INFO:[0m Stored 256 tokens in 0.005 seconds [3m(gpu_transfer.py:513:lmcache.v1.multiprocess.modules.gpu_transfer)[0m
[32;20m[2026-06-03 07:22:59,434] LMCache INFO:[0m Stored 256 tokens in 0.005 seconds [3m(gpu_transfer.py:513:lmcache.v1.multiprocess.modules.gpu_transfer)[0m
[32;20m[2026-06-03 07:22:59,811] LMCache INFO:[0m Prefetch request completed (L1+L2): 439/439 retained keys (439 L1, 0 L2) in 2.1 ms (external_request_id=chatcmpl-b0fd652c-956a-471d-8dda-27e6f4c63c4b-8a32558d, prefetch_request_id=-1) [3m(storage_manager.py:575:lmcache.v1.distributed.storage_manager)[0m
[32;20m[2026-06-03 07:22:59,999] LMCache INFO:[0m Stored 256 tokens in 0.015 seconds [3m(gpu_transfer.py:513:lmcache.v1.multiprocess.modules.gpu_transfer)[0m
[32;20m[2026-06-03 07:23:00,104] LMCache INFO:[0m Stored 256 tokens in 0.012 seconds [3m(gpu_transfer.py:513:lmcache.v1.multiprocess.modules.gpu_transfer)[0m
[32;20m[2026-06-03 07:23:00,222] LMCache INFO:[0m Stored 256 tokens in 0.003 seconds [3m(gpu_transfer.py:513:lmcache.v1.multiprocess.modules.gpu_transfer)[0m
[32;20m[2026-06-03 07:23:01,443] LMCache INFO:[0m Stored 256 tokens in 0.002 seconds [3m(gpu_transfer.py:513:lmcache.v1.multiprocess.modules.gpu_transfer)[0m
[32;20m[2026-06-03 07:23:01,899] LMCache INFO:[0m Stored 256 tokens in 0.003 seconds [3m(gpu_transfer.py:513:lmcache.v1.multiprocess.modules.gpu_transfer)[0m
[32;20m[2026-06-03 07:23:02,145] LMCache INFO:[0m Stored 256 tokens in 0.003 seconds [3m(gpu_transfer.py:513:lmcache.v1.multiprocess.modules.gpu_transfer)[0m
[32;20m[2026-06-03 07:23:02,298] LMCache INFO:[0m Stored 256 tokens in 0.002 seconds [3m(gpu_transfer.py:513:lmcache.v1.multiprocess.modules.gpu_transfer)[0m
[32;20m[2026-06-03 07:23:02,731] LMCache INFO:[0m Prefetch request completed (L1+L2): 511/517 retained keys (511 L1, 0 L2) in 1.8 ms (external_request_id=chatcmpl-cc8de2cf-8a1c-461e-b094-913ebec3d447-93e09566, prefetch_request_id=-1) [3m(storage_manager.py:575:lmcache.v1.distributed.storage_manager)[0m
[32;20m[2026-06-03 07:23:03,018] LMCache INFO:[0m Stored 1536 tokens in 0.016 seconds [3m(gpu_transfer.py:513:lmcache.v1.multiprocess.modules.gpu_transfer)[0m
[32;20m[2026-06-03 07:23:03,678] LMCache INFO:[0m Prefetch request completed (L1+L2): 198/200 retained keys (198 L1, 0 L2) in 1.1 ms (external_request_id=chatcmpl-9cd79ff9-362b-43d3-a528-184347bd2130-9a8afb2b, prefetch_request_id=-1) [3m(storage_manager.py:575:lmcache.v1.distributed.storage_manager)[0m
[32;20m[2026-06-03 07:23:03,867] LMCache INFO:[0m Stored 512 tokens in 0.010 seconds [3m(gpu_transfer.py:513:lmcache.v1.multiprocess.modules.gpu_transfer)[0m
[32;20m[2026-06-03 07:23:04,002] LMCache INFO:[0m Stored 256 tokens in 0.004 seconds [3m(gpu_transfer.py:513:lmcache.v1.multiprocess.modules.gpu_transfer)[0m
[32;20m[2026-06-03 07:23:04,241] LMCache INFO:[0m Stored 256 tokens in 0.004 seconds [3m(gpu_transfer.py:513:lmcache.v1.multiprocess.modules.gpu_transfer)[0m
[32;20m[2026-06-03 07:23:04,569] LMCache INFO:[0m Stored 256 tokens in 0.005 seconds [3m(gpu_transfer.py:513:lmcache.v1.multiprocess.modules.gpu_transfer)[0m
[32;20m[2026-06-03 07:23:05,406] LMCache INFO:[0m Stored 256 tokens in 0.006 seconds [3m(gpu_transfer.py:513:lmcache.v1.multiprocess.modules.gpu_transfer)[0m
[32;20m[2026-06-03 07:23:06,114] LMCache INFO:[0m Stored 256 tokens in 0.003 seconds [3m(gpu_transfer.py:513:lmcache.v1.multiprocess.modules.gpu_transfer)[0m
[32;20m[2026-06-03 07:23:06,337] LMCache INFO:[0m Stored 256 tokens in 0.002 seconds [3m(gpu_transfer.py:513:lmcache.v1.multiprocess.modules.gpu_transfer)[0m
[32;20m[2026-06-03 07:23:07,044] LMCache INFO:[0m Stored 256 tokens in 0.002 seconds [3m(gpu_transfer.py:513:lmcache.v1.multiprocess.modules.gpu_transfer)[0m
[32;20m[2026-06-03 07:23:07,793] LMCache INFO:[0m Prefetch request completed (L1+L2): 831/838 retained keys (831 L1, 0 L2) in 18.8 ms (external_request_id=chatcmpl-6213a611-07cb-4e31-b1d1-9a53da5f7bb1-a363b65d, prefetch_request_id=-1) [3m(storage_manager.py:575:lmcache.v1.distributed.storage_manager)[0m
[32;20m[2026-06-03 07:23:08,230] LMCache INFO:[0m Prefetch request completed (L1+L2): 309/312 retained keys (309 L1, 0 L2) in 41.3 ms (external_request_id=chatcmpl-27cee386-a235-4f6a-afc5-082963dbc96b-99cefa52, prefetch_request_id=-1) [3m(storage_manager.py:575:lmcache.v1.distributed.storage_manager)[0m
[32;20m[2026-06-03 07:23:08,401] LMCache INFO:[0m Stored 1792 tokens in 0.024 seconds [3m(gpu_transfer.py:513:lmcache.v1.multiprocess.modules.gpu_transfer)[0m
[32;20m[2026-06-03 07:23:08,615] LMCache INFO:[0m Prefetch request completed (L1+L2): 333/334 retained keys (333 L1, 0 L2) in 17.3 ms (external_request_id=chatcmpl-3dc781df-5db3-42de-a985-b9cb295d9621-a296013e, prefetch_request_id=-1) [3m(storage_manager.py:575:lmcache.v1.distributed.storage_manager)[0m
[32;20m[2026-06-03 07:23:09,496] LMCache INFO:[0m Stored 768 tokens in 0.011 seconds [3m(gpu_transfer.py:513:lmcache.v1.multiprocess.modules.gpu_transfer)[0m
[32;20m[2026-06-03 07:23:09,592] LMCache INFO:[0m Prefetch request completed (L1+L2): 464/465 retained keys (464 L1, 0 L2) in 16.7 ms (external_request_id=chatcmpl-0a807e69-0a1d-4d39-b993-1f6126594450-82b915bf, prefetch_request_id=-1) [3m(storage_manager.py:575:lmcache.v1.distributed.storage_manager)[0m
[32;20m[2026-06-03 07:23:10,081] LMCache INFO:[0m Stored 256 tokens in 0.010 seconds [3m(gpu_transfer.py:513:lmcache.v1.multiprocess.modules.gpu_transfer)[0m
[32;20m[2026-06-03 07:23:10,097] LMCache INFO:[0m Stored 256 tokens in 0.013 seconds [3m(gpu_transfer.py:513:lmcache.v1.multiprocess.modules.gpu_transfer)[0m
[32;20m[2026-06-03 07:23:10,169] LMCache INFO:[0m Prefetch request completed (L1+L2): 439/439 retained keys (439 L1, 0 L2) in 1.5 ms (external_request_id=chatcmpl-3dd02d6c-abe5-49ff-a5f3-11c3f915bbd1-80887dea, prefetch_request_id=-1) [3m(storage_manager.py:575:lmcache.v1.distributed.storage_manager)[0m
[32;20m[2026-06-03 07:23:10,731] LMCache INFO:[0m Prefetch request completed (L1+L2): 268/270 retained keys (268 L1, 0 L2) in 1.5 ms (external_request_id=chatcmpl-05b0b9f6-b83e-4050-87d2-f27167384b22-b93ee12b, prefetch_request_id=-1) [3m(storage_manager.py:575:lmcache.v1.distributed.storage_manager)[0m
[32;20m[2026-06-03 07:23:10,906] LMCache INFO:[0m Stored 512 tokens in 0.009 seconds [3m(gpu_transfer.py:513:lmcache.v1.multiprocess.modules.gpu_transfer)[0m
[32;20m[2026-06-03 07:23:11,154] LMCache INFO:[0m Prefetch request completed (L1+L2): 193/194 retained keys (193 L1, 0 L2) in 1.0 ms (external_request_id=chatcmpl-7a89e01f-f4d1-4514-84b1-2b21dc871ea7-b2c54b21, prefetch_request_id=-1) [3m(storage_manager.py:575:lmcache.v1.distributed.storage_manager)[0m
[32;20m[2026-06-03 07:23:11,373] LMCache INFO:[0m Stored 256 tokens in 0.006 seconds [3m(gpu_transfer.py:513:lmcache.v1.multiprocess.modules.gpu_transfer)[0m
[32;20m[2026-06-03 07:23:11,596] LMCache INFO:[0m Stored 256 tokens in 0.002 seconds [3m(gpu_transfer.py:513:lmcache.v1.multiprocess.modules.gpu_transfer)[0m
[32;20m[2026-06-03 07:23:11,664] LMCache INFO:[0m Stored 256 tokens in 0.002 seconds [3m(gpu_transfer.py:513:lmcache.v1.multiprocess.modules.gpu_transfer)[0m
[32;20m[2026-06-03 07:23:11,863] LMCache INFO:[0m Stored 256 tokens in 0.005 seconds [3m(gpu_transfer.py:513:lmcache.v1.multiprocess.modules.gpu_transfer)[0m
[32;20m[2026-06-03 07:23:11,990] LMCache INFO:[0m Stored 256 tokens in 0.003 seconds [3m(gpu_transfer.py:513:lmcache.v1.multiprocess.modules.gpu_transfer)[0m
[32;20m[2026-06-03 07:23:12,110] LMCache INFO:[0m Stored 256 tokens in 0.002 seconds [3m(gpu_transfer.py:513:lmcache.v1.multiprocess.modules.gpu_transfer)[0m
[32;20m[2026-06-03 07:23:12,453] LMCache INFO:[0m Prefetch request completed (L1+L2): 408/439 retained keys (408 L1, 0 L2) in 22.6 ms (external_request_id=chatcmpl-571c7705-a95a-4284-983f-c4dd9bb71b68-893dccf9, prefetch_request_id=-1) [3m(storage_manager.py:575:lmcache.v1.distributed.storage_manager)[0m
[32;20m[2026-06-03 07:23:12,729] LMCache INFO:[0m Prefetch request completed (L1+L2): 312/314 retained keys (312 L1, 0 L2) in 36.5 ms (external_request_id=chatcmpl-829ca391-a047-4a1d-b61b-14cc1d9517ab-a2ea84b4, prefetch_request_id=-1) [3m(storage_manager.py:575:lmcache.v1.distributed.storage_manager)[0m
[32;20m[2026-06-03 07:23:12,889] LMCache INFO:[0m Stored 7936 tokens in 0.045 seconds [3m(gpu_transfer.py:513:lmcache.v1.multiprocess.modules.gpu_transfer)[0m
[32;20m[2026-06-03 07:23:14,788] LMCache INFO:[0m Prefetch request completed (L1+L2): 334/336 retained keys (334 L1, 0 L2) in 1.6 ms (external_request_id=chatcmpl-6d07f016-75f9-42ed-bb71-8d2c83289702-b8ede7a3, prefetch_request_id=-1) [3m(storage_manager.py:575:lmcache.v1.distributed.storage_manager)[0m
[32;20m[2026-06-03 07:23:14,942] LMCache INFO:[0m Stored 512 tokens in 0.010 seconds [3m(gpu_transfer.py:513:lmcache.v1.multiprocess.modules.gpu_transfer)[0m
[32;20m[2026-06-03 07:23:15,428] LMCache INFO:[0m Stored 512 tokens in 0.010 seconds [3m(gpu_transfer.py:513:lmcache.v1.multiprocess.modules.gpu_transfer)[0m
[32;20m[2026-06-03 07:23:15,865] LMCache INFO:[0m Stored 256 tokens in 0.003 seconds [3m(gpu_transfer.py:513:lmcache.v1.multiprocess.modules.gpu_transfer)[0m
[32;20m[2026-06-03 07:23:16,120] LMCache INFO:[0m Prefetch request completed (L1+L2): 573/693 retained keys (573 L1, 0 L2) in 2.3 ms (external_request_id=chatcmpl-ac5efbd5-821a-4004-bb7c-87dcce899a9d-a00c19ef, prefetch_request_id=-1) [3m(storage_manager.py:575:lmcache.v1.distributed.storage_manager)[0m
[32;20m[2026-06-03 07:23:16,984] LMCache INFO:[0m Stored 7936 tokens in 0.661 seconds [3m(gpu_transfer.py:513:lmcache.v1.multiprocess.modules.gpu_transfer)[0m
[32;20m[2026-06-03 07:23:19,037] LMCache INFO:[0m Stored 256 tokens in 0.018 seconds [3m(gpu_transfer.py:513:lmcache.v1.multiprocess.modules.gpu_transfer)[0m
[32;20m[2026-06-03 07:23:22,056] LMCache INFO:[0m Stored 8192 tokens in 0.008 seconds [3m(gpu_transfer.py:513:lmcache.v1.multiprocess.modules.gpu_transfer)[0m
[32;20m[2026-06-03 07:23:22,098] LMCache INFO:[0m Prefetch request completed (L1+L2): 262/264 retained keys (262 L1, 0 L2) in 1.3 ms (external_request_id=chatcmpl-aaf4ce89-817a-4944-9d64-a28046f35c83-b094390b, prefetch_request_id=-1) [3m(storage_manager.py:575:lmcache.v1.distributed.storage_manager)[0m
[32;20m[2026-06-03 07:23:22,240] LMCache INFO:[0m Stored 8192 tokens in 0.016 seconds [3m(gpu_transfer.py:513:lmcache.v1.multiprocess.modules.gpu_transfer)[0m
[32;20m[2026-06-03 07:23:25,514] LMCache INFO:[0m Stored 512 tokens in 0.018 seconds [3m(gpu_transfer.py:513:lmcache.v1.multiprocess.modules.gpu_transfer)[0m
[32;20m[2026-06-03 07:23:28,082] LMCache INFO:[0m Stored 6400 tokens in 0.007 seconds [3m(gpu_transfer.py:513:lmcache.v1.multiprocess.modules.gpu_transfer)[0m
[32;20m[2026-06-03 07:23:28,217] LMCache INFO:[0m Stored 7936 tokens in 0.011 seconds [3m(gpu_transfer.py:513:lmcache.v1.multiprocess.modules.gpu_transfer)[0m
[32;20m[2026-06-03 07:23:28,394] LMCache INFO:[0m Stored 256 tokens in 0.007 seconds [3m(gpu_transfer.py:513:lmcache.v1.multiprocess.modules.gpu_transfer)[0m
[32;20m[2026-06-03 07:23:28,512] LMCache INFO:[0m Stored 8192 tokens in 0.006 seconds [3m(gpu_transfer.py:513:lmcache.v1.multiprocess.modules.gpu_transfer)[0m
[32;20m[2026-06-03 07:23:28,933] LMCache INFO:[0m Stored 8192 tokens in 0.007 seconds [3m(gpu_transfer.py:513:lmcache.v1.multiprocess.modules.gpu_transfer)[0m
[32;20m[2026-06-03 07:23:29,481] LMCache INFO:[0m Stored 8192 tokens in 0.005 seconds [3m(gpu_transfer.py:513:lmcache.v1.multiprocess.modules.gpu_transfer)[0m
[32;20m[2026-06-03 07:23:30,185] LMCache INFO:[0m Stored 8192 tokens in 0.006 seconds [3m(gpu_transfer.py:513:lmcache.v1.multiprocess.modules.gpu_transfer)[0m
[32;20m[2026-06-03 07:23:31,045] LMCache INFO:[0m Stored 8192 tokens in 0.006 seconds [3m(gpu_transfer.py:513:lmcache.v1.multiprocess.modules.gpu_transfer)[0m
[32;20m[2026-06-03 07:23:32,056] LMCache INFO:[0m Stored 8192 tokens in 0.007 seconds [3m(gpu_transfer.py:513:lmcache.v1.multiprocess.modules.gpu_transfer)[0m
[32;20m[2026-06-03 07:23:33,212] LMCache INFO:[0m Stored 8192 tokens in 0.006 seconds [3m(gpu_transfer.py:513:lmcache.v1.multiprocess.modules.gpu_transfer)[0m
[32;20m[2026-06-03 07:23:34,514] LMCache INFO:[0m Stored 8192 tokens in 0.006 seconds [3m(gpu_transfer.py:513:lmcache.v1.multiprocess.modules.gpu_transfer)[0m
[32;20m[2026-06-03 07:23:35,977] LMCache INFO:[0m Stored 8192 tokens in 0.007 seconds [3m(gpu_transfer.py:513:lmcache.v1.multiprocess.modules.gpu_transfer)[0m
[32;20m[2026-06-03 07:23:37,501] LMCache INFO:[0m Prefetch request completed (L1+L2): 407/409 retained keys (407 L1, 0 L2) in 2.1 ms (external_request_id=chatcmpl-18026afa-ac5b-4c7d-9bce-38318bd93b2f-a1ddeaa5, prefetch_request_id=-1) [3m(storage_manager.py:575:lmcache.v1.distributed.storage_manager)[0m
[32;20m[2026-06-03 07:23:37,568] LMCache INFO:[0m Prefetch request completed (L1+L2): 253/254 retained keys (253 L1, 0 L2) in 1.4 ms (external_request_id=chatcmpl-38ed98a2-21db-4df8-8104-c79e68668027-b4e02d26, prefetch_request_id=-1) [3m(storage_manager.py:575:lmcache.v1.distributed.storage_manager)[0m
[32;20m[2026-06-03 07:23:37,569] LMCache INFO:[0m Stored 7936 tokens in 0.017 seconds [3m(gpu_transfer.py:513:lmcache.v1.multiprocess.modules.gpu_transfer)[0m
[32;20m[2026-06-03 07:23:37,614] LMCache INFO:[0m Prefetch request completed (L1+L2): 200/201 retained keys (200 L1, 0 L2) in 1.1 ms (external_request_id=chatcmpl-d18c072d-bb6a-4b7c-8afd-8f7df6e03d5c-b077e7a4, prefetch_request_id=-1) [3m(storage_manager.py:575:lmcache.v1.distributed.storage_manager)[0m
[32;20m[2026-06-03 07:23:37,664] LMCache INFO:[0m Prefetch request completed (L1+L2): 239/244 retained keys (239 L1, 0 L2) in 1.2 ms (external_request_id=chatcmpl-431efeb7-84f2-42bb-a18b-9e791b4f5795-a1c76618, prefetch_request_id=-1) [3m(storage_manager.py:575:lmcache.v1.distributed.storage_manager)[0m
[32;20m[2026-06-03 07:23:39,476] LMCache INFO:[0m Stored 512 tokens in 0.012 seconds [3m(gpu_transfer.py:513:lmcache.v1.multiprocess.modules.gpu_transfer)[0m
[32;20m[2026-06-03 07:23:40,248] LMCache INFO:[0m Stored 256 tokens in 0.008 seconds [3m(gpu_transfer.py:513:lmcache.v1.multiprocess.modules.gpu_transfer)[0m
[32;20m[2026-06-03 07:23:40,256] LMCache INFO:[0m Stored 256 tokens in 0.006 seconds [3m(gpu_transfer.py:513:lmcache.v1.multiprocess.modules.gpu_transfer)[0m
[32;20m[2026-06-03 07:23:40,266] LMCache INFO:[0m Stored 1280 tokens in 0.008 seconds [3m(gpu_transfer.py:513:lmcache.v1.multiprocess.modules.gpu_transfer)[0m
[32;20m[2026-06-03 07:23:40,314] LMCache INFO:[0m Prefetch request completed (L1+L2): 336/336 retained keys (336 L1, 0 L2) in 1.7 ms (external_request_id=chatcmpl-9aa6228b-bc6c-49f0-99c6-8dae63f4db0b-80feacc0, prefetch_request_id=-1) [3m(storage_manager.py:575:lmcache.v1.distributed.storage_manager)[0m
[32;20m[2026-06-03 07:23:40,469] LMCache INFO:[0m Stored 256 tokens in 0.041 seconds [3m(gpu_transfer.py:513:lmcache.v1.multiprocess.modules.gpu_transfer)[0m
[32;20m[2026-06-03 07:23:40,475] LMCache INFO:[0m Stored 256 tokens in 0.003 seconds [3m(gpu_transfer.py:513:lmcache.v1.multiprocess.modules.gpu_transfer)[0m
[32;20m[2026-06-03 07:23:40,480] LMCache INFO:[0m Stored 256 tokens in 0.003 seconds [3m(gpu_transfer.py:513:lmcache.v1.multiprocess.modules.gpu_transfer)[0m
[32;20m[2026-06-03 07:23:40,709] LMCache INFO:[0m Stored 256 tokens in 0.003 seconds [3m(gpu_transfer.py:513:lmcache.v1.multiprocess.modules.gpu_transfer)[0m
[32;20m[2026-06-03 07:23:42,273] LMCache INFO:[0m Stored 256 tokens in 0.002 seconds [3m(gpu_transfer.py:513:lmcache.v1.multiprocess.modules.gpu_transfer)[0m
[32;20m[2026-06-03 07:23:42,929] LMCache INFO:[0m Stored 256 tokens in 0.002 seconds [3m(gpu_transfer.py:513:lmcache.v1.multiprocess.modules.gpu_transfer)[0m
[32;20m[2026-06-03 07:23:43,169] LMCache INFO:[0m Stored 256 tokens in 0.003 seconds [3m(gpu_transfer.py:513:lmcache.v1.multiprocess.modules.gpu_transfer)[0m
[32;20m[2026-06-03 07:23:43,916] LMCache INFO:[0m Stored 256 tokens in 0.002 seconds [3m(gpu_transfer.py:513:lmcache.v1.multiprocess.modules.gpu_transfer)[0m
[32;20m[2026-06-03 07:23:43,941] LMCache INFO:[0m Stored 256 tokens in 0.003 seconds [3m(gpu_transfer.py:513:lmcache.v1.multiprocess.modules.gpu_transfer)[0m
[32;20m[2026-06-03 07:23:44,298] LMCache INFO:[0m Stored 256 tokens in 0.004 seconds [3m(gpu_transfer.py:513:lmcache.v1.multiprocess.modules.gpu_transfer)[0m
[32;20m[2026-06-03 07:23:44,683] LMCache INFO:[0m Stored 256 tokens in 0.005 seconds [3m(gpu_transfer.py:513:lmcache.v1.multiprocess.modules.gpu_transfer)[0m
[32;20m[2026-06-03 07:23:45,017] LMCache INFO:[0m Stored 256 tokens in 0.004 seconds [3m(gpu_transfer.py:513:lmcache.v1.multiprocess.modules.gpu_transfer)[0m
[32;20m[2026-06-03 07:23:45,730] LMCache INFO:[0m Stored 256 tokens in 0.005 seconds [3m(gpu_transfer.py:513:lmcache.v1.multiprocess.modules.gpu_transfer)[0m
[32;20m[2026-06-03 07:23:45,783] LMCache INFO:[0m Stored 256 tokens in 0.003 seconds [3m(gpu_transfer.py:513:lmcache.v1.multiprocess.modules.gpu_transfer)[0m
[32;20m[2026-06-03 07:23:46,310] LMCache INFO:[0m Stored 256 tokens in 0.013 seconds [3m(gpu_transfer.py:513:lmcache.v1.multiprocess.modules.gpu_transfer)[0m
[32;20m[2026-06-03 07:23:46,704] LMCache INFO:[0m Stored 256 tokens in 0.003 seconds [3m(gpu_transfer.py:513:lmcache.v1.multiprocess.modules.gpu_transfer)[0m
[32;20m[2026-06-03 07:23:47,264] LMCache INFO:[0m Prefetch request completed (L1+L2): 1/127 retained keys (1 L1, 0 L2) in 1.3 ms (external_request_id=chatcmpl-c6383f21-f79b-4fe6-8413-49e182de8abc-ae7a1228, prefetch_request_id=-1) [3m(storage_manager.py:575:lmcache.v1.distributed.storage_manager)[0m
[32;20m[2026-06-03 07:23:47,455] LMCache INFO:[0m Stored 8192 tokens in 0.005 seconds [3m(gpu_transfer.py:513:lmcache.v1.multiprocess.modules.gpu_transfer)[0m
[32;20m[2026-06-03 07:23:47,632] LMCache INFO:[0m Stored 8192 tokens in 0.005 seconds [3m(gpu_transfer.py:513:lmcache.v1.multiprocess.modules.gpu_transfer)[0m
[32;20m[2026-06-03 07:23:48,118] LMCache INFO:[0m Prefetch request completed (L1+L2): 314/315 retained keys (314 L1, 0 L2) in 1.3 ms (external_request_id=chatcmpl-7df5fa03-feac-4924-9c43-992bb9c4abda-ae6d054b, prefetch_request_id=-1) [3m(storage_manager.py:575:lmcache.v1.distributed.storage_manager)[0m
[32;20m[2026-06-03 07:23:48,255] LMCache INFO:[0m Stored 8192 tokens in 0.068 seconds [3m(gpu_transfer.py:513:lmcache.v1.multiprocess.modules.gpu_transfer)[0m
[32;20m[2026-06-03 07:23:48,871] LMCache INFO:[0m Stored 256 tokens in 0.011 seconds [3m(gpu_transfer.py:513:lmcache.v1.multiprocess.modules.gpu_transfer)[0m
[32;20m[2026-06-03 07:23:49,641] LMCache INFO:[0m Stored 7680 tokens in 0.005 seconds [3m(gpu_transfer.py:513:lmcache.v1.multiprocess.modules.gpu_transfer)[0m
[32;20m[2026-06-03 07:23:50,051] LMCache INFO:[0m Stored 256 tokens in 0.002 seconds [3m(gpu_transfer.py:513:lmcache.v1.multiprocess.modules.gpu_transfer)[0m
[32;20m[2026-06-03 07:23:50,616] LMCache INFO:[0m Stored 256 tokens in 0.002 seconds [3m(gpu_transfer.py:513:lmcache.v1.multiprocess.modules.gpu_transfer)[0m
[32;20m[2026-06-03 07:23:50,688] LMCache INFO:[0m Stored 256 tokens in 0.002 seconds [3m(gpu_transfer.py:513:lmcache.v1.multiprocess.modules.gpu_transfer)[0m
[32;20m[2026-06-03 07:23:50,908] LMCache INFO:[0m Stored 256 tokens in 0.005 seconds [3m(gpu_transfer.py:513:lmcache.v1.multiprocess.modules.gpu_transfer)[0m
[32;20m[2026-06-03 07:23:51,052] LMCache INFO:[0m Stored 256 tokens in 0.003 seconds [3m(gpu_transfer.py:513:lmcache.v1.multiprocess.modules.gpu_transfer)[0m
[32;20m[2026-06-03 07:23:51,222] LMCache INFO:[0m Stored 256 tokens in 0.006 seconds [3m(gpu_transfer.py:513:lmcache.v1.multiprocess.modules.gpu_transfer)[0m
[32;20m[2026-06-03 07:23:51,282] LMCache INFO:[0m Stored 256 tokens in 0.003 seconds [3m(gpu_transfer.py:513:lmcache.v1.multiprocess.modules.gpu_transfer)[0m
[32;20m[2026-06-03 07:23:51,338] LMCache INFO:[0m Prefetch request completed (L1+L2): 336/336 retained keys (336 L1, 0 L2) in 1.7 ms (external_request_id=chatcmpl-3765c581-cdbd-4ea2-9499-270d8cc2405f-bbffac4b, prefetch_request_id=-1) [3m(storage_manager.py:575:lmcache.v1.distributed.storage_manager)[0m
[32;20m[2026-06-03 07:23:51,651] LMCache INFO:[0m Stored 256 tokens in 0.004 seconds [3m(gpu_transfer.py:513:lmcache.v1.multiprocess.modules.gpu_transfer)[0m
[32;20m[2026-06-03 07:23:51,808] LMCache INFO:[0m Stored 256 tokens in 0.005 seconds [3m(gpu_transfer.py:513:lmcache.v1.multiprocess.modules.gpu_transfer)[0m
[32;20m[2026-06-03 07:23:51,842] LMCache INFO:[0m Stored 256 tokens in 0.004 seconds [3m(gpu_transfer.py:513:lmcache.v1.multiprocess.modules.gpu_transfer)[0m
[32;20m[2026-06-03 07:23:51,970] LMCache INFO:[0m Stored 256 tokens in 0.004 seconds [3m(gpu_transfer.py:513:lmcache.v1.multiprocess.modules.gpu_transfer)[0m
[32;20m[2026-06-03 07:23:52,128] LMCache INFO:[0m Prefetch request completed (L1+L2): 441/447 retained keys (441 L1, 0 L2) in 2.0 ms (external_request_id=chatcmpl-489bd2e5-47e5-4853-a056-2b47a0798ad4-bc0f4749, prefetch_request_id=-1) [3m(storage_manager.py:575:lmcache.v1.distributed.storage_manager)[0m
[32;20m[2026-06-03 07:23:52,440] LMCache INFO:[0m Stored 1536 tokens in 0.014 seconds [3m(gpu_transfer.py:513:lmcache.v1.multiprocess.modules.gpu_transfer)[0m
[32;20m[2026-06-03 07:23:53,361] LMCache INFO:[0m Stored 256 tokens in 0.003 seconds [3m(gpu_transfer.py:513:lmcache.v1.multiprocess.modules.gpu_transfer)[0m
[32;20m[2026-06-03 07:23:53,707] LMCache INFO:[0m Stored 256 tokens in 0.003 seconds [3m(gpu_transfer.py:513:lmcache.v1.multiprocess.modules.gpu_transfer)[0m
[32;20m[2026-06-03 07:23:55,211] LMCache INFO:[0m Stored 256 tokens in 0.002 seconds [3m(gpu_transfer.py:513:lmcache.v1.multiprocess.modules.gpu_transfer)[0m
[32;20m[2026-06-03 07:23:56,076] LMCache INFO:[0m Stored 256 tokens in 0.004 seconds [3m(gpu_transfer.py:513:lmcache.v1.multiprocess.modules.gpu_transfer)[0m
[32;20m[2026-06-03 07:23:56,232] LMCache INFO:[0m Prefetch request completed (L1+L2): 352/357 retained keys (352 L1, 0 L2) in 1.6 ms (external_request_id=chatcmpl-cf29bfc6-e603-4292-8037-c996f3ad6e96-82f2d0e5, prefetch_request_id=-1) [3m(storage_manager.py:575:lmcache.v1.distributed.storage_manager)[0m
[32;20m[2026-06-03 07:23:56,521] LMCache INFO:[0m Stored 1280 tokens in 0.011 seconds [3m(gpu_transfer.py:513:lmcache.v1.multiprocess.modules.gpu_transfer)[0m
[32;20m[2026-06-03 07:23:57,003] LMCache INFO:[0m Stored 256 tokens in 0.003 seconds [3m(gpu_transfer.py:513:lmcache.v1.multiprocess.modules.gpu_transfer)[0m
[32;20m[2026-06-03 07:23:57,356] LMCache INFO:[0m Stored 256 tokens in 0.003 seconds [3m(gpu_transfer.py:513:lmcache.v1.multiprocess.modules.gpu_transfer)[0m
[32;20m[2026-06-03 07:23:57,675] LMCache INFO:[0m Stored 256 tokens in 0.004 seconds [3m(gpu_transfer.py:513:lmcache.v1.multiprocess.modules.gpu_transfer)[0m
[32;20m[2026-06-03 07:23:58,028] LMCache INFO:[0m Stored 256 tokens in 0.005 seconds [3m(gpu_transfer.py:513:lmcache.v1.multiprocess.modules.gpu_transfer)[0m
[32;20m[2026-06-03 07:23:58,329] LMCache INFO:[0m Stored 256 tokens in 0.003 seconds [3m(gpu_transfer.py:513:lmcache.v1.multiprocess.modules.gpu_transfer)[0m
[32;20m[2026-06-03 07:23:58,946] LMCache INFO:[0m Stored 256 tokens in 0.005 seconds [3m(gpu_transfer.py:513:lmcache.v1.multiprocess.modules.gpu_transfer)[0m
[32;20m[2026-06-03 07:23:59,132] LMCache INFO:[0m Stored 256 tokens in 0.003 seconds [3m(gpu_transfer.py:513:lmcache.v1.multiprocess.modules.gpu_transfer)[0m
[32;20m[2026-06-03 07:24:00,536] LMCache INFO:[0m Stored 256 tokens in 0.010 seconds [3m(gpu_transfer.py:513:lmcache.v1.multiprocess.modules.gpu_transfer)[0m
[32;20m[2026-06-03 07:24:00,783] LMCache INFO:[0m Stored 256 tokens in 0.002 seconds [3m(gpu_transfer.py:513:lmcache.v1.multiprocess.modules.gpu_transfer)[0m
[32;20m[2026-06-03 07:24:01,285] LMCache INFO:[0m Stored 256 tokens in 0.002 seconds [3m(gpu_transfer.py:513:lmcache.v1.multiprocess.modules.gpu_transfer)[0m
[32;20m[2026-06-03 07:24:01,504] LMCache INFO:[0m Stored 256 tokens in 0.005 seconds [3m(gpu_transfer.py:513:lmcache.v1.multiprocess.modules.gpu_transfer)[0m
[32;20m[2026-06-03 07:24:01,740] LMCache INFO:[0m Stored 256 tokens in 0.006 seconds [3m(gpu_transfer.py:513:lmcache.v1.multiprocess.modules.gpu_transfer)[0m
[32;20m[2026-06-03 07:24:01,793] LMCache INFO:[0m Stored 256 tokens in 0.003 seconds [3m(gpu_transfer.py:513:lmcache.v1.multiprocess.modules.gpu_transfer)[0m
[32;20m[2026-06-03 07:24:02,018] LMCache INFO:[0m Stored 256 tokens in 0.003 seconds [3m(gpu_transfer.py:513:lmcache.v1.multiprocess.modules.gpu_transfer)[0m
[32;20m[2026-06-03 07:24:02,149] LMCache INFO:[0m Stored 256 tokens in 0.005 seconds [3m(gpu_transfer.py:513:lmcache.v1.multiprocess.modules.gpu_transfer)[0m
[32;20m[2026-06-03 07:24:02,174] LMCache INFO:[0m Stored 256 tokens in 0.005 seconds [3m(gpu_transfer.py:513:lmcache.v1.multiprocess.modules.gpu_transfer)[0m
[32;20m[2026-06-03 07:24:02,450] LMCache INFO:[0m Prefetch request completed (L1+L2): 439/439 retained keys (439 L1, 0 L2) in 1.6 ms (external_request_id=chatcmpl-5ad7abac-076b-4eee-9202-a32085c0947b-896bec88, prefetch_request_id=-1) [3m(storage_manager.py:575:lmcache.v1.distributed.storage_manager)[0m
[32;20m[2026-06-03 07:24:02,643] LMCache INFO:[0m Stored 256 tokens in 0.062 seconds [3m(gpu_transfer.py:513:lmcache.v1.multiprocess.modules.gpu_transfer)[0m
[32;20m[2026-06-03 07:24:02,838] LMCache INFO:[0m Prefetch request completed (L1+L2): 270/276 retained keys (270 L1, 0 L2) in 1.6 ms (external_request_id=chatcmpl-03071893-4b46-4c73-ab88-a97172231dea-967256b0, prefetch_request_id=-1) [3m(storage_manager.py:575:lmcache.v1.distributed.storage_manager)[0m
[32;20m[2026-06-03 07:24:03,127] LMCache INFO:[0m Stored 1536 tokens in 0.009 seconds [3m(gpu_transfer.py:513:lmcache.v1.multiprocess.modules.gpu_transfer)[0m
[32;20m[2026-06-03 07:24:03,452] LMCache INFO:[0m Stored 256 tokens in 0.003 seconds [3m(gpu_transfer.py:513:lmcache.v1.multiprocess.modules.gpu_transfer)[0m
[32;20m[2026-06-03 07:24:03,749] LMCache INFO:[0m Stored 256 tokens in 0.003 seconds [3m(gpu_transfer.py:513:lmcache.v1.multiprocess.modules.gpu_transfer)[0m
[32;20m[2026-06-03 07:24:05,071] LMCache INFO:[0m Prefetch request completed (L1+L2): 201/202 retained keys (201 L1, 0 L2) in 1.1 ms (external_request_id=chatcmpl-8bf948f2-5945-4573-af03-ab983e4bad57-a7db0fe5, prefetch_request_id=-1) [3m(storage_manager.py:575:lmcache.v1.distributed.storage_manager)[0m
[32;20m[2026-06-03 07:24:05,250] LMCache INFO:[0m Stored 256 tokens in 0.007 seconds [3m(gpu_transfer.py:513:lmcache.v1.multiprocess.modules.gpu_transfer)[0m
[32;20m[2026-06-03 07:24:05,428] LMCache INFO:[0m Prefetch request completed (L1+L2): 127/132 retained keys (127 L1, 0 L2) in 0.8 ms (external_request_id=chatcmpl-d03fb7fc-ba97-4337-95cd-6ae8280c7cae-bb501814, prefetch_request_id=-1) [3m(storage_manager.py:575:lmcache.v1.distributed.storage_manager)[0m
[32;20m[2026-06-03 07:24:05,637] LMCache INFO:[0m Stored 1280 tokens in 0.006 seconds [3m(gpu_transfer.py:513:lmcache.v1.multiprocess.modules.gpu_transfer)[0m
[32;20m[2026-06-03 07:24:06,404] LMCache INFO:[0m Stored 256 tokens in 0.004 seconds [3m(gpu_transfer.py:513:lmcache.v1.multiprocess.modules.gpu_transfer)[0m
[32;20m[2026-06-03 07:24:06,771] LMCache INFO:[0m Prefetch request completed (L1+L2): 198/201 retained keys (198 L1, 0 L2) in 1.5 ms (external_request_id=chatcmpl-838c3273-ccc9-47bf-8680-1737d1945430-8d7c537a, prefetch_request_id=-1) [3m(storage_manager.py:575:lmcache.v1.distributed.storage_manager)[0m
[32;20m[2026-06-03 07:24:06,869] LMCache INFO:[0m Prefetch request completed (L1+L2): 93/93 retained keys (93 L1, 0 L2) in 16.6 ms (external_request_id=chatcmpl-35a98e8d-a95d-4079-a50b-e20948b0d095-b81a3f0b, prefetch_request_id=-1) [3m(storage_manager.py:575:lmcache.v1.distributed.storage_manager)[0m
[32;20m[2026-06-03 07:24:07,003] LMCache INFO:[0m Stored 768 tokens in 0.009 seconds [3m(gpu_transfer.py:513:lmcache.v1.multiprocess.modules.gpu_transfer)[0m
[32;20m[2026-06-03 07:24:07,197] LMCache INFO:[0m Stored 256 tokens in 0.003 seconds [3m(gpu_transfer.py:513:lmcache.v1.multiprocess.modules.gpu_transfer)[0m
[32;20m[2026-06-03 07:24:07,241] LMCache INFO:[0m Stored 256 tokens in 0.002 seconds [3m(gpu_transfer.py:513:lmcache.v1.multiprocess.modules.gpu_transfer)[0m
[32;20m[2026-06-03 07:24:07,422] LMCache INFO:[0m Stored 256 tokens in 0.003 seconds [3m(gpu_transfer.py:513:lmcache.v1.multiprocess.modules.gpu_transfer)[0m
[32;20m[2026-06-03 07:24:08,037] LMCache INFO:[0m Stored 256 tokens in 0.005 seconds [3m(gpu_transfer.py:513:lmcache.v1.multiprocess.modules.gpu_transfer)[0m
[32;20m[2026-06-03 07:24:08,320] LMCache INFO:[0m Stored 256 tokens in 0.004 seconds [3m(gpu_transfer.py:513:lmcache.v1.multiprocess.modules.gpu_transfer)[0m
[32;20m[2026-06-03 07:24:08,965] LMCache INFO:[0m Prefetch request completed (L1+L2): 312/317 retained keys (312 L1, 0 L2) in 1.6 ms (external_request_id=chatcmpl-0f0d62d3-c676-40a5-ab58-876234bb7c65-81a72a76, prefetch_request_id=-1) [3m(storage_manager.py:575:lmcache.v1.distributed.storage_manager)[0m
[32;20m[2026-06-03 07:24:09,262] LMCache INFO:[0m Stored 1280 tokens in 0.010 seconds [3m(gpu_transfer.py:513:lmcache.v1.multiprocess.modules.gpu_transfer)[0m
[32;20m[2026-06-03 07:24:09,609] LMCache INFO:[0m Prefetch request completed (L1+L2): 9/15 retained keys (9 L1, 0 L2) in 0.7 ms (external_request_id=chatcmpl-44e23b00-ff2f-4b07-93ce-91a41c1bd297-9085042b, prefetch_request_id=-1) [3m(storage_manager.py:575:lmcache.v1.distributed.storage_manager)[0m
[32;20m[2026-06-03 07:24:09,814] LMCache INFO:[0m Stored 1536 tokens in 0.003 seconds [3m(gpu_transfer.py:513:lmcache.v1.multiprocess.modules.gpu_transfer)[0m
[32;20m[2026-06-03 07:24:09,928] LMCache INFO:[0m Stored 256 tokens in 0.003 seconds [3m(gpu_transfer.py:513:lmcache.v1.multiprocess.modules.gpu_transfer)[0m
[32;20m[2026-06-03 07:24:10,070] LMCache INFO:[0m Stored 256 tokens in 0.003 seconds [3m(gpu_transfer.py:513:lmcache.v1.multiprocess.modules.gpu_transfer)[0m
[32;20m[2026-06-03 07:24:10,613] LMCache INFO:[0m Stored 256 tokens in 0.002 seconds [3m(gpu_transfer.py:513:lmcache.v1.multiprocess.modules.gpu_transfer)[0m
[32;20m[2026-06-03 07:24:10,995] LMCache INFO:[0m Stored 256 tokens in 0.003 seconds [3m(gpu_transfer.py:513:lmcache.v1.multiprocess.modules.gpu_transfer)[0m
[32;20m[2026-06-03 07:24:11,286] LMCache INFO:[0m Prefetch request completed (L1+L2): 251/286 retained keys (251 L1, 0 L2) in 1.5 ms (external_request_id=chatcmpl-093b7d9f-ffda-41ad-b448-f3d5d036582d-99e7004c, prefetch_request_id=-1) [3m(storage_manager.py:575:lmcache.v1.distributed.storage_manager)[0m
[32;20m[2026-06-03 07:24:11,457] LMCache INFO:[0m Stored 8192 tokens in 0.011 seconds [3m(gpu_transfer.py:513:lmcache.v1.multiprocess.modules.gpu_transfer)[0m
[32;20m[2026-06-03 07:24:12,752] LMCache INFO:[0m Stored 768 tokens in 0.003 seconds [3m(gpu_transfer.py:513:lmcache.v1.multiprocess.modules.gpu_transfer)[0m
[32;20m[2026-06-03 07:24:12,851] LMCache INFO:[0m Prefetch request completed (L1+L2): 593/603 retained keys (593 L1, 0 L2) in 1.7 ms (external_request_id=chatcmpl-352c11f6-22d9-4db4-b718-3b71df2ebeb0-80302d12, prefetch_request_id=-1) [3m(storage_manager.py:575:lmcache.v1.distributed.storage_manager)[0m
[32;20m[2026-06-03 07:24:13,369] LMCache INFO:[0m Stored 2560 tokens in 0.018 seconds [3m(gpu_transfer.py:513:lmcache.v1.multiprocess.modules.gpu_transfer)[0m
[32;20m[2026-06-03 07:24:14,556] LMCache INFO:[0m Stored 256 tokens in 0.003 seconds [3m(gpu_transfer.py:513:lmcache.v1.multiprocess.modules.gpu_transfer)[0m
[32;20m[2026-06-03 07:24:14,776] LMCache INFO:[0m Stored 256 tokens in 0.013 seconds [3m(gpu_transfer.py:513:lmcache.v1.multiprocess.modules.gpu_transfer)[0m
[32;20m[2026-06-03 07:24:14,832] LMCache INFO:[0m Stored 256 tokens in 0.002 seconds [3m(gpu_transfer.py:513:lmcache.v1.multiprocess.modules.gpu_transfer)[0m
[32;20m[2026-06-03 07:24:15,108] LMCache INFO:[0m Stored 256 tokens in 0.003 seconds [3m(gpu_transfer.py:513:lmcache.v1.multiprocess.modules.gpu_transfer)[0m
[32;20m[2026-06-03 07:24:15,375] LMCache INFO:[0m Stored 256 tokens in 0.002 seconds [3m(gpu_transfer.py:513:lmcache.v1.multiprocess.modules.gpu_transfer)[0m
[32;20m[2026-06-03 07:24:15,602] LMCache INFO:[0m Stored 256 tokens in 0.006 seconds [3m(gpu_transfer.py:513:lmcache.v1.multiprocess.modules.gpu_transfer)[0m
[32;20m[2026-06-03 07:24:15,870] LMCache INFO:[0m Stored 256 tokens in 0.004 seconds [3m(gpu_transfer.py:513:lmcache.v1.multiprocess.modules.gpu_transfer)[0m
[32;20m[2026-06-03 07:24:16,229] LMCache INFO:[0m Prefetch request completed (L1+L2): 517/523 retained keys (517 L1, 0 L2) in 2.4 ms (external_request_id=chatcmpl-e2b39ba9-599d-4f5a-96af-f1754c2744f5-ad63cbaf, prefetch_request_id=-1) [3m(storage_manager.py:575:lmcache.v1.distributed.storage_manager)[0m
[32;20m[2026-06-03 07:24:16,492] LMCache INFO:[0m Stored 1536 tokens in 0.015 seconds [3m(gpu_transfer.py:513:lmcache.v1.multiprocess.modules.gpu_transfer)[0m
[32;20m[2026-06-03 07:24:17,144] LMCache INFO:[0m Stored 256 tokens in 0.004 seconds [3m(gpu_transfer.py:513:lmcache.v1.multiprocess.modules.gpu_transfer)[0m
[32;20m[2026-06-03 07:24:17,210] LMCache INFO:[0m Stored 256 tokens in 0.005 seconds [3m(gpu_transfer.py:513:lmcache.v1.multiprocess.modules.gpu_transfer)[0m
[32;20m[2026-06-03 07:24:17,260] LMCache INFO:[0m Stored 256 tokens in 0.005 seconds [3m(gpu_transfer.py:513:lmcache.v1.multiprocess.modules.gpu_transfer)[0m
[32;20m[2026-06-03 07:24:17,343] LMCache INFO:[0m Stored 256 tokens in 0.004 seconds [3m(gpu_transfer.py:513:lmcache.v1.multiprocess.modules.gpu_transfer)[0m
[32;20m[2026-06-03 07:24:17,642] LMCache INFO:[0m Stored 256 tokens in 0.004 seconds [3m(gpu_transfer.py:513:lmcache.v1.multiprocess.modules.gpu_transfer)[0m
[32;20m[2026-06-03 07:24:18,122] LMCache INFO:[0m Prefetch request completed (L1+L2): 194/197 retained keys (194 L1, 0 L2) in 1.1 ms (external_request_id=chatcmpl-bb25c7c2-d551-472a-b0eb-369e6a806913-8a0f6069, prefetch_request_id=-1) [3m(storage_manager.py:575:lmcache.v1.distributed.storage_manager)[0m
[32;20m[2026-06-03 07:24:18,341] LMCache INFO:[0m Stored 768 tokens in 0.007 seconds [3m(gpu_transfer.py:513:lmcache.v1.multiprocess.modules.gpu_transfer)[0m
[32;20m[2026-06-03 07:24:18,557] LMCache INFO:[0m Stored 256 tokens in 0.003 seconds [3m(gpu_transfer.py:513:lmcache.v1.multiprocess.modules.gpu_transfer)[0m
[32;20m[2026-06-03 07:24:18,911] LMCache INFO:[0m Stored 256 tokens in 0.004 seconds [3m(gpu_transfer.py:513:lmcache.v1.multiprocess.modules.gpu_transfer)[0m
[32;20m[2026-06-03 07:24:19,145] LMCache INFO:[0m Stored 256 tokens in 0.004 seconds [3m(gpu_transfer.py:513:lmcache.v1.multiprocess.modules.gpu_transfer)[0m
[32;20m[2026-06-03 07:24:19,937] LMCache INFO:[0m Prefetch request completed (L1+L2): 315/316 retained keys (315 L1, 0 L2) in 1.6 ms (external_request_id=chatcmpl-62356b85-29ae-406a-b61a-9f9f9acf9f57-b95e9b5b, prefetch_request_id=-1) [3m(storage_manager.py:575:lmcache.v1.distributed.storage_manager)[0m
[32;20m[2026-06-03 07:24:20,230] LMCache INFO:[0m Stored 256 tokens in 0.010 seconds [3m(gpu_transfer.py:513:lmcache.v1.multiprocess.modules.gpu_transfer)[0m
[32;20m[2026-06-03 07:24:20,535] LMCache INFO:[0m Prefetch request completed (L1+L2): 154/154 retained keys (154 L1, 0 L2) in 1.3 ms (external_request_id=chatcmpl-deef98c8-a680-4648-962a-9bba36149c5a-8171088a, prefetch_request_id=-1) [3m(storage_manager.py:575:lmcache.v1.distributed.storage_manager)[0m
[32;20m[2026-06-03 07:24:20,690] LMCache INFO:[0m Stored 256 tokens in 0.002 seconds [3m(gpu_transfer.py:513:lmcache.v1.multiprocess.modules.gpu_transfer)[0m
[32;20m[2026-06-03 07:24:21,413] LMCache INFO:[0m Stored 256 tokens in 0.004 seconds [3m(gpu_transfer.py:513:lmcache.v1.multiprocess.modules.gpu_transfer)[0m
[32;20m[2026-06-03 07:24:21,700] LMCache INFO:[0m Stored 256 tokens in 0.002 seconds [3m(gpu_transfer.py:513:lmcache.v1.multiprocess.modules.gpu_transfer)[0m
[32;20m[2026-06-03 07:24:21,941] LMCache INFO:[0m Stored 256 tokens in 0.003 seconds [3m(gpu_transfer.py:513:lmcache.v1.multiprocess.modules.gpu_transfer)[0m
[32;20m[2026-06-03 07:24:22,556] LMCache INFO:[0m Stored 256 tokens in 0.005 seconds [3m(gpu_transfer.py:513:lmcache.v1.multiprocess.modules.gpu_transfer)[0m
[32;20m[2026-06-03 07:24:22,840] LMCache INFO:[0m Stored 256 tokens in 0.004 seconds [3m(gpu_transfer.py:513:lmcache.v1.multiprocess.modules.gpu_transfer)[0m
[32;20m[2026-06-03 07:24:23,202] LMCache INFO:[0m Stored 256 tokens in 0.004 seconds [3m(gpu_transfer.py:513:lmcache.v1.multiprocess.modules.gpu_transfer)[0m
[32;20m[2026-06-03 07:24:23,714] LMCache INFO:[0m Prefetch request completed (L1+L2): 480/484 retained keys (480 L1, 0 L2) in 2.4 ms (external_request_id=chatcmpl-ef331c13-9246-41f2-bbe3-3c727fae11b5-ac2265f1, prefetch_request_id=-1) [3m(storage_manager.py:575:lmcache.v1.distributed.storage_manager)[0m
[32;20m[2026-06-03 07:24:23,997] LMCache INFO:[0m Prefetch request completed (L1+L2): 201/202 retained keys (201 L1, 0 L2) in 35.8 ms (external_request_id=chatcmpl-e7f5abb5-8156-4536-ab27-3937115ad500-83046941, prefetch_request_id=-1) [3m(storage_manager.py:575:lmcache.v1.distributed.storage_manager)[0m
[32;20m[2026-06-03 07:24:24,057] LMCache INFO:[0m Prefetch request completed (L1+L2): 93/93 retained keys (93 L1, 0 L2) in 1.0 ms (external_request_id=chatcmpl-be1b5bd4-a6ea-43b1-a1cc-bba2248d40ed-b2e1fc97, prefetch_request_id=-1) [3m(storage_manager.py:575:lmcache.v1.distributed.storage_manager)[0m
[32;20m[2026-06-03 07:24:24,187] LMCache INFO:[0m Stored 1024 tokens in 0.076 seconds [3m(gpu_transfer.py:513:lmcache.v1.multiprocess.modules.gpu_transfer)[0m
[32;20m[2026-06-03 07:24:24,643] LMCache INFO:[0m Stored 256 tokens in 0.007 seconds [3m(gpu_transfer.py:513:lmcache.v1.multiprocess.modules.gpu_transfer)[0m
[32;20m[2026-06-03 07:24:24,664] LMCache INFO:[0m Prefetch request completed (L1+L2): 132/151 retained keys (132 L1, 0 L2) in 1.0 ms (external_request_id=chatcmpl-b2f317b4-a106-4201-95ec-cb3a56ff1343-adbe1342, prefetch_request_id=-1) [3m(storage_manager.py:575:lmcache.v1.distributed.storage_manager)[0m
[32;20m[2026-06-03 07:24:24,931] LMCache INFO:[0m Stored 4864 tokens in 0.007 seconds [3m(gpu_transfer.py:513:lmcache.v1.multiprocess.modules.gpu_transfer)[0m
[32;20m[2026-06-03 07:24:25,756] LMCache INFO:[0m Stored 256 tokens in 0.003 seconds [3m(gpu_transfer.py:513:lmcache.v1.multiprocess.modules.gpu_transfer)[0m
[32;20m[2026-06-03 07:24:25,906] LMCache INFO:[0m Stored 256 tokens in 0.002 seconds [3m(gpu_transfer.py:513:lmcache.v1.multiprocess.modules.gpu_transfer)[0m
[32;20m[2026-06-03 07:24:26,819] LMCache INFO:[0m Stored 256 tokens in 0.003 seconds [3m(gpu_transfer.py:513:lmcache.v1.multiprocess.modules.gpu_transfer)[0m
[32;20m[2026-06-03 07:24:26,967] LMCache INFO:[0m Stored 256 tokens in 0.002 seconds [3m(gpu_transfer.py:513:lmcache.v1.multiprocess.modules.gpu_transfer)[0m
[32;20m[2026-06-03 07:24:27,257] LMCache INFO:[0m Stored 256 tokens in 0.003 seconds [3m(gpu_transfer.py:513:lmcache.v1.multiprocess.modules.gpu_transfer)[0m
[32;20m[2026-06-03 07:24:27,480] LMCache INFO:[0m Stored 256 tokens in 0.004 seconds [3m(gpu_transfer.py:513:lmcache.v1.multiprocess.modules.gpu_transfer)[0m
[32;20m[2026-06-03 07:24:27,554] LMCache INFO:[0m Stored 256 tokens in 0.002 seconds [3m(gpu_transfer.py:513:lmcache.v1.multiprocess.modules.gpu_transfer)[0m
[32;20m[2026-06-03 07:24:27,848] LMCache INFO:[0m Stored 256 tokens in 0.003 seconds [3m(gpu_transfer.py:513:lmcache.v1.multiprocess.modules.gpu_transfer)[0m
[32;20m[2026-06-03 07:24:28,124] LMCache INFO:[0m Stored 256 tokens in 0.002 seconds [3m(gpu_transfer.py:513:lmcache.v1.multiprocess.modules.gpu_transfer)[0m
[32;20m[2026-06-03 07:24:28,611] LMCache INFO:[0m Stored 256 tokens in 0.004 seconds [3m(gpu_transfer.py:513:lmcache.v1.multiprocess.modules.gpu_transfer)[0m
[32;20m[2026-06-03 07:24:28,929] LMCache INFO:[0m Stored 256 tokens in 0.004 seconds [3m(gpu_transfer.py:513:lmcache.v1.multiprocess.modules.gpu_transfer)[0m
[32;20m[2026-06-03 07:24:29,075] LMCache INFO:[0m Stored 256 tokens in 0.004 seconds [3m(gpu_transfer.py:513:lmcache.v1.multiprocess.modules.gpu_transfer)[0m
[32;20m[2026-06-03 07:24:29,386] LMCache INFO:[0m Stored 256 tokens in 0.003 seconds [3m(gpu_transfer.py:513:lmcache.v1.multiprocess.modules.gpu_transfer)[0m
[32;20m[2026-06-03 07:24:29,861] LMCache INFO:[0m Stored 256 tokens in 0.002 seconds [3m(gpu_transfer.py:513:lmcache.v1.multiprocess.modules.gpu_transfer)[0m
[32;20m[2026-06-03 07:24:30,009] LMCache INFO:[0m Stored 256 tokens in 0.003 seconds [3m(gpu_transfer.py:513:lmcache.v1.multiprocess.modules.gpu_transfer)[0m
[32;20m[2026-06-03 07:24:30,060] LMCache INFO:[0m Stored 256 tokens in 0.003 seconds [3m(gpu_transfer.py:513:lmcache.v1.multiprocess.modules.gpu_transfer)[0m
[32;20m[2026-06-03 07:24:30,560] LMCache INFO:[0m Stored 256 tokens in 0.005 seconds [3m(gpu_transfer.py:513:lmcache.v1.multiprocess.modules.gpu_transfer)[0m
[32;20m[2026-06-03 07:24:31,123] LMCache INFO:[0m Prefetch request completed (L1+L2): 745/747 retained keys (745 L1, 0 L2) in 2.8 ms (external_request_id=chatcmpl-50fa94ac-b513-446f-908f-8c2c61a9d7f0-9c2eb29a, prefetch_request_id=-1) [3m(storage_manager.py:575:lmcache.v1.distributed.storage_manager)[0m
[32;20m[2026-06-03 07:24:31,484] LMCache INFO:[0m Stored 512 tokens in 0.021 seconds [3m(gpu_transfer.py:513:lmcache.v1.multiprocess.modules.gpu_transfer)[0m
[32;20m[2026-06-03 07:24:32,342] LMCache INFO:[0m Prefetch request completed (L1+L2): 465/465 retained keys (465 L1, 0 L2) in 1.7 ms (external_request_id=chatcmpl-97d0ad97-8093-421f-a3fe-e12f1e574752-b8922355, prefetch_request_id=-1) [3m(storage_manager.py:575:lmcache.v1.distributed.storage_manager)[0m
[32;20m[2026-06-03 07:24:32,481] LMCache INFO:[0m Stored 256 tokens in 0.069 seconds [3m(gpu_transfer.py:513:lmcache.v1.multiprocess.modules.gpu_transfer)[0m
[32;20m[2026-06-03 07:24:32,826] LMCache INFO:[0m Stored 256 tokens in 0.002 seconds [3m(gpu_transfer.py:513:lmcache.v1.multiprocess.modules.gpu_transfer)[0m
[32;20m[2026-06-03 07:24:33,491] LMCache INFO:[0m Stored 256 tokens in 0.004 seconds [3m(gpu_transfer.py:513:lmcache.v1.multiprocess.modules.gpu_transfer)[0m
[32;20m[2026-06-03 07:24:33,580] LMCache INFO:[0m Stored 256 tokens in 0.003 seconds [3m(gpu_transfer.py:513:lmcache.v1.multiprocess.modules.gpu_transfer)[0m
[32;20m[2026-06-03 07:24:33,871] LMCache INFO:[0m Stored 256 tokens in 0.002 seconds [3m(gpu_transfer.py:513:lmcache.v1.multiprocess.modules.gpu_transfer)[0m
[32;20m[2026-06-03 07:24:34,111] LMCache INFO:[0m Stored 256 tokens in 0.003 seconds [3m(gpu_transfer.py:513:lmcache.v1.multiprocess.modules.gpu_transfer)[0m
[32;20m[2026-06-03 07:24:34,725] LMCache INFO:[0m Stored 256 tokens in 0.005 seconds [3m(gpu_transfer.py:513:lmcache.v1.multiprocess.modules.gpu_transfer)[0m
[32;20m[2026-06-03 07:24:35,140] LMCache INFO:[0m Stored 256 tokens in 0.005 seconds [3m(gpu_transfer.py:513:lmcache.v1.multiprocess.modules.gpu_transfer)[0m
[32;20m[2026-06-03 07:24:35,355] LMCache INFO:[0m Stored 256 tokens in 0.003 seconds [3m(gpu_transfer.py:513:lmcache.v1.multiprocess.modules.gpu_transfer)[0m
[32;20m[2026-06-03 07:24:35,898] LMCache INFO:[0m Stored 256 tokens in 0.003 seconds [3m(gpu_transfer.py:513:lmcache.v1.multiprocess.modules.gpu_transfer)[0m
[32;20m[2026-06-03 07:24:36,334] LMCache INFO:[0m Prefetch request completed (L1+L2): 151/157 retained keys (151 L1, 0 L2) in 1.3 ms (external_request_id=chatcmpl-3ff0d184-47b4-43aa-af12-43f5bfcc9aeb-9cae95f3, prefetch_request_id=-1) [3m(storage_manager.py:575:lmcache.v1.distributed.storage_manager)[0m
[32;20m[2026-06-03 07:24:36,543] LMCache INFO:[0m Stored 1536 tokens in 0.006 seconds [3m(gpu_transfer.py:513:lmcache.v1.multiprocess.modules.gpu_transfer)[0m
[32;20m[2026-06-03 07:24:36,783] LMCache INFO:[0m Prefetch request completed (L1+L2): 197/198 retained keys (197 L1, 0 L2) in 1.1 ms (external_request_id=chatcmpl-fe52a96d-e21c-4359-9fb4-74a98ff20941-907db3fd, prefetch_request_id=-1) [3m(storage_manager.py:575:lmcache.v1.distributed.storage_manager)[0m
[32;20m[2026-06-03 07:24:36,999] LMCache INFO:[0m Stored 256 tokens in 0.007 seconds [3m(gpu_transfer.py:513:lmcache.v1.multiprocess.modules.gpu_transfer)[0m
[32;20m[2026-06-03 07:24:37,644] LMCache INFO:[0m Stored 256 tokens in 0.003 seconds [3m(gpu_transfer.py:513:lmcache.v1.multiprocess.modules.gpu_transfer)[0m
[32;20m[2026-06-03 07:24:38,071] LMCache INFO:[0m Stored 256 tokens in 0.005 seconds [3m(gpu_transfer.py:513:lmcache.v1.multiprocess.modules.gpu_transfer)[0m
[32;20m[2026-06-03 07:24:38,135] LMCache INFO:[0m Stored 256 tokens in 0.002 seconds [3m(gpu_transfer.py:513:lmcache.v1.multiprocess.modules.gpu_transfer)[0m
[32;20m[2026-06-03 07:24:38,288] LMCache INFO:[0m Stored 256 tokens in 0.003 seconds [3m(gpu_transfer.py:513:lmcache.v1.multiprocess.modules.gpu_transfer)[0m
[32;20m[2026-06-03 07:24:38,362] LMCache INFO:[0m Stored 256 tokens in 0.002 seconds [3m(gpu_transfer.py:513:lmcache.v1.multiprocess.modules.gpu_transfer)[0m
[32;20m[2026-06-03 07:24:38,660] LMCache INFO:[0m Stored 256 tokens in 0.003 seconds [3m(gpu_transfer.py:513:lmcache.v1.multiprocess.modules.gpu_transfer)[0m
[32;20m[2026-06-03 07:24:38,902] LMCache INFO:[0m Stored 256 tokens in 0.014 seconds [3m(gpu_transfer.py:513:lmcache.v1.multiprocess.modules.gpu_transfer)[0m
[32;20m[2026-06-03 07:24:39,906] LMCache INFO:[0m Prefetch request completed (L1+L2): 838/852 retained keys (838 L1, 0 L2) in 3.7 ms (external_request_id=chatcmpl-8c7d41c6-213a-4362-8db7-2d8089b12431-9b5a7042, prefetch_request_id=-1) [3m(storage_manager.py:575:lmcache.v1.distributed.storage_manager)[0m
[32;20m[2026-06-03 07:24:40,227] LMCache INFO:[0m Prefetch request completed (L1+L2): 439/439 retained keys (439 L1, 0 L2) in 47.6 ms (external_request_id=chatcmpl-51a88432-e75b-4ef8-83e8-cf9080813b72-b2187948, prefetch_request_id=-1) [3m(storage_manager.py:575:lmcache.v1.distributed.storage_manager)[0m
[32;20m[2026-06-03 07:24:40,474] LMCache INFO:[0m Stored 3584 tokens in 0.095 seconds [3m(gpu_transfer.py:513:lmcache.v1.multiprocess.modules.gpu_transfer)[0m
[32;20m[2026-06-03 07:24:41,951] LMCache INFO:[0m Stored 256 tokens in 0.003 seconds [3m(gpu_transfer.py:513:lmcache.v1.multiprocess.modules.gpu_transfer)[0m
[32;20m[2026-06-03 07:24:42,171] LMCache INFO:[0m Stored 256 tokens in 0.002 seconds [3m(gpu_transfer.py:513:lmcache.v1.multiprocess.modules.gpu_transfer)[0m
[32;20m[2026-06-03 07:24:42,262] LMCache INFO:[0m Stored 256 tokens in 0.012 seconds [3m(gpu_transfer.py:513:lmcache.v1.multiprocess.modules.gpu_transfer)[0m
[32;20m[2026-06-03 07:24:42,457] LMCache INFO:[0m Stored 256 tokens in 0.004 seconds [3m(gpu_transfer.py:513:lmcache.v1.multiprocess.modules.gpu_transfer)[0m
[32;20m[2026-06-03 07:24:43,374] LMCache INFO:[0m Stored 256 tokens in 0.003 seconds [3m(gpu_transfer.py:513:lmcache.v1.multiprocess.modules.gpu_transfer)[0m
[32;20m[2026-06-03 07:24:43,463] LMCache INFO:[0m Stored 256 tokens in 0.003 seconds [3m(gpu_transfer.py:513:lmcache.v1.multiprocess.modules.gpu_transfer)[0m
[32;20m[2026-06-03 07:24:43,972] LMCache INFO:[0m Stored 256 tokens in 0.004 seconds [3m(gpu_transfer.py:513:lmcache.v1.multiprocess.modules.gpu_transfer)[0m
[32;20m[2026-06-03 07:24:44,320] LMCache INFO:[0m Prefetch request completed (L1+L2): 244/244 retained keys (244 L1, 0 L2) in 1.4 ms (external_request_id=chatcmpl-892702e1-5a57-45a0-a1a4-783f4a895501-b3613c32, prefetch_request_id=-1) [3m(storage_manager.py:575:lmcache.v1.distributed.storage_manager)[0m
[32;20m[2026-06-03 07:24:44,855] LMCache INFO:[0m Stored 256 tokens in 0.002 seconds [3m(gpu_transfer.py:513:lmcache.v1.multiprocess.modules.gpu_transfer)[0m
[32;20m[2026-06-03 07:24:45,360] LMCache INFO:[0m Stored 256 tokens in 0.002 seconds [3m(gpu_transfer.py:513:lmcache.v1.multiprocess.modules.gpu_transfer)[0m
[32;20m[2026-06-03 07:24:45,866] LMCache INFO:[0m Prefetch request completed (L1+L2): 357/359 retained keys (357 L1, 0 L2) in 1.8 ms (external_request_id=chatcmpl-4790dc4c-9554-4e16-ac8b-d927c4f56112-86334cb5, prefetch_request_id=-1) [3m(storage_manager.py:575:lmcache.v1.distributed.storage_manager)[0m
[32;20m[2026-06-03 07:24:46,162] LMCache INFO:[0m Stored 512 tokens in 0.011 seconds [3m(gpu_transfer.py:513:lmcache.v1.multiprocess.modules.gpu_transfer)[0m
[32;20m[2026-06-03 07:24:46,794] LMCache INFO:[0m Stored 256 tokens in 0.004 seconds [3m(gpu_transfer.py:513:lmcache.v1.multiprocess.modules.gpu_transfer)[0m
[32;20m[2026-06-03 07:24:47,123] LMCache INFO:[0m Stored 256 tokens in 0.003 seconds [3m(gpu_transfer.py:513:lmcache.v1.multiprocess.modules.gpu_transfer)[0m
[32;20m[2026-06-03 07:24:47,391] LMCache INFO:[0m Stored 256 tokens in 0.003 seconds [3m(gpu_transfer.py:513:lmcache.v1.multiprocess.modules.gpu_transfer)[0m
[32;20m[2026-06-03 07:24:47,690] LMCache INFO:[0m Stored 256 tokens in 0.008 seconds [3m(gpu_transfer.py:513:lmcache.v1.multiprocess.modules.gpu_transfer)[0m
[32;20m[2026-06-03 07:24:48,035] LMCache INFO:[0m Stored 256 tokens in 0.005 seconds [3m(gpu_transfer.py:513:lmcache.v1.multiprocess.modules.gpu_transfer)[0m
[32;20m[2026-06-03 07:24:48,115] LMCache INFO:[0m Stored 256 tokens in 0.005 seconds [3m(gpu_transfer.py:513:lmcache.v1.multiprocess.modules.gpu_transfer)[0m
[32;20m[2026-06-03 07:24:48,542] LMCache INFO:[0m Stored 256 tokens in 0.005 seconds [3m(gpu_transfer.py:513:lmcache.v1.multiprocess.modules.gpu_transfer)[0m
[32;20m[2026-06-03 07:24:48,760] LMCache INFO:[0m Stored 256 tokens in 0.003 seconds [3m(gpu_transfer.py:513:lmcache.v1.multiprocess.modules.gpu_transfer)[0m
[32;20m[2026-06-03 07:24:49,301] LMCache INFO:[0m Stored 256 tokens in 0.003 seconds [3m(gpu_transfer.py:513:lmcache.v1.multiprocess.modules.gpu_transfer)[0m
[32;20m[2026-06-03 07:24:49,992] LMCache INFO:[0m Prefetch request completed (L1+L2): 202/203 retained keys (202 L1, 0 L2) in 1.2 ms (external_request_id=chatcmpl-01791a4b-8fb1-439e-8492-9ff040b574b4-b4ed6b11, prefetch_request_id=-1) [3m(storage_manager.py:575:lmcache.v1.distributed.storage_manager)[0m
[32;20m[2026-06-03 07:24:50,170] LMCache INFO:[0m Stored 256 tokens in 0.007 seconds [3m(gpu_transfer.py:513:lmcache.v1.multiprocess.modules.gpu_transfer)[0m
[32;20m[2026-06-03 07:24:50,966] LMCache INFO:[0m Prefetch request completed (L1+L2): 523/533 retained keys (523 L1, 0 L2) in 1.4 ms (external_request_id=chatcmpl-a554bc3c-ac90-435f-bc08-e225cb58da6e-bf17db58, prefetch_request_id=-1) [3m(storage_manager.py:575:lmcache.v1.distributed.storage_manager)[0m
[32;20m[2026-06-03 07:24:51,281] LMCache INFO:[0m Stored 2560 tokens in 0.016 seconds [3m(gpu_transfer.py:513:lmcache.v1.multiprocess.modules.gpu_transfer)[0m
[32;20m[2026-06-03 07:24:52,354] LMCache INFO:[0m Prefetch request completed (L1+L2): 465/466 retained keys (465 L1, 0 L2) in 1.3 ms (external_request_id=chatcmpl-8a63f6f2-2809-45f5-81d8-387193998b85-8ffa07a9, prefetch_request_id=-1) [3m(storage_manager.py:575:lmcache.v1.distributed.storage_manager)[0m
[32;20m[2026-06-03 07:24:52,636] LMCache INFO:[0m Stored 256 tokens in 0.013 seconds [3m(gpu_transfer.py:513:lmcache.v1.multiprocess.modules.gpu_transfer)[0m
[32;20m[2026-06-03 07:24:53,233] LMCache INFO:[0m Stored 7936 tokens in 0.010 seconds [3m(gpu_transfer.py:513:lmcache.v1.multiprocess.modules.gpu_transfer)[0m
[32;20m[2026-06-03 07:24:53,420] LMCache INFO:[0m Stored 256 tokens in 0.004 seconds [3m(gpu_transfer.py:513:lmcache.v1.multiprocess.modules.gpu_transfer)[0m
[32;20m[2026-06-03 07:24:53,425] LMCache INFO:[0m Stored 256 tokens in 0.002 seconds [3m(gpu_transfer.py:513:lmcache.v1.multiprocess.modules.gpu_transfer)[0m
[32;20m[2026-06-03 07:24:53,433] LMCache INFO:[0m Stored 8192 tokens in 0.006 seconds [3m(gpu_transfer.py:513:lmcache.v1.multiprocess.modules.gpu_transfer)[0m
[32;20m[2026-06-03 07:24:53,852] LMCache INFO:[0m Stored 8192 tokens in 0.006 seconds [3m(gpu_transfer.py:513:lmcache.v1.multiprocess.modules.gpu_transfer)[0m
[32;20m[2026-06-03 07:24:54,512] LMCache INFO:[0m Stored 8192 tokens in 0.006 seconds [3m(gpu_transfer.py:513:lmcache.v1.multiprocess.modules.gpu_transfer)[0m
[32;20m[2026-06-03 07:24:55,216] LMCache INFO:[0m Stored 8192 tokens in 0.005 seconds [3m(gpu_transfer.py:513:lmcache.v1.multiprocess.modules.gpu_transfer)[0m
[32;20m[2026-06-03 07:24:56,126] LMCache INFO:[0m Stored 6912 tokens in 0.005 seconds [3m(gpu_transfer.py:513:lmcache.v1.multiprocess.modules.gpu_transfer)[0m
[32;20m[2026-06-03 07:24:56,879] LMCache INFO:[0m Stored 256 tokens in 0.004 seconds [3m(gpu_transfer.py:513:lmcache.v1.multiprocess.modules.gpu_transfer)[0m
[32;20m[2026-06-03 07:24:56,956] LMCache INFO:[0m Stored 256 tokens in 0.002 seconds [3m(gpu_transfer.py:513:lmcache.v1.multiprocess.modules.gpu_transfer)[0m
[32;20m[2026-06-03 07:24:57,223] LMCache INFO:[0m Stored 256 tokens in 0.003 seconds [3m(gpu_transfer.py:513:lmcache.v1.multiprocess.modules.gpu_transfer)[0m
[32;20m[2026-06-03 07:24:57,913] LMCache INFO:[0m Prefetch request completed (L1+L2): 93/93 retained keys (93 L1, 0 L2) in 0.8 ms (external_request_id=chatcmpl-9c1a83f9-b158-4c83-b785-317037b5cf9c-bedf98b7, prefetch_request_id=-1) [3m(storage_manager.py:575:lmcache.v1.distributed.storage_manager)[0m
[32;20m[2026-06-03 07:24:57,963] LMCache INFO:[0m Stored 256 tokens in 0.004 seconds [3m(gpu_transfer.py:513:lmcache.v1.multiprocess.modules.gpu_transfer)[0m
[32;20m[2026-06-03 07:24:58,062] LMCache INFO:[0m Stored 256 tokens in 0.004 seconds [3m(gpu_transfer.py:513:lmcache.v1.multiprocess.modules.gpu_transfer)[0m
[32;20m[2026-06-03 07:24:58,257] LMCache INFO:[0m Stored 256 tokens in 0.003 seconds [3m(gpu_transfer.py:513:lmcache.v1.multiprocess.modules.gpu_transfer)[0m
[32;20m[2026-06-03 07:24:58,322] LMCache INFO:[0m Stored 256 tokens in 0.004 seconds [3m(gpu_transfer.py:513:lmcache.v1.multiprocess.modules.gpu_transfer)[0m
[32;20m[2026-06-03 07:24:58,694] LMCache INFO:[0m Prefetch request completed (L1+L2): 447/447 retained keys (447 L1, 0 L2) in 1.8 ms (external_request_id=chatcmpl-ae74bd35-960e-410a-add1-7c6163b369e4-bae3a5f5, prefetch_request_id=-1) [3m(storage_manager.py:575:lmcache.v1.distributed.storage_manager)[0m
[32;20m[2026-06-03 07:24:59,561] LMCache INFO:[0m Stored 256 tokens in 0.003 seconds [3m(gpu_transfer.py:513:lmcache.v1.multiprocess.modules.gpu_transfer)[0m
[32;20m[2026-06-03 07:24:59,650] LMCache INFO:[0m Stored 256 tokens in 0.003 seconds [3m(gpu_transfer.py:513:lmcache.v1.multiprocess.modules.gpu_transfer)[0m
[32;20m[2026-06-03 07:25:00,168] LMCache INFO:[0m Stored 256 tokens in 0.004 seconds [3m(gpu_transfer.py:513:lmcache.v1.multiprocess.modules.gpu_transfer)[0m
[32;20m[2026-06-03 07:25:00,348] LMCache INFO:[0m Stored 256 tokens in 0.002 seconds [3m(gpu_transfer.py:513:lmcache.v1.multiprocess.modules.gpu_transfer)[0m
[32;20m[2026-06-03 07:25:00,672] LMCache INFO:[0m Prefetch request completed (L1+L2): 189/193 retained keys (189 L1, 0 L2) in 1.1 ms (external_request_id=chatcmpl-605ba9fd-02ae-48b0-a56d-13db71e36b9e-9b89eecb, prefetch_request_id=-1) [3m(storage_manager.py:575:lmcache.v1.distributed.storage_manager)[0m
[32;20m[2026-06-03 07:25:00,896] LMCache INFO:[0m Stored 1024 tokens in 0.011 seconds [3m(gpu_transfer.py:513:lmcache.v1.multiprocess.modules.gpu_transfer)[0m
[32;20m[2026-06-03 07:25:01,086] LMCache INFO:[0m Stored 256 tokens in 0.004 seconds [3m(gpu_transfer.py:513:lmcache.v1.multiprocess.modules.gpu_transfer)[0m
[32;20m[2026-06-03 07:25:01,127] LMCache INFO:[0m Stored 256 tokens in 0.002 seconds [3m(gpu_transfer.py:513:lmcache.v1.multiprocess.modules.gpu_transfer)[0m
[32;20m[2026-06-03 07:25:02,345] LMCache INFO:[0m Stored 256 tokens in 0.004 seconds [3m(gpu_transfer.py:513:lmcache.v1.multiprocess.modules.gpu_transfer)[0m
[32;20m[2026-06-03 07:25:02,506] LMCache INFO:[0m Stored 256 tokens in 0.013 seconds [3m(gpu_transfer.py:513:lmcache.v1.multiprocess.modules.gpu_transfer)[0m
[32;20m[2026-06-03 07:25:02,680] LMCache INFO:[0m Stored 256 tokens in 0.003 seconds [3m(gpu_transfer.py:513:lmcache.v1.multiprocess.modules.gpu_transfer)[0m
[32;20m[2026-06-03 07:25:02,951] LMCache INFO:[0m Stored 256 tokens in 0.004 seconds [3m(gpu_transfer.py:513:lmcache.v1.multiprocess.modules.gpu_transfer)[0m
[32;20m[2026-06-03 07:25:03,579] LMCache INFO:[0m Stored 256 tokens in 0.005 seconds [3m(gpu_transfer.py:513:lmcache.v1.multiprocess.modules.gpu_transfer)[0m
[32;20m[2026-06-03 07:25:03,659] LMCache INFO:[0m Stored 256 tokens in 0.005 seconds [3m(gpu_transfer.py:513:lmcache.v1.multiprocess.modules.gpu_transfer)[0m
[32;20m[2026-06-03 07:25:03,974] LMCache INFO:[0m Stored 256 tokens in 0.003 seconds [3m(gpu_transfer.py:513:lmcache.v1.multiprocess.modules.gpu_transfer)[0m
[32;20m[2026-06-03 07:25:04,146] LMCache INFO:[0m Stored 256 tokens in 0.005 seconds [3m(gpu_transfer.py:513:lmcache.v1.multiprocess.modules.gpu_transfer)[0m
[32;20m[2026-06-03 07:25:04,401] LMCache INFO:[0m Stored 256 tokens in 0.003 seconds [3m(gpu_transfer.py:513:lmcache.v1.multiprocess.modules.gpu_transfer)[0m
[32;20m[2026-06-03 07:25:05,458] LMCache INFO:[0m Stored 256 tokens in 0.004 seconds [3m(gpu_transfer.py:513:lmcache.v1.multiprocess.modules.gpu_transfer)[0m
[32;20m[2026-06-03 07:25:06,161] LMCache INFO:[0m Stored 256 tokens in 0.004 seconds [3m(gpu_transfer.py:513:lmcache.v1.multiprocess.modules.gpu_transfer)[0m
[32;20m[2026-06-03 07:25:06,415] LMCache INFO:[0m Prefetch request completed (L1+L2): 317/324 retained keys (317 L1, 0 L2) in 1.8 ms (external_request_id=chatcmpl-e72fa424-cea7-455a-8fee-b74305635071-9b920ffa, prefetch_request_id=-1) [3m(storage_manager.py:575:lmcache.v1.distributed.storage_manager)[0m
[32;20m[2026-06-03 07:25:06,705] LMCache INFO:[0m Stored 1792 tokens in 0.010 seconds [3m(gpu_transfer.py:513:lmcache.v1.multiprocess.modules.gpu_transfer)[0m
[32;20m[2026-06-03 07:25:07,197] LMCache INFO:[0m Stored 256 tokens in 0.003 seconds [3m(gpu_transfer.py:513:lmcache.v1.multiprocess.modules.gpu_transfer)[0m
[32;20m[2026-06-03 07:25:07,273] LMCache INFO:[0m Stored 256 tokens in 0.002 seconds [3m(gpu_transfer.py:513:lmcache.v1.multiprocess.modules.gpu_transfer)[0m
[32;20m[2026-06-03 07:25:07,498] LMCache INFO:[0m Stored 256 tokens in 0.002 seconds [3m(gpu_transfer.py:513:lmcache.v1.multiprocess.modules.gpu_transfer)[0m
[32;20m[2026-06-03 07:25:07,802] LMCache INFO:[0m Stored 256 tokens in 0.003 seconds [3m(gpu_transfer.py:513:lmcache.v1.multiprocess.modules.gpu_transfer)[0m
[32;20m[2026-06-03 07:25:08,310] LMCache INFO:[0m Prefetch request completed (L1+L2): 244/248 retained keys (244 L1, 0 L2) in 1.2 ms (external_request_id=chatcmpl-68bcda00-1ca8-4741-96f4-bdf0dc30ccd0-972bc195, prefetch_request_id=-1) [3m(storage_manager.py:575:lmcache.v1.distributed.storage_manager)[0m
[32;20m[2026-06-03 07:25:08,534] LMCache INFO:[0m Stored 1024 tokens in 0.008 seconds [3m(gpu_transfer.py:513:lmcache.v1.multiprocess.modules.gpu_transfer)[0m
[32;20m[2026-06-03 07:25:08,978] LMCache INFO:[0m Stored 256 tokens in 0.003 seconds [3m(gpu_transfer.py:513:lmcache.v1.multiprocess.modules.gpu_transfer)[0m
[32;20m[2026-06-03 07:25:09,132] LMCache INFO:[0m Stored 256 tokens in 0.003 seconds [3m(gpu_transfer.py:513:lmcache.v1.multiprocess.modules.gpu_transfer)[0m
[32;20m[2026-06-03 07:25:09,368] LMCache INFO:[0m Stored 256 tokens in 0.003 seconds [3m(gpu_transfer.py:513:lmcache.v1.multiprocess.modules.gpu_transfer)[0m
[32;20m[2026-06-03 07:25:09,597] LMCache INFO:[0m Stored 7936 tokens in 0.005 seconds [3m(gpu_transfer.py:513:lmcache.v1.multiprocess.modules.gpu_transfer)[0m
[32;20m[2026-06-03 07:25:09,856] LMCache INFO:[0m Stored 8192 tokens in 0.005 seconds [3m(gpu_transfer.py:513:lmcache.v1.multiprocess.modules.gpu_transfer)[0m
[32;20m[2026-06-03 07:25:10,277] LMCache INFO:[0m Stored 8192 tokens in 0.005 seconds [3m(gpu_transfer.py:513:lmcache.v1.multiprocess.modules.gpu_transfer)[0m
[32;20m[2026-06-03 07:25:10,827] LMCache INFO:[0m Stored 8192 tokens in 0.005 seconds [3m(gpu_transfer.py:513:lmcache.v1.multiprocess.modules.gpu_transfer)[0m
[32;20m[2026-06-03 07:25:11,532] LMCache INFO:[0m Stored 8192 tokens in 0.005 seconds [3m(gpu_transfer.py:513:lmcache.v1.multiprocess.modules.gpu_transfer)[0m
[32;20m[2026-06-03 07:25:12,343] LMCache INFO:[0m Prefetch request completed (L1+L2): 351/354 retained keys (351 L1, 0 L2) in 1.3 ms (external_request_id=chatcmpl-838bcabb-c452-494f-a4e3-1bbcd1b55133-90b5617f, prefetch_request_id=-1) [3m(storage_manager.py:575:lmcache.v1.distributed.storage_manager)[0m
[32;20m[2026-06-03 07:25:12,483] LMCache INFO:[0m Stored 8192 tokens in 0.073 seconds [3m(gpu_transfer.py:513:lmcache.v1.multiprocess.modules.gpu_transfer)[0m
[32;20m[2026-06-03 07:25:13,542] LMCache INFO:[0m Stored 768 tokens in 0.012 seconds [3m(gpu_transfer.py:513:lmcache.v1.multiprocess.modules.gpu_transfer)[0m
[32;20m[2026-06-03 07:25:14,116] LMCache INFO:[0m Stored 1792 tokens in 0.003 seconds [3m(gpu_transfer.py:513:lmcache.v1.multiprocess.modules.gpu_transfer)[0m
[32;20m[2026-06-03 07:25:14,922] LMCache INFO:[0m Prefetch request completed (L1+L2): 439/439 retained keys (439 L1, 0 L2) in 1.1 ms (external_request_id=chatcmpl-60aa6539-aecd-4cf7-b298-711e034cb7ac-9436fd6a, prefetch_request_id=-1) [3m(storage_manager.py:575:lmcache.v1.distributed.storage_manager)[0m
[32;20m[2026-06-03 07:25:15,101] LMCache INFO:[0m Stored 256 tokens in 0.003 seconds [3m(gpu_transfer.py:513:lmcache.v1.multiprocess.modules.gpu_transfer)[0m
[32;20m[2026-06-03 07:25:15,185] LMCache INFO:[0m Stored 256 tokens in 0.003 seconds [3m(gpu_transfer.py:513:lmcache.v1.multiprocess.modules.gpu_transfer)[0m
[32;20m[2026-06-03 07:25:15,265] LMCache INFO:[0m Stored 256 tokens in 0.002 seconds [3m(gpu_transfer.py:513:lmcache.v1.multiprocess.modules.gpu_transfer)[0m
[32;20m[2026-06-03 07:25:15,732] LMCache INFO:[0m Stored 256 tokens in 0.004 seconds [3m(gpu_transfer.py:513:lmcache.v1.multiprocess.modules.gpu_transfer)[0m
[32;20m[2026-06-03 07:25:15,920] LMCache INFO:[0m Stored 256 tokens in 0.002 seconds [3m(gpu_transfer.py:513:lmcache.v1.multiprocess.modules.gpu_transfer)[0m
[32;20m[2026-06-03 07:25:16,238] LMCache INFO:[0m Stored 256 tokens in 0.003 seconds [3m(gpu_transfer.py:513:lmcache.v1.multiprocess.modules.gpu_transfer)[0m
[32;20m[2026-06-03 07:25:16,316] LMCache INFO:[0m Stored 256 tokens in 0.002 seconds [3m(gpu_transfer.py:513:lmcache.v1.multiprocess.modules.gpu_transfer)[0m
[32;20m[2026-06-03 07:25:17,577] LMCache INFO:[0m Stored 256 tokens in 0.004 seconds [3m(gpu_transfer.py:513:lmcache.v1.multiprocess.modules.gpu_transfer)[0m
[32;20m[2026-06-03 07:25:17,730] LMCache INFO:[0m Stored 256 tokens in 0.003 seconds [3m(gpu_transfer.py:513:lmcache.v1.multiprocess.modules.gpu_transfer)[0m
[32;20m[2026-06-03 07:25:18,179] LMCache INFO:[0m Stored 256 tokens in 0.003 seconds [3m(gpu_transfer.py:513:lmcache.v1.multiprocess.modules.gpu_transfer)[0m
[32;20m[2026-06-03 07:25:18,821] LMCache INFO:[0m Stored 256 tokens in 0.005 seconds [3m(gpu_transfer.py:513:lmcache.v1.multiprocess.modules.gpu_transfer)[0m
[32;20m[2026-06-03 07:25:18,902] LMCache INFO:[0m Stored 256 tokens in 0.004 seconds [3m(gpu_transfer.py:513:lmcache.v1.multiprocess.modules.gpu_transfer)[0m
[32;20m[2026-06-03 07:25:19,228] LMCache INFO:[0m Stored 256 tokens in 0.002 seconds [3m(gpu_transfer.py:513:lmcache.v1.multiprocess.modules.gpu_transfer)[0m
[32;20m[2026-06-03 07:25:19,309] LMCache INFO:[0m Stored 256 tokens in 0.003 seconds [3m(gpu_transfer.py:513:lmcache.v1.multiprocess.modules.gpu_transfer)[0m
[32;20m[2026-06-03 07:25:19,353] LMCache INFO:[0m Stored 256 tokens in 0.002 seconds [3m(gpu_transfer.py:513:lmcache.v1.multiprocess.modules.gpu_transfer)[0m
[32;20m[2026-06-03 07:25:19,448] LMCache INFO:[0m Stored 256 tokens in 0.005 seconds [3m(gpu_transfer.py:513:lmcache.v1.multiprocess.modules.gpu_transfer)[0m
[32;20m[2026-06-03 07:25:19,669] LMCache INFO:[0m Stored 256 tokens in 0.003 seconds [3m(gpu_transfer.py:513:lmcache.v1.multiprocess.modules.gpu_transfer)[0m
[32;20m[2026-06-03 07:25:20,252] LMCache INFO:[0m Stored 256 tokens in 0.003 seconds [3m(gpu_transfer.py:513:lmcache.v1.multiprocess.modules.gpu_transfer)[0m
[32;20m[2026-06-03 07:25:20,379] LMCache INFO:[0m Prefetch request completed (L1+L2): 202/208 retained keys (202 L1, 0 L2) in 1.3 ms (external_request_id=chatcmpl-5c2e5b48-e7e1-46ac-a491-bb3b9e8a53d6-b328f1d3, prefetch_request_id=-1) [3m(storage_manager.py:575:lmcache.v1.distributed.storage_manager)[0m
[32;20m[2026-06-03 07:25:20,612] LMCache INFO:[0m Stored 1536 tokens in 0.007 seconds [3m(gpu_transfer.py:513:lmcache.v1.multiprocess.modules.gpu_transfer)[0m
[32;20m[2026-06-03 07:25:21,210] LMCache INFO:[0m Stored 256 tokens in 0.002 seconds [3m(gpu_transfer.py:513:lmcache.v1.multiprocess.modules.gpu_transfer)[0m
[32;20m[2026-06-03 07:25:21,450] LMCache INFO:[0m Stored 256 tokens in 0.003 seconds [3m(gpu_transfer.py:513:lmcache.v1.multiprocess.modules.gpu_transfer)[0m
[32;20m[2026-06-03 07:25:21,938] LMCache INFO:[0m Stored 256 tokens in 0.004 seconds [3m(gpu_transfer.py:513:lmcache.v1.multiprocess.modules.gpu_transfer)[0m
[32;20m[2026-06-03 07:25:22,311] LMCache INFO:[0m Stored 256 tokens in 0.005 seconds [3m(gpu_transfer.py:513:lmcache.v1.multiprocess.modules.gpu_transfer)[0m
[32;20m[2026-06-03 07:25:22,381] LMCache INFO:[0m Stored 256 tokens in 0.002 seconds [3m(gpu_transfer.py:513:lmcache.v1.multiprocess.modules.gpu_transfer)[0m
[32;20m[2026-06-03 07:25:22,636] LMCache INFO:[0m Stored 256 tokens in 0.015 seconds [3m(gpu_transfer.py:513:lmcache.v1.multiprocess.modules.gpu_transfer)[0m
[32;20m[2026-06-03 07:25:23,118] LMCache INFO:[0m Stored 256 tokens in 0.012 seconds [3m(gpu_transfer.py:513:lmcache.v1.multiprocess.modules.gpu_transfer)[0m
[32;20m[2026-06-03 07:25:23,570] LMCache INFO:[0m Stored 256 tokens in 0.004 seconds [3m(gpu_transfer.py:513:lmcache.v1.multiprocess.modules.gpu_transfer)[0m
[32;20m[2026-06-03 07:25:23,717] LMCache INFO:[0m Stored 256 tokens in 0.003 seconds [3m(gpu_transfer.py:513:lmcache.v1.multiprocess.modules.gpu_transfer)[0m
[32;20m[2026-06-03 07:25:23,942] LMCache INFO:[0m Stored 256 tokens in 0.003 seconds [3m(gpu_transfer.py:513:lmcache.v1.multiprocess.modules.gpu_transfer)[0m
[32;20m[2026-06-03 07:25:25,051] LMCache INFO:[0m Stored 256 tokens in 0.003 seconds [3m(gpu_transfer.py:513:lmcache.v1.multiprocess.modules.gpu_transfer)[0m
[32;20m[2026-06-03 07:25:25,153] LMCache INFO:[0m Prefetch request completed (L1+L2): 286/289 retained keys (286 L1, 0 L2) in 1.7 ms (external_request_id=chatcmpl-3d7f632e-8fb9-4408-9803-c98d18220258-b0a2abfd, prefetch_request_id=-1) [3m(storage_manager.py:575:lmcache.v1.distributed.storage_manager)[0m
[32;20m[2026-06-03 07:25:25,434] LMCache INFO:[0m Stored 768 tokens in 0.009 seconds [3m(gpu_transfer.py:513:lmcache.v1.multiprocess.modules.gpu_transfer)[0m
[32;20m[2026-06-03 07:25:25,724] LMCache INFO:[0m Stored 256 tokens in 0.004 seconds [3m(gpu_transfer.py:513:lmcache.v1.multiprocess.modules.gpu_transfer)[0m
[32;20m[2026-06-03 07:25:25,747] LMCache INFO:[0m Prefetch request completed (L1+L2): 193/195 retained keys (193 L1, 0 L2) in 1.0 ms (external_request_id=chatcmpl-0f9141e3-85fb-4e01-855f-67939d7e7719-becf7b61, prefetch_request_id=-1) [3m(storage_manager.py:575:lmcache.v1.distributed.storage_manager)[0m
[32;20m[2026-06-03 07:25:25,953] LMCache INFO:[0m Stored 512 tokens in 0.007 seconds [3m(gpu_transfer.py:513:lmcache.v1.multiprocess.modules.gpu_transfer)[0m
[32;20m[2026-06-03 07:25:26,535] LMCache INFO:[0m Stored 256 tokens in 0.004 seconds [3m(gpu_transfer.py:513:lmcache.v1.multiprocess.modules.gpu_transfer)[0m
[32;20m[2026-06-03 07:25:26,712] LMCache INFO:[0m Stored 256 tokens in 0.002 seconds [3m(gpu_transfer.py:513:lmcache.v1.multiprocess.modules.gpu_transfer)[0m
[32;20m[2026-06-03 07:25:27,012] LMCache INFO:[0m Stored 256 tokens in 0.003 seconds [3m(gpu_transfer.py:513:lmcache.v1.multiprocess.modules.gpu_transfer)[0m
[32;20m[2026-06-03 07:25:27,085] LMCache INFO:[0m Stored 256 tokens in 0.002 seconds [3m(gpu_transfer.py:513:lmcache.v1.multiprocess.modules.gpu_transfer)[0m
[32;20m[2026-06-03 07:25:28,219] LMCache INFO:[0m Stored 256 tokens in 0.004 seconds [3m(gpu_transfer.py:513:lmcache.v1.multiprocess.modules.gpu_transfer)[0m
[32;20m[2026-06-03 07:25:28,721] LMCache INFO:[0m Stored 256 tokens in 0.003 seconds [3m(gpu_transfer.py:513:lmcache.v1.multiprocess.modules.gpu_transfer)[0m
[32;20m[2026-06-03 07:25:29,249] LMCache INFO:[0m Stored 256 tokens in 0.002 seconds [3m(gpu_transfer.py:513:lmcache.v1.multiprocess.modules.gpu_transfer)[0m
[32;20m[2026-06-03 07:25:29,338] LMCache INFO:[0m Stored 256 tokens in 0.005 seconds [3m(gpu_transfer.py:513:lmcache.v1.multiprocess.modules.gpu_transfer)[0m
[32;20m[2026-06-03 07:25:29,601] LMCache INFO:[0m Stored 256 tokens in 0.002 seconds [3m(gpu_transfer.py:513:lmcache.v1.multiprocess.modules.gpu_transfer)[0m
[32;20m[2026-06-03 07:25:29,666] LMCache INFO:[0m Stored 256 tokens in 0.003 seconds [3m(gpu_transfer.py:513:lmcache.v1.multiprocess.modules.gpu_transfer)[0m
[32;20m[2026-06-03 07:25:29,787] LMCache INFO:[0m Stored 256 tokens in 0.005 seconds [3m(gpu_transfer.py:513:lmcache.v1.multiprocess.modules.gpu_transfer)[0m
[32;20m[2026-06-03 07:25:29,970] LMCache INFO:[0m Stored 256 tokens in 0.003 seconds [3m(gpu_transfer.py:513:lmcache.v1.multiprocess.modules.gpu_transfer)[0m
[32;20m[2026-06-03 07:25:30,453] LMCache INFO:[0m Stored 256 tokens in 0.003 seconds [3m(gpu_transfer.py:513:lmcache.v1.multiprocess.modules.gpu_transfer)[0m
[32;20m[2026-06-03 07:25:30,867] LMCache INFO:[0m Stored 256 tokens in 0.002 seconds [3m(gpu_transfer.py:513:lmcache.v1.multiprocess.modules.gpu_transfer)[0m
[32;20m[2026-06-03 07:25:31,231] LMCache INFO:[0m Stored 256 tokens in 0.003 seconds [3m(gpu_transfer.py:513:lmcache.v1.multiprocess.modules.gpu_transfer)[0m
[32;20m[2026-06-03 07:25:31,459] LMCache INFO:[0m Stored 256 tokens in 0.004 seconds [3m(gpu_transfer.py:513:lmcache.v1.multiprocess.modules.gpu_transfer)[0m
[32;20m[2026-06-03 07:25:31,756] LMCache INFO:[0m Stored 256 tokens in 0.005 seconds [3m(gpu_transfer.py:513:lmcache.v1.multiprocess.modules.gpu_transfer)[0m
[32;20m[2026-06-03 07:25:31,811] LMCache INFO:[0m Stored 256 tokens in 0.002 seconds [3m(gpu_transfer.py:513:lmcache.v1.multiprocess.modules.gpu_transfer)[0m
[32;20m[2026-06-03 07:25:32,106] LMCache INFO:[0m Prefetch request completed (L1+L2): 466/469 retained keys (466 L1, 0 L2) in 1.9 ms (external_request_id=chatcmpl-e0512b1e-2a04-4ecc-9e04-208251a9433a-ac427f62, prefetch_request_id=-1) [3m(storage_manager.py:575:lmcache.v1.distributed.storage_manager)[0m
[32;20m[2026-06-03 07:25:32,370] LMCache INFO:[0m Stored 768 tokens in 0.014 seconds [3m(gpu_transfer.py:513:lmcache.v1.multiprocess.modules.gpu_transfer)[0m
[32;20m[2026-06-03 07:25:33,225] LMCache INFO:[0m Stored 256 tokens in 0.004 seconds [3m(gpu_transfer.py:513:lmcache.v1.multiprocess.modules.gpu_transfer)[0m
[32;20m[2026-06-03 07:25:33,688] LMCache INFO:[0m Stored 256 tokens in 0.004 seconds [3m(gpu_transfer.py:513:lmcache.v1.multiprocess.modules.gpu_transfer)[0m
[32;20m[2026-06-03 07:25:33,766] LMCache INFO:[0m Prefetch request completed (L1+L2): 198/200 retained keys (198 L1, 0 L2) in 1.2 ms (external_request_id=chatcmpl-eed01df2-faf0-4907-91b5-d2e8d026d0fc-95217604, prefetch_request_id=-1) [3m(storage_manager.py:575:lmcache.v1.distributed.storage_manager)[0m
[32;20m[2026-06-03 07:25:33,939] LMCache INFO:[0m Stored 512 tokens in 0.006 seconds [3m(gpu_transfer.py:513:lmcache.v1.multiprocess.modules.gpu_transfer)[0m
[32;20m[2026-06-03 07:25:34,294] LMCache INFO:[0m Prefetch request completed (L1+L2): 354/357 retained keys (354 L1, 0 L2) in 1.4 ms (external_request_id=chatcmpl-0d5284e0-49b3-41d8-9ce9-d3721a07e867-9bd2930e, prefetch_request_id=-1) [3m(storage_manager.py:575:lmcache.v1.distributed.storage_manager)[0m
[32;20m[2026-06-03 07:25:34,583] LMCache INFO:[0m Stored 768 tokens in 0.016 seconds [3m(gpu_transfer.py:513:lmcache.v1.multiprocess.modules.gpu_transfer)[0m
[32;20m[2026-06-03 07:25:34,933] LMCache INFO:[0m Stored 256 tokens in 0.004 seconds [3m(gpu_transfer.py:513:lmcache.v1.multiprocess.modules.gpu_transfer)[0m
[32;20m[2026-06-03 07:25:35,845] LMCache INFO:[0m Stored 256 tokens in 0.003 seconds [3m(gpu_transfer.py:513:lmcache.v1.multiprocess.modules.gpu_transfer)[0m
[32;20m[2026-06-03 07:25:36,324] LMCache INFO:[0m Stored 256 tokens in 0.004 seconds [3m(gpu_transfer.py:513:lmcache.v1.multiprocess.modules.gpu_transfer)[0m
[32;20m[2026-06-03 07:25:37,702] LMCache INFO:[0m Stored 256 tokens in 0.004 seconds [3m(gpu_transfer.py:513:lmcache.v1.multiprocess.modules.gpu_transfer)[0m
[32;20m[2026-06-03 07:25:38,158] LMCache INFO:[0m Stored 256 tokens in 0.003 seconds [3m(gpu_transfer.py:513:lmcache.v1.multiprocess.modules.gpu_transfer)[0m
[32;20m[2026-06-03 07:25:38,443] LMCache INFO:[0m Stored 256 tokens in 0.003 seconds [3m(gpu_transfer.py:513:lmcache.v1.multiprocess.modules.gpu_transfer)[0m
[32;20m[2026-06-03 07:25:38,721] LMCache INFO:[0m Stored 256 tokens in 0.005 seconds [3m(gpu_transfer.py:513:lmcache.v1.multiprocess.modules.gpu_transfer)[0m
[32;20m[2026-06-03 07:25:38,942] LMCache INFO:[0m Stored 256 tokens in 0.002 seconds [3m(gpu_transfer.py:513:lmcache.v1.multiprocess.modules.gpu_transfer)[0m
[32;20m[2026-06-03 07:25:38,983] LMCache INFO:[0m Stored 256 tokens in 0.004 seconds [3m(gpu_transfer.py:513:lmcache.v1.multiprocess.modules.gpu_transfer)[0m
[32;20m[2026-06-03 07:25:39,245] LMCache INFO:[0m Prefetch request completed (L1+L2): 359/368 retained keys (359 L1, 0 L2) in 12.8 ms (external_request_id=chatcmpl-af7a64b7-046c-4866-8fc8-06642a2640b4-a7c80b62, prefetch_request_id=-1) [3m(storage_manager.py:575:lmcache.v1.distributed.storage_manager)[0m
[32;20m[2026-06-03 07:25:39,448] LMCache INFO:[0m Prefetch request completed (L1+L2): 195/196 retained keys (195 L1, 0 L2) in 46.2 ms (external_request_id=chatcmpl-6fe39795-6485-435d-b3b1-72e030bc4dfb-80bfb078, prefetch_request_id=-1) [3m(storage_manager.py:575:lmcache.v1.distributed.storage_manager)[0m
[32;20m[2026-06-03 07:25:39,568] LMCache INFO:[0m Stored 2304 tokens in 0.012 seconds [3m(gpu_transfer.py:513:lmcache.v1.multiprocess.modules.gpu_transfer)[0m
[32;20m[2026-06-03 07:25:40,467] LMCache INFO:[0m Stored 256 tokens in 0.007 seconds [3m(gpu_transfer.py:513:lmcache.v1.multiprocess.modules.gpu_transfer)[0m
[32;20m[2026-06-03 07:25:40,628] LMCache INFO:[0m Stored 256 tokens in 0.005 seconds [3m(gpu_transfer.py:513:lmcache.v1.multiprocess.modules.gpu_transfer)[0m
[32;20m[2026-06-03 07:25:40,799] LMCache INFO:[0m Stored 256 tokens in 0.003 seconds [3m(gpu_transfer.py:513:lmcache.v1.multiprocess.modules.gpu_transfer)[0m
[32;20m[2026-06-03 07:25:41,140] LMCache INFO:[0m Stored 256 tokens in 0.002 seconds [3m(gpu_transfer.py:513:lmcache.v1.multiprocess.modules.gpu_transfer)[0m
[32;20m[2026-06-03 07:25:41,265] LMCache INFO:[0m Stored 256 tokens in 0.003 seconds [3m(gpu_transfer.py:513:lmcache.v1.multiprocess.modules.gpu_transfer)[0m
[32;20m[2026-06-03 07:25:41,393] LMCache INFO:[0m Stored 256 tokens in 0.003 seconds [3m(gpu_transfer.py:513:lmcache.v1.multiprocess.modules.gpu_transfer)[0m
[32;20m[2026-06-03 07:25:42,431] LMCache INFO:[0m Stored 256 tokens in 0.003 seconds [3m(gpu_transfer.py:513:lmcache.v1.multiprocess.modules.gpu_transfer)[0m
[32;20m[2026-06-03 07:25:43,005] LMCache INFO:[0m Stored 256 tokens in 0.004 seconds [3m(gpu_transfer.py:513:lmcache.v1.multiprocess.modules.gpu_transfer)[0m
[32;20m[2026-06-03 07:25:43,304] LMCache INFO:[0m Stored 256 tokens in 0.002 seconds [3m(gpu_transfer.py:513:lmcache.v1.multiprocess.modules.gpu_transfer)[0m
[32;20m[2026-06-03 07:25:43,596] LMCache INFO:[0m Stored 256 tokens in 0.003 seconds [3m(gpu_transfer.py:513:lmcache.v1.multiprocess.modules.gpu_transfer)[0m
[32;20m[2026-06-03 07:25:44,404] LMCache INFO:[0m Stored 256 tokens in 0.003 seconds [3m(gpu_transfer.py:513:lmcache.v1.multiprocess.modules.gpu_transfer)[0m
[32;20m[2026-06-03 07:25:45,147] LMCache INFO:[0m Prefetch request completed (L1+L2): 852/879 retained keys (852 L1, 0 L2) in 18.9 ms (external_request_id=chatcmpl-55e260ff-7d5b-4907-9068-4d6bd63d65b3-ae2c252b, prefetch_request_id=-1) [3m(storage_manager.py:575:lmcache.v1.distributed.storage_manager)[0m
[32;20m[2026-06-03 07:25:45,701] LMCache INFO:[0m Prefetch request completed (L1+L2): 208/225 retained keys (208 L1, 0 L2) in 22.0 ms (external_request_id=chatcmpl-55fa4af9-4171-4239-94e1-6a65c9f2fd20-897926f9, prefetch_request_id=-1) [3m(storage_manager.py:575:lmcache.v1.distributed.storage_manager)[0m
[32;20m[2026-06-03 07:25:45,820] LMCache INFO:[0m Stored 6912 tokens in 0.037 seconds [3m(gpu_transfer.py:513:lmcache.v1.multiprocess.modules.gpu_transfer)[0m
[32;20m[2026-06-03 07:25:46,123] LMCache INFO:[0m Prefetch request completed (L1+L2): 484/487 retained keys (484 L1, 0 L2) in 2.3 ms (external_request_id=chatcmpl-75bf4969-74c6-4e8e-b838-b4f2eadb4fb4-af1747a9, prefetch_request_id=-1) [3m(storage_manager.py:575:lmcache.v1.distributed.storage_manager)[0m
[32;20m[2026-06-03 07:25:49,036] LMCache INFO:[0m Stored 4352 tokens in 0.009 seconds [3m(gpu_transfer.py:513:lmcache.v1.multiprocess.modules.gpu_transfer)[0m
[32;20m[2026-06-03 07:25:49,122] LMCache INFO:[0m Prefetch request completed (L1+L2): 447/448 retained keys (447 L1, 0 L2) in 1.5 ms (external_request_id=chatcmpl-2f152130-2e8d-4201-8e39-95334472e725-b36d2392, prefetch_request_id=-1) [3m(storage_manager.py:575:lmcache.v1.distributed.storage_manager)[0m
[32;20m[2026-06-03 07:25:49,227] LMCache INFO:[0m Prefetch request completed (L1+L2): 276/278 retained keys (276 L1, 0 L2) in 1.6 ms (external_request_id=chatcmpl-19919975-28d0-4bc0-b6a3-69af2f623748-b4f14e2f, prefetch_request_id=-1) [3m(storage_manager.py:575:lmcache.v1.distributed.storage_manager)[0m
[32;20m[2026-06-03 07:25:49,336] LMCache INFO:[0m Prefetch request completed (L1+L2): 336/339 retained keys (336 L1, 0 L2) in 1.5 ms (external_request_id=chatcmpl-3044e002-4720-4fc9-b065-b7b9b35211ce-860fffba, prefetch_request_id=-1) [3m(storage_manager.py:575:lmcache.v1.distributed.storage_manager)[0m
[32;20m[2026-06-03 07:25:50,155] LMCache INFO:[0m Stored 768 tokens in 0.016 seconds [3m(gpu_transfer.py:513:lmcache.v1.multiprocess.modules.gpu_transfer)[0m
[32;20m[2026-06-03 07:25:50,261] LMCache INFO:[0m Prefetch request completed (L1+L2): 557/881 retained keys (557 L1, 0 L2) in 2.8 ms (external_request_id=chatcmpl-c2601a7d-0f6f-4f49-aac6-21fd69754670-86578e24, prefetch_request_id=-1) [3m(storage_manager.py:575:lmcache.v1.distributed.storage_manager)[0m
[32;20m[2026-06-03 07:25:50,524] LMCache INFO:[0m Stored 256 tokens in 0.074 seconds [3m(gpu_transfer.py:513:lmcache.v1.multiprocess.modules.gpu_transfer)[0m
[32;20m[2026-06-03 07:25:51,226] LMCache INFO:[0m Stored 512 tokens in 0.009 seconds [3m(gpu_transfer.py:513:lmcache.v1.multiprocess.modules.gpu_transfer)[0m
[32;20m[2026-06-03 07:25:51,239] LMCache INFO:[0m Stored 768 tokens in 0.010 seconds [3m(gpu_transfer.py:513:lmcache.v1.multiprocess.modules.gpu_transfer)[0m
[32;20m[2026-06-03 07:25:51,410] LMCache INFO:[0m Stored 8192 tokens in 0.019 seconds [3m(gpu_transfer.py:513:lmcache.v1.multiprocess.modules.gpu_transfer)[0m
[32;20m[2026-06-03 07:25:54,196] LMCache INFO:[0m Stored 8192 tokens in 0.009 seconds [3m(gpu_transfer.py:513:lmcache.v1.multiprocess.modules.gpu_transfer)[0m
[32;20m[2026-06-03 07:25:57,125] LMCache INFO:[0m Stored 8192 tokens in 0.009 seconds [3m(gpu_transfer.py:513:lmcache.v1.multiprocess.modules.gpu_transfer)[0m
[32;20m[2026-06-03 07:26:00,217] LMCache INFO:[0m Stored 8192 tokens in 0.008 seconds [3m(gpu_transfer.py:513:lmcache.v1.multiprocess.modules.gpu_transfer)[0m
[32;20m[2026-06-03 07:26:03,467] LMCache INFO:[0m Stored 8192 tokens in 0.012 seconds [3m(gpu_transfer.py:513:lmcache.v1.multiprocess.modules.gpu_transfer)[0m
[32;20m[2026-06-03 07:26:06,857] LMCache INFO:[0m Stored 8192 tokens in 0.009 seconds [3m(gpu_transfer.py:513:lmcache.v1.multiprocess.modules.gpu_transfer)[0m
[32;20m[2026-06-03 07:26:10,393] LMCache INFO:[0m Stored 8192 tokens in 0.009 seconds [3m(gpu_transfer.py:513:lmcache.v1.multiprocess.modules.gpu_transfer)[0m
[32;20m[2026-06-03 07:26:14,099] LMCache INFO:[0m Stored 8192 tokens in 0.012 seconds [3m(gpu_transfer.py:513:lmcache.v1.multiprocess.modules.gpu_transfer)[0m
[32;20m[2026-06-03 07:26:17,919] LMCache INFO:[0m Stored 8192 tokens in 0.009 seconds [3m(gpu_transfer.py:513:lmcache.v1.multiprocess.modules.gpu_transfer)[0m
[32;20m[2026-06-03 07:26:21,761] LMCache INFO:[0m Prefetch request completed (L1+L2): 154/154 retained keys (154 L1, 0 L2) in 1.3 ms (external_request_id=chatcmpl-4767a39d-7417-4f50-89b2-d2365e82a123-b696879c, prefetch_request_id=-1) [3m(storage_manager.py:575:lmcache.v1.distributed.storage_manager)[0m
[32;20m[2026-06-03 07:26:21,869] LMCache INFO:[0m Prefetch request completed (L1+L2): 409/415 retained keys (409 L1, 0 L2) in 1.3 ms (external_request_id=chatcmpl-a88aa8db-3a1e-47ca-b44d-1ff5d22153e2-8289a705, prefetch_request_id=-1) [3m(storage_manager.py:575:lmcache.v1.distributed.storage_manager)[0m
[32;20m[2026-06-03 07:26:21,897] LMCache INFO:[0m Stored 8192 tokens in 0.009 seconds [3m(gpu_transfer.py:513:lmcache.v1.multiprocess.modules.gpu_transfer)[0m
[32;20m[2026-06-03 07:26:21,994] LMCache INFO:[0m Prefetch request completed (L1+L2): 533/539 retained keys (533 L1, 0 L2) in 1.4 ms (external_request_id=chatcmpl-32c05386-a5e8-4616-a1ab-bde6f005adfe-9c07534e, prefetch_request_id=-1) [3m(storage_manager.py:575:lmcache.v1.distributed.storage_manager)[0m
[32;20m[2026-06-03 07:26:22,126] LMCache INFO:[0m Prefetch request completed (L1+L2): 603/607 retained keys (603 L1, 0 L2) in 1.7 ms (external_request_id=chatcmpl-50c17674-b540-4813-9b28-4e2b680bc52f-aae2a4a2, prefetch_request_id=-1) [3m(storage_manager.py:575:lmcache.v1.distributed.storage_manager)[0m
[32;20m[2026-06-03 07:26:22,206] LMCache INFO:[0m Prefetch request completed (L1+L2): 195/197 retained keys (195 L1, 0 L2) in 1.0 ms (external_request_id=chatcmpl-0d69372e-6bb7-4546-882f-2e43b44de6ff-bcc18139, prefetch_request_id=-1) [3m(storage_manager.py:575:lmcache.v1.distributed.storage_manager)[0m
[32;20m[2026-06-03 07:26:22,229] LMCache INFO:[0m Prefetch request completed (L1+L2): 15/15 retained keys (15 L1, 0 L2) in 1.3 ms (external_request_id=chatcmpl-afcc9516-d36e-4e9b-acb8-e01c71f9e8c6-8aa5e89e, prefetch_request_id=-1) [3m(storage_manager.py:575:lmcache.v1.distributed.storage_manager)[0m
[32;20m[2026-06-03 07:26:25,853] LMCache INFO:[0m Prefetch request completed (L1+L2): 93/93 retained keys (93 L1, 0 L2) in 1.0 ms (external_request_id=chatcmpl-f5d1f9b2-18ec-4c6d-81cc-6382c22d823f-955afaf9, prefetch_request_id=-1) [3m(storage_manager.py:575:lmcache.v1.distributed.storage_manager)[0m
[32;20m[2026-06-03 07:26:26,283] LMCache INFO:[0m Stored 1536 tokens in 0.036 seconds [3m(gpu_transfer.py:513:lmcache.v1.multiprocess.modules.gpu_transfer)[0m
[32;20m[2026-06-03 07:26:28,445] LMCache INFO:[0m Stored 1536 tokens in 0.016 seconds [3m(gpu_transfer.py:513:lmcache.v1.multiprocess.modules.gpu_transfer)[0m
[32;20m[2026-06-03 07:26:28,466] LMCache INFO:[0m Stored 1024 tokens in 0.017 seconds [3m(gpu_transfer.py:513:lmcache.v1.multiprocess.modules.gpu_transfer)[0m
[32;20m[2026-06-03 07:26:28,477] LMCache INFO:[0m Stored 512 tokens in 0.007 seconds [3m(gpu_transfer.py:513:lmcache.v1.multiprocess.modules.gpu_transfer)[0m
[32;20m[2026-06-03 07:26:28,485] LMCache INFO:[0m Stored 1024 tokens in 0.006 seconds [3m(gpu_transfer.py:513:lmcache.v1.multiprocess.modules.gpu_transfer)[0m
[32;20m[2026-06-03 07:26:28,541] LMCache INFO:[0m Prefetch request completed (L1+L2): 287/288 retained keys (287 L1, 0 L2) in 1.7 ms (external_request_id=chatcmpl-731b18ff-1c2e-4110-98ef-b9b298848141-93444b7e, prefetch_request_id=-1) [3m(storage_manager.py:575:lmcache.v1.distributed.storage_manager)[0m
[32;20m[2026-06-03 07:26:28,773] LMCache INFO:[0m Stored 256 tokens in 0.009 seconds [3m(gpu_transfer.py:513:lmcache.v1.multiprocess.modules.gpu_transfer)[0m
[32;20m[2026-06-03 07:26:29,244] LMCache INFO:[0m Stored 256 tokens in 0.003 seconds [3m(gpu_transfer.py:513:lmcache.v1.multiprocess.modules.gpu_transfer)[0m
[32;20m[2026-06-03 07:26:29,341] LMCache INFO:[0m Stored 256 tokens in 0.003 seconds [3m(gpu_transfer.py:513:lmcache.v1.multiprocess.modules.gpu_transfer)[0m
[32;20m[2026-06-03 07:26:29,639] LMCache INFO:[0m Stored 256 tokens in 0.002 seconds [3m(gpu_transfer.py:513:lmcache.v1.multiprocess.modules.gpu_transfer)[0m
[32;20m[2026-06-03 07:26:30,358] LMCache INFO:[0m Stored 256 tokens in 0.003 seconds [3m(gpu_transfer.py:513:lmcache.v1.multiprocess.modules.gpu_transfer)[0m
[32;20m[2026-06-03 07:26:30,987] LMCache INFO:[0m Stored 256 tokens in 0.002 seconds [3m(gpu_transfer.py:513:lmcache.v1.multiprocess.modules.gpu_transfer)[0m
[32;20m[2026-06-03 07:26:31,174] LMCache INFO:[0m Stored 256 tokens in 0.006 seconds [3m(gpu_transfer.py:513:lmcache.v1.multiprocess.modules.gpu_transfer)[0m
[32;20m[2026-06-03 07:26:31,468] LMCache INFO:[0m Stored 256 tokens in 0.003 seconds [3m(gpu_transfer.py:513:lmcache.v1.multiprocess.modules.gpu_transfer)[0m
[32;20m[2026-06-03 07:26:31,616] LMCache INFO:[0m Stored 256 tokens in 0.002 seconds [3m(gpu_transfer.py:513:lmcache.v1.multiprocess.modules.gpu_transfer)[0m
[32;20m[2026-06-03 07:26:32,056] LMCache INFO:[0m Prefetch request completed (L1+L2): 1/127 retained keys (1 L1, 0 L2) in 1.0 ms (external_request_id=chatcmpl-25fa4630-7809-4c64-bd0b-f5b09bf551ae-98c7efc9, prefetch_request_id=-1) [3m(storage_manager.py:575:lmcache.v1.distributed.storage_manager)[0m
[32;20m[2026-06-03 07:26:32,235] LMCache INFO:[0m Stored 8192 tokens in 0.005 seconds [3m(gpu_transfer.py:513:lmcache.v1.multiprocess.modules.gpu_transfer)[0m
[32;20m[2026-06-03 07:26:32,416] LMCache INFO:[0m Stored 8192 tokens in 0.017 seconds [3m(gpu_transfer.py:513:lmcache.v1.multiprocess.modules.gpu_transfer)[0m
[32;20m[2026-06-03 07:26:32,883] LMCache INFO:[0m Prefetch request completed (L1+L2): 203/207 retained keys (203 L1, 0 L2) in 1.4 ms (external_request_id=chatcmpl-1c1fd00c-77ad-47b8-b173-859693053252-b25cb5e4, prefetch_request_id=-1) [3m(storage_manager.py:575:lmcache.v1.distributed.storage_manager)[0m
[32;20m[2026-06-03 07:26:32,983] LMCache INFO:[0m Stored 8192 tokens in 0.012 seconds [3m(gpu_transfer.py:513:lmcache.v1.multiprocess.modules.gpu_transfer)[0m
[32;20m[2026-06-03 07:26:33,596] LMCache INFO:[0m Stored 512 tokens in 0.016 seconds [3m(gpu_transfer.py:513:lmcache.v1.multiprocess.modules.gpu_transfer)[0m
[32;20m[2026-06-03 07:26:34,325] LMCache INFO:[0m Stored 256 tokens in 0.006 seconds [3m(gpu_transfer.py:513:lmcache.v1.multiprocess.modules.gpu_transfer)[0m
[32;20m[2026-06-03 07:26:34,333] LMCache INFO:[0m Stored 7680 tokens in 0.005 seconds [3m(gpu_transfer.py:513:lmcache.v1.multiprocess.modules.gpu_transfer)[0m
[32;20m[2026-06-03 07:26:34,420] LMCache INFO:[0m Prefetch request completed (L1+L2): 469/471 retained keys (469 L1, 0 L2) in 2.2 ms (external_request_id=chatcmpl-d373a529-658d-4cbd-a84f-cebdc0026d2b-8ca74938, prefetch_request_id=-1) [3m(storage_manager.py:575:lmcache.v1.distributed.storage_manager)[0m
[32;20m[2026-06-03 07:26:34,600] LMCache INFO:[0m Stored 512 tokens in 0.065 seconds [3m(gpu_transfer.py:513:lmcache.v1.multiprocess.modules.gpu_transfer)[0m
[32;20m[2026-06-03 07:26:34,907] LMCache INFO:[0m Stored 512 tokens in 0.014 seconds [3m(gpu_transfer.py:513:lmcache.v1.multiprocess.modules.gpu_transfer)[0m
[32;20m[2026-06-03 07:26:35,582] LMCache INFO:[0m Stored 256 tokens in 0.002 seconds [3m(gpu_transfer.py:513:lmcache.v1.multiprocess.modules.gpu_transfer)[0m
[32;20m[2026-06-03 07:26:35,665] LMCache INFO:[0m Stored 256 tokens in 0.003 seconds [3m(gpu_transfer.py:513:lmcache.v1.multiprocess.modules.gpu_transfer)[0m
[32;20m[2026-06-03 07:26:35,803] LMCache INFO:[0m Stored 256 tokens in 0.005 seconds [3m(gpu_transfer.py:513:lmcache.v1.multiprocess.modules.gpu_transfer)[0m
[32;20m[2026-06-03 07:26:36,028] LMCache INFO:[0m Stored 256 tokens in 0.003 seconds [3m(gpu_transfer.py:513:lmcache.v1.multiprocess.modules.gpu_transfer)[0m
[32;20m[2026-06-03 07:26:36,505] LMCache INFO:[0m Prefetch request completed (L1+L2): 354/355 retained keys (354 L1, 0 L2) in 2.0 ms (external_request_id=chatcmpl-df88c03a-b83d-4362-9186-4fce0d2fb1ca-ae4efb4e, prefetch_request_id=-1) [3m(storage_manager.py:575:lmcache.v1.distributed.storage_manager)[0m
[32;20m[2026-06-03 07:26:36,675] LMCache INFO:[0m Prefetch request completed (L1+L2): 196/199 retained keys (196 L1, 0 L2) in 25.9 ms (external_request_id=chatcmpl-c0a23922-92b1-4a28-811e-e671090fbf50-9cd7d971, prefetch_request_id=-1) [3m(storage_manager.py:575:lmcache.v1.distributed.storage_manager)[0m
[32;20m[2026-06-03 07:26:36,810] LMCache INFO:[0m Stored 256 tokens in 0.010 seconds [3m(gpu_transfer.py:513:lmcache.v1.multiprocess.modules.gpu_transfer)[0m
[32;20m[2026-06-03 07:26:37,125] LMCache INFO:[0m Stored 768 tokens in 0.007 seconds [3m(gpu_transfer.py:513:lmcache.v1.multiprocess.modules.gpu_transfer)[0m
[32;20m[2026-06-03 07:26:37,729] LMCache INFO:[0m Stored 256 tokens in 0.003 seconds [3m(gpu_transfer.py:513:lmcache.v1.multiprocess.modules.gpu_transfer)[0m
[32;20m[2026-06-03 07:26:37,898] LMCache INFO:[0m Stored 256 tokens in 0.003 seconds [3m(gpu_transfer.py:513:lmcache.v1.multiprocess.modules.gpu_transfer)[0m
[32;20m[2026-06-03 07:26:39,346] LMCache INFO:[0m Stored 256 tokens in 0.003 seconds [3m(gpu_transfer.py:513:lmcache.v1.multiprocess.modules.gpu_transfer)[0m
[32;20m[2026-06-03 07:26:39,689] LMCache INFO:[0m Prefetch request completed (L1+L2): 426/428 retained keys (426 L1, 0 L2) in 1.6 ms (external_request_id=chatcmpl-de5a566d-4bea-4492-a82a-3c3aa685c47f-ab0bc1aa, prefetch_request_id=-1) [3m(storage_manager.py:575:lmcache.v1.distributed.storage_manager)[0m
[32;20m[2026-06-03 07:26:39,904] LMCache INFO:[0m Stored 512 tokens in 0.013 seconds [3m(gpu_transfer.py:513:lmcache.v1.multiprocess.modules.gpu_transfer)[0m
[32;20m[2026-06-03 07:26:40,392] LMCache INFO:[0m Stored 256 tokens in 0.005 seconds [3m(gpu_transfer.py:513:lmcache.v1.multiprocess.modules.gpu_transfer)[0m
[32;20m[2026-06-03 07:26:40,421] LMCache INFO:[0m Stored 256 tokens in 0.002 seconds [3m(gpu_transfer.py:513:lmcache.v1.multiprocess.modules.gpu_transfer)[0m
[32;20m[2026-06-03 07:26:40,469] LMCache INFO:[0m Stored 256 tokens in 0.004 seconds [3m(gpu_transfer.py:513:lmcache.v1.multiprocess.modules.gpu_transfer)[0m
[32;20m[2026-06-03 07:26:40,685] LMCache INFO:[0m Stored 256 tokens in 0.004 seconds [3m(gpu_transfer.py:513:lmcache.v1.multiprocess.modules.gpu_transfer)[0m
[32;20m[2026-06-03 07:26:40,889] LMCache INFO:[0m Stored 256 tokens in 0.004 seconds [3m(gpu_transfer.py:513:lmcache.v1.multiprocess.modules.gpu_transfer)[0m
[32;20m[2026-06-03 07:26:41,270] LMCache INFO:[0m Stored 256 tokens in 0.004 seconds [3m(gpu_transfer.py:513:lmcache.v1.multiprocess.modules.gpu_transfer)[0m
[32;20m[2026-06-03 07:26:41,587] LMCache INFO:[0m Stored 256 tokens in 0.002 seconds [3m(gpu_transfer.py:513:lmcache.v1.multiprocess.modules.gpu_transfer)[0m
[32;20m[2026-06-03 07:26:41,807] LMCache INFO:[0m Stored 256 tokens in 0.003 seconds [3m(gpu_transfer.py:513:lmcache.v1.multiprocess.modules.gpu_transfer)[0m
[32;20m[2026-06-03 07:26:41,970] LMCache INFO:[0m Stored 256 tokens in 0.003 seconds [3m(gpu_transfer.py:513:lmcache.v1.multiprocess.modules.gpu_transfer)[0m
[32;20m[2026-06-03 07:26:42,330] LMCache INFO:[0m Stored 256 tokens in 0.004 seconds [3m(gpu_transfer.py:513:lmcache.v1.multiprocess.modules.gpu_transfer)[0m
[32;20m[2026-06-03 07:26:42,481] LMCache INFO:[0m Stored 256 tokens in 0.004 seconds [3m(gpu_transfer.py:513:lmcache.v1.multiprocess.modules.gpu_transfer)[0m
[32;20m[2026-06-03 07:26:43,027] LMCache INFO:[0m Stored 256 tokens in 0.003 seconds [3m(gpu_transfer.py:513:lmcache.v1.multiprocess.modules.gpu_transfer)[0m
[32;20m[2026-06-03 07:26:43,190] LMCache INFO:[0m Stored 256 tokens in 0.004 seconds [3m(gpu_transfer.py:513:lmcache.v1.multiprocess.modules.gpu_transfer)[0m
[32;20m[2026-06-03 07:26:43,342] LMCache INFO:[0m Stored 256 tokens in 0.002 seconds [3m(gpu_transfer.py:513:lmcache.v1.multiprocess.modules.gpu_transfer)[0m
[32;20m[2026-06-03 07:26:43,427] LMCache INFO:[0m Stored 256 tokens in 0.005 seconds [3m(gpu_transfer.py:513:lmcache.v1.multiprocess.modules.gpu_transfer)[0m
[32;20m[2026-06-03 07:26:43,832] LMCache INFO:[0m Stored 256 tokens in 0.003 seconds [3m(gpu_transfer.py:513:lmcache.v1.multiprocess.modules.gpu_transfer)[0m
[32;20m[2026-06-03 07:26:44,142] LMCache INFO:[0m Stored 256 tokens in 0.004 seconds [3m(gpu_transfer.py:513:lmcache.v1.multiprocess.modules.gpu_transfer)[0m
[32;20m[2026-06-03 07:26:44,994] LMCache INFO:[0m Prefetch request completed (L1+L2): 339/340 retained keys (339 L1, 0 L2) in 1.8 ms (external_request_id=chatcmpl-2bf4853f-e675-4bd4-8032-119dbe6dd7f3-9a89cf1f, prefetch_request_id=-1) [3m(storage_manager.py:575:lmcache.v1.distributed.storage_manager)[0m
[32;20m[2026-06-03 07:26:45,155] LMCache INFO:[0m Prefetch request completed (L1+L2): 197/202 retained keys (197 L1, 0 L2) in 20.9 ms (external_request_id=chatcmpl-aa8bb3c7-98e1-45e1-8096-af91165985c9-8ad04226, prefetch_request_id=-1) [3m(storage_manager.py:575:lmcache.v1.distributed.storage_manager)[0m
[32;20m[2026-06-03 07:26:45,605] LMCache INFO:[0m Stored 256 tokens in 0.011 seconds [3m(gpu_transfer.py:513:lmcache.v1.multiprocess.modules.gpu_transfer)[0m
[32;20m[2026-06-03 07:26:45,875] LMCache INFO:[0m Stored 1280 tokens in 0.007 seconds [3m(gpu_transfer.py:513:lmcache.v1.multiprocess.modules.gpu_transfer)[0m
[32;20m[2026-06-03 07:26:47,118] LMCache INFO:[0m Stored 256 tokens in 0.006 seconds [3m(gpu_transfer.py:513:lmcache.v1.multiprocess.modules.gpu_transfer)[0m
[32;20m[2026-06-03 07:26:47,405] LMCache INFO:[0m Stored 256 tokens in 0.004 seconds [3m(gpu_transfer.py:513:lmcache.v1.multiprocess.modules.gpu_transfer)[0m
[32;20m[2026-06-03 07:26:47,557] LMCache INFO:[0m Stored 256 tokens in 0.003 seconds [3m(gpu_transfer.py:513:lmcache.v1.multiprocess.modules.gpu_transfer)[0m
[32;20m[2026-06-03 07:26:48,147] LMCache INFO:[0m Stored 256 tokens in 0.006 seconds [3m(gpu_transfer.py:513:lmcache.v1.multiprocess.modules.gpu_transfer)[0m
[32;20m[2026-06-03 07:26:48,334] LMCache INFO:[0m Prefetch request completed (L1+L2): 471/472 retained keys (471 L1, 0 L2) in 20.6 ms (external_request_id=chatcmpl-b41da37f-9ca1-465b-9841-34ffe84a9dd9-a2dc01be, prefetch_request_id=-1) [3m(storage_manager.py:575:lmcache.v1.distributed.storage_manager)[0m
[32;20m[2026-06-03 07:26:49,121] LMCache INFO:[0m Stored 256 tokens in 0.014 seconds [3m(gpu_transfer.py:513:lmcache.v1.multiprocess.modules.gpu_transfer)[0m
[32;20m[2026-06-03 07:26:49,725] LMCache INFO:[0m Stored 256 tokens in 0.003 seconds [3m(gpu_transfer.py:513:lmcache.v1.multiprocess.modules.gpu_transfer)[0m
[32;20m[2026-06-03 07:26:49,811] LMCache INFO:[0m Stored 256 tokens in 0.003 seconds [3m(gpu_transfer.py:513:lmcache.v1.multiprocess.modules.gpu_transfer)[0m
[32;20m[2026-06-03 07:26:49,952] LMCache INFO:[0m Stored 256 tokens in 0.006 seconds [3m(gpu_transfer.py:513:lmcache.v1.multiprocess.modules.gpu_transfer)[0m
[32;20m[2026-06-03 07:26:50,176] LMCache INFO:[0m Stored 256 tokens in 0.003 seconds [3m(gpu_transfer.py:513:lmcache.v1.multiprocess.modules.gpu_transfer)[0m
[32;20m[2026-06-03 07:26:50,770] LMCache INFO:[0m Stored 256 tokens in 0.003 seconds [3m(gpu_transfer.py:513:lmcache.v1.multiprocess.modules.gpu_transfer)[0m
[32;20m[2026-06-03 07:26:50,934] LMCache INFO:[0m Stored 256 tokens in 0.003 seconds [3m(gpu_transfer.py:513:lmcache.v1.multiprocess.modules.gpu_transfer)[0m
[32;20m[2026-06-03 07:26:51,749] LMCache INFO:[0m Prefetch request completed (L1+L2): 127/134 retained keys (127 L1, 0 L2) in 1.0 ms (external_request_id=chatcmpl-0f3a0c69-bf80-47bc-badc-828051130e6e-8b2b697b, prefetch_request_id=-1) [3m(storage_manager.py:575:lmcache.v1.distributed.storage_manager)[0m
[32;20m[2026-06-03 07:26:51,968] LMCache INFO:[0m Stored 1792 tokens in 0.006 seconds [3m(gpu_transfer.py:513:lmcache.v1.multiprocess.modules.gpu_transfer)[0m
[32;20m[2026-06-03 07:26:52,315] LMCache INFO:[0m Stored 256 tokens in 0.003 seconds [3m(gpu_transfer.py:513:lmcache.v1.multiprocess.modules.gpu_transfer)[0m
[32;20m[2026-06-03 07:26:53,070] LMCache INFO:[0m Stored 256 tokens in 0.006 seconds [3m(gpu_transfer.py:513:lmcache.v1.multiprocess.modules.gpu_transfer)[0m
[32;20m[2026-06-03 07:26:53,126] LMCache INFO:[0m Stored 256 tokens in 0.002 seconds [3m(gpu_transfer.py:513:lmcache.v1.multiprocess.modules.gpu_transfer)[0m
[32;20m[2026-06-03 07:26:53,378] LMCache INFO:[0m Stored 256 tokens in 0.004 seconds [3m(gpu_transfer.py:513:lmcache.v1.multiprocess.modules.gpu_transfer)[0m
[32;20m[2026-06-03 07:26:53,923] LMCache INFO:[0m Stored 256 tokens in 0.002 seconds [3m(gpu_transfer.py:513:lmcache.v1.multiprocess.modules.gpu_transfer)[0m
[32;20m[2026-06-03 07:26:54,424] LMCache INFO:[0m Stored 256 tokens in 0.004 seconds [3m(gpu_transfer.py:513:lmcache.v1.multiprocess.modules.gpu_transfer)[0m
[32;20m[2026-06-03 07:26:54,909] LMCache INFO:[0m Stored 256 tokens in 0.005 seconds [3m(gpu_transfer.py:513:lmcache.v1.multiprocess.modules.gpu_transfer)[0m
[32;20m[2026-06-03 07:26:55,056] LMCache INFO:[0m Stored 256 tokens in 0.004 seconds [3m(gpu_transfer.py:513:lmcache.v1.multiprocess.modules.gpu_transfer)[0m
[32;20m[2026-06-03 07:26:55,690] LMCache INFO:[0m Stored 256 tokens in 0.004 seconds [3m(gpu_transfer.py:513:lmcache.v1.multiprocess.modules.gpu_transfer)[0m
[32;20m[2026-06-03 07:26:55,852] LMCache INFO:[0m Stored 256 tokens in 0.002 seconds [3m(gpu_transfer.py:513:lmcache.v1.multiprocess.modules.gpu_transfer)[0m
[32;20m[2026-06-03 07:26:56,328] LMCache INFO:[0m Stored 256 tokens in 0.002 seconds [3m(gpu_transfer.py:513:lmcache.v1.multiprocess.modules.gpu_transfer)[0m
[32;20m[2026-06-03 07:26:56,546] LMCache INFO:[0m Stored 256 tokens in 0.003 seconds [3m(gpu_transfer.py:513:lmcache.v1.multiprocess.modules.gpu_transfer)[0m
[32;20m[2026-06-03 07:26:56,741] LMCache INFO:[0m Prefetch request completed (L1+L2): 207/208 retained keys (207 L1, 0 L2) in 1.5 ms (external_request_id=chatcmpl-8b0f4743-c887-47f9-95d9-453108967f2f-92bc338a, prefetch_request_id=-1) [3m(storage_manager.py:575:lmcache.v1.distributed.storage_manager)[0m
[32;20m[2026-06-03 07:26:56,924] LMCache INFO:[0m Stored 256 tokens in 0.007 seconds [3m(gpu_transfer.py:513:lmcache.v1.multiprocess.modules.gpu_transfer)[0m
[32;20m[2026-06-03 07:26:57,788] LMCache INFO:[0m Stored 256 tokens in 0.004 seconds [3m(gpu_transfer.py:513:lmcache.v1.multiprocess.modules.gpu_transfer)[0m
[32;20m[2026-06-03 07:26:58,220] LMCache INFO:[0m Prefetch request completed (L1+L2): 340/342 retained keys (340 L1, 0 L2) in 17.3 ms (external_request_id=chatcmpl-4bd9cc49-1d8e-4c1f-af94-e159b2dc2138-876a7a6b, prefetch_request_id=-1) [3m(storage_manager.py:575:lmcache.v1.distributed.storage_manager)[0m
[32;20m[2026-06-03 07:26:58,497] LMCache INFO:[0m Stored 512 tokens in 0.011 seconds [3m(gpu_transfer.py:513:lmcache.v1.multiprocess.modules.gpu_transfer)[0m
[32;20m[2026-06-03 07:26:58,891] LMCache INFO:[0m Prefetch request completed (L1+L2): 439/439 retained keys (439 L1, 0 L2) in 1.6 ms (external_request_id=chatcmpl-18f2f541-18cc-4537-b360-a96bb14e2861-ad48dd49, prefetch_request_id=-1) [3m(storage_manager.py:575:lmcache.v1.distributed.storage_manager)[0m
[32;20m[2026-06-03 07:26:59,255] LMCache INFO:[0m Stored 256 tokens in 0.006 seconds [3m(gpu_transfer.py:513:lmcache.v1.multiprocess.modules.gpu_transfer)[0m
[32;20m[2026-06-03 07:26:59,516] LMCache INFO:[0m Stored 256 tokens in 0.004 seconds [3m(gpu_transfer.py:513:lmcache.v1.multiprocess.modules.gpu_transfer)[0m
[32;20m[2026-06-03 07:26:59,662] LMCache INFO:[0m Stored 256 tokens in 0.002 seconds [3m(gpu_transfer.py:513:lmcache.v1.multiprocess.modules.gpu_transfer)[0m
[32;20m[2026-06-03 07:26:59,750] LMCache INFO:[0m Prefetch request completed (L1+L2): 134/141 retained keys (134 L1, 0 L2) in 1.1 ms (external_request_id=chatcmpl-0d5c608c-8802-4f27-9cbb-9e2a5f1ef531-b00e4f4a, prefetch_request_id=-1) [3m(storage_manager.py:575:lmcache.v1.distributed.storage_manager)[0m
[32;20m[2026-06-03 07:26:59,966] LMCache INFO:[0m Stored 1792 tokens in 0.005 seconds [3m(gpu_transfer.py:513:lmcache.v1.multiprocess.modules.gpu_transfer)[0m
[32;20m[2026-06-03 07:27:00,581] LMCache INFO:[0m Stored 256 tokens in 0.005 seconds [3m(gpu_transfer.py:513:lmcache.v1.multiprocess.modules.gpu_transfer)[0m
[32;20m[2026-06-03 07:27:00,898] LMCache INFO:[0m Prefetch request completed (L1+L2): 199/201 retained keys (199 L1, 0 L2) in 1.3 ms (external_request_id=chatcmpl-00513308-6be5-424b-b7a1-d953640123a2-93998756, prefetch_request_id=-1) [3m(storage_manager.py:575:lmcache.v1.distributed.storage_manager)[0m
[32;20m[2026-06-03 07:27:01,115] LMCache INFO:[0m Stored 512 tokens in 0.007 seconds [3m(gpu_transfer.py:513:lmcache.v1.multiprocess.modules.gpu_transfer)[0m
[32;20m[2026-06-03 07:27:01,302] LMCache INFO:[0m Stored 256 tokens in 0.003 seconds [3m(gpu_transfer.py:513:lmcache.v1.multiprocess.modules.gpu_transfer)[0m
[32;20m[2026-06-03 07:27:01,437] LMCache INFO:[0m Stored 256 tokens in 0.005 seconds [3m(gpu_transfer.py:513:lmcache.v1.multiprocess.modules.gpu_transfer)[0m
[32;20m[2026-06-03 07:27:02,198] LMCache INFO:[0m Stored 256 tokens in 0.003 seconds [3m(gpu_transfer.py:513:lmcache.v1.multiprocess.modules.gpu_transfer)[0m
[32;20m[2026-06-03 07:27:02,345] LMCache INFO:[0m Stored 256 tokens in 0.003 seconds [3m(gpu_transfer.py:513:lmcache.v1.multiprocess.modules.gpu_transfer)[0m
[32;20m[2026-06-03 07:27:03,378] LMCache INFO:[0m Stored 256 tokens in 0.003 seconds [3m(gpu_transfer.py:513:lmcache.v1.multiprocess.modules.gpu_transfer)[0m
[32;20m[2026-06-03 07:27:03,917] LMCache INFO:[0m Stored 256 tokens in 0.006 seconds [3m(gpu_transfer.py:513:lmcache.v1.multiprocess.modules.gpu_transfer)[0m
[32;20m[2026-06-03 07:27:03,955] LMCache INFO:[0m Stored 256 tokens in 0.001 seconds [3m(gpu_transfer.py:513:lmcache.v1.multiprocess.modules.gpu_transfer)[0m
[32;20m[2026-06-03 07:27:04,622] LMCache INFO:[0m Stored 256 tokens in 0.003 seconds [3m(gpu_transfer.py:513:lmcache.v1.multiprocess.modules.gpu_transfer)[0m
[32;20m[2026-06-03 07:27:05,043] LMCache INFO:[0m Stored 256 tokens in 0.003 seconds [3m(gpu_transfer.py:513:lmcache.v1.multiprocess.modules.gpu_transfer)[0m
[32;20m[2026-06-03 07:27:05,445] LMCache INFO:[0m Stored 256 tokens in 0.004 seconds [3m(gpu_transfer.py:513:lmcache.v1.multiprocess.modules.gpu_transfer)[0m
[32;20m[2026-06-03 07:27:05,561] LMCache INFO:[0m Stored 256 tokens in 0.003 seconds [3m(gpu_transfer.py:513:lmcache.v1.multiprocess.modules.gpu_transfer)[0m
[32;20m[2026-06-03 07:27:05,863] LMCache INFO:[0m Stored 256 tokens in 0.002 seconds [3m(gpu_transfer.py:513:lmcache.v1.multiprocess.modules.gpu_transfer)[0m
[32;20m[2026-06-03 07:27:06,061] LMCache INFO:[0m Stored 256 tokens in 0.003 seconds [3m(gpu_transfer.py:513:lmcache.v1.multiprocess.modules.gpu_transfer)[0m
[32;20m[2026-06-03 07:27:06,193] LMCache INFO:[0m Stored 256 tokens in 0.004 seconds [3m(gpu_transfer.py:513:lmcache.v1.multiprocess.modules.gpu_transfer)[0m
[32;20m[2026-06-03 07:27:06,424] LMCache INFO:[0m Stored 256 tokens in 0.013 seconds [3m(gpu_transfer.py:513:lmcache.v1.multiprocess.modules.gpu_transfer)[0m
[32;20m[2026-06-03 07:27:06,745] LMCache INFO:[0m Stored 256 tokens in 0.003 seconds [3m(gpu_transfer.py:513:lmcache.v1.multiprocess.modules.gpu_transfer)[0m
[32;20m[2026-06-03 07:27:06,849] LMCache INFO:[0m Prefetch request completed (L1+L2): 208/212 retained keys (208 L1, 0 L2) in 1.6 ms (external_request_id=chatcmpl-202340aa-f0a3-4aa2-924f-394c409202e0-a6e14163, prefetch_request_id=-1) [3m(storage_manager.py:575:lmcache.v1.distributed.storage_manager)[0m
[32;20m[2026-06-03 07:27:07,072] LMCache INFO:[0m Stored 1024 tokens in 0.007 seconds [3m(gpu_transfer.py:513:lmcache.v1.multiprocess.modules.gpu_transfer)[0m
[32;20m[2026-06-03 07:27:07,399] LMCache INFO:[0m Stored 256 tokens in 0.004 seconds [3m(gpu_transfer.py:513:lmcache.v1.multiprocess.modules.gpu_transfer)[0m
[32;20m[2026-06-03 07:27:09,053] LMCache INFO:[0m Prefetch request completed (L1+L2): 472/474 retained keys (472 L1, 0 L2) in 1.9 ms (external_request_id=chatcmpl-f6e8d901-d1ad-495a-a3a0-ec351e8a2c02-b2bca7fd, prefetch_request_id=-1) [3m(storage_manager.py:575:lmcache.v1.distributed.storage_manager)[0m
[32;20m[2026-06-03 07:27:09,324] LMCache INFO:[0m Stored 512 tokens in 0.019 seconds [3m(gpu_transfer.py:513:lmcache.v1.multiprocess.modules.gpu_transfer)[0m
[32;20m[2026-06-03 07:27:09,797] LMCache INFO:[0m Stored 256 tokens in 0.004 seconds [3m(gpu_transfer.py:513:lmcache.v1.multiprocess.modules.gpu_transfer)[0m
[32;20m[2026-06-03 07:27:09,872] LMCache INFO:[0m Prefetch request completed (L1+L2): 428/431 retained keys (428 L1, 0 L2) in 1.6 ms (external_request_id=chatcmpl-7653f741-6de0-4f29-83f5-a267e55ed383-a029d5ab, prefetch_request_id=-1) [3m(storage_manager.py:575:lmcache.v1.distributed.storage_manager)[0m
[32;20m[2026-06-03 07:27:10,056] LMCache INFO:[0m Stored 768 tokens in 0.013 seconds [3m(gpu_transfer.py:513:lmcache.v1.multiprocess.modules.gpu_transfer)[0m
[32;20m[2026-06-03 07:27:10,549] LMCache INFO:[0m Stored 256 tokens in 0.002 seconds [3m(gpu_transfer.py:513:lmcache.v1.multiprocess.modules.gpu_transfer)[0m
[32;20m[2026-06-03 07:27:11,049] LMCache INFO:[0m Stored 256 tokens in 0.006 seconds [3m(gpu_transfer.py:513:lmcache.v1.multiprocess.modules.gpu_transfer)[0m
[32;20m[2026-06-03 07:27:11,357] LMCache INFO:[0m Stored 256 tokens in 0.003 seconds [3m(gpu_transfer.py:513:lmcache.v1.multiprocess.modules.gpu_transfer)[0m
[32;20m[2026-06-03 07:27:11,502] LMCache INFO:[0m Stored 256 tokens in 0.005 seconds [3m(gpu_transfer.py:513:lmcache.v1.multiprocess.modules.gpu_transfer)[0m
[32;20m[2026-06-03 07:27:12,168] LMCache INFO:[0m Stored 256 tokens in 0.003 seconds [3m(gpu_transfer.py:513:lmcache.v1.multiprocess.modules.gpu_transfer)[0m
[32;20m[2026-06-03 07:27:12,301] LMCache INFO:[0m Stored 256 tokens in 0.003 seconds [3m(gpu_transfer.py:513:lmcache.v1.multiprocess.modules.gpu_transfer)[0m
[32;20m[2026-06-03 07:27:12,937] LMCache INFO:[0m Prefetch request completed (L1+L2): 201/203 retained keys (201 L1, 0 L2) in 1.2 ms (external_request_id=chatcmpl-2130ba4f-3712-49b5-af79-1bdcc7d0bbbf-a8ba183a, prefetch_request_id=-1) [3m(storage_manager.py:575:lmcache.v1.distributed.storage_manager)[0m
[32;20m[2026-06-03 07:27:13,184] LMCache INFO:[0m Stored 512 tokens in 0.007 seconds [3m(gpu_transfer.py:513:lmcache.v1.multiprocess.modules.gpu_transfer)[0m
[32;20m[2026-06-03 07:27:14,012] LMCache INFO:[0m Stored 256 tokens in 0.004 seconds [3m(gpu_transfer.py:513:lmcache.v1.multiprocess.modules.gpu_transfer)[0m
[32;20m[2026-06-03 07:27:14,137] LMCache INFO:[0m Stored 256 tokens in 0.002 seconds [3m(gpu_transfer.py:513:lmcache.v1.multiprocess.modules.gpu_transfer)[0m
[32;20m[2026-06-03 07:27:14,200] LMCache INFO:[0m Stored 256 tokens in 0.006 seconds [3m(gpu_transfer.py:513:lmcache.v1.multiprocess.modules.gpu_transfer)[0m
[32;20m[2026-06-03 07:27:14,245] LMCache INFO:[0m Stored 256 tokens in 0.001 seconds [3m(gpu_transfer.py:513:lmcache.v1.multiprocess.modules.gpu_transfer)[0m
[32;20m[2026-06-03 07:27:14,807] LMCache INFO:[0m Prefetch request completed (L1+L2): 154/154 retained keys (154 L1, 0 L2) in 1.1 ms (external_request_id=chatcmpl-c4dac8ef-f7a9-412e-8b73-a77fa64af8a7-9f1fb16c, prefetch_request_id=-1) [3m(storage_manager.py:575:lmcache.v1.distributed.storage_manager)[0m
[32;20m[2026-06-03 07:27:14,970] LMCache INFO:[0m Stored 256 tokens in 0.003 seconds [3m(gpu_transfer.py:513:lmcache.v1.multiprocess.modules.gpu_transfer)[0m
[32;20m[2026-06-03 07:27:15,399] LMCache INFO:[0m Stored 256 tokens in 0.004 seconds [3m(gpu_transfer.py:513:lmcache.v1.multiprocess.modules.gpu_transfer)[0m
[32;20m[2026-06-03 07:27:15,711] LMCache INFO:[0m Prefetch request completed (L1+L2): 342/343 retained keys (342 L1, 0 L2) in 1.6 ms (external_request_id=chatcmpl-71e31d0d-2008-4cff-9289-2bbdcc412126-b6ad57b3, prefetch_request_id=-1) [3m(storage_manager.py:575:lmcache.v1.distributed.storage_manager)[0m
[32;20m[2026-06-03 07:27:16,016] LMCache INFO:[0m Stored 256 tokens in 0.011 seconds [3m(gpu_transfer.py:513:lmcache.v1.multiprocess.modules.gpu_transfer)[0m
[32;20m[2026-06-03 07:27:16,438] LMCache INFO:[0m Stored 256 tokens in 0.004 seconds [3m(gpu_transfer.py:513:lmcache.v1.multiprocess.modules.gpu_transfer)[0m
[32;20m[2026-06-03 07:27:16,565] LMCache INFO:[0m Stored 256 tokens in 0.003 seconds [3m(gpu_transfer.py:513:lmcache.v1.multiprocess.modules.gpu_transfer)[0m
[32;20m[2026-06-03 07:27:16,884] LMCache INFO:[0m Stored 256 tokens in 0.002 seconds [3m(gpu_transfer.py:513:lmcache.v1.multiprocess.modules.gpu_transfer)[0m
[32;20m[2026-06-03 07:27:17,194] LMCache INFO:[0m Stored 256 tokens in 0.003 seconds [3m(gpu_transfer.py:513:lmcache.v1.multiprocess.modules.gpu_transfer)[0m
[32;20m[2026-06-03 07:27:17,807] LMCache INFO:[0m Stored 256 tokens in 0.010 seconds [3m(gpu_transfer.py:513:lmcache.v1.multiprocess.modules.gpu_transfer)[0m
[32;20m[2026-06-03 07:27:17,854] LMCache INFO:[0m Stored 256 tokens in 0.004 seconds [3m(gpu_transfer.py:513:lmcache.v1.multiprocess.modules.gpu_transfer)[0m
[32;20m[2026-06-03 07:27:17,859] LMCache INFO:[0m Stored 256 tokens in 0.002 seconds [3m(gpu_transfer.py:513:lmcache.v1.multiprocess.modules.gpu_transfer)[0m
[32;20m[2026-06-03 07:27:17,996] LMCache INFO:[0m Stored 256 tokens in 0.003 seconds [3m(gpu_transfer.py:513:lmcache.v1.multiprocess.modules.gpu_transfer)[0m
[32;20m[2026-06-03 07:27:19,615] LMCache INFO:[0m Stored 256 tokens in 0.004 seconds [3m(gpu_transfer.py:513:lmcache.v1.multiprocess.modules.gpu_transfer)[0m
[32;20m[2026-06-03 07:27:19,745] LMCache INFO:[0m Stored 256 tokens in 0.002 seconds [3m(gpu_transfer.py:513:lmcache.v1.multiprocess.modules.gpu_transfer)[0m
[32;20m[2026-06-03 07:27:20,240] LMCache INFO:[0m Stored 256 tokens in 0.006 seconds [3m(gpu_transfer.py:513:lmcache.v1.multiprocess.modules.gpu_transfer)[0m
[32;20m[2026-06-03 07:27:20,304] LMCache INFO:[0m Stored 256 tokens in 0.003 seconds [3m(gpu_transfer.py:513:lmcache.v1.multiprocess.modules.gpu_transfer)[0m
[32;20m[2026-06-03 07:27:20,569] LMCache INFO:[0m Stored 256 tokens in 0.003 seconds [3m(gpu_transfer.py:513:lmcache.v1.multiprocess.modules.gpu_transfer)[0m
[32;20m[2026-06-03 07:27:20,706] LMCache INFO:[0m Stored 256 tokens in 0.005 seconds [3m(gpu_transfer.py:513:lmcache.v1.multiprocess.modules.gpu_transfer)[0m
[32;20m[2026-06-03 07:27:20,862] LMCache INFO:[0m Prefetch request completed (L1+L2): 539/552 retained keys (539 L1, 0 L2) in 1.9 ms (external_request_id=chatcmpl-1612db1a-950c-49b3-ad94-edd30f5bd1fc-8adfd183, prefetch_request_id=-1) [3m(storage_manager.py:575:lmcache.v1.distributed.storage_manager)[0m
[32;20m[2026-06-03 07:27:21,192] LMCache INFO:[0m Stored 3328 tokens in 0.038 seconds [3m(gpu_transfer.py:513:lmcache.v1.multiprocess.modules.gpu_transfer)[0m
[32;20m[2026-06-03 07:27:22,865] LMCache INFO:[0m Stored 256 tokens in 0.003 seconds [3m(gpu_transfer.py:513:lmcache.v1.multiprocess.modules.gpu_transfer)[0m
[32;20m[2026-06-03 07:27:23,012] LMCache INFO:[0m Stored 256 tokens in 0.003 seconds [3m(gpu_transfer.py:513:lmcache.v1.multiprocess.modules.gpu_transfer)[0m
[32;20m[2026-06-03 07:27:23,172] LMCache INFO:[0m Prefetch request completed (L1+L2): 202/205 retained keys (202 L1, 0 L2) in 1.2 ms (external_request_id=chatcmpl-34421134-9674-43a1-842e-c5795bfb6a7e-9ab46e23, prefetch_request_id=-1) [3m(storage_manager.py:575:lmcache.v1.distributed.storage_manager)[0m
[32;20m[2026-06-03 07:27:23,338] LMCache INFO:[0m Stored 768 tokens in 0.007 seconds [3m(gpu_transfer.py:513:lmcache.v1.multiprocess.modules.gpu_transfer)[0m
[32;20m[2026-06-03 07:27:23,852] LMCache INFO:[0m Stored 256 tokens in 0.004 seconds [3m(gpu_transfer.py:513:lmcache.v1.multiprocess.modules.gpu_transfer)[0m
[32;20m[2026-06-03 07:27:24,573] LMCache INFO:[0m Prefetch request completed (L1+L2): 879/888 retained keys (879 L1, 0 L2) in 2.6 ms (external_request_id=chatcmpl-7700a7d2-4188-4d5f-a5ab-3d43d76fc04a-9157544e, prefetch_request_id=-1) [3m(storage_manager.py:575:lmcache.v1.distributed.storage_manager)[0m
[32;20m[2026-06-03 07:27:24,946] LMCache INFO:[0m Stored 2304 tokens in 0.025 seconds [3m(gpu_transfer.py:513:lmcache.v1.multiprocess.modules.gpu_transfer)[0m
[32;20m[2026-06-03 07:27:26,730] LMCache INFO:[0m Prefetch request completed (L1+L2): 316/321 retained keys (316 L1, 0 L2) in 1.7 ms (external_request_id=chatcmpl-123598c4-1af0-4b76-b809-75a552ba9793-bd6008b8, prefetch_request_id=-1) [3m(storage_manager.py:575:lmcache.v1.distributed.storage_manager)[0m
[32;20m[2026-06-03 07:27:26,896] LMCache INFO:[0m Prefetch request completed (L1+L2): 439/439 retained keys (439 L1, 0 L2) in 1.3 ms (external_request_id=chatcmpl-7d7cb8e7-b472-467a-9e22-7922fc90375e-9cd3980c, prefetch_request_id=-1) [3m(storage_manager.py:575:lmcache.v1.distributed.storage_manager)[0m
[32;20m[2026-06-03 07:27:27,241] LMCache INFO:[0m Stored 1280 tokens in 0.011 seconds [3m(gpu_transfer.py:513:lmcache.v1.multiprocess.modules.gpu_transfer)[0m
[32;20m[2026-06-03 07:27:27,878] LMCache INFO:[0m Stored 256 tokens in 0.003 seconds [3m(gpu_transfer.py:513:lmcache.v1.multiprocess.modules.gpu_transfer)[0m
[32;20m[2026-06-03 07:27:28,026] LMCache INFO:[0m Stored 256 tokens in 0.003 seconds [3m(gpu_transfer.py:513:lmcache.v1.multiprocess.modules.gpu_transfer)[0m
[32;20m[2026-06-03 07:27:28,094] LMCache INFO:[0m Stored 256 tokens in 0.006 seconds [3m(gpu_transfer.py:513:lmcache.v1.multiprocess.modules.gpu_transfer)[0m
[32;20m[2026-06-03 07:27:28,143] LMCache INFO:[0m Stored 256 tokens in 0.001 seconds [3m(gpu_transfer.py:513:lmcache.v1.multiprocess.modules.gpu_transfer)[0m
[32;20m[2026-06-03 07:27:28,398] LMCache INFO:[0m Stored 256 tokens in 0.005 seconds [3m(gpu_transfer.py:513:lmcache.v1.multiprocess.modules.gpu_transfer)[0m
[32;20m[2026-06-03 07:27:28,877] LMCache INFO:[0m Stored 256 tokens in 0.002 seconds [3m(gpu_transfer.py:513:lmcache.v1.multiprocess.modules.gpu_transfer)[0m
[32;20m[2026-06-03 07:27:29,320] LMCache INFO:[0m Stored 256 tokens in 0.003 seconds [3m(gpu_transfer.py:513:lmcache.v1.multiprocess.modules.gpu_transfer)[0m
[32;20m[2026-06-03 07:27:29,510] LMCache INFO:[0m Stored 256 tokens in 0.006 seconds [3m(gpu_transfer.py:513:lmcache.v1.multiprocess.modules.gpu_transfer)[0m
[32;20m[2026-06-03 07:27:29,773] LMCache INFO:[0m Stored 256 tokens in 0.006 seconds [3m(gpu_transfer.py:513:lmcache.v1.multiprocess.modules.gpu_transfer)[0m
[32;20m[2026-06-03 07:27:29,820] LMCache INFO:[0m Stored 256 tokens in 0.002 seconds [3m(gpu_transfer.py:513:lmcache.v1.multiprocess.modules.gpu_transfer)[0m
[32;20m[2026-06-03 07:27:29,864] LMCache INFO:[0m Stored 256 tokens in 0.003 seconds [3m(gpu_transfer.py:513:lmcache.v1.multiprocess.modules.gpu_transfer)[0m
[32;20m[2026-06-03 07:27:30,265] LMCache INFO:[0m Prefetch request completed (L1+L2): 343/346 retained keys (343 L1, 0 L2) in 1.3 ms (external_request_id=chatcmpl-ea74ebcb-a284-4072-9db6-c3b2ad1c649e-bc855274, prefetch_request_id=-1) [3m(storage_manager.py:575:lmcache.v1.distributed.storage_manager)[0m
[32;20m[2026-06-03 07:27:30,457] LMCache INFO:[0m Stored 768 tokens in 0.011 seconds [3m(gpu_transfer.py:513:lmcache.v1.multiprocess.modules.gpu_transfer)[0m
[32;20m[2026-06-03 07:27:30,805] LMCache INFO:[0m Stored 256 tokens in 0.002 seconds [3m(gpu_transfer.py:513:lmcache.v1.multiprocess.modules.gpu_transfer)[0m
[32;20m[2026-06-03 07:27:31,128] LMCache INFO:[0m Stored 256 tokens in 0.004 seconds [3m(gpu_transfer.py:513:lmcache.v1.multiprocess.modules.gpu_transfer)[0m
[32;20m[2026-06-03 07:27:31,715] LMCache INFO:[0m Prefetch request completed (L1+L2): 288/289 retained keys (288 L1, 0 L2) in 1.4 ms (external_request_id=chatcmpl-a99ab15d-bb93-48cd-b700-4d2429c5c888-bc5e699e, prefetch_request_id=-1) [3m(storage_manager.py:575:lmcache.v1.distributed.storage_manager)[0m
[32;20m[2026-06-03 07:27:32,018] LMCache INFO:[0m Stored 256 tokens in 0.010 seconds [3m(gpu_transfer.py:513:lmcache.v1.multiprocess.modules.gpu_transfer)[0m
[32;20m[2026-06-03 07:27:33,475] LMCache INFO:[0m Stored 256 tokens in 0.003 seconds [3m(gpu_transfer.py:513:lmcache.v1.multiprocess.modules.gpu_transfer)[0m
[32;20m[2026-06-03 07:27:34,159] LMCache INFO:[0m Stored 256 tokens in 0.004 seconds [3m(gpu_transfer.py:513:lmcache.v1.multiprocess.modules.gpu_transfer)[0m
[32;20m[2026-06-03 07:27:34,787] LMCache INFO:[0m Stored 256 tokens in 0.005 seconds [3m(gpu_transfer.py:513:lmcache.v1.multiprocess.modules.gpu_transfer)[0m
[32;20m[2026-06-03 07:27:35,106] LMCache INFO:[0m Stored 256 tokens in 0.003 seconds [3m(gpu_transfer.py:513:lmcache.v1.multiprocess.modules.gpu_transfer)[0m
[32;20m[2026-06-03 07:27:35,254] LMCache INFO:[0m Stored 256 tokens in 0.006 seconds [3m(gpu_transfer.py:513:lmcache.v1.multiprocess.modules.gpu_transfer)[0m
[32;20m[2026-06-03 07:27:35,519] LMCache INFO:[0m Stored 256 tokens in 0.013 seconds [3m(gpu_transfer.py:513:lmcache.v1.multiprocess.modules.gpu_transfer)[0m
[32;20m[2026-06-03 07:27:36,187] LMCache INFO:[0m Prefetch request completed (L1+L2): 322/341 retained keys (322 L1, 0 L2) in 17.3 ms (external_request_id=chatcmpl-8190d023-b71d-4d5c-aae2-a12c039fce72-b4c17258, prefetch_request_id=-1) [3m(storage_manager.py:575:lmcache.v1.distributed.storage_manager)[0m
[32;20m[2026-06-03 07:27:36,441] LMCache INFO:[0m Prefetch request completed (L1+L2): 255/276 retained keys (255 L1, 0 L2) in 41.1 ms (external_request_id=chatcmpl-b98a864a-ff76-40c4-abdb-a96c4748c593-ba4963a7, prefetch_request_id=-1) [3m(storage_manager.py:575:lmcache.v1.distributed.storage_manager)[0m
[32;20m[2026-06-03 07:27:36,580] LMCache INFO:[0m Stored 4864 tokens in 0.012 seconds [3m(gpu_transfer.py:513:lmcache.v1.multiprocess.modules.gpu_transfer)[0m
[32;20m[2026-06-03 07:27:37,525] LMCache INFO:[0m Stored 5376 tokens in 0.011 seconds [3m(gpu_transfer.py:513:lmcache.v1.multiprocess.modules.gpu_transfer)[0m
[32;20m[2026-06-03 07:27:37,828] LMCache INFO:[0m Prefetch request completed (L1+L2): 448/452 retained keys (448 L1, 0 L2) in 2.4 ms (external_request_id=chatcmpl-589524ca-6ef7-4106-a97d-559bee329bf8-8c8ea5b5, prefetch_request_id=-1) [3m(storage_manager.py:575:lmcache.v1.distributed.storage_manager)[0m
[32;20m[2026-06-03 07:27:37,955] LMCache INFO:[0m Prefetch request completed (L1+L2): 203/205 retained keys (203 L1, 0 L2) in 1.2 ms (external_request_id=chatcmpl-96fb4889-effb-472a-9589-646b0888f5b9-a6792672, prefetch_request_id=-1) [3m(storage_manager.py:575:lmcache.v1.distributed.storage_manager)[0m
[32;20m[2026-06-03 07:27:38,451] LMCache INFO:[0m Stored 256 tokens in 0.004 seconds [3m(gpu_transfer.py:513:lmcache.v1.multiprocess.modules.gpu_transfer)[0m
[32;20m[2026-06-03 07:27:38,468] LMCache INFO:[0m Stored 1024 tokens in 0.014 seconds [3m(gpu_transfer.py:513:lmcache.v1.multiprocess.modules.gpu_transfer)[0m
[32;20m[2026-06-03 07:27:38,482] LMCache INFO:[0m Prefetch request completed (L1+L2): 225/231 retained keys (225 L1, 0 L2) in 1.1 ms (external_request_id=chatcmpl-7ab145f7-8c23-406b-8075-659497a9d808-9891fe1f, prefetch_request_id=-1) [3m(storage_manager.py:575:lmcache.v1.distributed.storage_manager)[0m
[32;20m[2026-06-03 07:27:39,181] LMCache INFO:[0m Stored 512 tokens in 0.008 seconds [3m(gpu_transfer.py:513:lmcache.v1.multiprocess.modules.gpu_transfer)[0m
[32;20m[2026-06-03 07:27:39,313] LMCache INFO:[0m Stored 1536 tokens in 0.008 seconds [3m(gpu_transfer.py:513:lmcache.v1.multiprocess.modules.gpu_transfer)[0m
[32;20m[2026-06-03 07:27:39,645] LMCache INFO:[0m Stored 256 tokens in 0.004 seconds [3m(gpu_transfer.py:513:lmcache.v1.multiprocess.modules.gpu_transfer)[0m
[32;20m[2026-06-03 07:27:39,999] LMCache INFO:[0m Stored 256 tokens in 0.003 seconds [3m(gpu_transfer.py:513:lmcache.v1.multiprocess.modules.gpu_transfer)[0m
[32;20m[2026-06-03 07:27:40,144] LMCache INFO:[0m Prefetch request completed (L1+L2): 474/478 retained keys (474 L1, 0 L2) in 1.3 ms (external_request_id=chatcmpl-968870c5-bb70-4482-85c8-ca8014ec5bb6-bc97d25f, prefetch_request_id=-1) [3m(storage_manager.py:575:lmcache.v1.distributed.storage_manager)[0m
[32;20m[2026-06-03 07:27:40,434] LMCache INFO:[0m Stored 1024 tokens in 0.014 seconds [3m(gpu_transfer.py:513:lmcache.v1.multiprocess.modules.gpu_transfer)[0m
[32;20m[2026-06-03 07:27:41,024] LMCache INFO:[0m Stored 256 tokens in 0.004 seconds [3m(gpu_transfer.py:513:lmcache.v1.multiprocess.modules.gpu_transfer)[0m
[32;20m[2026-06-03 07:27:41,922] LMCache INFO:[0m Prefetch request completed (L1+L2): 341/342 retained keys (341 L1, 0 L2) in 1.8 ms (external_request_id=chatcmpl-dbe20616-46fa-41a0-a7ac-abc661480e28-b61705cc, prefetch_request_id=-1) [3m(storage_manager.py:575:lmcache.v1.distributed.storage_manager)[0m
[32;20m[2026-06-03 07:27:42,226] LMCache INFO:[0m Stored 256 tokens in 0.010 seconds [3m(gpu_transfer.py:513:lmcache.v1.multiprocess.modules.gpu_transfer)[0m
[32;20m[2026-06-03 07:27:42,614] LMCache INFO:[0m Stored 256 tokens in 0.004 seconds [3m(gpu_transfer.py:513:lmcache.v1.multiprocess.modules.gpu_transfer)[0m
[32;20m[2026-06-03 07:27:42,792] LMCache INFO:[0m Prefetch request completed (L1+L2): 355/355 retained keys (355 L1, 0 L2) in 2.1 ms (external_request_id=chatcmpl-316528ef-d050-4b37-a726-83f9077b486d-ada5d8d7, prefetch_request_id=-1) [3m(storage_manager.py:575:lmcache.v1.distributed.storage_manager)[0m
[32;20m[2026-06-03 07:27:42,955] LMCache INFO:[0m Stored 256 tokens in 0.047 seconds [3m(gpu_transfer.py:513:lmcache.v1.multiprocess.modules.gpu_transfer)[0m
[32;20m[2026-06-03 07:27:42,964] LMCache INFO:[0m Stored 256 tokens in 0.007 seconds [3m(gpu_transfer.py:513:lmcache.v1.multiprocess.modules.gpu_transfer)[0m
[32;20m[2026-06-03 07:27:43,068] LMCache INFO:[0m Stored 256 tokens in 0.003 seconds [3m(gpu_transfer.py:513:lmcache.v1.multiprocess.modules.gpu_transfer)[0m
[32;20m[2026-06-03 07:27:43,268] LMCache INFO:[0m Stored 256 tokens in 0.002 seconds [3m(gpu_transfer.py:513:lmcache.v1.multiprocess.modules.gpu_transfer)[0m
[32;20m[2026-06-03 07:27:43,579] LMCache INFO:[0m Stored 256 tokens in 0.002 seconds [3m(gpu_transfer.py:513:lmcache.v1.multiprocess.modules.gpu_transfer)[0m
[32;20m[2026-06-03 07:27:44,268] LMCache INFO:[0m Stored 256 tokens in 0.004 seconds [3m(gpu_transfer.py:513:lmcache.v1.multiprocess.modules.gpu_transfer)[0m
[32;20m[2026-06-03 07:27:44,463] LMCache INFO:[0m Stored 256 tokens in 0.007 seconds [3m(gpu_transfer.py:513:lmcache.v1.multiprocess.modules.gpu_transfer)[0m
[32;20m[2026-06-03 07:27:44,732] LMCache INFO:[0m Stored 256 tokens in 0.007 seconds [3m(gpu_transfer.py:513:lmcache.v1.multiprocess.modules.gpu_transfer)[0m
[32;20m[2026-06-03 07:27:44,780] LMCache INFO:[0m Stored 256 tokens in 0.003 seconds [3m(gpu_transfer.py:513:lmcache.v1.multiprocess.modules.gpu_transfer)[0m
[32;20m[2026-06-03 07:27:44,825] LMCache INFO:[0m Stored 256 tokens in 0.003 seconds [3m(gpu_transfer.py:513:lmcache.v1.multiprocess.modules.gpu_transfer)[0m
[32;20m[2026-06-03 07:27:45,070] LMCache INFO:[0m Stored 256 tokens in 0.002 seconds [3m(gpu_transfer.py:513:lmcache.v1.multiprocess.modules.gpu_transfer)[0m
[32;20m[2026-06-03 07:27:45,519] LMCache INFO:[0m Stored 256 tokens in 0.004 seconds [3m(gpu_transfer.py:513:lmcache.v1.multiprocess.modules.gpu_transfer)[0m
[32;20m[2026-06-03 07:27:46,412] LMCache INFO:[0m Stored 256 tokens in 0.011 seconds [3m(gpu_transfer.py:513:lmcache.v1.multiprocess.modules.gpu_transfer)[0m
[32;20m[2026-06-03 07:27:47,279] LMCache INFO:[0m Prefetch request completed (L1+L2): 157/165 retained keys (157 L1, 0 L2) in 1.1 ms (external_request_id=chatcmpl-d507262c-67b9-4325-8856-e08f1895488c-b5b2e9d0, prefetch_request_id=-1) [3m(storage_manager.py:575:lmcache.v1.distributed.storage_manager)[0m
[32;20m[2026-06-03 07:27:47,491] LMCache INFO:[0m Stored 2048 tokens in 0.007 seconds [3m(gpu_transfer.py:513:lmcache.v1.multiprocess.modules.gpu_transfer)[0m
[32;20m[2026-06-03 07:27:47,776] LMCache INFO:[0m Stored 256 tokens in 0.003 seconds [3m(gpu_transfer.py:513:lmcache.v1.multiprocess.modules.gpu_transfer)[0m
[32;20m[2026-06-03 07:27:47,884] LMCache INFO:[0m Prefetch request completed (L1+L2): 276/287 retained keys (276 L1, 0 L2) in 1.5 ms (external_request_id=chatcmpl-2721b2c0-695d-456d-9d64-2221db92ba4b-b8e38d84, prefetch_request_id=-1) [3m(storage_manager.py:575:lmcache.v1.distributed.storage_manager)[0m
[32;20m[2026-06-03 07:27:48,168] LMCache INFO:[0m Stored 2816 tokens in 0.010 seconds [3m(gpu_transfer.py:513:lmcache.v1.multiprocess.modules.gpu_transfer)[0m
[32;20m[2026-06-03 07:27:49,330] LMCache INFO:[0m Stored 256 tokens in 0.004 seconds [3m(gpu_transfer.py:513:lmcache.v1.multiprocess.modules.gpu_transfer)[0m
[32;20m[2026-06-03 07:27:49,478] LMCache INFO:[0m Stored 256 tokens in 0.004 seconds [3m(gpu_transfer.py:513:lmcache.v1.multiprocess.modules.gpu_transfer)[0m
[32;20m[2026-06-03 07:27:49,886] LMCache INFO:[0m Stored 256 tokens in 0.003 seconds [3m(gpu_transfer.py:513:lmcache.v1.multiprocess.modules.gpu_transfer)[0m
[32;20m[2026-06-03 07:27:50,325] LMCache INFO:[0m Stored 256 tokens in 0.003 seconds [3m(gpu_transfer.py:513:lmcache.v1.multiprocess.modules.gpu_transfer)[0m
[32;20m[2026-06-03 07:27:50,481] LMCache INFO:[0m Stored 256 tokens in 0.006 seconds [3m(gpu_transfer.py:513:lmcache.v1.multiprocess.modules.gpu_transfer)[0m
[32;20m[2026-06-03 07:27:51,197] LMCache INFO:[0m Stored 256 tokens in 0.003 seconds [3m(gpu_transfer.py:513:lmcache.v1.multiprocess.modules.gpu_transfer)[0m
[32;20m[2026-06-03 07:27:51,338] LMCache INFO:[0m Stored 256 tokens in 0.003 seconds [3m(gpu_transfer.py:513:lmcache.v1.multiprocess.modules.gpu_transfer)[0m
[32;20m[2026-06-03 07:27:51,376] LMCache INFO:[0m Stored 256 tokens in 0.004 seconds [3m(gpu_transfer.py:513:lmcache.v1.multiprocess.modules.gpu_transfer)[0m
[32;20m[2026-06-03 07:27:51,473] LMCache INFO:[0m Prefetch request completed (L1+L2): 141/142 retained keys (141 L1, 0 L2) in 1.1 ms (external_request_id=chatcmpl-a9c23d49-1140-426d-8014-23167bbb5ae6-a1b1520f, prefetch_request_id=-1) [3m(storage_manager.py:575:lmcache.v1.distributed.storage_manager)[0m
[32;20m[2026-06-03 07:27:51,633] LMCache INFO:[0m Stored 256 tokens in 0.005 seconds [3m(gpu_transfer.py:513:lmcache.v1.multiprocess.modules.gpu_transfer)[0m
[32;20m[2026-06-03 07:27:52,075] LMCache INFO:[0m Stored 256 tokens in 0.004 seconds [3m(gpu_transfer.py:513:lmcache.v1.multiprocess.modules.gpu_transfer)[0m
[32;20m[2026-06-03 07:27:52,651] LMCache INFO:[0m Stored 256 tokens in 0.003 seconds [3m(gpu_transfer.py:513:lmcache.v1.multiprocess.modules.gpu_transfer)[0m
[32;20m[2026-06-03 07:27:52,983] LMCache INFO:[0m Stored 256 tokens in 0.004 seconds [3m(gpu_transfer.py:513:lmcache.v1.multiprocess.modules.gpu_transfer)[0m
[32;20m[2026-06-03 07:27:53,108] LMCache INFO:[0m Stored 256 tokens in 0.002 seconds [3m(gpu_transfer.py:513:lmcache.v1.multiprocess.modules.gpu_transfer)[0m
[32;20m[2026-06-03 07:27:53,430] LMCache INFO:[0m Stored 256 tokens in 0.002 seconds [3m(gpu_transfer.py:513:lmcache.v1.multiprocess.modules.gpu_transfer)[0m
[32;20m[2026-06-03 07:27:53,489] LMCache INFO:[0m Prefetch request completed (L1+L2): 93/93 retained keys (93 L1, 0 L2) in 1.0 ms (external_request_id=chatcmpl-fa624708-b98e-4883-ae58-6eec18273558-a4e3d9d8, prefetch_request_id=-1) [3m(storage_manager.py:575:lmcache.v1.distributed.storage_manager)[0m
[32;20m[2026-06-03 07:27:54,281] LMCache INFO:[0m Stored 256 tokens in 0.004 seconds [3m(gpu_transfer.py:513:lmcache.v1.multiprocess.modules.gpu_transfer)[0m
[32;20m[2026-06-03 07:27:54,455] LMCache INFO:[0m Stored 256 tokens in 0.006 seconds [3m(gpu_transfer.py:513:lmcache.v1.multiprocess.modules.gpu_transfer)[0m
[32;20m[2026-06-03 07:27:54,621] LMCache INFO:[0m Stored 256 tokens in 0.003 seconds [3m(gpu_transfer.py:513:lmcache.v1.multiprocess.modules.gpu_transfer)[0m
[32;20m[2026-06-03 07:27:54,705] LMCache INFO:[0m Stored 256 tokens in 0.007 seconds [3m(gpu_transfer.py:513:lmcache.v1.multiprocess.modules.gpu_transfer)[0m
[32;20m[2026-06-03 07:27:54,744] LMCache INFO:[0m Stored 256 tokens in 0.002 seconds [3m(gpu_transfer.py:513:lmcache.v1.multiprocess.modules.gpu_transfer)[0m
[32;20m[2026-06-03 07:27:54,815] LMCache INFO:[0m Stored 256 tokens in 0.004 seconds [3m(gpu_transfer.py:513:lmcache.v1.multiprocess.modules.gpu_transfer)[0m
[32;20m[2026-06-03 07:27:55,946] LMCache INFO:[0m Prefetch request completed (L1+L2): 296/301 retained keys (296 L1, 0 L2) in 1.8 ms (external_request_id=chatcmpl-66322121-bbb8-4af9-a16a-2f1710513b31-98148996, prefetch_request_id=-1) [3m(storage_manager.py:575:lmcache.v1.distributed.storage_manager)[0m
[32;20m[2026-06-03 07:27:56,251] LMCache INFO:[0m Stored 1280 tokens in 0.010 seconds [3m(gpu_transfer.py:513:lmcache.v1.multiprocess.modules.gpu_transfer)[0m
[32;20m[2026-06-03 07:27:56,742] LMCache INFO:[0m Prefetch request completed (L1+L2): 355/358 retained keys (355 L1, 0 L2) in 2.1 ms (external_request_id=chatcmpl-320ee0bc-b8ea-4056-9f19-2a77901f8659-8af729b9, prefetch_request_id=-1) [3m(storage_manager.py:575:lmcache.v1.distributed.storage_manager)[0m
[32;20m[2026-06-03 07:27:56,904] LMCache INFO:[0m Prefetch request completed (L1+L2): 186/206 retained keys (186 L1, 0 L2) in 21.6 ms (external_request_id=chatcmpl-0340e835-b905-4b07-8186-56430163c948-9fd68d1f, prefetch_request_id=-1) [3m(storage_manager.py:575:lmcache.v1.distributed.storage_manager)[0m
[32;20m[2026-06-03 07:27:56,934] LMCache INFO:[0m Stored 768 tokens in 0.011 seconds [3m(gpu_transfer.py:513:lmcache.v1.multiprocess.modules.gpu_transfer)[0m
[32;20m[2026-06-03 07:27:57,338] LMCache INFO:[0m Prefetch request completed (L1+L2): 231/234 retained keys (231 L1, 0 L2) in 1.1 ms (external_request_id=chatcmpl-fffb598f-468f-41a7-86ac-eff4b96cdb21-b9be7619, prefetch_request_id=-1) [3m(storage_manager.py:575:lmcache.v1.distributed.storage_manager)[0m
[32;20m[2026-06-03 07:27:57,476] LMCache INFO:[0m Stored 5120 tokens in 0.008 seconds [3m(gpu_transfer.py:513:lmcache.v1.multiprocess.modules.gpu_transfer)[0m
[32;20m[2026-06-03 07:27:58,113] LMCache INFO:[0m Prefetch request completed (L1+L2): 142/148 retained keys (142 L1, 0 L2) in 0.9 ms (external_request_id=chatcmpl-4e5202f3-a48a-47ab-90d1-0b6c88142aa9-a54c3381, prefetch_request_id=-1) [3m(storage_manager.py:575:lmcache.v1.distributed.storage_manager)[0m
[32;20m[2026-06-03 07:27:58,211] LMCache INFO:[0m Stored 768 tokens in 0.008 seconds [3m(gpu_transfer.py:513:lmcache.v1.multiprocess.modules.gpu_transfer)[0m
[32;20m[2026-06-03 07:27:58,559] LMCache INFO:[0m Stored 1536 tokens in 0.005 seconds [3m(gpu_transfer.py:513:lmcache.v1.multiprocess.modules.gpu_transfer)[0m
[32;20m[2026-06-03 07:27:59,640] LMCache INFO:[0m Stored 256 tokens in 0.003 seconds [3m(gpu_transfer.py:513:lmcache.v1.multiprocess.modules.gpu_transfer)[0m
[32;20m[2026-06-03 07:27:59,912] LMCache INFO:[0m Stored 256 tokens in 0.002 seconds [3m(gpu_transfer.py:513:lmcache.v1.multiprocess.modules.gpu_transfer)[0m
[32;20m[2026-06-03 07:28:00,284] LMCache INFO:[0m Stored 256 tokens in 0.004 seconds [3m(gpu_transfer.py:513:lmcache.v1.multiprocess.modules.gpu_transfer)[0m
[32;20m[2026-06-03 07:28:00,413] LMCache INFO:[0m Stored 256 tokens in 0.004 seconds [3m(gpu_transfer.py:513:lmcache.v1.multiprocess.modules.gpu_transfer)[0m
[32;20m[2026-06-03 07:28:00,773] LMCache INFO:[0m Stored 256 tokens in 0.004 seconds [3m(gpu_transfer.py:513:lmcache.v1.multiprocess.modules.gpu_transfer)[0m
[32;20m[2026-06-03 07:28:01,165] LMCache INFO:[0m Stored 256 tokens in 0.004 seconds [3m(gpu_transfer.py:513:lmcache.v1.multiprocess.modules.gpu_transfer)[0m
[32;20m[2026-06-03 07:28:01,428] LMCache INFO:[0m Prefetch request completed (L1+L2): 439/439 retained keys (439 L1, 0 L2) in 2.0 ms (external_request_id=chatcmpl-e1210775-3755-4a76-ab83-567ddb647742-adecb0f1, prefetch_request_id=-1) [3m(storage_manager.py:575:lmcache.v1.distributed.storage_manager)[0m
[32;20m[2026-06-03 07:28:02,010] LMCache INFO:[0m Stored 256 tokens in 0.004 seconds [3m(gpu_transfer.py:513:lmcache.v1.multiprocess.modules.gpu_transfer)[0m
[32;20m[2026-06-03 07:28:02,086] LMCache INFO:[0m Stored 256 tokens in 0.002 seconds [3m(gpu_transfer.py:513:lmcache.v1.multiprocess.modules.gpu_transfer)[0m
[32;20m[2026-06-03 07:28:02,639] LMCache INFO:[0m Stored 256 tokens in 0.008 seconds [3m(gpu_transfer.py:513:lmcache.v1.multiprocess.modules.gpu_transfer)[0m
[32;20m[2026-06-03 07:28:02,671] LMCache INFO:[0m Stored 256 tokens in 0.003 seconds [3m(gpu_transfer.py:513:lmcache.v1.multiprocess.modules.gpu_transfer)[0m
[32;20m[2026-06-03 07:28:03,463] LMCache INFO:[0m Stored 256 tokens in 0.003 seconds [3m(gpu_transfer.py:513:lmcache.v1.multiprocess.modules.gpu_transfer)[0m
[32;20m[2026-06-03 07:28:03,576] LMCache INFO:[0m Stored 256 tokens in 0.002 seconds [3m(gpu_transfer.py:513:lmcache.v1.multiprocess.modules.gpu_transfer)[0m
[32;20m[2026-06-03 07:28:03,874] LMCache INFO:[0m Stored 256 tokens in 0.002 seconds [3m(gpu_transfer.py:513:lmcache.v1.multiprocess.modules.gpu_transfer)[0m
[32;20m[2026-06-03 07:28:04,204] LMCache INFO:[0m Prefetch request completed (L1+L2): 205/213 retained keys (205 L1, 0 L2) in 1.2 ms (external_request_id=chatcmpl-31c56bab-8e64-4c91-8601-e39af73317cb-b6528cd7, prefetch_request_id=-1) [3m(storage_manager.py:575:lmcache.v1.distributed.storage_manager)[0m
[32;20m[2026-06-03 07:28:04,377] LMCache INFO:[0m Stored 2048 tokens in 0.008 seconds [3m(gpu_transfer.py:513:lmcache.v1.multiprocess.modules.gpu_transfer)[0m
[32;20m[2026-06-03 07:28:04,966] LMCache INFO:[0m Prefetch request completed (L1+L2): 289/291 retained keys (289 L1, 0 L2) in 2.0 ms (external_request_id=chatcmpl-c28c3f39-bf1a-4b45-a113-a2b87a1d6653-98248809, prefetch_request_id=-1) [3m(storage_manager.py:575:lmcache.v1.distributed.storage_manager)[0m
[32;20m[2026-06-03 07:28:05,166] LMCache INFO:[0m Stored 512 tokens in 0.009 seconds [3m(gpu_transfer.py:513:lmcache.v1.multiprocess.modules.gpu_transfer)[0m
[32;20m[2026-06-03 07:28:05,591] LMCache INFO:[0m Stored 256 tokens in 0.004 seconds [3m(gpu_transfer.py:513:lmcache.v1.multiprocess.modules.gpu_transfer)[0m
[32;20m[2026-06-03 07:28:05,767] LMCache INFO:[0m Stored 256 tokens in 0.006 seconds [3m(gpu_transfer.py:513:lmcache.v1.multiprocess.modules.gpu_transfer)[0m
[32;20m[2026-06-03 07:28:06,007] LMCache INFO:[0m Stored 256 tokens in 0.007 seconds [3m(gpu_transfer.py:513:lmcache.v1.multiprocess.modules.gpu_transfer)[0m
[32;20m[2026-06-03 07:28:06,049] LMCache INFO:[0m Stored 256 tokens in 0.003 seconds [3m(gpu_transfer.py:513:lmcache.v1.multiprocess.modules.gpu_transfer)[0m
[32;20m[2026-06-03 07:28:06,091] LMCache INFO:[0m Stored 256 tokens in 0.004 seconds [3m(gpu_transfer.py:513:lmcache.v1.multiprocess.modules.gpu_transfer)[0m
[32;20m[2026-06-03 07:28:06,193] LMCache INFO:[0m Stored 256 tokens in 0.002 seconds [3m(gpu_transfer.py:513:lmcache.v1.multiprocess.modules.gpu_transfer)[0m
[32;20m[2026-06-03 07:28:06,414] LMCache INFO:[0m Prefetch request completed (L1+L2): 287/288 retained keys (287 L1, 0 L2) in 1.5 ms (external_request_id=chatcmpl-a94278cb-a9f2-47bc-8a65-8b3ca3c52351-849f00b7, prefetch_request_id=-1) [3m(storage_manager.py:575:lmcache.v1.distributed.storage_manager)[0m
[32;20m[2026-06-03 07:28:06,706] LMCache INFO:[0m Stored 256 tokens in 0.009 seconds [3m(gpu_transfer.py:513:lmcache.v1.multiprocess.modules.gpu_transfer)[0m
[32;20m[2026-06-03 07:28:07,434] LMCache INFO:[0m Prefetch request completed (L1+L2): 93/93 retained keys (93 L1, 0 L2) in 0.8 ms (external_request_id=chatcmpl-1c05273b-2634-4655-8247-14a1fb5dcde6-ab0d8b14, prefetch_request_id=-1) [3m(storage_manager.py:575:lmcache.v1.distributed.storage_manager)[0m
[32;20m[2026-06-03 07:28:07,819] LMCache INFO:[0m Stored 256 tokens in 0.003 seconds [3m(gpu_transfer.py:513:lmcache.v1.multiprocess.modules.gpu_transfer)[0m
[32;20m[2026-06-03 07:28:08,947] LMCache INFO:[0m Stored 256 tokens in 0.004 seconds [3m(gpu_transfer.py:513:lmcache.v1.multiprocess.modules.gpu_transfer)[0m
[32;20m[2026-06-03 07:28:09,157] LMCache INFO:[0m Prefetch request completed (L1+L2): 487/490 retained keys (487 L1, 0 L2) in 1.5 ms (external_request_id=chatcmpl-423363ef-c9d9-4250-93e5-50d7e0b14b89-823e18a0, prefetch_request_id=-1) [3m(storage_manager.py:575:lmcache.v1.distributed.storage_manager)[0m
[32;20m[2026-06-03 07:28:09,445] LMCache INFO:[0m Stored 768 tokens in 0.020 seconds [3m(gpu_transfer.py:513:lmcache.v1.multiprocess.modules.gpu_transfer)[0m
[32;20m[2026-06-03 07:28:10,001] LMCache INFO:[0m Stored 256 tokens in 0.013 seconds [3m(gpu_transfer.py:513:lmcache.v1.multiprocess.modules.gpu_transfer)[0m
[32;20m[2026-06-03 07:28:10,121] LMCache INFO:[0m Stored 256 tokens in 0.002 seconds [3m(gpu_transfer.py:513:lmcache.v1.multiprocess.modules.gpu_transfer)[0m
[32;20m[2026-06-03 07:28:10,497] LMCache INFO:[0m Stored 256 tokens in 0.004 seconds [3m(gpu_transfer.py:513:lmcache.v1.multiprocess.modules.gpu_transfer)[0m
[32;20m[2026-06-03 07:28:10,606] LMCache INFO:[0m Prefetch request completed (L1+L2): 148/149 retained keys (148 L1, 0 L2) in 1.2 ms (external_request_id=chatcmpl-d9441941-9b7c-4287-a59a-e73a2c7c1dc8-ad0edaa4, prefetch_request_id=-1) [3m(storage_manager.py:575:lmcache.v1.distributed.storage_manager)[0m
[32;20m[2026-06-03 07:28:10,780] LMCache INFO:[0m Stored 256 tokens in 0.005 seconds [3m(gpu_transfer.py:513:lmcache.v1.multiprocess.modules.gpu_transfer)[0m
[32;20m[2026-06-03 07:28:10,914] LMCache INFO:[0m Stored 256 tokens in 0.005 seconds [3m(gpu_transfer.py:513:lmcache.v1.multiprocess.modules.gpu_transfer)[0m
[32;20m[2026-06-03 07:28:11,302] LMCache INFO:[0m Stored 2304 tokens in 0.002 seconds [3m(gpu_transfer.py:513:lmcache.v1.multiprocess.modules.gpu_transfer)[0m
[32;20m[2026-06-03 07:28:12,520] LMCache INFO:[0m Stored 256 tokens in 0.004 seconds [3m(gpu_transfer.py:513:lmcache.v1.multiprocess.modules.gpu_transfer)[0m
[32;20m[2026-06-03 07:28:13,015] LMCache INFO:[0m Stored 256 tokens in 0.003 seconds [3m(gpu_transfer.py:513:lmcache.v1.multiprocess.modules.gpu_transfer)[0m
[32;20m[2026-06-03 07:28:13,671] LMCache INFO:[0m Stored 256 tokens in 0.003 seconds [3m(gpu_transfer.py:513:lmcache.v1.multiprocess.modules.gpu_transfer)[0m
[32;20m[2026-06-03 07:28:13,797] LMCache INFO:[0m Stored 256 tokens in 0.004 seconds [3m(gpu_transfer.py:513:lmcache.v1.multiprocess.modules.gpu_transfer)[0m
[32;20m[2026-06-03 07:28:13,842] LMCache INFO:[0m Stored 256 tokens in 0.004 seconds [3m(gpu_transfer.py:513:lmcache.v1.multiprocess.modules.gpu_transfer)[0m
[32;20m[2026-06-03 07:28:14,270] LMCache INFO:[0m Stored 256 tokens in 0.004 seconds [3m(gpu_transfer.py:513:lmcache.v1.multiprocess.modules.gpu_transfer)[0m
[32;20m[2026-06-03 07:28:14,498] LMCache INFO:[0m Stored 256 tokens in 0.003 seconds [3m(gpu_transfer.py:513:lmcache.v1.multiprocess.modules.gpu_transfer)[0m
[32;20m[2026-06-03 07:28:14,901] LMCache INFO:[0m Stored 256 tokens in 0.004 seconds [3m(gpu_transfer.py:513:lmcache.v1.multiprocess.modules.gpu_transfer)[0m
[32;20m[2026-06-03 07:28:15,248] LMCache INFO:[0m Stored 256 tokens in 0.007 seconds [3m(gpu_transfer.py:513:lmcache.v1.multiprocess.modules.gpu_transfer)[0m
[32;20m[2026-06-03 07:28:15,271] LMCache INFO:[0m Stored 256 tokens in 0.003 seconds [3m(gpu_transfer.py:513:lmcache.v1.multiprocess.modules.gpu_transfer)[0m
[32;20m[2026-06-03 07:28:15,308] LMCache INFO:[0m Stored 256 tokens in 0.003 seconds [3m(gpu_transfer.py:513:lmcache.v1.multiprocess.modules.gpu_transfer)[0m
[32;20m[2026-06-03 07:28:16,241] LMCache INFO:[0m Stored 256 tokens in 0.004 seconds [3m(gpu_transfer.py:513:lmcache.v1.multiprocess.modules.gpu_transfer)[0m
[32;20m[2026-06-03 07:28:17,765] LMCache INFO:[0m Prefetch request completed (L1+L2): 747/752 retained keys (747 L1, 0 L2) in 19.2 ms (external_request_id=chatcmpl-a5ef227b-79f3-4de6-b3ff-befbddffe147-bf9d8983, prefetch_request_id=-1) [3m(storage_manager.py:575:lmcache.v1.distributed.storage_manager)[0m
[32;20m[2026-06-03 07:28:18,332] LMCache INFO:[0m Stored 1280 tokens in 0.025 seconds [3m(gpu_transfer.py:513:lmcache.v1.multiprocess.modules.gpu_transfer)[0m
[32;20m[2026-06-03 07:28:18,342] LMCache INFO:[0m Prefetch request completed (L1+L2): 342/345 retained keys (342 L1, 0 L2) in 35.9 ms (external_request_id=chatcmpl-a5558dd5-bfe4-4a81-9a98-225db377e702-91adb8b8, prefetch_request_id=-1) [3m(storage_manager.py:575:lmcache.v1.distributed.storage_manager)[0m
[32;20m[2026-06-03 07:28:18,513] LMCache INFO:[0m Prefetch request completed (L1+L2): 9/215 retained keys (9 L1, 0 L2) in 22.8 ms (external_request_id=chatcmpl-9420b234-fb1c-4f9b-b2b2-6407af1aa705-b0d78336, prefetch_request_id=-1) [3m(storage_manager.py:575:lmcache.v1.distributed.storage_manager)[0m
[32;20m[2026-06-03 07:28:19,190] LMCache INFO:[0m Stored 256 tokens in 0.004 seconds [3m(gpu_transfer.py:513:lmcache.v1.multiprocess.modules.gpu_transfer)[0m
[32;20m[2026-06-03 07:28:19,214] LMCache INFO:[0m Stored 768 tokens in 0.022 seconds [3m(gpu_transfer.py:513:lmcache.v1.multiprocess.modules.gpu_transfer)[0m
[32;20m[2026-06-03 07:28:19,905] LMCache INFO:[0m Stored 7424 tokens in 0.006 seconds [3m(gpu_transfer.py:513:lmcache.v1.multiprocess.modules.gpu_transfer)[0m
[32;20m[2026-06-03 07:28:19,944] LMCache INFO:[0m Stored 8192 tokens in 0.031 seconds [3m(gpu_transfer.py:513:lmcache.v1.multiprocess.modules.gpu_transfer)[0m
[32;20m[2026-06-03 07:28:20,478] LMCache INFO:[0m Stored 8192 tokens in 0.006 seconds [3m(gpu_transfer.py:513:lmcache.v1.multiprocess.modules.gpu_transfer)[0m
[32;20m[2026-06-03 07:28:21,039] LMCache INFO:[0m Stored 8192 tokens in 0.006 seconds [3m(gpu_transfer.py:513:lmcache.v1.multiprocess.modules.gpu_transfer)[0m
[32;20m[2026-06-03 07:28:21,763] LMCache INFO:[0m Stored 7936 tokens in 0.006 seconds [3m(gpu_transfer.py:513:lmcache.v1.multiprocess.modules.gpu_transfer)[0m
[32;20m[2026-06-03 07:28:22,637] LMCache INFO:[0m Prefetch request completed (L1+L2): 324/328 retained keys (324 L1, 0 L2) in 21.6 ms (external_request_id=chatcmpl-a5499add-bb48-46e2-9104-d92dbafff78a-a9466033, prefetch_request_id=-1) [3m(storage_manager.py:575:lmcache.v1.distributed.storage_manager)[0m
[32;20m[2026-06-03 07:28:22,639] LMCache INFO:[0m Stored 8192 tokens in 0.006 seconds [3m(gpu_transfer.py:513:lmcache.v1.multiprocess.modules.gpu_transfer)[0m
[32;20m[2026-06-03 07:28:23,053] LMCache INFO:[0m Prefetch request completed (L1+L2): 439/439 retained keys (439 L1, 0 L2) in 17.3 ms (external_request_id=chatcmpl-705a2964-cd81-452e-8451-0c8593854cb3-b3f0a198, prefetch_request_id=-1) [3m(storage_manager.py:575:lmcache.v1.distributed.storage_manager)[0m
[32;20m[2026-06-03 07:28:23,237] LMCache INFO:[0m Prefetch request completed (L1+L2): 149/150 retained keys (149 L1, 0 L2) in 1.0 ms (external_request_id=chatcmpl-dd4bf3ad-a3c0-4217-9e3f-a172cfd7421f-98f6d52e, prefetch_request_id=-1) [3m(storage_manager.py:575:lmcache.v1.distributed.storage_manager)[0m
[32;20m[2026-06-03 07:28:23,351] LMCache INFO:[0m Prefetch request completed (L1+L2): 288/289 retained keys (288 L1, 0 L2) in 1.4 ms (external_request_id=chatcmpl-95fd2616-f989-4969-a76d-d33506def0c8-b05cc4fd, prefetch_request_id=-1) [3m(storage_manager.py:575:lmcache.v1.distributed.storage_manager)[0m
[32;20m[2026-06-03 07:28:23,478] LMCache INFO:[0m Prefetch request completed (L1+L2): 358/358 retained keys (358 L1, 0 L2) in 1.1 ms (external_request_id=chatcmpl-cec7c0bb-5637-4754-b6c3-9605f4a58575-9d1be19d, prefetch_request_id=-1) [3m(storage_manager.py:575:lmcache.v1.distributed.storage_manager)[0m
[32;20m[2026-06-03 07:28:23,535] LMCache INFO:[0m Prefetch request completed (L1+L2): 212/218 retained keys (212 L1, 0 L2) in 0.9 ms (external_request_id=chatcmpl-0380b562-c505-4cf5-8c66-73c278c73361-88f751fc, prefetch_request_id=-1) [3m(storage_manager.py:575:lmcache.v1.distributed.storage_manager)[0m
[32;20m[2026-06-03 07:28:23,733] LMCache INFO:[0m Prefetch request completed (L1+L2): 478/483 retained keys (478 L1, 0 L2) in 16.0 ms (external_request_id=chatcmpl-8107b77e-bf3c-47c8-ac2e-df91caa92752-85cdd3c4, prefetch_request_id=-1) [3m(storage_manager.py:575:lmcache.v1.distributed.storage_manager)[0m
[32;20m[2026-06-03 07:28:24,047] LMCache INFO:[0m Stored 1024 tokens in 0.131 seconds [3m(gpu_transfer.py:513:lmcache.v1.multiprocess.modules.gpu_transfer)[0m
[32;20m[2026-06-03 07:28:25,159] LMCache INFO:[0m Stored 256 tokens in 0.006 seconds [3m(gpu_transfer.py:513:lmcache.v1.multiprocess.modules.gpu_transfer)[0m
[32;20m[2026-06-03 07:28:25,170] LMCache INFO:[0m Stored 256 tokens in 0.009 seconds [3m(gpu_transfer.py:513:lmcache.v1.multiprocess.modules.gpu_transfer)[0m
[32;20m[2026-06-03 07:28:25,180] LMCache INFO:[0m Stored 1536 tokens in 0.007 seconds [3m(gpu_transfer.py:513:lmcache.v1.multiprocess.modules.gpu_transfer)[0m
[32;20m[2026-06-03 07:28:25,187] LMCache INFO:[0m Stored 4608 tokens in 0.004 seconds [3m(gpu_transfer.py:513:lmcache.v1.multiprocess.modules.gpu_transfer)[0m
[32;20m[2026-06-03 07:28:25,431] LMCache INFO:[0m Stored 1280 tokens in 0.014 seconds [3m(gpu_transfer.py:513:lmcache.v1.multiprocess.modules.gpu_transfer)[0m
[32;20m[2026-06-03 07:28:25,992] LMCache INFO:[0m Stored 256 tokens in 0.002 seconds [3m(gpu_transfer.py:513:lmcache.v1.multiprocess.modules.gpu_transfer)[0m
[32;20m[2026-06-03 07:28:26,288] LMCache INFO:[0m Stored 256 tokens in 0.002 seconds [3m(gpu_transfer.py:513:lmcache.v1.multiprocess.modules.gpu_transfer)[0m
[32;20m[2026-06-03 07:28:26,355] LMCache INFO:[0m Stored 256 tokens in 0.006 seconds [3m(gpu_transfer.py:513:lmcache.v1.multiprocess.modules.gpu_transfer)[0m
[32;20m[2026-06-03 07:28:26,498] LMCache INFO:[0m Stored 256 tokens in 0.003 seconds [3m(gpu_transfer.py:513:lmcache.v1.multiprocess.modules.gpu_transfer)[0m
[32;20m[2026-06-03 07:28:28,117] LMCache INFO:[0m Stored 256 tokens in 0.003 seconds [3m(gpu_transfer.py:513:lmcache.v1.multiprocess.modules.gpu_transfer)[0m
[32;20m[2026-06-03 07:28:28,427] LMCache INFO:[0m Stored 256 tokens in 0.002 seconds [3m(gpu_transfer.py:513:lmcache.v1.multiprocess.modules.gpu_transfer)[0m
[32;20m[2026-06-03 07:28:28,679] LMCache INFO:[0m Stored 256 tokens in 0.003 seconds [3m(gpu_transfer.py:513:lmcache.v1.multiprocess.modules.gpu_transfer)[0m
[32;20m[2026-06-03 07:28:29,429] LMCache INFO:[0m Stored 256 tokens in 0.003 seconds [3m(gpu_transfer.py:513:lmcache.v1.multiprocess.modules.gpu_transfer)[0m
[32;20m[2026-06-03 07:28:29,682] LMCache INFO:[0m Prefetch request completed (L1+L2): 431/435 retained keys (431 L1, 0 L2) in 1.8 ms (external_request_id=chatcmpl-0a0a01a7-b6d6-427f-b476-e44811927a0f-bacb560a, prefetch_request_id=-1) [3m(storage_manager.py:575:lmcache.v1.distributed.storage_manager)[0m
[32;20m[2026-06-03 07:28:29,797] LMCache INFO:[0m Prefetch request completed (L1+L2): 1/125 retained keys (1 L1, 0 L2) in 35.9 ms (external_request_id=chatcmpl-f14f88ad-a709-42f9-b385-a997a4ac6581-b6d55481, prefetch_request_id=-1) [3m(storage_manager.py:575:lmcache.v1.distributed.storage_manager)[0m
[32;20m[2026-06-03 07:28:29,982] LMCache INFO:[0m Stored 1024 tokens in 0.014 seconds [3m(gpu_transfer.py:513:lmcache.v1.multiprocess.modules.gpu_transfer)[0m
[32;20m[2026-06-03 07:28:30,596] LMCache INFO:[0m Stored 8192 tokens in 0.005 seconds [3m(gpu_transfer.py:513:lmcache.v1.multiprocess.modules.gpu_transfer)[0m
[32;20m[2026-06-03 07:28:30,894] LMCache INFO:[0m Stored 8192 tokens in 0.005 seconds [3m(gpu_transfer.py:513:lmcache.v1.multiprocess.modules.gpu_transfer)[0m
[32;20m[2026-06-03 07:28:31,316] LMCache INFO:[0m Stored 8192 tokens in 0.006 seconds [3m(gpu_transfer.py:513:lmcache.v1.multiprocess.modules.gpu_transfer)[0m
[32;20m[2026-06-03 07:28:31,926] LMCache INFO:[0m Stored 256 tokens in 0.007 seconds [3m(gpu_transfer.py:513:lmcache.v1.multiprocess.modules.gpu_transfer)[0m
[32;20m[2026-06-03 07:28:32,422] LMCache INFO:[0m Stored 7168 tokens in 0.006 seconds [3m(gpu_transfer.py:513:lmcache.v1.multiprocess.modules.gpu_transfer)[0m
[32;20m[2026-06-03 07:28:32,490] LMCache INFO:[0m Prefetch request completed (L1+L2): 368/371 retained keys (368 L1, 0 L2) in 1.3 ms (external_request_id=chatcmpl-b39fb708-dbdf-49ac-9d48-40954aeb96df-9180d573, prefetch_request_id=-1) [3m(storage_manager.py:575:lmcache.v1.distributed.storage_manager)[0m
[32;20m[2026-06-03 07:28:32,715] LMCache INFO:[0m Stored 768 tokens in 0.012 seconds [3m(gpu_transfer.py:513:lmcache.v1.multiprocess.modules.gpu_transfer)[0m
[32;20m[2026-06-03 07:28:33,292] LMCache INFO:[0m Stored 256 tokens in 0.003 seconds [3m(gpu_transfer.py:513:lmcache.v1.multiprocess.modules.gpu_transfer)[0m
[32;20m[2026-06-03 07:28:33,483] LMCache INFO:[0m Prefetch request completed (L1+L2): 154/154 retained keys (154 L1, 0 L2) in 1.0 ms (external_request_id=chatcmpl-a20f5012-4b3a-48ff-8f44-fdc303b8270b-8359d25d, prefetch_request_id=-1) [3m(storage_manager.py:575:lmcache.v1.distributed.storage_manager)[0m
[32;20m[2026-06-03 07:28:33,574] LMCache INFO:[0m Stored 256 tokens in 0.002 seconds [3m(gpu_transfer.py:513:lmcache.v1.multiprocess.modules.gpu_transfer)[0m
[32;20m[2026-06-03 07:28:33,839] LMCache INFO:[0m Stored 256 tokens in 0.004 seconds [3m(gpu_transfer.py:513:lmcache.v1.multiprocess.modules.gpu_transfer)[0m
[32;20m[2026-06-03 07:28:34,298] LMCache INFO:[0m Stored 256 tokens in 0.007 seconds [3m(gpu_transfer.py:513:lmcache.v1.multiprocess.modules.gpu_transfer)[0m
[32;20m[2026-06-03 07:28:34,358] LMCache INFO:[0m Stored 256 tokens in 0.012 seconds [3m(gpu_transfer.py:513:lmcache.v1.multiprocess.modules.gpu_transfer)[0m
[32;20m[2026-06-03 07:28:34,678] LMCache INFO:[0m Stored 256 tokens in 0.003 seconds [3m(gpu_transfer.py:513:lmcache.v1.multiprocess.modules.gpu_transfer)[0m
[32;20m[2026-06-03 07:28:35,013] LMCache INFO:[0m Stored 256 tokens in 0.004 seconds [3m(gpu_transfer.py:513:lmcache.v1.multiprocess.modules.gpu_transfer)[0m
[32;20m[2026-06-03 07:28:35,745] LMCache INFO:[0m Stored 256 tokens in 0.014 seconds [3m(gpu_transfer.py:513:lmcache.v1.multiprocess.modules.gpu_transfer)[0m
[32;20m[2026-06-03 07:28:35,873] LMCache INFO:[0m Prefetch request completed (L1+L2): 343/343 retained keys (343 L1, 0 L2) in 1.3 ms (external_request_id=chatcmpl-63b73e87-0d20-4900-800a-225c5676e143-994bfe7f, prefetch_request_id=-1) [3m(storage_manager.py:575:lmcache.v1.distributed.storage_manager)[0m
[32;20m[2026-06-03 07:28:36,382] LMCache INFO:[0m Stored 256 tokens in 0.005 seconds [3m(gpu_transfer.py:513:lmcache.v1.multiprocess.modules.gpu_transfer)[0m
[32;20m[2026-06-03 07:28:36,433] LMCache INFO:[0m Stored 256 tokens in 0.002 seconds [3m(gpu_transfer.py:513:lmcache.v1.multiprocess.modules.gpu_transfer)[0m
[32;20m[2026-06-03 07:28:36,685] LMCache INFO:[0m Prefetch request completed (L1+L2): 710/722 retained keys (710 L1, 0 L2) in 1.6 ms (external_request_id=chatcmpl-bcbf738d-24e2-4450-85a8-8a591ca0e1c5-8a6f0df1, prefetch_request_id=-1) [3m(storage_manager.py:575:lmcache.v1.distributed.storage_manager)[0m
[32;20m[2026-06-03 07:28:37,106] LMCache INFO:[0m Stored 3072 tokens in 0.021 seconds [3m(gpu_transfer.py:513:lmcache.v1.multiprocess.modules.gpu_transfer)[0m
[32;20m[2026-06-03 07:28:38,446] LMCache INFO:[0m Stored 256 tokens in 0.002 seconds [3m(gpu_transfer.py:513:lmcache.v1.multiprocess.modules.gpu_transfer)[0m
[32;20m[2026-06-03 07:28:38,516] LMCache INFO:[0m Prefetch request completed (L1+L2): 150/151 retained keys (150 L1, 0 L2) in 1.0 ms (external_request_id=chatcmpl-5539b70f-6732-40b9-a1af-51b9df7e60fd-b579b1c8, prefetch_request_id=-1) [3m(storage_manager.py:575:lmcache.v1.distributed.storage_manager)[0m
[32;20m[2026-06-03 07:28:38,757] LMCache INFO:[0m Prefetch request completed (L1+L2): 888/897 retained keys (888 L1, 0 L2) in 1.9 ms (external_request_id=chatcmpl-480f31a0-1591-4034-aa62-3f1d328d6989-a4db669f, prefetch_request_id=-1) [3m(storage_manager.py:575:lmcache.v1.distributed.storage_manager)[0m
[32;20m[2026-06-03 07:28:39,170] LMCache INFO:[0m Stored 256 tokens in 0.017 seconds [3m(gpu_transfer.py:513:lmcache.v1.multiprocess.modules.gpu_transfer)[0m
[32;20m[2026-06-03 07:28:40,920] LMCache INFO:[0m Stored 2304 tokens in 0.031 seconds [3m(gpu_transfer.py:513:lmcache.v1.multiprocess.modules.gpu_transfer)[0m
[32;20m[2026-06-03 07:28:40,936] LMCache INFO:[0m Prefetch request completed (L1+L2): 85/271 retained keys (85 L1, 0 L2) in 1.1 ms (external_request_id=chatcmpl-0843b8c6-51ff-46e9-8e21-8d2e0b8a6e29-80370903, prefetch_request_id=-1) [3m(storage_manager.py:575:lmcache.v1.distributed.storage_manager)[0m
[32;20m[2026-06-03 07:28:41,100] LMCache INFO:[0m Stored 8192 tokens in 0.007 seconds [3m(gpu_transfer.py:513:lmcache.v1.multiprocess.modules.gpu_transfer)[0m
[32;20m[2026-06-03 07:28:41,746] LMCache INFO:[0m Stored 8192 tokens in 0.006 seconds [3m(gpu_transfer.py:513:lmcache.v1.multiprocess.modules.gpu_transfer)[0m
[32;20m[2026-06-03 07:28:42,543] LMCache INFO:[0m Stored 8192 tokens in 0.006 seconds [3m(gpu_transfer.py:513:lmcache.v1.multiprocess.modules.gpu_transfer)[0m
[32;20m[2026-06-03 07:28:43,489] LMCache INFO:[0m Stored 8192 tokens in 0.005 seconds [3m(gpu_transfer.py:513:lmcache.v1.multiprocess.modules.gpu_transfer)[0m
[32;20m[2026-06-03 07:28:44,594] LMCache INFO:[0m Stored 8192 tokens in 0.006 seconds [3m(gpu_transfer.py:513:lmcache.v1.multiprocess.modules.gpu_transfer)[0m
[32;20m[2026-06-03 07:28:45,868] LMCache INFO:[0m Stored 1280 tokens in 0.004 seconds [3m(gpu_transfer.py:513:lmcache.v1.multiprocess.modules.gpu_transfer)[0m
[32;20m[2026-06-03 07:28:46,921] LMCache INFO:[0m Stored 6656 tokens in 0.005 seconds [3m(gpu_transfer.py:513:lmcache.v1.multiprocess.modules.gpu_transfer)[0m
[32;20m[2026-06-03 07:28:47,055] LMCache INFO:[0m Stored 8192 tokens in 0.008 seconds [3m(gpu_transfer.py:513:lmcache.v1.multiprocess.modules.gpu_transfer)[0m
[32;20m[2026-06-03 07:28:47,373] LMCache INFO:[0m Stored 8192 tokens in 0.006 seconds [3m(gpu_transfer.py:513:lmcache.v1.multiprocess.modules.gpu_transfer)[0m
[32;20m[2026-06-03 07:28:47,813] LMCache INFO:[0m Stored 8192 tokens in 0.006 seconds [3m(gpu_transfer.py:513:lmcache.v1.multiprocess.modules.gpu_transfer)[0m
[32;20m[2026-06-03 07:28:48,383] LMCache INFO:[0m Stored 8192 tokens in 0.006 seconds [3m(gpu_transfer.py:513:lmcache.v1.multiprocess.modules.gpu_transfer)[0m
[32;20m[2026-06-03 07:28:49,107] LMCache INFO:[0m Stored 8192 tokens in 0.006 seconds [3m(gpu_transfer.py:513:lmcache.v1.multiprocess.modules.gpu_transfer)[0m
[32;20m[2026-06-03 07:28:49,985] LMCache INFO:[0m Stored 7936 tokens in 0.006 seconds [3m(gpu_transfer.py:513:lmcache.v1.multiprocess.modules.gpu_transfer)[0m
[32;20m[2026-06-03 07:28:51,019] LMCache INFO:[0m Stored 8192 tokens in 0.007 seconds [3m(gpu_transfer.py:513:lmcache.v1.multiprocess.modules.gpu_transfer)[0m
[32;20m[2026-06-03 07:28:52,196] LMCache INFO:[0m Stored 8192 tokens in 0.007 seconds [3m(gpu_transfer.py:513:lmcache.v1.multiprocess.modules.gpu_transfer)[0m
[32;20m[2026-06-03 07:28:53,532] LMCache INFO:[0m Stored 8192 tokens in 0.006 seconds [3m(gpu_transfer.py:513:lmcache.v1.multiprocess.modules.gpu_transfer)[0m
[32;20m[2026-06-03 07:28:55,004] LMCache INFO:[0m Stored 8192 tokens in 0.006 seconds [3m(gpu_transfer.py:513:lmcache.v1.multiprocess.modules.gpu_transfer)[0m
[32;20m[2026-06-03 07:28:56,604] LMCache INFO:[0m Stored 8192 tokens in 0.009 seconds [3m(gpu_transfer.py:513:lmcache.v1.multiprocess.modules.gpu_transfer)[0m
[32;20m[2026-06-03 07:28:58,327] LMCache INFO:[0m Stored 8192 tokens in 0.007 seconds [3m(gpu_transfer.py:513:lmcache.v1.multiprocess.modules.gpu_transfer)[0m
[32;20m[2026-06-03 07:29:00,202] LMCache INFO:[0m Stored 8192 tokens in 0.008 seconds [3m(gpu_transfer.py:513:lmcache.v1.multiprocess.modules.gpu_transfer)[0m
[32;20m[2026-06-03 07:29:02,209] LMCache INFO:[0m Prefetch request completed (L1+L2): 490/494 retained keys (490 L1, 0 L2) in 1.3 ms (external_request_id=chatcmpl-677ca89b-d07d-49f2-b8be-a6c128fb46fe-be19f3fd, prefetch_request_id=-1) [3m(storage_manager.py:575:lmcache.v1.distributed.storage_manager)[0m
[32;20m[2026-06-03 07:29:02,239] LMCache INFO:[0m Stored 8192 tokens in 0.007 seconds [3m(gpu_transfer.py:513:lmcache.v1.multiprocess.modules.gpu_transfer)[0m
[32;20m[2026-06-03 07:29:02,319] LMCache INFO:[0m Prefetch request completed (L1+L2): 358/361 retained keys (358 L1, 0 L2) in 1.3 ms (external_request_id=chatcmpl-50fb9539-551d-42c7-9388-a67e0a735e64-af573c55, prefetch_request_id=-1) [3m(storage_manager.py:575:lmcache.v1.distributed.storage_manager)[0m
[32;20m[2026-06-03 07:29:02,393] LMCache INFO:[0m Prefetch request completed (L1+L2): 289/290 retained keys (289 L1, 0 L2) in 1.4 ms (external_request_id=chatcmpl-6e481ea6-283d-4d6e-ad8f-b111bfaa2a32-bce8a8e3, prefetch_request_id=-1) [3m(storage_manager.py:575:lmcache.v1.distributed.storage_manager)[0m
[32;20m[2026-06-03 07:29:02,502] LMCache INFO:[0m Prefetch request completed (L1+L2): 415/421 retained keys (415 L1, 0 L2) in 1.7 ms (external_request_id=chatcmpl-8a62b6b2-4336-4153-8daf-8f5ec232f13a-9701e755, prefetch_request_id=-1) [3m(storage_manager.py:575:lmcache.v1.distributed.storage_manager)[0m
[32;20m[2026-06-03 07:29:02,550] LMCache INFO:[0m Prefetch request completed (L1+L2): 164/164 retained keys (164 L1, 0 L2) in 11.2 ms (external_request_id=chatcmpl-136c92e4-0981-4977-b987-3713425b5156-8dfc1c51, prefetch_request_id=-1) [3m(storage_manager.py:575:lmcache.v1.distributed.storage_manager)[0m
[32;20m[2026-06-03 07:29:04,340] LMCache INFO:[0m Prefetch request completed (L1+L2): 1/204 retained keys (1 L1, 0 L2) in 21.7 ms (external_request_id=chatcmpl-a840f8c1-a9d7-4e27-afdf-afa7803dc5ba-8c522598, prefetch_request_id=-1) [3m(storage_manager.py:575:lmcache.v1.distributed.storage_manager)[0m
[32;20m[2026-06-03 07:29:04,392] LMCache INFO:[0m Retrieved 41984 tokens in 0.085 seconds [3m(gpu_transfer.py:728:lmcache.v1.multiprocess.modules.gpu_transfer)[0m
[32;20m[2026-06-03 07:29:04,394] LMCache INFO:[0m Retrieved 41984 tokens in 0.068 seconds [3m(gpu_transfer.py:728:lmcache.v1.multiprocess.modules.gpu_transfer)[0m
[32;20m[2026-06-03 07:29:04,395] LMCache INFO:[0m Retrieved 41984 tokens in 0.106 seconds [3m(gpu_transfer.py:728:lmcache.v1.multiprocess.modules.gpu_transfer)[0m
[32;20m[2026-06-03 07:29:04,410] LMCache INFO:[0m Retrieved 41984 tokens in 0.009 seconds [3m(gpu_transfer.py:728:lmcache.v1.multiprocess.modules.gpu_transfer)[0m
[32;20m[2026-06-03 07:29:04,675] LMCache INFO:[0m Stored 1024 tokens in 0.019 seconds [3m(gpu_transfer.py:513:lmcache.v1.multiprocess.modules.gpu_transfer)[0m
[32;20m[2026-06-03 07:29:06,737] LMCache INFO:[0m Stored 768 tokens in 0.012 seconds [3m(gpu_transfer.py:513:lmcache.v1.multiprocess.modules.gpu_transfer)[0m
[32;20m[2026-06-03 07:29:06,749] LMCache INFO:[0m Stored 256 tokens in 0.009 seconds [3m(gpu_transfer.py:513:lmcache.v1.multiprocess.modules.gpu_transfer)[0m
[32;20m[2026-06-03 07:29:06,784] LMCache INFO:[0m Stored 1536 tokens in 0.032 seconds [3m(gpu_transfer.py:513:lmcache.v1.multiprocess.modules.gpu_transfer)[0m
[32;20m[2026-06-03 07:29:06,794] LMCache INFO:[0m Stored 3584 tokens in 0.006 seconds [3m(gpu_transfer.py:513:lmcache.v1.multiprocess.modules.gpu_transfer)[0m
[32;20m[2026-06-03 07:29:06,864] LMCache INFO:[0m Stored 8192 tokens in 0.006 seconds [3m(gpu_transfer.py:513:lmcache.v1.multiprocess.modules.gpu_transfer)[0m
[32;20m[2026-06-03 07:29:07,168] LMCache INFO:[0m Stored 8192 tokens in 0.006 seconds [3m(gpu_transfer.py:513:lmcache.v1.multiprocess.modules.gpu_transfer)[0m
[32;20m[2026-06-03 07:29:07,598] LMCache INFO:[0m Stored 8192 tokens in 0.005 seconds [3m(gpu_transfer.py:513:lmcache.v1.multiprocess.modules.gpu_transfer)[0m
[32;20m[2026-06-03 07:29:08,169] LMCache INFO:[0m Stored 256 tokens in 0.013 seconds [3m(gpu_transfer.py:513:lmcache.v1.multiprocess.modules.gpu_transfer)[0m
[32;20m[2026-06-03 07:29:08,747] LMCache INFO:[0m Stored 8192 tokens in 0.006 seconds [3m(gpu_transfer.py:513:lmcache.v1.multiprocess.modules.gpu_transfer)[0m
[32;20m[2026-06-03 07:29:08,873] LMCache INFO:[0m Stored 8192 tokens in 0.005 seconds [3m(gpu_transfer.py:513:lmcache.v1.multiprocess.modules.gpu_transfer)[0m
[32;20m[2026-06-03 07:29:09,710] LMCache INFO:[0m Prefetch request completed (L1+L2): 328/329 retained keys (328 L1, 0 L2) in 1.5 ms (external_request_id=chatcmpl-9697d25b-6b39-4c73-b4a1-6574369241f0-8827ac70, prefetch_request_id=-1) [3m(storage_manager.py:575:lmcache.v1.distributed.storage_manager)[0m
[32;20m[2026-06-03 07:29:09,920] LMCache INFO:[0m Stored 8192 tokens in 0.186 seconds [3m(gpu_transfer.py:513:lmcache.v1.multiprocess.modules.gpu_transfer)[0m
[32;20m[2026-06-03 07:29:10,625] LMCache INFO:[0m Prefetch request completed (L1+L2): 15/15 retained keys (15 L1, 0 L2) in 0.5 ms (external_request_id=chatcmpl-c0c069db-3116-4113-b947-43a49ebd3403-892b3be7, prefetch_request_id=-1) [3m(storage_manager.py:575:lmcache.v1.distributed.storage_manager)[0m
[32;20m[2026-06-03 07:29:10,914] LMCache INFO:[0m Stored 256 tokens in 0.010 seconds [3m(gpu_transfer.py:513:lmcache.v1.multiprocess.modules.gpu_transfer)[0m
[32;20m[2026-06-03 07:29:11,505] LMCache INFO:[0m Stored 2816 tokens in 0.004 seconds [3m(gpu_transfer.py:513:lmcache.v1.multiprocess.modules.gpu_transfer)[0m
[32;20m[2026-06-03 07:29:11,657] LMCache INFO:[0m Stored 256 tokens in 0.011 seconds [3m(gpu_transfer.py:513:lmcache.v1.multiprocess.modules.gpu_transfer)[0m
[32;20m[2026-06-03 07:29:11,704] LMCache INFO:[0m Stored 256 tokens in 0.005 seconds [3m(gpu_transfer.py:513:lmcache.v1.multiprocess.modules.gpu_transfer)[0m
[32;20m[2026-06-03 07:29:11,884] LMCache INFO:[0m Prefetch request completed (L1+L2): 371/372 retained keys (371 L1, 0 L2) in 2.0 ms (external_request_id=chatcmpl-c80430f6-e7ef-495a-851f-c7cfaa6e0984-96c1c6fe, prefetch_request_id=-1) [3m(storage_manager.py:575:lmcache.v1.distributed.storage_manager)[0m
[32;20m[2026-06-03 07:29:12,095] LMCache INFO:[0m Stored 256 tokens in 0.012 seconds [3m(gpu_transfer.py:513:lmcache.v1.multiprocess.modules.gpu_transfer)[0m
[32;20m[2026-06-03 07:29:12,492] LMCache INFO:[0m Stored 256 tokens in 0.003 seconds [3m(gpu_transfer.py:513:lmcache.v1.multiprocess.modules.gpu_transfer)[0m
[32;20m[2026-06-03 07:29:12,539] LMCache INFO:[0m Stored 256 tokens in 0.002 seconds [3m(gpu_transfer.py:513:lmcache.v1.multiprocess.modules.gpu_transfer)[0m
[32;20m[2026-06-03 07:29:12,816] LMCache INFO:[0m Stored 256 tokens in 0.006 seconds [3m(gpu_transfer.py:513:lmcache.v1.multiprocess.modules.gpu_transfer)[0m
[32;20m[2026-06-03 07:29:12,996] LMCache INFO:[0m Stored 256 tokens in 0.003 seconds [3m(gpu_transfer.py:513:lmcache.v1.multiprocess.modules.gpu_transfer)[0m
[32;20m[2026-06-03 07:29:13,282] LMCache INFO:[0m Stored 256 tokens in 0.002 seconds [3m(gpu_transfer.py:513:lmcache.v1.multiprocess.modules.gpu_transfer)[0m
[32;20m[2026-06-03 07:29:13,960] LMCache INFO:[0m Stored 256 tokens in 0.003 seconds [3m(gpu_transfer.py:513:lmcache.v1.multiprocess.modules.gpu_transfer)[0m
[32;20m[2026-06-03 07:29:14,955] LMCache INFO:[0m Stored 256 tokens in 0.003 seconds [3m(gpu_transfer.py:513:lmcache.v1.multiprocess.modules.gpu_transfer)[0m
[32;20m[2026-06-03 07:29:15,202] LMCache INFO:[0m Stored 256 tokens in 0.006 seconds [3m(gpu_transfer.py:513:lmcache.v1.multiprocess.modules.gpu_transfer)[0m
[32;20m[2026-06-03 07:29:15,256] LMCache INFO:[0m Stored 256 tokens in 0.004 seconds [3m(gpu_transfer.py:513:lmcache.v1.multiprocess.modules.gpu_transfer)[0m
[32;20m[2026-06-03 07:29:15,375] LMCache INFO:[0m Stored 256 tokens in 0.004 seconds [3m(gpu_transfer.py:513:lmcache.v1.multiprocess.modules.gpu_transfer)[0m
[32;20m[2026-06-03 07:29:15,635] LMCache INFO:[0m Stored 256 tokens in 0.003 seconds [3m(gpu_transfer.py:513:lmcache.v1.multiprocess.modules.gpu_transfer)[0m
[32;20m[2026-06-03 07:29:15,834] LMCache INFO:[0m Stored 256 tokens in 0.005 seconds [3m(gpu_transfer.py:513:lmcache.v1.multiprocess.modules.gpu_transfer)[0m
[32;20m[2026-06-03 07:29:15,977] LMCache INFO:[0m Stored 256 tokens in 0.003 seconds [3m(gpu_transfer.py:513:lmcache.v1.multiprocess.modules.gpu_transfer)[0m
[32;20m[2026-06-03 07:29:16,365] LMCache INFO:[0m Stored 256 tokens in 0.003 seconds [3m(gpu_transfer.py:513:lmcache.v1.multiprocess.modules.gpu_transfer)[0m
[32;20m[2026-06-03 07:29:16,549] LMCache INFO:[0m Stored 256 tokens in 0.002 seconds [3m(gpu_transfer.py:513:lmcache.v1.multiprocess.modules.gpu_transfer)[0m
[32;20m[2026-06-03 07:29:16,906] LMCache INFO:[0m Stored 256 tokens in 0.006 seconds [3m(gpu_transfer.py:513:lmcache.v1.multiprocess.modules.gpu_transfer)[0m
[32;20m[2026-06-03 07:29:17,319] LMCache INFO:[0m Stored 256 tokens in 0.002 seconds [3m(gpu_transfer.py:513:lmcache.v1.multiprocess.modules.gpu_transfer)[0m
[32;20m[2026-06-03 07:29:17,471] LMCache INFO:[0m Stored 256 tokens in 0.002 seconds [3m(gpu_transfer.py:513:lmcache.v1.multiprocess.modules.gpu_transfer)[0m
[32;20m[2026-06-03 07:29:17,558] LMCache INFO:[0m Stored 256 tokens in 0.003 seconds [3m(gpu_transfer.py:513:lmcache.v1.multiprocess.modules.gpu_transfer)[0m
[32;20m[2026-06-03 07:29:18,238] LMCache INFO:[0m Stored 256 tokens in 0.002 seconds [3m(gpu_transfer.py:513:lmcache.v1.multiprocess.modules.gpu_transfer)[0m
[32;20m[2026-06-03 07:29:18,591] LMCache INFO:[0m Stored 256 tokens in 0.003 seconds [3m(gpu_transfer.py:513:lmcache.v1.multiprocess.modules.gpu_transfer)[0m
[32;20m[2026-06-03 07:29:18,983] LMCache INFO:[0m Stored 256 tokens in 0.004 seconds [3m(gpu_transfer.py:513:lmcache.v1.multiprocess.modules.gpu_transfer)[0m
[32;20m[2026-06-03 07:29:19,147] LMCache INFO:[0m Stored 256 tokens in 0.003 seconds [3m(gpu_transfer.py:513:lmcache.v1.multiprocess.modules.gpu_transfer)[0m
[32;20m[2026-06-03 07:29:19,306] LMCache INFO:[0m Prefetch request completed (L1+L2): 151/154 retained keys (151 L1, 0 L2) in 1.2 ms (external_request_id=chatcmpl-62c17bb3-5a14-4bb6-85e5-0dbc5750b02e-9616d912, prefetch_request_id=-1) [3m(storage_manager.py:575:lmcache.v1.distributed.storage_manager)[0m
[32;20m[2026-06-03 07:29:19,458] LMCache INFO:[0m Stored 768 tokens in 0.006 seconds [3m(gpu_transfer.py:513:lmcache.v1.multiprocess.modules.gpu_transfer)[0m
[32;20m[2026-06-03 07:29:20,055] LMCache INFO:[0m Stored 256 tokens in 0.004 seconds [3m(gpu_transfer.py:513:lmcache.v1.multiprocess.modules.gpu_transfer)[0m
[32;20m[2026-06-03 07:29:20,184] LMCache INFO:[0m Stored 256 tokens in 0.004 seconds [3m(gpu_transfer.py:513:lmcache.v1.multiprocess.modules.gpu_transfer)[0m
[32;20m[2026-06-03 07:29:21,374] LMCache INFO:[0m Stored 256 tokens in 0.006 seconds [3m(gpu_transfer.py:513:lmcache.v1.multiprocess.modules.gpu_transfer)[0m
[32;20m[2026-06-03 07:29:21,618] LMCache INFO:[0m Stored 256 tokens in 0.003 seconds [3m(gpu_transfer.py:513:lmcache.v1.multiprocess.modules.gpu_transfer)[0m
[32;20m[2026-06-03 07:29:21,843] LMCache INFO:[0m Stored 256 tokens in 0.005 seconds [3m(gpu_transfer.py:513:lmcache.v1.multiprocess.modules.gpu_transfer)[0m
[32;20m[2026-06-03 07:29:21,973] LMCache INFO:[0m Stored 256 tokens in 0.004 seconds [3m(gpu_transfer.py:513:lmcache.v1.multiprocess.modules.gpu_transfer)[0m
[32;20m[2026-06-03 07:29:22,604] LMCache INFO:[0m Prefetch request completed (L1+L2): 372/387 retained keys (372 L1, 0 L2) in 1.8 ms (external_request_id=chatcmpl-36bdfb79-c79d-4f3b-9f0e-90499ea069e8-bfab7c35, prefetch_request_id=-1) [3m(storage_manager.py:575:lmcache.v1.distributed.storage_manager)[0m
[32;20m[2026-06-03 07:29:22,920] LMCache INFO:[0m Stored 3840 tokens in 0.013 seconds [3m(gpu_transfer.py:513:lmcache.v1.multiprocess.modules.gpu_transfer)[0m
[32;20m[2026-06-03 07:29:24,238] LMCache INFO:[0m Stored 256 tokens in 0.003 seconds [3m(gpu_transfer.py:513:lmcache.v1.multiprocess.modules.gpu_transfer)[0m
[32;20m[2026-06-03 07:29:24,650] LMCache INFO:[0m Prefetch request completed (L1+L2): 290/291 retained keys (290 L1, 0 L2) in 1.4 ms (external_request_id=chatcmpl-9e571bcd-4ad6-47cb-9f55-9e802bd13f50-9869c794, prefetch_request_id=-1) [3m(storage_manager.py:575:lmcache.v1.distributed.storage_manager)[0m
[32;20m[2026-06-03 07:29:24,851] LMCache INFO:[0m Stored 256 tokens in 0.010 seconds [3m(gpu_transfer.py:513:lmcache.v1.multiprocess.modules.gpu_transfer)[0m
[32;20m[2026-06-03 07:29:25,259] LMCache INFO:[0m Stored 256 tokens in 0.003 seconds [3m(gpu_transfer.py:513:lmcache.v1.multiprocess.modules.gpu_transfer)[0m
[32;20m[2026-06-03 07:29:25,399] LMCache INFO:[0m Prefetch request completed (L1+L2): 329/434 retained keys (329 L1, 0 L2) in 2.0 ms (external_request_id=chatcmpl-4c8338ed-7b37-4abc-94af-5bfe2778b6eb-b5d51486, prefetch_request_id=-1) [3m(storage_manager.py:575:lmcache.v1.distributed.storage_manager)[0m
[32;20m[2026-06-03 07:29:25,619] LMCache INFO:[0m Stored 8192 tokens in 0.017 seconds [3m(gpu_transfer.py:513:lmcache.v1.multiprocess.modules.gpu_transfer)[0m
[32;20m[2026-06-03 07:29:27,204] LMCache INFO:[0m Stored 256 tokens in 0.004 seconds [3m(gpu_transfer.py:513:lmcache.v1.multiprocess.modules.gpu_transfer)[0m
[32;20m[2026-06-03 07:29:27,345] LMCache INFO:[0m Stored 8192 tokens in 0.009 seconds [3m(gpu_transfer.py:513:lmcache.v1.multiprocess.modules.gpu_transfer)[0m
[32;20m[2026-06-03 07:29:29,148] LMCache INFO:[0m Prefetch request completed (L1+L2): 125/134 retained keys (125 L1, 0 L2) in 0.9 ms (external_request_id=chatcmpl-1acd93dc-0894-4efa-b296-a9a065b903b7-814f6b23, prefetch_request_id=-1) [3m(storage_manager.py:575:lmcache.v1.distributed.storage_manager)[0m
[32;20m[2026-06-03 07:29:29,247] LMCache INFO:[0m Stored 8192 tokens in 0.009 seconds [3m(gpu_transfer.py:513:lmcache.v1.multiprocess.modules.gpu_transfer)[0m
[32;20m[2026-06-03 07:29:31,283] LMCache INFO:[0m Prefetch request completed (L1+L2): 439/444 retained keys (439 L1, 0 L2) in 1.4 ms (external_request_id=chatcmpl-cb9d9a96-07be-49ed-b521-756a1d0c3c33-a29d5ed8, prefetch_request_id=-1) [3m(storage_manager.py:575:lmcache.v1.distributed.storage_manager)[0m
[32;20m[2026-06-03 07:29:31,473] LMCache INFO:[0m Stored 2304 tokens in 0.043 seconds [3m(gpu_transfer.py:513:lmcache.v1.multiprocess.modules.gpu_transfer)[0m
[32;20m[2026-06-03 07:29:32,383] LMCache INFO:[0m Stored 2304 tokens in 0.005 seconds [3m(gpu_transfer.py:513:lmcache.v1.multiprocess.modules.gpu_transfer)[0m
[32;20m[2026-06-03 07:29:32,540] LMCache INFO:[0m Stored 1280 tokens in 0.013 seconds [3m(gpu_transfer.py:513:lmcache.v1.multiprocess.modules.gpu_transfer)[0m
[32;20m[2026-06-03 07:29:33,065] LMCache INFO:[0m Stored 256 tokens in 0.006 seconds [3m(gpu_transfer.py:513:lmcache.v1.multiprocess.modules.gpu_transfer)[0m
[32;20m[2026-06-03 07:29:33,409] LMCache INFO:[0m Stored 256 tokens in 0.003 seconds [3m(gpu_transfer.py:513:lmcache.v1.multiprocess.modules.gpu_transfer)[0m
[32;20m[2026-06-03 07:29:33,583] LMCache INFO:[0m Stored 256 tokens in 0.004 seconds [3m(gpu_transfer.py:513:lmcache.v1.multiprocess.modules.gpu_transfer)[0m
[32;20m[2026-06-03 07:29:33,710] LMCache INFO:[0m Stored 256 tokens in 0.003 seconds [3m(gpu_transfer.py:513:lmcache.v1.multiprocess.modules.gpu_transfer)[0m
[32;20m[2026-06-03 07:29:34,340] LMCache INFO:[0m Stored 7936 tokens in 0.007 seconds [3m(gpu_transfer.py:513:lmcache.v1.multiprocess.modules.gpu_transfer)[0m
[32;20m[2026-06-03 07:29:34,497] LMCache INFO:[0m Stored 8192 tokens in 0.006 seconds [3m(gpu_transfer.py:513:lmcache.v1.multiprocess.modules.gpu_transfer)[0m
[32;20m[2026-06-03 07:29:35,044] LMCache INFO:[0m Stored 8192 tokens in 0.006 seconds [3m(gpu_transfer.py:513:lmcache.v1.multiprocess.modules.gpu_transfer)[0m
[32;20m[2026-06-03 07:29:35,582] LMCache INFO:[0m Stored 8192 tokens in 0.005 seconds [3m(gpu_transfer.py:513:lmcache.v1.multiprocess.modules.gpu_transfer)[0m
[32;20m[2026-06-03 07:29:36,289] LMCache INFO:[0m Stored 8192 tokens in 0.005 seconds [3m(gpu_transfer.py:513:lmcache.v1.multiprocess.modules.gpu_transfer)[0m
[32;20m[2026-06-03 07:29:37,142] LMCache INFO:[0m Stored 8192 tokens in 0.006 seconds [3m(gpu_transfer.py:513:lmcache.v1.multiprocess.modules.gpu_transfer)[0m
[32;20m[2026-06-03 07:29:38,177] LMCache INFO:[0m Prefetch request completed (L1+L2): 607/613 retained keys (607 L1, 0 L2) in 2.8 ms (external_request_id=chatcmpl-a827c739-402d-40b8-9056-3ce7fb236d22-8f1c8732, prefetch_request_id=-1) [3m(storage_manager.py:575:lmcache.v1.distributed.storage_manager)[0m
[32;20m[2026-06-03 07:29:38,178] LMCache INFO:[0m Stored 8192 tokens in 0.022 seconds [3m(gpu_transfer.py:513:lmcache.v1.multiprocess.modules.gpu_transfer)[0m
[32;20m[2026-06-03 07:29:39,495] LMCache INFO:[0m Stored 1536 tokens in 0.021 seconds [3m(gpu_transfer.py:513:lmcache.v1.multiprocess.modules.gpu_transfer)[0m
[32;20m[2026-06-03 07:29:41,024] LMCache INFO:[0m Stored 5632 tokens in 0.005 seconds [3m(gpu_transfer.py:513:lmcache.v1.multiprocess.modules.gpu_transfer)[0m
[32;20m[2026-06-03 07:29:41,129] LMCache INFO:[0m Stored 256 tokens in 0.002 seconds [3m(gpu_transfer.py:513:lmcache.v1.multiprocess.modules.gpu_transfer)[0m
[32;20m[2026-06-03 07:29:41,659] LMCache INFO:[0m Prefetch request completed (L1+L2): 215/216 retained keys (215 L1, 0 L2) in 1.1 ms (external_request_id=chatcmpl-bb562f75-089a-419e-9ae5-45eb3c08c3b9-9a3302d6, prefetch_request_id=-1) [3m(storage_manager.py:575:lmcache.v1.distributed.storage_manager)[0m
[32;20m[2026-06-03 07:29:41,835] LMCache INFO:[0m Stored 256 tokens in 0.007 seconds [3m(gpu_transfer.py:513:lmcache.v1.multiprocess.modules.gpu_transfer)[0m
[32;20m[2026-06-03 07:29:42,072] LMCache INFO:[0m Stored 256 tokens in 0.004 seconds [3m(gpu_transfer.py:513:lmcache.v1.multiprocess.modules.gpu_transfer)[0m
[32;20m[2026-06-03 07:29:42,271] LMCache INFO:[0m Stored 256 tokens in 0.002 seconds [3m(gpu_transfer.py:513:lmcache.v1.multiprocess.modules.gpu_transfer)[0m
[32;20m[2026-06-03 07:29:42,742] LMCache INFO:[0m Stored 256 tokens in 0.001 seconds [3m(gpu_transfer.py:513:lmcache.v1.multiprocess.modules.gpu_transfer)[0m
[32;20m[2026-06-03 07:29:43,078] LMCache INFO:[0m Stored 256 tokens in 0.003 seconds [3m(gpu_transfer.py:513:lmcache.v1.multiprocess.modules.gpu_transfer)[0m
[32;20m[2026-06-03 07:29:43,433] LMCache INFO:[0m Stored 256 tokens in 0.004 seconds [3m(gpu_transfer.py:513:lmcache.v1.multiprocess.modules.gpu_transfer)[0m
[32;20m[2026-06-03 07:29:43,592] LMCache INFO:[0m Stored 256 tokens in 0.002 seconds [3m(gpu_transfer.py:513:lmcache.v1.multiprocess.modules.gpu_transfer)[0m
[32;20m[2026-06-03 07:29:43,894] LMCache INFO:[0m Stored 256 tokens in 0.003 seconds [3m(gpu_transfer.py:513:lmcache.v1.multiprocess.modules.gpu_transfer)[0m
[32;20m[2026-06-03 07:29:44,218] LMCache INFO:[0m Stored 256 tokens in 0.004 seconds [3m(gpu_transfer.py:513:lmcache.v1.multiprocess.modules.gpu_transfer)[0m
[32;20m[2026-06-03 07:29:44,354] LMCache INFO:[0m Stored 256 tokens in 0.004 seconds [3m(gpu_transfer.py:513:lmcache.v1.multiprocess.modules.gpu_transfer)[0m
[32;20m[2026-06-03 07:29:45,480] LMCache INFO:[0m Stored 256 tokens in 0.002 seconds [3m(gpu_transfer.py:513:lmcache.v1.multiprocess.modules.gpu_transfer)[0m
[32;20m[2026-06-03 07:29:45,627] LMCache INFO:[0m Stored 256 tokens in 0.005 seconds [3m(gpu_transfer.py:513:lmcache.v1.multiprocess.modules.gpu_transfer)[0m
[32;20m[2026-06-03 07:29:45,865] LMCache INFO:[0m Stored 256 tokens in 0.002 seconds [3m(gpu_transfer.py:513:lmcache.v1.multiprocess.modules.gpu_transfer)[0m
[32;20m[2026-06-03 07:29:46,107] LMCache INFO:[0m Stored 256 tokens in 0.006 seconds [3m(gpu_transfer.py:513:lmcache.v1.multiprocess.modules.gpu_transfer)[0m
[32;20m[2026-06-03 07:29:46,255] LMCache INFO:[0m Stored 256 tokens in 0.003 seconds [3m(gpu_transfer.py:513:lmcache.v1.multiprocess.modules.gpu_transfer)[0m
[32;20m[2026-06-03 07:29:47,325] LMCache INFO:[0m Stored 256 tokens in 0.002 seconds [3m(gpu_transfer.py:513:lmcache.v1.multiprocess.modules.gpu_transfer)[0m
[32;20m[2026-06-03 07:29:47,906] LMCache INFO:[0m Stored 256 tokens in 0.003 seconds [3m(gpu_transfer.py:513:lmcache.v1.multiprocess.modules.gpu_transfer)[0m
[32;20m[2026-06-03 07:29:48,121] LMCache INFO:[0m Stored 256 tokens in 0.006 seconds [3m(gpu_transfer.py:513:lmcache.v1.multiprocess.modules.gpu_transfer)[0m
[32;20m[2026-06-03 07:29:48,477] LMCache INFO:[0m Stored 256 tokens in 0.003 seconds [3m(gpu_transfer.py:513:lmcache.v1.multiprocess.modules.gpu_transfer)[0m
[32;20m[2026-06-03 07:29:48,685] LMCache INFO:[0m Prefetch request completed (L1+L2): 243/243 retained keys (243 L1, 0 L2) in 1.1 ms (external_request_id=chatcmpl-fc983b81-0b29-4467-9989-007391aff0ab-bb80fe30, prefetch_request_id=-1) [3m(storage_manager.py:575:lmcache.v1.distributed.storage_manager)[0m
[32;20m[2026-06-03 07:29:48,916] LMCache INFO:[0m Stored 256 tokens in 0.004 seconds [3m(gpu_transfer.py:513:lmcache.v1.multiprocess.modules.gpu_transfer)[0m
[32;20m[2026-06-03 07:29:49,194] LMCache INFO:[0m Stored 256 tokens in 0.003 seconds [3m(gpu_transfer.py:513:lmcache.v1.multiprocess.modules.gpu_transfer)[0m
[32;20m[2026-06-03 07:29:49,980] LMCache INFO:[0m Stored 256 tokens in 0.002 seconds [3m(gpu_transfer.py:513:lmcache.v1.multiprocess.modules.gpu_transfer)[0m
[32;20m[2026-06-03 07:29:50,229] LMCache INFO:[0m Prefetch request completed (L1+L2): 185/185 retained keys (185 L1, 0 L2) in 1.2 ms (external_request_id=chatcmpl-e65d35b6-33bb-4303-84b8-996a68123d35-95593f12, prefetch_request_id=-1) [3m(storage_manager.py:575:lmcache.v1.distributed.storage_manager)[0m
[32;20m[2026-06-03 07:29:50,288] LMCache INFO:[0m Retrieved 5376 tokens in 0.024 seconds [3m(gpu_transfer.py:728:lmcache.v1.multiprocess.modules.gpu_transfer)[0m
[32;20m[2026-06-03 07:29:50,288] LMCache INFO:[0m Retrieved 5376 tokens in 0.009 seconds [3m(gpu_transfer.py:728:lmcache.v1.multiprocess.modules.gpu_transfer)[0m
[32;20m[2026-06-03 07:29:50,289] LMCache INFO:[0m Retrieved 5376 tokens in 0.016 seconds [3m(gpu_transfer.py:728:lmcache.v1.multiprocess.modules.gpu_transfer)[0m
[32;20m[2026-06-03 07:29:50,294] LMCache INFO:[0m Retrieved 5376 tokens in 0.004 seconds [3m(gpu_transfer.py:728:lmcache.v1.multiprocess.modules.gpu_transfer)[0m
[32;20m[2026-06-03 07:29:51,831] LMCache INFO:[0m Prefetch request completed (L1+L2): 343/344 retained keys (343 L1, 0 L2) in 1.7 ms (external_request_id=chatcmpl-81517cab-9911-4a00-b994-e9d4e0128687-976b0687, prefetch_request_id=-1) [3m(storage_manager.py:575:lmcache.v1.distributed.storage_manager)[0m
[32;20m[2026-06-03 07:29:52,020] LMCache INFO:[0m Stored 256 tokens in 0.011 seconds [3m(gpu_transfer.py:513:lmcache.v1.multiprocess.modules.gpu_transfer)[0m
[32;20m[2026-06-03 07:29:52,326] LMCache INFO:[0m Prefetch request completed (L1+L2): 205/215 retained keys (205 L1, 0 L2) in 0.9 ms (external_request_id=chatcmpl-0e5d4cd1-927a-43d3-b7c0-f296e24a57a6-85541f9c, prefetch_request_id=-1) [3m(storage_manager.py:575:lmcache.v1.distributed.storage_manager)[0m
[32;20m[2026-06-03 07:29:52,491] LMCache INFO:[0m Stored 2560 tokens in 0.008 seconds [3m(gpu_transfer.py:513:lmcache.v1.multiprocess.modules.gpu_transfer)[0m
[32;20m[2026-06-03 07:29:52,953] LMCache INFO:[0m Stored 256 tokens in 0.004 seconds [3m(gpu_transfer.py:513:lmcache.v1.multiprocess.modules.gpu_transfer)[0m
[32;20m[2026-06-03 07:29:53,115] LMCache INFO:[0m Stored 256 tokens in 0.002 seconds [3m(gpu_transfer.py:513:lmcache.v1.multiprocess.modules.gpu_transfer)[0m
[32;20m[2026-06-03 07:29:53,507] LMCache INFO:[0m Stored 256 tokens in 0.002 seconds [3m(gpu_transfer.py:513:lmcache.v1.multiprocess.modules.gpu_transfer)[0m
[32;20m[2026-06-03 07:29:53,640] LMCache INFO:[0m Stored 256 tokens in 0.001 seconds [3m(gpu_transfer.py:513:lmcache.v1.multiprocess.modules.gpu_transfer)[0m
[32;20m[2026-06-03 07:29:53,945] LMCache INFO:[0m Stored 256 tokens in 0.004 seconds [3m(gpu_transfer.py:513:lmcache.v1.multiprocess.modules.gpu_transfer)[0m
[32;20m[2026-06-03 07:29:54,314] LMCache INFO:[0m Prefetch request completed (L1+L2): 93/93 retained keys (93 L1, 0 L2) in 0.8 ms (external_request_id=chatcmpl-2a16be92-2d06-460c-a48b-cb3b747f4110-849bb38b, prefetch_request_id=-1) [3m(storage_manager.py:575:lmcache.v1.distributed.storage_manager)[0m
[32;20m[2026-06-03 07:29:54,367] LMCache INFO:[0m Stored 256 tokens in 0.005 seconds [3m(gpu_transfer.py:513:lmcache.v1.multiprocess.modules.gpu_transfer)[0m
[32;20m[2026-06-03 07:29:54,796] LMCache INFO:[0m Stored 256 tokens in 0.003 seconds [3m(gpu_transfer.py:513:lmcache.v1.multiprocess.modules.gpu_transfer)[0m
[32;20m[2026-06-03 07:29:55,146] LMCache INFO:[0m Stored 256 tokens in 0.003 seconds [3m(gpu_transfer.py:513:lmcache.v1.multiprocess.modules.gpu_transfer)[0m
[32;20m[2026-06-03 07:29:55,294] LMCache INFO:[0m Stored 256 tokens in 0.003 seconds [3m(gpu_transfer.py:513:lmcache.v1.multiprocess.modules.gpu_transfer)[0m
[32;20m[2026-06-03 07:29:55,472] LMCache INFO:[0m Stored 256 tokens in 0.002 seconds [3m(gpu_transfer.py:513:lmcache.v1.multiprocess.modules.gpu_transfer)[0m
[32;20m[2026-06-03 07:29:55,966] LMCache INFO:[0m Stored 256 tokens in 0.008 seconds [3m(gpu_transfer.py:513:lmcache.v1.multiprocess.modules.gpu_transfer)[0m
[32;20m[2026-06-03 07:29:56,578] LMCache INFO:[0m Stored 256 tokens in 0.002 seconds [3m(gpu_transfer.py:513:lmcache.v1.multiprocess.modules.gpu_transfer)[0m
[32;20m[2026-06-03 07:29:56,742] LMCache INFO:[0m Stored 256 tokens in 0.005 seconds [3m(gpu_transfer.py:513:lmcache.v1.multiprocess.modules.gpu_transfer)[0m
[32;20m[2026-06-03 07:29:57,014] LMCache INFO:[0m Stored 256 tokens in 0.002 seconds [3m(gpu_transfer.py:513:lmcache.v1.multiprocess.modules.gpu_transfer)[0m
[32;20m[2026-06-03 07:29:57,284] LMCache INFO:[0m Stored 256 tokens in 0.005 seconds [3m(gpu_transfer.py:513:lmcache.v1.multiprocess.modules.gpu_transfer)[0m
[32;20m[2026-06-03 07:29:57,454] LMCache INFO:[0m Stored 256 tokens in 0.003 seconds [3m(gpu_transfer.py:513:lmcache.v1.multiprocess.modules.gpu_transfer)[0m
[32;20m[2026-06-03 07:29:58,764] LMCache INFO:[0m Prefetch request completed (L1+L2): 354/358 retained keys (354 L1, 0 L2) in 1.7 ms (external_request_id=chatcmpl-169c08c7-97fe-4aba-a5e2-bd69c3448623-9e65f601, prefetch_request_id=-1) [3m(storage_manager.py:575:lmcache.v1.distributed.storage_manager)[0m
[32;20m[2026-06-03 07:29:59,069] LMCache INFO:[0m Stored 1024 tokens in 0.011 seconds [3m(gpu_transfer.py:513:lmcache.v1.multiprocess.modules.gpu_transfer)[0m
[32;20m[2026-06-03 07:29:59,927] LMCache INFO:[0m Stored 256 tokens in 0.003 seconds [3m(gpu_transfer.py:513:lmcache.v1.multiprocess.modules.gpu_transfer)[0m
[32;20m[2026-06-03 07:30:00,143] LMCache INFO:[0m Prefetch request completed (L1+L2): 204/209 retained keys (204 L1, 0 L2) in 1.1 ms (external_request_id=chatcmpl-34f93df7-9b1b-4fba-8fd3-8b6fd0c76d00-b9fc6a7f, prefetch_request_id=-1) [3m(storage_manager.py:575:lmcache.v1.distributed.storage_manager)[0m
[32;20m[2026-06-03 07:30:00,311] LMCache INFO:[0m Stored 1280 tokens in 0.008 seconds [3m(gpu_transfer.py:513:lmcache.v1.multiprocess.modules.gpu_transfer)[0m
[32;20m[2026-06-03 07:30:00,569] LMCache INFO:[0m Stored 256 tokens in 0.006 seconds [3m(gpu_transfer.py:513:lmcache.v1.multiprocess.modules.gpu_transfer)[0m
[32;20m[2026-06-03 07:30:00,979] LMCache INFO:[0m Stored 256 tokens in 0.003 seconds [3m(gpu_transfer.py:513:lmcache.v1.multiprocess.modules.gpu_transfer)[0m
[32;20m[2026-06-03 07:30:01,169] LMCache INFO:[0m Stored 256 tokens in 0.004 seconds [3m(gpu_transfer.py:513:lmcache.v1.multiprocess.modules.gpu_transfer)[0m
[32;20m[2026-06-03 07:30:01,310] LMCache INFO:[0m Stored 256 tokens in 0.003 seconds [3m(gpu_transfer.py:513:lmcache.v1.multiprocess.modules.gpu_transfer)[0m
[32;20m[2026-06-03 07:30:01,465] LMCache INFO:[0m Stored 256 tokens in 0.003 seconds [3m(gpu_transfer.py:513:lmcache.v1.multiprocess.modules.gpu_transfer)[0m
[32;20m[2026-06-03 07:30:02,020] LMCache INFO:[0m Stored 256 tokens in 0.004 seconds [3m(gpu_transfer.py:513:lmcache.v1.multiprocess.modules.gpu_transfer)[0m
[32;20m[2026-06-03 07:30:02,192] LMCache INFO:[0m Stored 256 tokens in 0.002 seconds [3m(gpu_transfer.py:513:lmcache.v1.multiprocess.modules.gpu_transfer)[0m
[32;20m[2026-06-03 07:30:02,746] LMCache INFO:[0m Stored 256 tokens in 0.004 seconds [3m(gpu_transfer.py:513:lmcache.v1.multiprocess.modules.gpu_transfer)[0m
[32;20m[2026-06-03 07:30:02,940] LMCache INFO:[0m Stored 256 tokens in 0.002 seconds [3m(gpu_transfer.py:513:lmcache.v1.multiprocess.modules.gpu_transfer)[0m
[32;20m[2026-06-03 07:30:03,321] LMCache INFO:[0m Stored 256 tokens in 0.003 seconds [3m(gpu_transfer.py:513:lmcache.v1.multiprocess.modules.gpu_transfer)[0m
[32;20m[2026-06-03 07:30:03,478] LMCache INFO:[0m Prefetch request completed (L1+L2): 154/158 retained keys (154 L1, 0 L2) in 0.9 ms (external_request_id=chatcmpl-ff08af1e-85d6-4d3a-9442-e96d4a9e7225-aca4f21b, prefetch_request_id=-1) [3m(storage_manager.py:575:lmcache.v1.distributed.storage_manager)[0m
[32;20m[2026-06-03 07:30:03,682] LMCache INFO:[0m Stored 1024 tokens in 0.006 seconds [3m(gpu_transfer.py:513:lmcache.v1.multiprocess.modules.gpu_transfer)[0m
[32;20m[2026-06-03 07:30:03,825] LMCache INFO:[0m Stored 256 tokens in 0.001 seconds [3m(gpu_transfer.py:513:lmcache.v1.multiprocess.modules.gpu_transfer)[0m
[32;20m[2026-06-03 07:30:04,088] LMCache INFO:[0m Stored 256 tokens in 0.004 seconds [3m(gpu_transfer.py:513:lmcache.v1.multiprocess.modules.gpu_transfer)[0m
[32;20m[2026-06-03 07:30:04,429] LMCache INFO:[0m Stored 256 tokens in 0.005 seconds [3m(gpu_transfer.py:513:lmcache.v1.multiprocess.modules.gpu_transfer)[0m
[32;20m[2026-06-03 07:30:04,853] LMCache INFO:[0m Stored 256 tokens in 0.004 seconds [3m(gpu_transfer.py:513:lmcache.v1.multiprocess.modules.gpu_transfer)[0m
[32;20m[2026-06-03 07:30:04,921] LMCache INFO:[0m Stored 256 tokens in 0.004 seconds [3m(gpu_transfer.py:513:lmcache.v1.multiprocess.modules.gpu_transfer)[0m
[32;20m[2026-06-03 07:30:04,986] LMCache INFO:[0m Stored 256 tokens in 0.002 seconds [3m(gpu_transfer.py:513:lmcache.v1.multiprocess.modules.gpu_transfer)[0m
[32;20m[2026-06-03 07:30:05,188] LMCache INFO:[0m Stored 256 tokens in 0.003 seconds [3m(gpu_transfer.py:513:lmcache.v1.multiprocess.modules.gpu_transfer)[0m
[32;20m[2026-06-03 07:30:05,318] LMCache INFO:[0m Stored 256 tokens in 0.003 seconds [3m(gpu_transfer.py:513:lmcache.v1.multiprocess.modules.gpu_transfer)[0m
[32;20m[2026-06-03 07:30:05,885] LMCache INFO:[0m Stored 256 tokens in 0.002 seconds [3m(gpu_transfer.py:513:lmcache.v1.multiprocess.modules.gpu_transfer)[0m
[32;20m[2026-06-03 07:30:06,531] LMCache INFO:[0m Stored 256 tokens in 0.005 seconds [3m(gpu_transfer.py:513:lmcache.v1.multiprocess.modules.gpu_transfer)[0m
[32;20m[2026-06-03 07:30:06,791] LMCache INFO:[0m Stored 256 tokens in 0.003 seconds [3m(gpu_transfer.py:513:lmcache.v1.multiprocess.modules.gpu_transfer)[0m
[32;20m[2026-06-03 07:30:07,030] LMCache INFO:[0m Stored 256 tokens in 0.006 seconds [3m(gpu_transfer.py:513:lmcache.v1.multiprocess.modules.gpu_transfer)[0m
[32;20m[2026-06-03 07:30:07,185] LMCache INFO:[0m Stored 256 tokens in 0.003 seconds [3m(gpu_transfer.py:513:lmcache.v1.multiprocess.modules.gpu_transfer)[0m
[32;20m[2026-06-03 07:30:08,765] LMCache INFO:[0m Prefetch request completed (L1+L2): 494/499 retained keys (494 L1, 0 L2) in 1.9 ms (external_request_id=chatcmpl-6c5399a7-eaa5-4ed7-86b6-c926c7fc062b-9f718d0b, prefetch_request_id=-1) [3m(storage_manager.py:575:lmcache.v1.distributed.storage_manager)[0m
[32;20m[2026-06-03 07:30:09,003] LMCache INFO:[0m Stored 1280 tokens in 0.016 seconds [3m(gpu_transfer.py:513:lmcache.v1.multiprocess.modules.gpu_transfer)[0m
[32;20m[2026-06-03 07:30:09,588] LMCache INFO:[0m Prefetch request completed (L1+L2): 189/189 retained keys (189 L1, 0 L2) in 1.1 ms (external_request_id=chatcmpl-f4d5895b-26df-457f-8180-84ab2ef0afae-b0034e22, prefetch_request_id=-1) [3m(storage_manager.py:575:lmcache.v1.distributed.storage_manager)[0m
[32;20m[2026-06-03 07:30:09,660] LMCache INFO:[0m Prefetch request completed (L1+L2): 158/167 retained keys (158 L1, 0 L2) in 1.0 ms (external_request_id=chatcmpl-dcfc4756-56c2-4829-8255-5b1d7617af8e-a43603b4, prefetch_request_id=-1) [3m(storage_manager.py:575:lmcache.v1.distributed.storage_manager)[0m
[32;20m[2026-06-03 07:30:09,750] LMCache INFO:[0m Retrieved 1024 tokens in 0.052 seconds [3m(gpu_transfer.py:728:lmcache.v1.multiprocess.modules.gpu_transfer)[0m
[32;20m[2026-06-03 07:30:09,751] LMCache INFO:[0m Retrieved 1024 tokens in 0.004 seconds [3m(gpu_transfer.py:728:lmcache.v1.multiprocess.modules.gpu_transfer)[0m
[32;20m[2026-06-03 07:30:09,751] LMCache INFO:[0m Retrieved 1024 tokens in 0.006 seconds [3m(gpu_transfer.py:728:lmcache.v1.multiprocess.modules.gpu_transfer)[0m
[32;20m[2026-06-03 07:30:09,755] LMCache INFO:[0m Retrieved 1024 tokens in 0.002 seconds [3m(gpu_transfer.py:728:lmcache.v1.multiprocess.modules.gpu_transfer)[0m
[32;20m[2026-06-03 07:30:09,867] LMCache INFO:[0m Stored 2304 tokens in 0.006 seconds [3m(gpu_transfer.py:513:lmcache.v1.multiprocess.modules.gpu_transfer)[0m
[32;20m[2026-06-03 07:30:10,418] LMCache INFO:[0m Stored 256 tokens in 0.003 seconds [3m(gpu_transfer.py:513:lmcache.v1.multiprocess.modules.gpu_transfer)[0m
[32;20m[2026-06-03 07:30:11,022] LMCache INFO:[0m Stored 256 tokens in 0.003 seconds [3m(gpu_transfer.py:513:lmcache.v1.multiprocess.modules.gpu_transfer)[0m
[32;20m[2026-06-03 07:30:11,276] LMCache INFO:[0m Stored 256 tokens in 0.003 seconds [3m(gpu_transfer.py:513:lmcache.v1.multiprocess.modules.gpu_transfer)[0m
[32;20m[2026-06-03 07:30:11,443] LMCache INFO:[0m Stored 256 tokens in 0.003 seconds [3m(gpu_transfer.py:513:lmcache.v1.multiprocess.modules.gpu_transfer)[0m
[32;20m[2026-06-03 07:30:11,973] LMCache INFO:[0m Stored 256 tokens in 0.002 seconds [3m(gpu_transfer.py:513:lmcache.v1.multiprocess.modules.gpu_transfer)[0m
[32;20m[2026-06-03 07:30:12,126] LMCache INFO:[0m Stored 256 tokens in 0.002 seconds [3m(gpu_transfer.py:513:lmcache.v1.multiprocess.modules.gpu_transfer)[0m
[32;20m[2026-06-03 07:30:12,439] LMCache INFO:[0m Prefetch request completed (L1+L2): 358/361 retained keys (358 L1, 0 L2) in 22.6 ms (external_request_id=chatcmpl-3134fcb3-5aaa-4ef8-aa38-b445d912d093-995e5498, prefetch_request_id=-1) [3m(storage_manager.py:575:lmcache.v1.distributed.storage_manager)[0m
[32;20m[2026-06-03 07:30:12,776] LMCache INFO:[0m Stored 768 tokens in 0.011 seconds [3m(gpu_transfer.py:513:lmcache.v1.multiprocess.modules.gpu_transfer)[0m
[32;20m[2026-06-03 07:30:13,230] LMCache INFO:[0m Prefetch request completed (L1+L2): 419/419 retained keys (419 L1, 0 L2) in 1.6 ms (external_request_id=chatcmpl-91e87322-3222-491f-b652-c31651d7d7a0-8852b005, prefetch_request_id=-1) [3m(storage_manager.py:575:lmcache.v1.distributed.storage_manager)[0m
[32;20m[2026-06-03 07:30:14,177] LMCache INFO:[0m Stored 256 tokens in 0.010 seconds [3m(gpu_transfer.py:513:lmcache.v1.multiprocess.modules.gpu_transfer)[0m
[32;20m[2026-06-03 07:30:14,237] LMCache INFO:[0m Stored 256 tokens in 0.018 seconds [3m(gpu_transfer.py:513:lmcache.v1.multiprocess.modules.gpu_transfer)[0m
[32;20m[2026-06-03 07:30:14,426] LMCache INFO:[0m Stored 256 tokens in 0.001 seconds [3m(gpu_transfer.py:513:lmcache.v1.multiprocess.modules.gpu_transfer)[0m
[32;20m[2026-06-03 07:30:14,544] LMCache INFO:[0m Stored 256 tokens in 0.003 seconds [3m(gpu_transfer.py:513:lmcache.v1.multiprocess.modules.gpu_transfer)[0m
[32;20m[2026-06-03 07:30:15,009] LMCache INFO:[0m Stored 256 tokens in 0.001 seconds [3m(gpu_transfer.py:513:lmcache.v1.multiprocess.modules.gpu_transfer)[0m
[32;20m[2026-06-03 07:30:15,222] LMCache INFO:[0m Stored 256 tokens in 0.004 seconds [3m(gpu_transfer.py:513:lmcache.v1.multiprocess.modules.gpu_transfer)[0m
[32;20m[2026-06-03 07:30:15,353] LMCache INFO:[0m Stored 256 tokens in 0.004 seconds [3m(gpu_transfer.py:513:lmcache.v1.multiprocess.modules.gpu_transfer)[0m
[32;20m[2026-06-03 07:30:15,693] LMCache INFO:[0m Stored 256 tokens in 0.004 seconds [3m(gpu_transfer.py:513:lmcache.v1.multiprocess.modules.gpu_transfer)[0m
[32;20m[2026-06-03 07:30:16,115] LMCache INFO:[0m Stored 256 tokens in 0.004 seconds [3m(gpu_transfer.py:513:lmcache.v1.multiprocess.modules.gpu_transfer)[0m
[32;20m[2026-06-03 07:30:16,387] LMCache INFO:[0m Stored 256 tokens in 0.002 seconds [3m(gpu_transfer.py:513:lmcache.v1.multiprocess.modules.gpu_transfer)[0m
[32;20m[2026-06-03 07:30:16,453] LMCache INFO:[0m Stored 256 tokens in 0.004 seconds [3m(gpu_transfer.py:513:lmcache.v1.multiprocess.modules.gpu_transfer)[0m
[32;20m[2026-06-03 07:30:16,571] LMCache INFO:[0m Stored 256 tokens in 0.003 seconds [3m(gpu_transfer.py:513:lmcache.v1.multiprocess.modules.gpu_transfer)[0m
[32;20m[2026-06-03 07:30:17,025] LMCache INFO:[0m Prefetch request completed (L1+L2): 466/466 retained keys (466 L1, 0 L2) in 1.4 ms (external_request_id=chatcmpl-f4109f2e-e6d3-4074-a80f-c9f0f636ee23-8edf23c2, prefetch_request_id=-1) [3m(storage_manager.py:575:lmcache.v1.distributed.storage_manager)[0m
[32;20m[2026-06-03 07:30:17,312] LMCache INFO:[0m Stored 256 tokens in 0.003 seconds [3m(gpu_transfer.py:513:lmcache.v1.multiprocess.modules.gpu_transfer)[0m
[32;20m[2026-06-03 07:30:17,879] LMCache INFO:[0m Stored 256 tokens in 0.013 seconds [3m(gpu_transfer.py:513:lmcache.v1.multiprocess.modules.gpu_transfer)[0m
[32;20m[2026-06-03 07:30:18,000] LMCache INFO:[0m Stored 256 tokens in 0.005 seconds [3m(gpu_transfer.py:513:lmcache.v1.multiprocess.modules.gpu_transfer)[0m
[32;20m[2026-06-03 07:30:18,236] LMCache INFO:[0m Stored 256 tokens in 0.003 seconds [3m(gpu_transfer.py:513:lmcache.v1.multiprocess.modules.gpu_transfer)[0m
[32;20m[2026-06-03 07:30:18,462] LMCache INFO:[0m Stored 256 tokens in 0.006 seconds [3m(gpu_transfer.py:513:lmcache.v1.multiprocess.modules.gpu_transfer)[0m
[32;20m[2026-06-03 07:30:18,595] LMCache INFO:[0m Stored 256 tokens in 0.003 seconds [3m(gpu_transfer.py:513:lmcache.v1.multiprocess.modules.gpu_transfer)[0m
[32;20m[2026-06-03 07:30:19,080] LMCache INFO:[0m Prefetch request completed (L1+L2): 209/219 retained keys (209 L1, 0 L2) in 1.7 ms (external_request_id=chatcmpl-2f8ac59c-217a-419d-999c-f25d562a7e99-ae14299c, prefetch_request_id=-1) [3m(storage_manager.py:575:lmcache.v1.distributed.storage_manager)[0m
[32;20m[2026-06-03 07:30:19,243] LMCache INFO:[0m Prefetch request completed (L1+L2): 1/145 retained keys (1 L1, 0 L2) in 26.8 ms (external_request_id=chatcmpl-e62f6c10-196d-49db-97cc-8c6ea22a923c-9414b134, prefetch_request_id=-1) [3m(storage_manager.py:575:lmcache.v1.distributed.storage_manager)[0m
[32;20m[2026-06-03 07:30:19,347] LMCache INFO:[0m Stored 2560 tokens in 0.008 seconds [3m(gpu_transfer.py:513:lmcache.v1.multiprocess.modules.gpu_transfer)[0m
[32;20m[2026-06-03 07:30:19,776] LMCache INFO:[0m Stored 8192 tokens in 0.005 seconds [3m(gpu_transfer.py:513:lmcache.v1.multiprocess.modules.gpu_transfer)[0m
[32;20m[2026-06-03 07:30:20,082] LMCache INFO:[0m Stored 8192 tokens in 0.005 seconds [3m(gpu_transfer.py:513:lmcache.v1.multiprocess.modules.gpu_transfer)[0m
[32;20m[2026-06-03 07:30:20,633] LMCache INFO:[0m Stored 8192 tokens in 0.005 seconds [3m(gpu_transfer.py:513:lmcache.v1.multiprocess.modules.gpu_transfer)[0m
[32;20m[2026-06-03 07:30:21,164] LMCache INFO:[0m Prefetch request completed (L1+L2): 344/347 retained keys (344 L1, 0 L2) in 1.8 ms (external_request_id=chatcmpl-8840a3ba-c8ba-4a74-ad4b-9d3f732dd0d0-b72335bb, prefetch_request_id=-1) [3m(storage_manager.py:575:lmcache.v1.distributed.storage_manager)[0m
[32;20m[2026-06-03 07:30:21,184] LMCache INFO:[0m Stored 8192 tokens in 0.005 seconds [3m(gpu_transfer.py:513:lmcache.v1.multiprocess.modules.gpu_transfer)[0m
[32;20m[2026-06-03 07:30:21,226] LMCache INFO:[0m Prefetch request completed (L1+L2): 213/215 retained keys (213 L1, 0 L2) in 1.0 ms (external_request_id=chatcmpl-01afa32d-f6f3-4bfe-9950-5469fce7da63-bde0997e, prefetch_request_id=-1) [3m(storage_manager.py:575:lmcache.v1.distributed.storage_manager)[0m
[32;20m[2026-06-03 07:30:21,346] LMCache INFO:[0m Prefetch request completed (L1+L2): 193/193 retained keys (193 L1, 0 L2) in 16.6 ms (external_request_id=chatcmpl-756f4978-c621-41ee-ac54-2f928452901c-8acefeb3, prefetch_request_id=-1) [3m(storage_manager.py:575:lmcache.v1.distributed.storage_manager)[0m
[32;20m[2026-06-03 07:30:21,676] LMCache INFO:[0m Prefetch request completed (L1+L2): 321/325 retained keys (321 L1, 0 L2) in 27.2 ms (external_request_id=chatcmpl-b8f85226-ffb7-45ea-8ce2-c3961fb50c60-9e559d58, prefetch_request_id=-1) [3m(storage_manager.py:575:lmcache.v1.distributed.storage_manager)[0m
[32;20m[2026-06-03 07:30:21,898] LMCache INFO:[0m Prefetch request completed (L1+L2): 134/154 retained keys (134 L1, 0 L2) in 1.2 ms (external_request_id=chatcmpl-74c04a38-255d-4faa-9734-0d3d801ba994-8d6dfc78, prefetch_request_id=-1) [3m(storage_manager.py:575:lmcache.v1.distributed.storage_manager)[0m
[32;20m[2026-06-03 07:30:22,150] LMCache INFO:[0m Retrieved 1024 tokens in 0.133 seconds [3m(gpu_transfer.py:728:lmcache.v1.multiprocess.modules.gpu_transfer)[0m
[32;20m[2026-06-03 07:30:22,180] LMCache INFO:[0m Retrieved 1024 tokens in 0.149 seconds [3m(gpu_transfer.py:728:lmcache.v1.multiprocess.modules.gpu_transfer)[0m
[32;20m[2026-06-03 07:30:22,206] LMCache INFO:[0m Retrieved 1024 tokens in 0.160 seconds [3m(gpu_transfer.py:728:lmcache.v1.multiprocess.modules.gpu_transfer)[0m
[32;20m[2026-06-03 07:30:22,273] LMCache INFO:[0m Prefetch request completed (L1+L2): 499/502 retained keys (499 L1, 0 L2) in 89.3 ms (external_request_id=chatcmpl-97bb6b56-845e-4276-9e40-34b12e96ada5-92930495, prefetch_request_id=-1) [3m(storage_manager.py:575:lmcache.v1.distributed.storage_manager)[0m
[32;20m[2026-06-03 07:30:22,291] LMCache INFO:[0m Retrieved 1024 tokens in 0.124 seconds [3m(gpu_transfer.py:728:lmcache.v1.multiprocess.modules.gpu_transfer)[0m
[32;20m[2026-06-03 07:30:22,412] LMCache INFO:[0m Stored 768 tokens in 0.164 seconds [3m(gpu_transfer.py:513:lmcache.v1.multiprocess.modules.gpu_transfer)[0m
[32;20m[2026-06-03 07:30:23,329] LMCache INFO:[0m Stored 512 tokens in 0.007 seconds [3m(gpu_transfer.py:513:lmcache.v1.multiprocess.modules.gpu_transfer)[0m
[32;20m[2026-06-03 07:30:23,342] LMCache INFO:[0m Stored 1024 tokens in 0.011 seconds [3m(gpu_transfer.py:513:lmcache.v1.multiprocess.modules.gpu_transfer)[0m
[32;20m[2026-06-03 07:30:23,351] LMCache INFO:[0m Stored 1536 tokens in 0.005 seconds [3m(gpu_transfer.py:513:lmcache.v1.multiprocess.modules.gpu_transfer)[0m
[32;20m[2026-06-03 07:30:23,358] LMCache INFO:[0m Stored 4096 tokens in 0.004 seconds [3m(gpu_transfer.py:513:lmcache.v1.multiprocess.modules.gpu_transfer)[0m
[32;20m[2026-06-03 07:30:23,626] LMCache INFO:[0m Stored 768 tokens in 0.016 seconds [3m(gpu_transfer.py:513:lmcache.v1.multiprocess.modules.gpu_transfer)[0m
[32;20m[2026-06-03 07:30:24,548] LMCache INFO:[0m Stored 3584 tokens in 0.004 seconds [3m(gpu_transfer.py:513:lmcache.v1.multiprocess.modules.gpu_transfer)[0m
[32;20m[2026-06-03 07:30:24,938] LMCache INFO:[0m Stored 256 tokens in 0.002 seconds [3m(gpu_transfer.py:513:lmcache.v1.multiprocess.modules.gpu_transfer)[0m
[32;20m[2026-06-03 07:30:25,664] LMCache INFO:[0m Stored 256 tokens in 0.005 seconds [3m(gpu_transfer.py:513:lmcache.v1.multiprocess.modules.gpu_transfer)[0m
[32;20m[2026-06-03 07:30:26,028] LMCache INFO:[0m Stored 256 tokens in 0.003 seconds [3m(gpu_transfer.py:513:lmcache.v1.multiprocess.modules.gpu_transfer)[0m
[32;20m[2026-06-03 07:30:26,588] LMCache INFO:[0m Stored 256 tokens in 0.004 seconds [3m(gpu_transfer.py:513:lmcache.v1.multiprocess.modules.gpu_transfer)[0m
[32;20m[2026-06-03 07:30:26,843] LMCache INFO:[0m Stored 256 tokens in 0.003 seconds [3m(gpu_transfer.py:513:lmcache.v1.multiprocess.modules.gpu_transfer)[0m
[32;20m[2026-06-03 07:30:27,413] LMCache INFO:[0m Prefetch request completed (L1+L2): 483/486 retained keys (483 L1, 0 L2) in 1.9 ms (external_request_id=chatcmpl-38499f79-c3c4-4cf5-859f-07ff2ff1f75f-950c9205, prefetch_request_id=-1) [3m(storage_manager.py:575:lmcache.v1.distributed.storage_manager)[0m
[32;20m[2026-06-03 07:30:27,683] LMCache INFO:[0m Stored 768 tokens in 0.014 seconds [3m(gpu_transfer.py:513:lmcache.v1.multiprocess.modules.gpu_transfer)[0m
[32;20m[2026-06-03 07:30:28,373] LMCache INFO:[0m Stored 256 tokens in 0.002 seconds [3m(gpu_transfer.py:513:lmcache.v1.multiprocess.modules.gpu_transfer)[0m
[32;20m[2026-06-03 07:30:28,547] LMCache INFO:[0m Stored 256 tokens in 0.002 seconds [3m(gpu_transfer.py:513:lmcache.v1.multiprocess.modules.gpu_transfer)[0m
[32;20m[2026-06-03 07:30:29,132] LMCache INFO:[0m Stored 256 tokens in 0.009 seconds [3m(gpu_transfer.py:513:lmcache.v1.multiprocess.modules.gpu_transfer)[0m
[32;20m[2026-06-03 07:30:29,169] LMCache INFO:[0m Stored 256 tokens in 0.018 seconds [3m(gpu_transfer.py:513:lmcache.v1.multiprocess.modules.gpu_transfer)[0m
[32;20m[2026-06-03 07:30:29,355] LMCache INFO:[0m Stored 7936 tokens in 0.005 seconds [3m(gpu_transfer.py:513:lmcache.v1.multiprocess.modules.gpu_transfer)[0m
[32;20m[2026-06-03 07:30:29,639] LMCache INFO:[0m Stored 8192 tokens in 0.007 seconds [3m(gpu_transfer.py:513:lmcache.v1.multiprocess.modules.gpu_transfer)[0m
[32;20m[2026-06-03 07:30:30,060] LMCache INFO:[0m Stored 8192 tokens in 0.006 seconds [3m(gpu_transfer.py:513:lmcache.v1.multiprocess.modules.gpu_transfer)[0m
[32;20m[2026-06-03 07:30:30,606] LMCache INFO:[0m Stored 8192 tokens in 0.006 seconds [3m(gpu_transfer.py:513:lmcache.v1.multiprocess.modules.gpu_transfer)[0m
[32;20m[2026-06-03 07:30:31,306] LMCache INFO:[0m Stored 256 tokens in 0.006 seconds [3m(gpu_transfer.py:513:lmcache.v1.multiprocess.modules.gpu_transfer)[0m
[32;20m[2026-06-03 07:30:32,034] LMCache INFO:[0m Stored 8192 tokens in 0.006 seconds [3m(gpu_transfer.py:513:lmcache.v1.multiprocess.modules.gpu_transfer)[0m
[32;20m[2026-06-03 07:30:32,163] LMCache INFO:[0m Stored 8192 tokens in 0.006 seconds [3m(gpu_transfer.py:513:lmcache.v1.multiprocess.modules.gpu_transfer)[0m
[32;20m[2026-06-03 07:30:33,168] LMCache INFO:[0m Stored 8192 tokens in 0.006 seconds [3m(gpu_transfer.py:513:lmcache.v1.multiprocess.modules.gpu_transfer)[0m
[32;20m[2026-06-03 07:30:34,319] LMCache INFO:[0m Stored 8192 tokens in 0.006 seconds [3m(gpu_transfer.py:513:lmcache.v1.multiprocess.modules.gpu_transfer)[0m
[32;20m[2026-06-03 07:30:35,620] LMCache INFO:[0m Stored 8192 tokens in 0.006 seconds [3m(gpu_transfer.py:513:lmcache.v1.multiprocess.modules.gpu_transfer)[0m
[32;20m[2026-06-03 07:30:37,076] LMCache INFO:[0m Stored 8192 tokens in 0.006 seconds [3m(gpu_transfer.py:513:lmcache.v1.multiprocess.modules.gpu_transfer)[0m
[32;20m[2026-06-03 07:30:37,173] LMCache INFO:[0m Prefetch request completed (L1+L2): 897/904 retained keys (897 L1, 0 L2) in 2.7 ms (external_request_id=chatcmpl-f07d45aa-93c7-4f24-89a5-b7b6d117ca23-b0b9830f, prefetch_request_id=-1) [3m(storage_manager.py:575:lmcache.v1.distributed.storage_manager)[0m
[32;20m[2026-06-03 07:30:37,286] LMCache INFO:[0m Prefetch request completed (L1+L2): 243/264 retained keys (243 L1, 0 L2) in 1.2 ms (external_request_id=chatcmpl-d643b8dd-4f0b-4607-8dd4-46f388484103-921bbbde, prefetch_request_id=-1) [3m(storage_manager.py:575:lmcache.v1.distributed.storage_manager)[0m
[32;20m[2026-06-03 07:30:38,617] LMCache INFO:[0m Prefetch request completed (L1+L2): 345/345 retained keys (345 L1, 0 L2) in 1.5 ms (external_request_id=chatcmpl-2ebb35d5-3b6d-4d09-90dc-49d9cf65780a-a2ac82d6, prefetch_request_id=-1) [3m(storage_manager.py:575:lmcache.v1.distributed.storage_manager)[0m
[32;20m[2026-06-03 07:30:38,801] LMCache INFO:[0m Stored 1792 tokens in 0.025 seconds [3m(gpu_transfer.py:513:lmcache.v1.multiprocess.modules.gpu_transfer)[0m
[32;20m[2026-06-03 07:30:41,039] LMCache INFO:[0m Stored 2304 tokens in 0.010 seconds [3m(gpu_transfer.py:513:lmcache.v1.multiprocess.modules.gpu_transfer)[0m
[32;20m[2026-06-03 07:30:41,047] LMCache INFO:[0m Stored 3840 tokens in 0.004 seconds [3m(gpu_transfer.py:513:lmcache.v1.multiprocess.modules.gpu_transfer)[0m
[32;20m[2026-06-03 07:30:41,309] LMCache INFO:[0m Stored 3072 tokens in 0.003 seconds [3m(gpu_transfer.py:513:lmcache.v1.multiprocess.modules.gpu_transfer)[0m
[32;20m[2026-06-03 07:30:42,080] LMCache INFO:[0m Prefetch request completed (L1+L2): 291/292 retained keys (291 L1, 0 L2) in 1.6 ms (external_request_id=chatcmpl-96c9a7c3-0d1a-4b9a-9399-a8ab72a64728-962fb616, prefetch_request_id=-1) [3m(storage_manager.py:575:lmcache.v1.distributed.storage_manager)[0m
[32;20m[2026-06-03 07:30:42,276] LMCache INFO:[0m Stored 256 tokens in 0.009 seconds [3m(gpu_transfer.py:513:lmcache.v1.multiprocess.modules.gpu_transfer)[0m
[32;20m[2026-06-03 07:30:43,043] LMCache INFO:[0m Stored 256 tokens in 0.004 seconds [3m(gpu_transfer.py:513:lmcache.v1.multiprocess.modules.gpu_transfer)[0m
[32;20m[2026-06-03 07:30:43,825] LMCache INFO:[0m Stored 256 tokens in 0.011 seconds [3m(gpu_transfer.py:513:lmcache.v1.multiprocess.modules.gpu_transfer)[0m
[32;20m[2026-06-03 07:30:43,885] LMCache INFO:[0m Stored 256 tokens in 0.006 seconds [3m(gpu_transfer.py:513:lmcache.v1.multiprocess.modules.gpu_transfer)[0m
[32;20m[2026-06-03 07:30:44,001] LMCache INFO:[0m Stored 256 tokens in 0.003 seconds [3m(gpu_transfer.py:513:lmcache.v1.multiprocess.modules.gpu_transfer)[0m
[32;20m[2026-06-03 07:30:44,263] LMCache INFO:[0m Stored 256 tokens in 0.003 seconds [3m(gpu_transfer.py:513:lmcache.v1.multiprocess.modules.gpu_transfer)[0m
[32;20m[2026-06-03 07:30:44,357] LMCache INFO:[0m Stored 256 tokens in 0.003 seconds [3m(gpu_transfer.py:513:lmcache.v1.multiprocess.modules.gpu_transfer)[0m
[32;20m[2026-06-03 07:30:44,474] LMCache INFO:[0m Stored 256 tokens in 0.002 seconds [3m(gpu_transfer.py:513:lmcache.v1.multiprocess.modules.gpu_transfer)[0m
[32;20m[2026-06-03 07:30:44,533] LMCache INFO:[0m Stored 256 tokens in 0.003 seconds [3m(gpu_transfer.py:513:lmcache.v1.multiprocess.modules.gpu_transfer)[0m
[32;20m[2026-06-03 07:30:44,650] LMCache INFO:[0m Stored 256 tokens in 0.003 seconds [3m(gpu_transfer.py:513:lmcache.v1.multiprocess.modules.gpu_transfer)[0m
[32;20m[2026-06-03 07:30:45,386] LMCache INFO:[0m Stored 256 tokens in 0.003 seconds [3m(gpu_transfer.py:513:lmcache.v1.multiprocess.modules.gpu_transfer)[0m
[32;20m[2026-06-03 07:30:45,909] LMCache INFO:[0m Stored 256 tokens in 0.005 seconds [3m(gpu_transfer.py:513:lmcache.v1.multiprocess.modules.gpu_transfer)[0m
[32;20m[2026-06-03 07:30:46,048] LMCache INFO:[0m Stored 256 tokens in 0.006 seconds [3m(gpu_transfer.py:513:lmcache.v1.multiprocess.modules.gpu_transfer)[0m
[32;20m[2026-06-03 07:30:46,354] LMCache INFO:[0m Prefetch request completed (L1+L2): 612/613 retained keys (612 L1, 0 L2) in 1.5 ms (external_request_id=chatcmpl-dfbf6b56-5c9b-4daa-a6ad-ed1b7a81726e-8313adad, prefetch_request_id=-1) [3m(storage_manager.py:575:lmcache.v1.distributed.storage_manager)[0m
[32;20m[2026-06-03 07:30:46,609] LMCache INFO:[0m Stored 256 tokens in 0.018 seconds [3m(gpu_transfer.py:513:lmcache.v1.multiprocess.modules.gpu_transfer)[0m
[32;20m[2026-06-03 07:30:47,190] LMCache INFO:[0m Prefetch request completed (L1+L2): 211/211 retained keys (211 L1, 0 L2) in 0.7 ms (external_request_id=chatcmpl-3e978095-1dad-46d7-87e7-3052a1c4715a-9caf2818, prefetch_request_id=-1) [3m(storage_manager.py:575:lmcache.v1.distributed.storage_manager)[0m
[32;20m[2026-06-03 07:30:47,245] LMCache INFO:[0m Retrieved 4608 tokens in 0.024 seconds [3m(gpu_transfer.py:728:lmcache.v1.multiprocess.modules.gpu_transfer)[0m
[32;20m[2026-06-03 07:30:47,246] LMCache INFO:[0m Retrieved 4608 tokens in 0.015 seconds [3m(gpu_transfer.py:728:lmcache.v1.multiprocess.modules.gpu_transfer)[0m
[32;20m[2026-06-03 07:30:47,250] LMCache INFO:[0m Retrieved 4608 tokens in 0.011 seconds [3m(gpu_transfer.py:728:lmcache.v1.multiprocess.modules.gpu_transfer)[0m
[32;20m[2026-06-03 07:30:47,252] LMCache INFO:[0m Retrieved 4608 tokens in 0.004 seconds [3m(gpu_transfer.py:728:lmcache.v1.multiprocess.modules.gpu_transfer)[0m
[32;20m[2026-06-03 07:30:47,261] LMCache INFO:[0m Stored 256 tokens in 0.003 seconds [3m(gpu_transfer.py:513:lmcache.v1.multiprocess.modules.gpu_transfer)[0m
[32;20m[2026-06-03 07:30:47,809] LMCache INFO:[0m Stored 256 tokens in 0.006 seconds [3m(gpu_transfer.py:513:lmcache.v1.multiprocess.modules.gpu_transfer)[0m
[32;20m[2026-06-03 07:30:48,748] LMCache INFO:[0m Stored 256 tokens in 0.003 seconds [3m(gpu_transfer.py:513:lmcache.v1.multiprocess.modules.gpu_transfer)[0m
[32;20m[2026-06-03 07:30:49,026] LMCache INFO:[0m Stored 256 tokens in 0.010 seconds [3m(gpu_transfer.py:513:lmcache.v1.multiprocess.modules.gpu_transfer)[0m
[32;20m[2026-06-03 07:30:49,401] LMCache INFO:[0m Prefetch request completed (L1+L2): 486/487 retained keys (486 L1, 0 L2) in 1.3 ms (external_request_id=chatcmpl-de6313b1-f342-4fa4-94de-5def8d15623b-9c070943, prefetch_request_id=-1) [3m(storage_manager.py:575:lmcache.v1.distributed.storage_manager)[0m
[32;20m[2026-06-03 07:30:49,615] LMCache INFO:[0m Stored 256 tokens in 0.014 seconds [3m(gpu_transfer.py:513:lmcache.v1.multiprocess.modules.gpu_transfer)[0m
[32;20m[2026-06-03 07:30:50,293] LMCache INFO:[0m Stored 256 tokens in 0.005 seconds [3m(gpu_transfer.py:513:lmcache.v1.multiprocess.modules.gpu_transfer)[0m
[32;20m[2026-06-03 07:30:50,734] LMCache INFO:[0m Stored 256 tokens in 0.003 seconds [3m(gpu_transfer.py:513:lmcache.v1.multiprocess.modules.gpu_transfer)[0m
[32;20m[2026-06-03 07:30:51,403] LMCache INFO:[0m Stored 256 tokens in 0.003 seconds [3m(gpu_transfer.py:513:lmcache.v1.multiprocess.modules.gpu_transfer)[0m
[32;20m[2026-06-03 07:30:51,709] LMCache INFO:[0m Stored 256 tokens in 0.003 seconds [3m(gpu_transfer.py:513:lmcache.v1.multiprocess.modules.gpu_transfer)[0m
[32;20m[2026-06-03 07:30:52,233] LMCache INFO:[0m Stored 256 tokens in 0.004 seconds [3m(gpu_transfer.py:513:lmcache.v1.multiprocess.modules.gpu_transfer)[0m
[32;20m[2026-06-03 07:30:52,655] LMCache INFO:[0m Prefetch request completed (L1+L2): 292/293 retained keys (292 L1, 0 L2) in 1.6 ms (external_request_id=chatcmpl-77fd6a92-f440-45a8-a893-cb4cd0d25842-ae0524c8, prefetch_request_id=-1) [3m(storage_manager.py:575:lmcache.v1.distributed.storage_manager)[0m
[32;20m[2026-06-03 07:30:52,958] LMCache INFO:[0m Stored 256 tokens in 0.009 seconds [3m(gpu_transfer.py:513:lmcache.v1.multiprocess.modules.gpu_transfer)[0m
[32;20m[2026-06-03 07:30:53,265] LMCache INFO:[0m Stored 256 tokens in 0.002 seconds [3m(gpu_transfer.py:513:lmcache.v1.multiprocess.modules.gpu_transfer)[0m
[32;20m[2026-06-03 07:30:53,357] LMCache INFO:[0m Stored 256 tokens in 0.002 seconds [3m(gpu_transfer.py:513:lmcache.v1.multiprocess.modules.gpu_transfer)[0m
[32;20m[2026-06-03 07:30:53,897] LMCache INFO:[0m Stored 256 tokens in 0.005 seconds [3m(gpu_transfer.py:513:lmcache.v1.multiprocess.modules.gpu_transfer)[0m
[32;20m[2026-06-03 07:30:53,965] LMCache INFO:[0m Stored 256 tokens in 0.005 seconds [3m(gpu_transfer.py:513:lmcache.v1.multiprocess.modules.gpu_transfer)[0m
[32;20m[2026-06-03 07:30:54,008] LMCache INFO:[0m Stored 256 tokens in 0.004 seconds [3m(gpu_transfer.py:513:lmcache.v1.multiprocess.modules.gpu_transfer)[0m
[32;20m[2026-06-03 07:30:54,167] LMCache INFO:[0m Stored 256 tokens in 0.002 seconds [3m(gpu_transfer.py:513:lmcache.v1.multiprocess.modules.gpu_transfer)[0m
[32;20m[2026-06-03 07:30:55,084] LMCache INFO:[0m Stored 256 tokens in 0.004 seconds [3m(gpu_transfer.py:513:lmcache.v1.multiprocess.modules.gpu_transfer)[0m
[32;20m[2026-06-03 07:30:55,378] LMCache INFO:[0m Stored 256 tokens in 0.003 seconds [3m(gpu_transfer.py:513:lmcache.v1.multiprocess.modules.gpu_transfer)[0m
[32;20m[2026-06-03 07:30:55,871] LMCache INFO:[0m Stored 256 tokens in 0.012 seconds [3m(gpu_transfer.py:513:lmcache.v1.multiprocess.modules.gpu_transfer)[0m
[32;20m[2026-06-03 07:30:55,927] LMCache INFO:[0m Stored 256 tokens in 0.006 seconds [3m(gpu_transfer.py:513:lmcache.v1.multiprocess.modules.gpu_transfer)[0m
[32;20m[2026-06-03 07:30:56,043] LMCache INFO:[0m Stored 256 tokens in 0.003 seconds [3m(gpu_transfer.py:513:lmcache.v1.multiprocess.modules.gpu_transfer)[0m
[32;20m[2026-06-03 07:30:56,299] LMCache INFO:[0m Stored 256 tokens in 0.002 seconds [3m(gpu_transfer.py:513:lmcache.v1.multiprocess.modules.gpu_transfer)[0m
[32;20m[2026-06-03 07:30:56,392] LMCache INFO:[0m Stored 256 tokens in 0.003 seconds [3m(gpu_transfer.py:513:lmcache.v1.multiprocess.modules.gpu_transfer)[0m
[32;20m[2026-06-03 07:30:56,509] LMCache INFO:[0m Stored 256 tokens in 0.002 seconds [3m(gpu_transfer.py:513:lmcache.v1.multiprocess.modules.gpu_transfer)[0m
[32;20m[2026-06-03 07:30:56,665] LMCache INFO:[0m Stored 256 tokens in 0.002 seconds [3m(gpu_transfer.py:513:lmcache.v1.multiprocess.modules.gpu_transfer)[0m
[32;20m[2026-06-03 07:30:56,747] LMCache INFO:[0m Stored 256 tokens in 0.004 seconds [3m(gpu_transfer.py:513:lmcache.v1.multiprocess.modules.gpu_transfer)[0m
[32;20m[2026-06-03 07:30:57,405] LMCache INFO:[0m Stored 256 tokens in 0.003 seconds [3m(gpu_transfer.py:513:lmcache.v1.multiprocess.modules.gpu_transfer)[0m
[32;20m[2026-06-03 07:30:57,920] LMCache INFO:[0m Stored 256 tokens in 0.004 seconds [3m(gpu_transfer.py:513:lmcache.v1.multiprocess.modules.gpu_transfer)[0m
[32;20m[2026-06-03 07:30:58,080] LMCache INFO:[0m Stored 256 tokens in 0.005 seconds [3m(gpu_transfer.py:513:lmcache.v1.multiprocess.modules.gpu_transfer)[0m
[32;20m[2026-06-03 07:30:58,364] LMCache INFO:[0m Stored 256 tokens in 0.002 seconds [3m(gpu_transfer.py:513:lmcache.v1.multiprocess.modules.gpu_transfer)[0m
[32;20m[2026-06-03 07:30:58,655] LMCache INFO:[0m Stored 256 tokens in 0.005 seconds [3m(gpu_transfer.py:513:lmcache.v1.multiprocess.modules.gpu_transfer)[0m
[32;20m[2026-06-03 07:30:58,933] LMCache INFO:[0m Prefetch request completed (L1+L2): 345/347 retained keys (345 L1, 0 L2) in 1.7 ms (external_request_id=chatcmpl-9befee23-e259-412c-b2f9-eef6cce7e652-a09b5a08, prefetch_request_id=-1) [3m(storage_manager.py:575:lmcache.v1.distributed.storage_manager)[0m
[32;20m[2026-06-03 07:30:59,177] LMCache INFO:[0m Stored 512 tokens in 0.010 seconds [3m(gpu_transfer.py:513:lmcache.v1.multiprocess.modules.gpu_transfer)[0m
[32;20m[2026-06-03 07:31:00,185] LMCache INFO:[0m Stored 256 tokens in 0.002 seconds [3m(gpu_transfer.py:513:lmcache.v1.multiprocess.modules.gpu_transfer)[0m
[32;20m[2026-06-03 07:31:00,983] LMCache INFO:[0m Stored 256 tokens in 0.004 seconds [3m(gpu_transfer.py:513:lmcache.v1.multiprocess.modules.gpu_transfer)[0m
[32;20m[2026-06-03 07:31:01,406] LMCache INFO:[0m Stored 256 tokens in 0.003 seconds [3m(gpu_transfer.py:513:lmcache.v1.multiprocess.modules.gpu_transfer)[0m
[32;20m[2026-06-03 07:31:02,006] LMCache INFO:[0m Stored 256 tokens in 0.003 seconds [3m(gpu_transfer.py:513:lmcache.v1.multiprocess.modules.gpu_transfer)[0m
[32;20m[2026-06-03 07:31:02,730] LMCache INFO:[0m Stored 256 tokens in 0.003 seconds [3m(gpu_transfer.py:513:lmcache.v1.multiprocess.modules.gpu_transfer)[0m
[32;20m[2026-06-03 07:31:03,160] LMCache INFO:[0m Stored 256 tokens in 0.002 seconds [3m(gpu_transfer.py:513:lmcache.v1.multiprocess.modules.gpu_transfer)[0m
[32;20m[2026-06-03 07:31:03,610] LMCache INFO:[0m Prefetch request completed (L1+L2): 371/390 retained keys (371 L1, 0 L2) in 1.6 ms (external_request_id=chatcmpl-ec6429ee-933a-45f5-9eb7-17c6043f8241-9f0bdbf9, prefetch_request_id=-1) [3m(storage_manager.py:575:lmcache.v1.distributed.storage_manager)[0m
[32;20m[2026-06-03 07:31:03,924] LMCache INFO:[0m Stored 4864 tokens in 0.013 seconds [3m(gpu_transfer.py:513:lmcache.v1.multiprocess.modules.gpu_transfer)[0m
[32;20m[2026-06-03 07:31:05,052] LMCache INFO:[0m Prefetch request completed (L1+L2): 215/219 retained keys (215 L1, 0 L2) in 0.9 ms (external_request_id=chatcmpl-b50846ea-76a5-4eb2-a89c-2d971430e680-b33b95e8, prefetch_request_id=-1) [3m(storage_manager.py:575:lmcache.v1.distributed.storage_manager)[0m
[32;20m[2026-06-03 07:31:05,250] LMCache INFO:[0m Stored 1024 tokens in 0.007 seconds [3m(gpu_transfer.py:513:lmcache.v1.multiprocess.modules.gpu_transfer)[0m
[32;20m[2026-06-03 07:31:05,532] LMCache INFO:[0m Stored 256 tokens in 0.004 seconds [3m(gpu_transfer.py:513:lmcache.v1.multiprocess.modules.gpu_transfer)[0m
[32;20m[2026-06-03 07:31:05,608] LMCache INFO:[0m Stored 256 tokens in 0.007 seconds [3m(gpu_transfer.py:513:lmcache.v1.multiprocess.modules.gpu_transfer)[0m
[32;20m[2026-06-03 07:31:05,645] LMCache INFO:[0m Stored 256 tokens in 0.003 seconds [3m(gpu_transfer.py:513:lmcache.v1.multiprocess.modules.gpu_transfer)[0m
[32;20m[2026-06-03 07:31:05,790] LMCache INFO:[0m Stored 256 tokens in 0.002 seconds [3m(gpu_transfer.py:513:lmcache.v1.multiprocess.modules.gpu_transfer)[0m
[32;20m[2026-06-03 07:31:06,639] LMCache INFO:[0m Stored 256 tokens in 0.003 seconds [3m(gpu_transfer.py:513:lmcache.v1.multiprocess.modules.gpu_transfer)[0m
[32;20m[2026-06-03 07:31:06,914] LMCache INFO:[0m Stored 256 tokens in 0.003 seconds [3m(gpu_transfer.py:513:lmcache.v1.multiprocess.modules.gpu_transfer)[0m
[32;20m[2026-06-03 07:31:07,378] LMCache INFO:[0m Stored 256 tokens in 0.006 seconds [3m(gpu_transfer.py:513:lmcache.v1.multiprocess.modules.gpu_transfer)[0m
[32;20m[2026-06-03 07:31:07,508] LMCache INFO:[0m Stored 256 tokens in 0.004 seconds [3m(gpu_transfer.py:513:lmcache.v1.multiprocess.modules.gpu_transfer)[0m
[32;20m[2026-06-03 07:31:07,554] LMCache INFO:[0m Prefetch request completed (L1+L2): 93/93 retained keys (93 L1, 0 L2) in 0.8 ms (external_request_id=chatcmpl-d224f4a6-230c-4ea4-add9-c92f5c1b0ba1-a9afcaf1, prefetch_request_id=-1) [3m(storage_manager.py:575:lmcache.v1.distributed.storage_manager)[0m
[32;20m[2026-06-03 07:31:07,828] LMCache INFO:[0m Stored 256 tokens in 0.010 seconds [3m(gpu_transfer.py:513:lmcache.v1.multiprocess.modules.gpu_transfer)[0m
[32;20m[2026-06-03 07:31:07,886] LMCache INFO:[0m Stored 256 tokens in 0.003 seconds [3m(gpu_transfer.py:513:lmcache.v1.multiprocess.modules.gpu_transfer)[0m
[32;20m[2026-06-03 07:31:08,049] LMCache INFO:[0m Stored 256 tokens in 0.002 seconds [3m(gpu_transfer.py:513:lmcache.v1.multiprocess.modules.gpu_transfer)[0m
[32;20m[2026-06-03 07:31:08,130] LMCache INFO:[0m Stored 256 tokens in 0.002 seconds [3m(gpu_transfer.py:513:lmcache.v1.multiprocess.modules.gpu_transfer)[0m
[32;20m[2026-06-03 07:31:08,217] LMCache INFO:[0m Stored 256 tokens in 0.003 seconds [3m(gpu_transfer.py:513:lmcache.v1.multiprocess.modules.gpu_transfer)[0m
[32;20m[2026-06-03 07:31:08,780] LMCache INFO:[0m Prefetch request completed (L1+L2): 213/213 retained keys (213 L1, 0 L2) in 1.2 ms (external_request_id=chatcmpl-9867e718-bd00-485c-947d-700d21641f79-be379f81, prefetch_request_id=-1) [3m(storage_manager.py:575:lmcache.v1.distributed.storage_manager)[0m
[32;20m[2026-06-03 07:31:08,838] LMCache INFO:[0m Retrieved 512 tokens in 0.004 seconds [3m(gpu_transfer.py:728:lmcache.v1.multiprocess.modules.gpu_transfer)[0m
[32;20m[2026-06-03 07:31:08,838] LMCache INFO:[0m Retrieved 512 tokens in 0.010 seconds [3m(gpu_transfer.py:728:lmcache.v1.multiprocess.modules.gpu_transfer)[0m
[32;20m[2026-06-03 07:31:08,839] LMCache INFO:[0m Retrieved 512 tokens in 0.022 seconds [3m(gpu_transfer.py:728:lmcache.v1.multiprocess.modules.gpu_transfer)[0m
[32;20m[2026-06-03 07:31:08,844] LMCache INFO:[0m Retrieved 512 tokens in 0.002 seconds [3m(gpu_transfer.py:728:lmcache.v1.multiprocess.modules.gpu_transfer)[0m
[32;20m[2026-06-03 07:31:08,917] LMCache INFO:[0m Stored 256 tokens in 0.003 seconds [3m(gpu_transfer.py:513:lmcache.v1.multiprocess.modules.gpu_transfer)[0m
[32;20m[2026-06-03 07:31:09,834] LMCache INFO:[0m Stored 256 tokens in 0.005 seconds [3m(gpu_transfer.py:513:lmcache.v1.multiprocess.modules.gpu_transfer)[0m
[32;20m[2026-06-03 07:31:10,150] LMCache INFO:[0m Stored 256 tokens in 0.002 seconds [3m(gpu_transfer.py:513:lmcache.v1.multiprocess.modules.gpu_transfer)[0m
[32;20m[2026-06-03 07:31:10,435] LMCache INFO:[0m Stored 256 tokens in 0.005 seconds [3m(gpu_transfer.py:513:lmcache.v1.multiprocess.modules.gpu_transfer)[0m
[32;20m[2026-06-03 07:31:11,910] LMCache INFO:[0m Stored 256 tokens in 0.004 seconds [3m(gpu_transfer.py:513:lmcache.v1.multiprocess.modules.gpu_transfer)[0m
[32;20m[2026-06-03 07:31:12,090] LMCache INFO:[0m Stored 256 tokens in 0.004 seconds [3m(gpu_transfer.py:513:lmcache.v1.multiprocess.modules.gpu_transfer)[0m
[32;20m[2026-06-03 07:31:12,481] LMCache INFO:[0m Stored 256 tokens in 0.003 seconds [3m(gpu_transfer.py:513:lmcache.v1.multiprocess.modules.gpu_transfer)[0m
[32;20m[2026-06-03 07:31:13,175] LMCache INFO:[0m Prefetch request completed (L1+L2): 347/347 retained keys (347 L1, 0 L2) in 1.7 ms (external_request_id=chatcmpl-65519822-6575-4315-a938-f29c14395507-86e17837, prefetch_request_id=-1) [3m(storage_manager.py:575:lmcache.v1.distributed.storage_manager)[0m
[32;20m[2026-06-03 07:31:13,357] LMCache INFO:[0m Prefetch request completed (L1+L2): 167/169 retained keys (167 L1, 0 L2) in 20.9 ms (external_request_id=chatcmpl-60bb2a88-33e9-4e5e-af70-4b3b40b1e178-a5ce05b0, prefetch_request_id=-1) [3m(storage_manager.py:575:lmcache.v1.distributed.storage_manager)[0m
[32;20m[2026-06-03 07:31:13,580] LMCache INFO:[0m Stored 512 tokens in 0.006 seconds [3m(gpu_transfer.py:513:lmcache.v1.multiprocess.modules.gpu_transfer)[0m
[32;20m[2026-06-03 07:31:14,509] LMCache INFO:[0m Stored 256 tokens in 0.003 seconds [3m(gpu_transfer.py:513:lmcache.v1.multiprocess.modules.gpu_transfer)[0m
[32;20m[2026-06-03 07:31:14,917] LMCache INFO:[0m Stored 256 tokens in 0.002 seconds [3m(gpu_transfer.py:513:lmcache.v1.multiprocess.modules.gpu_transfer)[0m
[32;20m[2026-06-03 07:31:15,240] LMCache INFO:[0m Stored 256 tokens in 0.004 seconds [3m(gpu_transfer.py:513:lmcache.v1.multiprocess.modules.gpu_transfer)[0m
[32;20m[2026-06-03 07:31:15,494] LMCache INFO:[0m Stored 256 tokens in 0.004 seconds [3m(gpu_transfer.py:513:lmcache.v1.multiprocess.modules.gpu_transfer)[0m
[32;20m[2026-06-03 07:31:15,527] LMCache INFO:[0m Stored 256 tokens in 0.003 seconds [3m(gpu_transfer.py:513:lmcache.v1.multiprocess.modules.gpu_transfer)[0m
[32;20m[2026-06-03 07:31:15,658] LMCache INFO:[0m Stored 256 tokens in 0.002 seconds [3m(gpu_transfer.py:513:lmcache.v1.multiprocess.modules.gpu_transfer)[0m
[32;20m[2026-06-03 07:31:15,882] LMCache INFO:[0m Stored 256 tokens in 0.002 seconds [3m(gpu_transfer.py:513:lmcache.v1.multiprocess.modules.gpu_transfer)[0m
[32;20m[2026-06-03 07:31:16,778] LMCache INFO:[0m Prefetch request completed (L1+L2): 466/481 retained keys (466 L1, 0 L2) in 2.4 ms (external_request_id=chatcmpl-66b3005f-0d40-457d-8358-50ac30386a67-b1984309, prefetch_request_id=-1) [3m(storage_manager.py:575:lmcache.v1.distributed.storage_manager)[0m
[32;20m[2026-06-03 07:31:16,980] LMCache INFO:[0m Prefetch request completed (L1+L2): 293/295 retained keys (293 L1, 0 L2) in 11.4 ms (external_request_id=chatcmpl-d28df8e5-7624-4962-9d8f-f81fc7a85da1-a5b13c42, prefetch_request_id=-1) [3m(storage_manager.py:575:lmcache.v1.distributed.storage_manager)[0m
[32;20m[2026-06-03 07:31:17,141] LMCache INFO:[0m Stored 3840 tokens in 0.015 seconds [3m(gpu_transfer.py:513:lmcache.v1.multiprocess.modules.gpu_transfer)[0m
[32;20m[2026-06-03 07:31:18,083] LMCache INFO:[0m Stored 512 tokens in 0.013 seconds [3m(gpu_transfer.py:513:lmcache.v1.multiprocess.modules.gpu_transfer)[0m
[32;20m[2026-06-03 07:31:18,505] LMCache INFO:[0m Stored 256 tokens in 0.004 seconds [3m(gpu_transfer.py:513:lmcache.v1.multiprocess.modules.gpu_transfer)[0m
[32;20m[2026-06-03 07:31:18,814] LMCache INFO:[0m Prefetch request completed (L1+L2): 219/247 retained keys (219 L1, 0 L2) in 1.9 ms (external_request_id=chatcmpl-9506d18b-b53f-4aaf-88e2-d45ccf1304e7-87e3e558, prefetch_request_id=-1) [3m(storage_manager.py:575:lmcache.v1.distributed.storage_manager)[0m
[32;20m[2026-06-03 07:31:19,050] LMCache INFO:[0m Stored 7168 tokens in 0.009 seconds [3m(gpu_transfer.py:513:lmcache.v1.multiprocess.modules.gpu_transfer)[0m
[32;20m[2026-06-03 07:31:20,281] LMCache INFO:[0m Stored 256 tokens in 0.003 seconds [3m(gpu_transfer.py:513:lmcache.v1.multiprocess.modules.gpu_transfer)[0m
[32;20m[2026-06-03 07:31:20,548] LMCache INFO:[0m Stored 256 tokens in 0.004 seconds [3m(gpu_transfer.py:513:lmcache.v1.multiprocess.modules.gpu_transfer)[0m
[32;20m[2026-06-03 07:31:20,762] LMCache INFO:[0m Prefetch request completed (L1+L2): 145/157 retained keys (145 L1, 0 L2) in 1.1 ms (external_request_id=chatcmpl-85f0698f-2b38-4a4d-a119-e474231f31a4-a7e10b81, prefetch_request_id=-1) [3m(storage_manager.py:575:lmcache.v1.distributed.storage_manager)[0m
[32;20m[2026-06-03 07:31:20,984] LMCache INFO:[0m Stored 3072 tokens in 0.006 seconds [3m(gpu_transfer.py:513:lmcache.v1.multiprocess.modules.gpu_transfer)[0m
[32;20m[2026-06-03 07:31:21,345] LMCache INFO:[0m Stored 256 tokens in 0.002 seconds [3m(gpu_transfer.py:513:lmcache.v1.multiprocess.modules.gpu_transfer)[0m
[32;20m[2026-06-03 07:31:21,645] LMCache INFO:[0m Stored 256 tokens in 0.002 seconds [3m(gpu_transfer.py:513:lmcache.v1.multiprocess.modules.gpu_transfer)[0m
[32;20m[2026-06-03 07:31:21,713] LMCache INFO:[0m Stored 256 tokens in 0.003 seconds [3m(gpu_transfer.py:513:lmcache.v1.multiprocess.modules.gpu_transfer)[0m
[32;20m[2026-06-03 07:31:21,888] LMCache INFO:[0m Stored 256 tokens in 0.002 seconds [3m(gpu_transfer.py:513:lmcache.v1.multiprocess.modules.gpu_transfer)[0m
[32;20m[2026-06-03 07:31:22,307] LMCache INFO:[0m Stored 256 tokens in 0.003 seconds [3m(gpu_transfer.py:513:lmcache.v1.multiprocess.modules.gpu_transfer)[0m
[32;20m[2026-06-03 07:31:22,855] LMCache INFO:[0m Stored 256 tokens in 0.005 seconds [3m(gpu_transfer.py:513:lmcache.v1.multiprocess.modules.gpu_transfer)[0m
[32;20m[2026-06-03 07:31:23,121] LMCache INFO:[0m Stored 256 tokens in 0.002 seconds [3m(gpu_transfer.py:513:lmcache.v1.multiprocess.modules.gpu_transfer)[0m
[32;20m[2026-06-03 07:31:23,365] LMCache INFO:[0m Stored 256 tokens in 0.005 seconds [3m(gpu_transfer.py:513:lmcache.v1.multiprocess.modules.gpu_transfer)[0m
[32;20m[2026-06-03 07:31:24,438] LMCache INFO:[0m Stored 256 tokens in 0.002 seconds [3m(gpu_transfer.py:513:lmcache.v1.multiprocess.modules.gpu_transfer)[0m
[32;20m[2026-06-03 07:31:24,670] LMCache INFO:[0m Stored 256 tokens in 0.003 seconds [3m(gpu_transfer.py:513:lmcache.v1.multiprocess.modules.gpu_transfer)[0m
[32;20m[2026-06-03 07:31:24,839] LMCache INFO:[0m Stored 256 tokens in 0.004 seconds [3m(gpu_transfer.py:513:lmcache.v1.multiprocess.modules.gpu_transfer)[0m
[32;20m[2026-06-03 07:31:24,895] LMCache INFO:[0m Stored 256 tokens in 0.004 seconds [3m(gpu_transfer.py:513:lmcache.v1.multiprocess.modules.gpu_transfer)[0m
[32;20m[2026-06-03 07:31:25,231] LMCache INFO:[0m Stored 256 tokens in 0.003 seconds [3m(gpu_transfer.py:513:lmcache.v1.multiprocess.modules.gpu_transfer)[0m
[32;20m[2026-06-03 07:31:25,686] LMCache INFO:[0m Prefetch request completed (L1+L2): 435/437 retained keys (435 L1, 0 L2) in 6.1 ms (external_request_id=chatcmpl-49da04bb-514e-4b84-91b4-3433956e4877-a405e39c, prefetch_request_id=-1) [3m(storage_manager.py:575:lmcache.v1.distributed.storage_manager)[0m
[32;20m[2026-06-03 07:31:25,853] LMCache INFO:[0m Prefetch request completed (L1+L2): 240/240 retained keys (240 L1, 0 L2) in 11.7 ms (external_request_id=chatcmpl-fdd8f3f4-dafe-4ae2-a24d-6f95a568f809-84ea47b6, prefetch_request_id=-1) [3m(storage_manager.py:575:lmcache.v1.distributed.storage_manager)[0m
[32;20m[2026-06-03 07:31:26,032] LMCache INFO:[0m Stored 512 tokens in 0.025 seconds [3m(gpu_transfer.py:513:lmcache.v1.multiprocess.modules.gpu_transfer)[0m
[32;20m[2026-06-03 07:31:26,426] LMCache INFO:[0m Retrieved 6912 tokens in 0.433 seconds [3m(gpu_transfer.py:728:lmcache.v1.multiprocess.modules.gpu_transfer)[0m
[32;20m[2026-06-03 07:31:26,427] LMCache INFO:[0m Retrieved 6912 tokens in 0.409 seconds [3m(gpu_transfer.py:728:lmcache.v1.multiprocess.modules.gpu_transfer)[0m
[32;20m[2026-06-03 07:31:26,433] LMCache INFO:[0m Retrieved 6912 tokens in 0.009 seconds [3m(gpu_transfer.py:728:lmcache.v1.multiprocess.modules.gpu_transfer)[0m
[32;20m[2026-06-03 07:31:26,436] LMCache INFO:[0m Retrieved 6912 tokens in 0.007 seconds [3m(gpu_transfer.py:728:lmcache.v1.multiprocess.modules.gpu_transfer)[0m
[32;20m[2026-06-03 07:31:27,292] LMCache INFO:[0m Prefetch request completed (L1+L2): 613/618 retained keys (613 L1, 0 L2) in 2.3 ms (external_request_id=chatcmpl-25eaf0dc-b506-4a90-aa24-3d9963cf248f-9aa01e2f, prefetch_request_id=-1) [3m(storage_manager.py:575:lmcache.v1.distributed.storage_manager)[0m
[32;20m[2026-06-03 07:31:27,475] LMCache INFO:[0m Prefetch request completed (L1+L2): 157/169 retained keys (157 L1, 0 L2) in 45.4 ms (external_request_id=chatcmpl-470322ac-c1a4-4c30-b540-96f6a3629ef4-9a70e006, prefetch_request_id=-1) [3m(storage_manager.py:575:lmcache.v1.distributed.storage_manager)[0m
[32;20m[2026-06-03 07:31:27,639] LMCache INFO:[0m Stored 1280 tokens in 0.017 seconds [3m(gpu_transfer.py:513:lmcache.v1.multiprocess.modules.gpu_transfer)[0m
[32;20m[2026-06-03 07:31:28,341] LMCache INFO:[0m Stored 3072 tokens in 0.007 seconds [3m(gpu_transfer.py:513:lmcache.v1.multiprocess.modules.gpu_transfer)[0m
[32;20m[2026-06-03 07:31:29,591] LMCache INFO:[0m Stored 256 tokens in 0.003 seconds [3m(gpu_transfer.py:513:lmcache.v1.multiprocess.modules.gpu_transfer)[0m
[32;20m[2026-06-03 07:31:29,665] LMCache INFO:[0m Stored 256 tokens in 0.002 seconds [3m(gpu_transfer.py:513:lmcache.v1.multiprocess.modules.gpu_transfer)[0m
[32;20m[2026-06-03 07:31:29,881] LMCache INFO:[0m Prefetch request completed (L1+L2): 347/347 retained keys (347 L1, 0 L2) in 1.8 ms (external_request_id=chatcmpl-755a06cd-6a86-4617-9570-2f8e4bb3e1a2-a271c558, prefetch_request_id=-1) [3m(storage_manager.py:575:lmcache.v1.distributed.storage_manager)[0m
[32;20m[2026-06-03 07:31:30,357] LMCache INFO:[0m Stored 256 tokens in 0.010 seconds [3m(gpu_transfer.py:513:lmcache.v1.multiprocess.modules.gpu_transfer)[0m
[32;20m[2026-06-03 07:31:30,909] LMCache INFO:[0m Stored 256 tokens in 0.002 seconds [3m(gpu_transfer.py:513:lmcache.v1.multiprocess.modules.gpu_transfer)[0m
[32;20m[2026-06-03 07:31:31,187] LMCache INFO:[0m Stored 256 tokens in 0.008 seconds [3m(gpu_transfer.py:513:lmcache.v1.multiprocess.modules.gpu_transfer)[0m
[32;20m[2026-06-03 07:31:31,248] LMCache INFO:[0m Stored 256 tokens in 0.003 seconds [3m(gpu_transfer.py:513:lmcache.v1.multiprocess.modules.gpu_transfer)[0m
[32;20m[2026-06-03 07:31:31,395] LMCache INFO:[0m Stored 256 tokens in 0.002 seconds [3m(gpu_transfer.py:513:lmcache.v1.multiprocess.modules.gpu_transfer)[0m
[32;20m[2026-06-03 07:31:32,045] LMCache INFO:[0m Stored 256 tokens in 0.003 seconds [3m(gpu_transfer.py:513:lmcache.v1.multiprocess.modules.gpu_transfer)[0m
[32;20m[2026-06-03 07:31:32,298] LMCache INFO:[0m Stored 256 tokens in 0.003 seconds [3m(gpu_transfer.py:513:lmcache.v1.multiprocess.modules.gpu_transfer)[0m
[32;20m[2026-06-03 07:31:32,902] LMCache INFO:[0m Stored 256 tokens in 0.003 seconds [3m(gpu_transfer.py:513:lmcache.v1.multiprocess.modules.gpu_transfer)[0m
[32;20m[2026-06-03 07:31:33,204] LMCache INFO:[0m Stored 256 tokens in 0.004 seconds [3m(gpu_transfer.py:513:lmcache.v1.multiprocess.modules.gpu_transfer)[0m
[32;20m[2026-06-03 07:31:33,484] LMCache INFO:[0m Stored 256 tokens in 0.003 seconds [3m(gpu_transfer.py:513:lmcache.v1.multiprocess.modules.gpu_transfer)[0m
[32;20m[2026-06-03 07:31:33,780] LMCache INFO:[0m Stored 256 tokens in 0.003 seconds [3m(gpu_transfer.py:513:lmcache.v1.multiprocess.modules.gpu_transfer)[0m
[32;20m[2026-06-03 07:31:33,848] LMCache INFO:[0m Stored 256 tokens in 0.004 seconds [3m(gpu_transfer.py:513:lmcache.v1.multiprocess.modules.gpu_transfer)[0m
[32;20m[2026-06-03 07:31:34,032] LMCache INFO:[0m Stored 256 tokens in 0.003 seconds [3m(gpu_transfer.py:513:lmcache.v1.multiprocess.modules.gpu_transfer)[0m
[32;20m[2026-06-03 07:31:34,457] LMCache INFO:[0m Stored 256 tokens in 0.003 seconds [3m(gpu_transfer.py:513:lmcache.v1.multiprocess.modules.gpu_transfer)[0m
[32;20m[2026-06-03 07:31:35,022] LMCache INFO:[0m Stored 256 tokens in 0.005 seconds [3m(gpu_transfer.py:513:lmcache.v1.multiprocess.modules.gpu_transfer)[0m
[32;20m[2026-06-03 07:31:35,543] LMCache INFO:[0m Stored 256 tokens in 0.006 seconds [3m(gpu_transfer.py:513:lmcache.v1.multiprocess.modules.gpu_transfer)[0m
[32;20m[2026-06-03 07:31:35,894] LMCache INFO:[0m Stored 256 tokens in 0.005 seconds [3m(gpu_transfer.py:513:lmcache.v1.multiprocess.modules.gpu_transfer)[0m
[32;20m[2026-06-03 07:31:36,868] LMCache INFO:[0m Stored 256 tokens in 0.002 seconds [3m(gpu_transfer.py:513:lmcache.v1.multiprocess.modules.gpu_transfer)[0m
[32;20m[2026-06-03 07:31:36,938] LMCache INFO:[0m Stored 256 tokens in 0.003 seconds [3m(gpu_transfer.py:513:lmcache.v1.multiprocess.modules.gpu_transfer)[0m
[32;20m[2026-06-03 07:31:37,094] LMCache INFO:[0m Stored 256 tokens in 0.004 seconds [3m(gpu_transfer.py:513:lmcache.v1.multiprocess.modules.gpu_transfer)[0m
[32;20m[2026-06-03 07:31:37,158] LMCache INFO:[0m Stored 256 tokens in 0.004 seconds [3m(gpu_transfer.py:513:lmcache.v1.multiprocess.modules.gpu_transfer)[0m
[32;20m[2026-06-03 07:31:37,493] LMCache INFO:[0m Stored 256 tokens in 0.003 seconds [3m(gpu_transfer.py:513:lmcache.v1.multiprocess.modules.gpu_transfer)[0m
[32;20m[2026-06-03 07:31:38,854] LMCache INFO:[0m Prefetch request completed (L1+L2): 247/249 retained keys (247 L1, 0 L2) in 1.3 ms (external_request_id=chatcmpl-1fe1f643-d03d-4c70-bc4c-185bef348607-a521ac06, prefetch_request_id=-1) [3m(storage_manager.py:575:lmcache.v1.distributed.storage_manager)[0m
[32;20m[2026-06-03 07:31:39,052] LMCache INFO:[0m Stored 512 tokens in 0.012 seconds [3m(gpu_transfer.py:513:lmcache.v1.multiprocess.modules.gpu_transfer)[0m
[32;20m[2026-06-03 07:31:39,248] LMCache INFO:[0m Stored 256 tokens in 0.003 seconds [3m(gpu_transfer.py:513:lmcache.v1.multiprocess.modules.gpu_transfer)[0m
[32;20m[2026-06-03 07:31:39,263] LMCache INFO:[0m Stored 256 tokens in 0.002 seconds [3m(gpu_transfer.py:513:lmcache.v1.multiprocess.modules.gpu_transfer)[0m
[32;20m[2026-06-03 07:31:39,432] LMCache INFO:[0m Stored 256 tokens in 0.003 seconds [3m(gpu_transfer.py:513:lmcache.v1.multiprocess.modules.gpu_transfer)[0m
[32;20m[2026-06-03 07:31:39,943] LMCache INFO:[0m Stored 256 tokens in 0.002 seconds [3m(gpu_transfer.py:513:lmcache.v1.multiprocess.modules.gpu_transfer)[0m
[32;20m[2026-06-03 07:31:40,200] LMCache INFO:[0m Stored 256 tokens in 0.008 seconds [3m(gpu_transfer.py:513:lmcache.v1.multiprocess.modules.gpu_transfer)[0m
[32;20m[2026-06-03 07:31:40,249] LMCache INFO:[0m Stored 256 tokens in 0.004 seconds [3m(gpu_transfer.py:513:lmcache.v1.multiprocess.modules.gpu_transfer)[0m
[32;20m[2026-06-03 07:31:40,395] LMCache INFO:[0m Stored 256 tokens in 0.003 seconds [3m(gpu_transfer.py:513:lmcache.v1.multiprocess.modules.gpu_transfer)[0m
[32;20m[2026-06-03 07:31:41,188] LMCache INFO:[0m Prefetch request completed (L1+L2): 904/913 retained keys (904 L1, 0 L2) in 2.4 ms (external_request_id=chatcmpl-e5011ba9-da9b-420a-add0-7c9517edc320-b3fd3a14, prefetch_request_id=-1) [3m(storage_manager.py:575:lmcache.v1.distributed.storage_manager)[0m
[32;20m[2026-06-03 07:31:41,584] LMCache INFO:[0m Stored 2304 tokens in 0.110 seconds [3m(gpu_transfer.py:513:lmcache.v1.multiprocess.modules.gpu_transfer)[0m
[32;20m[2026-06-03 07:31:43,212] LMCache INFO:[0m Stored 256 tokens in 0.004 seconds [3m(gpu_transfer.py:513:lmcache.v1.multiprocess.modules.gpu_transfer)[0m
[32;20m[2026-06-03 07:31:43,383] LMCache INFO:[0m Stored 256 tokens in 0.003 seconds [3m(gpu_transfer.py:513:lmcache.v1.multiprocess.modules.gpu_transfer)[0m
[32;20m[2026-06-03 07:31:44,212] LMCache INFO:[0m Stored 256 tokens in 0.004 seconds [3m(gpu_transfer.py:513:lmcache.v1.multiprocess.modules.gpu_transfer)[0m
[32;20m[2026-06-03 07:31:44,249] LMCache INFO:[0m Stored 256 tokens in 0.007 seconds [3m(gpu_transfer.py:513:lmcache.v1.multiprocess.modules.gpu_transfer)[0m
[32;20m[2026-06-03 07:31:44,447] LMCache INFO:[0m Stored 256 tokens in 0.003 seconds [3m(gpu_transfer.py:513:lmcache.v1.multiprocess.modules.gpu_transfer)[0m
[32;20m[2026-06-03 07:31:44,746] LMCache INFO:[0m Stored 256 tokens in 0.003 seconds [3m(gpu_transfer.py:513:lmcache.v1.multiprocess.modules.gpu_transfer)[0m
[32;20m[2026-06-03 07:31:44,815] LMCache INFO:[0m Stored 256 tokens in 0.003 seconds [3m(gpu_transfer.py:513:lmcache.v1.multiprocess.modules.gpu_transfer)[0m
[32;20m[2026-06-03 07:31:45,384] LMCache INFO:[0m Stored 256 tokens in 0.003 seconds [3m(gpu_transfer.py:513:lmcache.v1.multiprocess.modules.gpu_transfer)[0m
[32;20m[2026-06-03 07:31:45,969] LMCache INFO:[0m Prefetch request completed (L1+L2): 390/394 retained keys (390 L1, 0 L2) in 1.4 ms (external_request_id=chatcmpl-8e1f9969-9af7-43cb-8502-4697b5e4cde1-9f2c241a, prefetch_request_id=-1) [3m(storage_manager.py:575:lmcache.v1.distributed.storage_manager)[0m
[32;20m[2026-06-03 07:31:46,155] LMCache INFO:[0m Stored 1024 tokens in 0.019 seconds [3m(gpu_transfer.py:513:lmcache.v1.multiprocess.modules.gpu_transfer)[0m
[32;20m[2026-06-03 07:31:46,565] LMCache INFO:[0m Stored 256 tokens in 0.005 seconds [3m(gpu_transfer.py:513:lmcache.v1.multiprocess.modules.gpu_transfer)[0m
[32;20m[2026-06-03 07:31:47,044] LMCache INFO:[0m Stored 256 tokens in 0.006 seconds [3m(gpu_transfer.py:513:lmcache.v1.multiprocess.modules.gpu_transfer)[0m
[32;20m[2026-06-03 07:31:48,203] LMCache INFO:[0m Prefetch request completed (L1+L2): 502/504 retained keys (502 L1, 0 L2) in 1.5 ms (external_request_id=chatcmpl-63cc6aca-3235-4062-b70a-779210c24072-a1f6b4ef, prefetch_request_id=-1) [3m(storage_manager.py:575:lmcache.v1.distributed.storage_manager)[0m
[32;20m[2026-06-03 07:31:48,413] LMCache INFO:[0m Stored 512 tokens in 0.015 seconds [3m(gpu_transfer.py:513:lmcache.v1.multiprocess.modules.gpu_transfer)[0m
[32;20m[2026-06-03 07:31:48,981] LMCache INFO:[0m Prefetch request completed (L1+L2): 295/297 retained keys (295 L1, 0 L2) in 1.4 ms (external_request_id=chatcmpl-73af97e8-bab8-408a-a290-1a6144cd24a7-bf848c75, prefetch_request_id=-1) [3m(storage_manager.py:575:lmcache.v1.distributed.storage_manager)[0m
[32;20m[2026-06-03 07:31:49,181] LMCache INFO:[0m Stored 512 tokens in 0.010 seconds [3m(gpu_transfer.py:513:lmcache.v1.multiprocess.modules.gpu_transfer)[0m
[32;20m[2026-06-03 07:31:49,462] LMCache INFO:[0m Stored 256 tokens in 0.003 seconds [3m(gpu_transfer.py:513:lmcache.v1.multiprocess.modules.gpu_transfer)[0m
[32;20m[2026-06-03 07:31:49,562] LMCache INFO:[0m Stored 256 tokens in 0.002 seconds [3m(gpu_transfer.py:513:lmcache.v1.multiprocess.modules.gpu_transfer)[0m
[32;20m[2026-06-03 07:31:49,771] LMCache INFO:[0m Stored 256 tokens in 0.004 seconds [3m(gpu_transfer.py:513:lmcache.v1.multiprocess.modules.gpu_transfer)[0m
[32;20m[2026-06-03 07:31:50,110] LMCache INFO:[0m Stored 256 tokens in 0.003 seconds [3m(gpu_transfer.py:513:lmcache.v1.multiprocess.modules.gpu_transfer)[0m
[32;20m[2026-06-03 07:31:51,354] LMCache INFO:[0m Stored 256 tokens in 0.004 seconds [3m(gpu_transfer.py:513:lmcache.v1.multiprocess.modules.gpu_transfer)[0m
[32;20m[2026-06-03 07:31:51,408] LMCache INFO:[0m Stored 256 tokens in 0.003 seconds [3m(gpu_transfer.py:513:lmcache.v1.multiprocess.modules.gpu_transfer)[0m
[32;20m[2026-06-03 07:31:51,565] LMCache INFO:[0m Stored 256 tokens in 0.003 seconds [3m(gpu_transfer.py:513:lmcache.v1.multiprocess.modules.gpu_transfer)[0m
[32;20m[2026-06-03 07:31:51,876] LMCache INFO:[0m Prefetch request completed (L1+L2): 618/629 retained keys (618 L1, 0 L2) in 1.6 ms (external_request_id=chatcmpl-dec8614b-9bc6-4119-9611-d5e1862b1970-8a6820ab, prefetch_request_id=-1) [3m(storage_manager.py:575:lmcache.v1.distributed.storage_manager)[0m
[32;20m[2026-06-03 07:31:52,211] LMCache INFO:[0m Stored 2816 tokens in 0.019 seconds [3m(gpu_transfer.py:513:lmcache.v1.multiprocess.modules.gpu_transfer)[0m
[32;20m[2026-06-03 07:31:53,598] LMCache INFO:[0m Stored 256 tokens in 0.004 seconds [3m(gpu_transfer.py:513:lmcache.v1.multiprocess.modules.gpu_transfer)[0m
[32;20m[2026-06-03 07:31:53,898] LMCache INFO:[0m Stored 256 tokens in 0.004 seconds [3m(gpu_transfer.py:513:lmcache.v1.multiprocess.modules.gpu_transfer)[0m
[32;20m[2026-06-03 07:31:54,081] LMCache INFO:[0m Stored 256 tokens in 0.003 seconds [3m(gpu_transfer.py:513:lmcache.v1.multiprocess.modules.gpu_transfer)[0m
[32;20m[2026-06-03 07:31:54,619] LMCache INFO:[0m Stored 256 tokens in 0.004 seconds [3m(gpu_transfer.py:513:lmcache.v1.multiprocess.modules.gpu_transfer)[0m
[32;20m[2026-06-03 07:31:54,818] LMCache INFO:[0m Stored 256 tokens in 0.003 seconds [3m(gpu_transfer.py:513:lmcache.v1.multiprocess.modules.gpu_transfer)[0m
[32;20m[2026-06-03 07:31:55,309] LMCache INFO:[0m Prefetch request completed (L1+L2): 271/279 retained keys (271 L1, 0 L2) in 1.6 ms (external_request_id=chatcmpl-80322814-17f1-4155-b86f-f675e9fe84fc-a20f1dcd, prefetch_request_id=-1) [3m(storage_manager.py:575:lmcache.v1.distributed.storage_manager)[0m
[32;20m[2026-06-03 07:31:55,590] LMCache INFO:[0m Stored 2048 tokens in 0.010 seconds [3m(gpu_transfer.py:513:lmcache.v1.multiprocess.modules.gpu_transfer)[0m
[32;20m[2026-06-03 07:31:56,006] LMCache INFO:[0m Prefetch request completed (L1+L2): 249/251 retained keys (249 L1, 0 L2) in 1.5 ms (external_request_id=chatcmpl-124603a4-305d-477a-b77c-2952a41885fc-af3698b6, prefetch_request_id=-1) [3m(storage_manager.py:575:lmcache.v1.distributed.storage_manager)[0m
[32;20m[2026-06-03 07:31:56,222] LMCache INFO:[0m Stored 512 tokens in 0.008 seconds [3m(gpu_transfer.py:513:lmcache.v1.multiprocess.modules.gpu_transfer)[0m
[32;20m[2026-06-03 07:31:56,698] LMCache INFO:[0m Stored 256 tokens in 0.006 seconds [3m(gpu_transfer.py:513:lmcache.v1.multiprocess.modules.gpu_transfer)[0m
[32;20m[2026-06-03 07:31:57,001] LMCache INFO:[0m Prefetch request completed (L1+L2): 394/395 retained keys (394 L1, 0 L2) in 2.0 ms (external_request_id=chatcmpl-0bcc753e-a72c-4dde-b880-5b6806583285-abeec597, prefetch_request_id=-1) [3m(storage_manager.py:575:lmcache.v1.distributed.storage_manager)[0m
[32;20m[2026-06-03 07:31:57,197] LMCache INFO:[0m Stored 256 tokens in 0.012 seconds [3m(gpu_transfer.py:513:lmcache.v1.multiprocess.modules.gpu_transfer)[0m
[32;20m[2026-06-03 07:31:57,535] LMCache INFO:[0m Stored 256 tokens in 0.003 seconds [3m(gpu_transfer.py:513:lmcache.v1.multiprocess.modules.gpu_transfer)[0m
[32;20m[2026-06-03 07:31:57,750] LMCache INFO:[0m Stored 256 tokens in 0.003 seconds [3m(gpu_transfer.py:513:lmcache.v1.multiprocess.modules.gpu_transfer)[0m
[32;20m[2026-06-03 07:31:58,461] LMCache INFO:[0m Prefetch request completed (L1+L2): 297/298 retained keys (297 L1, 0 L2) in 2.0 ms (external_request_id=chatcmpl-3c328736-166c-4f9a-b501-95346b623bd6-9b12573e, prefetch_request_id=-1) [3m(storage_manager.py:575:lmcache.v1.distributed.storage_manager)[0m
[32;20m[2026-06-03 07:31:58,665] LMCache INFO:[0m Stored 256 tokens in 0.013 seconds [3m(gpu_transfer.py:513:lmcache.v1.multiprocess.modules.gpu_transfer)[0m
[32;20m[2026-06-03 07:31:58,887] LMCache INFO:[0m Stored 256 tokens in 0.003 seconds [3m(gpu_transfer.py:513:lmcache.v1.multiprocess.modules.gpu_transfer)[0m
[32;20m[2026-06-03 07:31:59,123] LMCache INFO:[0m Prefetch request completed (L1+L2): 439/445 retained keys (439 L1, 0 L2) in 1.6 ms (external_request_id=chatcmpl-8c9f9031-99fe-4315-8614-7085dc566847-b9745d24, prefetch_request_id=-1) [3m(storage_manager.py:575:lmcache.v1.distributed.storage_manager)[0m
[32;20m[2026-06-03 07:31:59,287] LMCache INFO:[0m Prefetch request completed (L1+L2): 154/154 retained keys (154 L1, 0 L2) in 41.1 ms (external_request_id=chatcmpl-0613b2c0-f9c5-45ac-8b89-14c406c5901c-b7e2216e, prefetch_request_id=-1) [3m(storage_manager.py:575:lmcache.v1.distributed.storage_manager)[0m
[32;20m[2026-06-03 07:31:59,445] LMCache INFO:[0m Stored 1536 tokens in 0.014 seconds [3m(gpu_transfer.py:513:lmcache.v1.multiprocess.modules.gpu_transfer)[0m
[32;20m[2026-06-03 07:32:00,105] LMCache INFO:[0m Prefetch request completed (L1+L2): 444/469 retained keys (444 L1, 0 L2) in 1.6 ms (external_request_id=chatcmpl-68ff18d9-eed6-4f03-9653-a8b972763feb-ab2fd060, prefetch_request_id=-1) [3m(storage_manager.py:575:lmcache.v1.distributed.storage_manager)[0m
[32;20m[2026-06-03 07:32:00,218] LMCache INFO:[0m Prefetch request completed (L1+L2): 347/350 retained keys (347 L1, 0 L2) in 1.7 ms (external_request_id=chatcmpl-34c17b85-d290-4adf-a586-e35ff0c40b1d-93409440, prefetch_request_id=-1) [3m(storage_manager.py:575:lmcache.v1.distributed.storage_manager)[0m
[32;20m[2026-06-03 07:32:00,546] LMCache INFO:[0m Stored 6400 tokens in 0.016 seconds [3m(gpu_transfer.py:513:lmcache.v1.multiprocess.modules.gpu_transfer)[0m
[32;20m[2026-06-03 07:32:02,359] LMCache INFO:[0m Stored 768 tokens in 0.011 seconds [3m(gpu_transfer.py:513:lmcache.v1.multiprocess.modules.gpu_transfer)[0m
[32;20m[2026-06-03 07:32:02,423] LMCache INFO:[0m Prefetch request completed (L1+L2): 242/242 retained keys (242 L1, 0 L2) in 1.5 ms (external_request_id=chatcmpl-07fb8358-ea7c-4c26-849d-e8a8a4f207d4-ad73effb, prefetch_request_id=-1) [3m(storage_manager.py:575:lmcache.v1.distributed.storage_manager)[0m
[32;20m[2026-06-03 07:32:02,504] LMCache INFO:[0m Prefetch request completed (L1+L2): 154/170 retained keys (154 L1, 0 L2) in 1.1 ms (external_request_id=chatcmpl-ed622d4e-8265-4249-b6d6-0c1ec4b92479-b1f2372f, prefetch_request_id=-1) [3m(storage_manager.py:575:lmcache.v1.distributed.storage_manager)[0m
[32;20m[2026-06-03 07:32:02,612] LMCache INFO:[0m Retrieved 512 tokens in 0.026 seconds [3m(gpu_transfer.py:728:lmcache.v1.multiprocess.modules.gpu_transfer)[0m
[32;20m[2026-06-03 07:32:02,612] LMCache INFO:[0m Retrieved 512 tokens in 0.011 seconds [3m(gpu_transfer.py:728:lmcache.v1.multiprocess.modules.gpu_transfer)[0m
[32;20m[2026-06-03 07:32:02,613] LMCache INFO:[0m Retrieved 512 tokens in 0.007 seconds [3m(gpu_transfer.py:728:lmcache.v1.multiprocess.modules.gpu_transfer)[0m
[32;20m[2026-06-03 07:32:02,617] LMCache INFO:[0m Retrieved 512 tokens in 0.002 seconds [3m(gpu_transfer.py:728:lmcache.v1.multiprocess.modules.gpu_transfer)[0m
[32;20m[2026-06-03 07:32:02,753] LMCache INFO:[0m Stored 4096 tokens in 0.007 seconds [3m(gpu_transfer.py:513:lmcache.v1.multiprocess.modules.gpu_transfer)[0m
[32;20m[2026-06-03 07:32:03,378] LMCache INFO:[0m Prefetch request completed (L1+L2): 434/441 retained keys (434 L1, 0 L2) in 1.4 ms (external_request_id=chatcmpl-c4dae7f7-3ccd-4d95-b88a-36f627304f1e-98506d92, prefetch_request_id=-1) [3m(storage_manager.py:575:lmcache.v1.distributed.storage_manager)[0m
[32;20m[2026-06-03 07:32:03,722] LMCache INFO:[0m Stored 1792 tokens in 0.019 seconds [3m(gpu_transfer.py:513:lmcache.v1.multiprocess.modules.gpu_transfer)[0m
[32;20m[2026-06-03 07:32:04,307] LMCache INFO:[0m Stored 256 tokens in 0.005 seconds [3m(gpu_transfer.py:513:lmcache.v1.multiprocess.modules.gpu_transfer)[0m
[32;20m[2026-06-03 07:32:04,408] LMCache INFO:[0m Prefetch request completed (L1+L2): 487/493 retained keys (487 L1, 0 L2) in 2.3 ms (external_request_id=chatcmpl-ae8864a7-8a7d-43c0-a2a9-ba53a0aac3a7-acbb7efe, prefetch_request_id=-1) [3m(storage_manager.py:575:lmcache.v1.distributed.storage_manager)[0m
[32;20m[2026-06-03 07:32:04,702] LMCache INFO:[0m Stored 1536 tokens in 0.015 seconds [3m(gpu_transfer.py:513:lmcache.v1.multiprocess.modules.gpu_transfer)[0m
[32;20m[2026-06-03 07:32:05,299] LMCache INFO:[0m Stored 256 tokens in 0.002 seconds [3m(gpu_transfer.py:513:lmcache.v1.multiprocess.modules.gpu_transfer)[0m
[32;20m[2026-06-03 07:32:05,518] LMCache INFO:[0m Stored 256 tokens in 0.005 seconds [3m(gpu_transfer.py:513:lmcache.v1.multiprocess.modules.gpu_transfer)[0m
[32;20m[2026-06-03 07:32:06,119] LMCache INFO:[0m Stored 256 tokens in 0.005 seconds [3m(gpu_transfer.py:513:lmcache.v1.multiprocess.modules.gpu_transfer)[0m
[32;20m[2026-06-03 07:32:07,070] LMCache INFO:[0m Stored 256 tokens in 0.004 seconds [3m(gpu_transfer.py:513:lmcache.v1.multiprocess.modules.gpu_transfer)[0m
[32;20m[2026-06-03 07:32:07,271] LMCache INFO:[0m Stored 256 tokens in 0.004 seconds [3m(gpu_transfer.py:513:lmcache.v1.multiprocess.modules.gpu_transfer)[0m
[32;20m[2026-06-03 07:32:07,682] LMCache INFO:[0m Stored 256 tokens in 0.002 seconds [3m(gpu_transfer.py:513:lmcache.v1.multiprocess.modules.gpu_transfer)[0m
[32;20m[2026-06-03 07:32:07,969] LMCache INFO:[0m Stored 256 tokens in 0.004 seconds [3m(gpu_transfer.py:513:lmcache.v1.multiprocess.modules.gpu_transfer)[0m
[32;20m[2026-06-03 07:32:08,450] LMCache INFO:[0m Stored 256 tokens in 0.002 seconds [3m(gpu_transfer.py:513:lmcache.v1.multiprocess.modules.gpu_transfer)[0m
[32;20m[2026-06-03 07:32:09,674] LMCache INFO:[0m Stored 256 tokens in 0.004 seconds [3m(gpu_transfer.py:513:lmcache.v1.multiprocess.modules.gpu_transfer)[0m
[32;20m[2026-06-03 07:32:09,872] LMCache INFO:[0m Stored 256 tokens in 0.003 seconds [3m(gpu_transfer.py:513:lmcache.v1.multiprocess.modules.gpu_transfer)[0m
[32;20m[2026-06-03 07:32:10,076] LMCache INFO:[0m Stored 256 tokens in 0.004 seconds [3m(gpu_transfer.py:513:lmcache.v1.multiprocess.modules.gpu_transfer)[0m
[32;20m[2026-06-03 07:32:10,639] LMCache INFO:[0m Stored 256 tokens in 0.004 seconds [3m(gpu_transfer.py:513:lmcache.v1.multiprocess.modules.gpu_transfer)[0m
[32;20m[2026-06-03 07:32:10,975] LMCache INFO:[0m Stored 256 tokens in 0.003 seconds [3m(gpu_transfer.py:513:lmcache.v1.multiprocess.modules.gpu_transfer)[0m
[32;20m[2026-06-03 07:32:11,056] LMCache INFO:[0m Stored 256 tokens in 0.004 seconds [3m(gpu_transfer.py:513:lmcache.v1.multiprocess.modules.gpu_transfer)[0m
[32;20m[2026-06-03 07:32:11,100] LMCache INFO:[0m Stored 256 tokens in 0.004 seconds [3m(gpu_transfer.py:513:lmcache.v1.multiprocess.modules.gpu_transfer)[0m
[32;20m[2026-06-03 07:32:11,259] LMCache INFO:[0m Stored 256 tokens in 0.002 seconds [3m(gpu_transfer.py:513:lmcache.v1.multiprocess.modules.gpu_transfer)[0m
[32;20m[2026-06-03 07:32:11,573] LMCache INFO:[0m Prefetch request completed (L1+L2): 251/255 retained keys (251 L1, 0 L2) in 1.6 ms (external_request_id=chatcmpl-2faa4f31-4590-4b57-952f-45e4444a9d6e-94cc53ab, prefetch_request_id=-1) [3m(storage_manager.py:575:lmcache.v1.distributed.storage_manager)[0m
[32;20m[2026-06-03 07:32:11,751] LMCache INFO:[0m Stored 1024 tokens in 0.009 seconds [3m(gpu_transfer.py:513:lmcache.v1.multiprocess.modules.gpu_transfer)[0m
[32;20m[2026-06-03 07:32:12,391] LMCache INFO:[0m Stored 256 tokens in 0.004 seconds [3m(gpu_transfer.py:513:lmcache.v1.multiprocess.modules.gpu_transfer)[0m
[32;20m[2026-06-03 07:32:12,673] LMCache INFO:[0m Stored 256 tokens in 0.009 seconds [3m(gpu_transfer.py:513:lmcache.v1.multiprocess.modules.gpu_transfer)[0m
[32;20m[2026-06-03 07:32:12,736] LMCache INFO:[0m Stored 256 tokens in 0.003 seconds [3m(gpu_transfer.py:513:lmcache.v1.multiprocess.modules.gpu_transfer)[0m
[32;20m[2026-06-03 07:32:12,931] LMCache INFO:[0m Stored 256 tokens in 0.003 seconds [3m(gpu_transfer.py:513:lmcache.v1.multiprocess.modules.gpu_transfer)[0m
[32;20m[2026-06-03 07:32:13,625] LMCache INFO:[0m Stored 256 tokens in 0.006 seconds [3m(gpu_transfer.py:513:lmcache.v1.multiprocess.modules.gpu_transfer)[0m
[32;20m[2026-06-03 07:32:13,910] LMCache INFO:[0m Stored 256 tokens in 0.002 seconds [3m(gpu_transfer.py:513:lmcache.v1.multiprocess.modules.gpu_transfer)[0m
[32;20m[2026-06-03 07:32:14,251] LMCache INFO:[0m Stored 256 tokens in 0.003 seconds [3m(gpu_transfer.py:513:lmcache.v1.multiprocess.modules.gpu_transfer)[0m
[32;20m[2026-06-03 07:32:14,419] LMCache INFO:[0m Prefetch request completed (L1+L2): 301/305 retained keys (301 L1, 0 L2) in 1.7 ms (external_request_id=chatcmpl-c21ce7e7-f911-463d-934e-c1f50190fa29-b3e07b7b, prefetch_request_id=-1) [3m(storage_manager.py:575:lmcache.v1.distributed.storage_manager)[0m
[32;20m[2026-06-03 07:32:14,703] LMCache INFO:[0m Stored 1024 tokens in 0.010 seconds [3m(gpu_transfer.py:513:lmcache.v1.multiprocess.modules.gpu_transfer)[0m
[32;20m[2026-06-03 07:32:15,373] LMCache INFO:[0m Stored 256 tokens in 0.005 seconds [3m(gpu_transfer.py:513:lmcache.v1.multiprocess.modules.gpu_transfer)[0m
[32;20m[2026-06-03 07:32:15,613] LMCache INFO:[0m Stored 256 tokens in 0.003 seconds [3m(gpu_transfer.py:513:lmcache.v1.multiprocess.modules.gpu_transfer)[0m
[32;20m[2026-06-03 07:32:15,931] LMCache INFO:[0m Stored 256 tokens in 0.005 seconds [3m(gpu_transfer.py:513:lmcache.v1.multiprocess.modules.gpu_transfer)[0m
[32;20m[2026-06-03 07:32:16,275] LMCache INFO:[0m Stored 256 tokens in 0.005 seconds [3m(gpu_transfer.py:513:lmcache.v1.multiprocess.modules.gpu_transfer)[0m
[32;20m[2026-06-03 07:32:16,782] LMCache INFO:[0m Stored 256 tokens in 0.003 seconds [3m(gpu_transfer.py:513:lmcache.v1.multiprocess.modules.gpu_transfer)[0m
[32;20m[2026-06-03 07:32:16,887] LMCache INFO:[0m Stored 256 tokens in 0.005 seconds [3m(gpu_transfer.py:513:lmcache.v1.multiprocess.modules.gpu_transfer)[0m
[32;20m[2026-06-03 07:32:17,255] LMCache INFO:[0m Prefetch request completed (L1+L2): 243/243 retained keys (243 L1, 0 L2) in 1.5 ms (external_request_id=chatcmpl-0376d2b7-f968-4000-b911-41fe636630f4-8e482314, prefetch_request_id=-1) [3m(storage_manager.py:575:lmcache.v1.distributed.storage_manager)[0m
[32;20m[2026-06-03 07:32:17,319] LMCache INFO:[0m Retrieved 256 tokens in 0.021 seconds [3m(gpu_transfer.py:728:lmcache.v1.multiprocess.modules.gpu_transfer)[0m
[32;20m[2026-06-03 07:32:17,319] LMCache INFO:[0m Retrieved 256 tokens in 0.011 seconds [3m(gpu_transfer.py:728:lmcache.v1.multiprocess.modules.gpu_transfer)[0m
[32;20m[2026-06-03 07:32:17,324] LMCache INFO:[0m Retrieved 256 tokens in 0.008 seconds [3m(gpu_transfer.py:728:lmcache.v1.multiprocess.modules.gpu_transfer)[0m
[32;20m[2026-06-03 07:32:17,326] LMCache INFO:[0m Retrieved 256 tokens in 0.003 seconds [3m(gpu_transfer.py:728:lmcache.v1.multiprocess.modules.gpu_transfer)[0m
[32;20m[2026-06-03 07:32:18,246] LMCache INFO:[0m Stored 256 tokens in 0.004 seconds [3m(gpu_transfer.py:513:lmcache.v1.multiprocess.modules.gpu_transfer)[0m
[32;20m[2026-06-03 07:32:18,448] LMCache INFO:[0m Stored 256 tokens in 0.004 seconds [3m(gpu_transfer.py:513:lmcache.v1.multiprocess.modules.gpu_transfer)[0m
[32;20m[2026-06-03 07:32:18,858] LMCache INFO:[0m Stored 256 tokens in 0.002 seconds [3m(gpu_transfer.py:513:lmcache.v1.multiprocess.modules.gpu_transfer)[0m
[32;20m[2026-06-03 07:32:19,225] LMCache INFO:[0m Stored 256 tokens in 0.001 seconds [3m(gpu_transfer.py:513:lmcache.v1.multiprocess.modules.gpu_transfer)[0m
[32;20m[2026-06-03 07:32:19,333] LMCache INFO:[0m Stored 256 tokens in 0.004 seconds [3m(gpu_transfer.py:513:lmcache.v1.multiprocess.modules.gpu_transfer)[0m
[32;20m[2026-06-03 07:32:19,815] LMCache INFO:[0m Stored 256 tokens in 0.003 seconds [3m(gpu_transfer.py:513:lmcache.v1.multiprocess.modules.gpu_transfer)[0m
[32;20m[2026-06-03 07:32:21,032] LMCache INFO:[0m Stored 256 tokens in 0.004 seconds [3m(gpu_transfer.py:513:lmcache.v1.multiprocess.modules.gpu_transfer)[0m
[32;20m[2026-06-03 07:32:21,229] LMCache INFO:[0m Stored 256 tokens in 0.003 seconds [3m(gpu_transfer.py:513:lmcache.v1.multiprocess.modules.gpu_transfer)[0m
[32;20m[2026-06-03 07:32:21,439] LMCache INFO:[0m Stored 256 tokens in 0.004 seconds [3m(gpu_transfer.py:513:lmcache.v1.multiprocess.modules.gpu_transfer)[0m
[32;20m[2026-06-03 07:32:21,755] LMCache INFO:[0m Prefetch request completed (L1+L2): 298/299 retained keys (298 L1, 0 L2) in 22.4 ms (external_request_id=chatcmpl-555830e4-85f9-43a5-a86a-449030ffe530-bd1ea4fb, prefetch_request_id=-1) [3m(storage_manager.py:575:lmcache.v1.distributed.storage_manager)[0m
[32;20m[2026-06-03 07:32:21,910] LMCache INFO:[0m Prefetch request completed (L1+L2): 1/236 retained keys (1 L1, 0 L2) in 41.3 ms (external_request_id=chatcmpl-c1232cd4-da3e-48d6-9c96-fbc5cec043e5-b3b61ff6, prefetch_request_id=-1) [3m(storage_manager.py:575:lmcache.v1.distributed.storage_manager)[0m
[32;20m[2026-06-03 07:32:22,046] LMCache INFO:[0m Stored 256 tokens in 0.009 seconds [3m(gpu_transfer.py:513:lmcache.v1.multiprocess.modules.gpu_transfer)[0m
[32;20m[2026-06-03 07:32:22,424] LMCache INFO:[0m Stored 8192 tokens in 0.006 seconds [3m(gpu_transfer.py:513:lmcache.v1.multiprocess.modules.gpu_transfer)[0m
[32;20m[2026-06-03 07:32:22,729] LMCache INFO:[0m Stored 8192 tokens in 0.005 seconds [3m(gpu_transfer.py:513:lmcache.v1.multiprocess.modules.gpu_transfer)[0m
[32;20m[2026-06-03 07:32:23,164] LMCache INFO:[0m Stored 8192 tokens in 0.007 seconds [3m(gpu_transfer.py:513:lmcache.v1.multiprocess.modules.gpu_transfer)[0m
[32;20m[2026-06-03 07:32:23,721] LMCache INFO:[0m Stored 8192 tokens in 0.012 seconds [3m(gpu_transfer.py:513:lmcache.v1.multiprocess.modules.gpu_transfer)[0m
[32;20m[2026-06-03 07:32:24,428] LMCache INFO:[0m Stored 8192 tokens in 0.006 seconds [3m(gpu_transfer.py:513:lmcache.v1.multiprocess.modules.gpu_transfer)[0m
[32;20m[2026-06-03 07:32:25,296] LMCache INFO:[0m Stored 7936 tokens in 0.005 seconds [3m(gpu_transfer.py:513:lmcache.v1.multiprocess.modules.gpu_transfer)[0m
[32;20m[2026-06-03 07:32:26,210] LMCache INFO:[0m Prefetch request completed (L1+L2): 93/93 retained keys (93 L1, 0 L2) in 0.9 ms (external_request_id=chatcmpl-cba7b4f3-5bc6-44b5-8fd2-6d8d4b0c6ad6-be0a33fb, prefetch_request_id=-1) [3m(storage_manager.py:575:lmcache.v1.distributed.storage_manager)[0m
[32;20m[2026-06-03 07:32:26,259] LMCache INFO:[0m Prefetch request completed (L1+L2): 169/170 retained keys (169 L1, 0 L2) in 0.9 ms (external_request_id=chatcmpl-2d5ca75a-7b57-49ec-988e-3a828dcb7224-838175f3, prefetch_request_id=-1) [3m(storage_manager.py:575:lmcache.v1.distributed.storage_manager)[0m
[32;20m[2026-06-03 07:32:26,368] LMCache INFO:[0m Stored 8192 tokens in 0.006 seconds [3m(gpu_transfer.py:513:lmcache.v1.multiprocess.modules.gpu_transfer)[0m
[32;20m[2026-06-03 07:32:27,587] LMCache INFO:[0m Stored 256 tokens in 0.006 seconds [3m(gpu_transfer.py:513:lmcache.v1.multiprocess.modules.gpu_transfer)[0m
[32;20m[2026-06-03 07:32:28,092] LMCache INFO:[0m Stored 3072 tokens in 0.004 seconds [3m(gpu_transfer.py:513:lmcache.v1.multiprocess.modules.gpu_transfer)[0m
[32;20m[2026-06-03 07:32:28,222] LMCache INFO:[0m Stored 256 tokens in 0.004 seconds [3m(gpu_transfer.py:513:lmcache.v1.multiprocess.modules.gpu_transfer)[0m
[32;20m[2026-06-03 07:32:28,629] LMCache INFO:[0m Stored 256 tokens in 0.003 seconds [3m(gpu_transfer.py:513:lmcache.v1.multiprocess.modules.gpu_transfer)[0m
[32;20m[2026-06-03 07:32:28,691] LMCache INFO:[0m Stored 256 tokens in 0.004 seconds [3m(gpu_transfer.py:513:lmcache.v1.multiprocess.modules.gpu_transfer)[0m
[32;20m[2026-06-03 07:32:28,700] LMCache INFO:[0m Stored 256 tokens in 0.003 seconds [3m(gpu_transfer.py:513:lmcache.v1.multiprocess.modules.gpu_transfer)[0m
[32;20m[2026-06-03 07:32:28,865] LMCache INFO:[0m Stored 256 tokens in 0.002 seconds [3m(gpu_transfer.py:513:lmcache.v1.multiprocess.modules.gpu_transfer)[0m
[32;20m[2026-06-03 07:32:29,562] LMCache INFO:[0m Stored 256 tokens in 0.003 seconds [3m(gpu_transfer.py:513:lmcache.v1.multiprocess.modules.gpu_transfer)[0m
[32;20m[2026-06-03 07:32:29,719] LMCache INFO:[0m Stored 256 tokens in 0.002 seconds [3m(gpu_transfer.py:513:lmcache.v1.multiprocess.modules.gpu_transfer)[0m
[32;20m[2026-06-03 07:32:29,858] LMCache INFO:[0m Stored 256 tokens in 0.003 seconds [3m(gpu_transfer.py:513:lmcache.v1.multiprocess.modules.gpu_transfer)[0m
[32;20m[2026-06-03 07:32:29,931] LMCache INFO:[0m Stored 256 tokens in 0.004 seconds [3m(gpu_transfer.py:513:lmcache.v1.multiprocess.modules.gpu_transfer)[0m
[32;20m[2026-06-03 07:32:30,130] LMCache INFO:[0m Stored 256 tokens in 0.003 seconds [3m(gpu_transfer.py:513:lmcache.v1.multiprocess.modules.gpu_transfer)[0m
[32;20m[2026-06-03 07:32:30,832] LMCache INFO:[0m Stored 256 tokens in 0.006 seconds [3m(gpu_transfer.py:513:lmcache.v1.multiprocess.modules.gpu_transfer)[0m
[32;20m[2026-06-03 07:32:31,044] LMCache INFO:[0m Stored 256 tokens in 0.002 seconds [3m(gpu_transfer.py:513:lmcache.v1.multiprocess.modules.gpu_transfer)[0m
[32;20m[2026-06-03 07:32:31,135] LMCache INFO:[0m Stored 256 tokens in 0.002 seconds [3m(gpu_transfer.py:513:lmcache.v1.multiprocess.modules.gpu_transfer)[0m
[32;20m[2026-06-03 07:32:31,223] LMCache INFO:[0m Stored 256 tokens in 0.002 seconds [3m(gpu_transfer.py:513:lmcache.v1.multiprocess.modules.gpu_transfer)[0m
[32;20m[2026-06-03 07:32:32,011] LMCache INFO:[0m Stored 256 tokens in 0.002 seconds [3m(gpu_transfer.py:513:lmcache.v1.multiprocess.modules.gpu_transfer)[0m
[32;20m[2026-06-03 07:32:32,262] LMCache INFO:[0m Stored 256 tokens in 0.003 seconds [3m(gpu_transfer.py:513:lmcache.v1.multiprocess.modules.gpu_transfer)[0m
[32;20m[2026-06-03 07:32:32,575] LMCache INFO:[0m Stored 256 tokens in 0.005 seconds [3m(gpu_transfer.py:513:lmcache.v1.multiprocess.modules.gpu_transfer)[0m
[32;20m[2026-06-03 07:32:32,918] LMCache INFO:[0m Stored 256 tokens in 0.006 seconds [3m(gpu_transfer.py:513:lmcache.v1.multiprocess.modules.gpu_transfer)[0m
[32;20m[2026-06-03 07:32:33,415] LMCache INFO:[0m Stored 256 tokens in 0.003 seconds [3m(gpu_transfer.py:513:lmcache.v1.multiprocess.modules.gpu_transfer)[0m
[32;20m[2026-06-03 07:32:33,519] LMCache INFO:[0m Stored 256 tokens in 0.005 seconds [3m(gpu_transfer.py:513:lmcache.v1.multiprocess.modules.gpu_transfer)[0m
[32;20m[2026-06-03 07:32:34,243] LMCache INFO:[0m Prefetch request completed (L1+L2): 206/380 retained keys (206 L1, 0 L2) in 1.7 ms (external_request_id=chatcmpl-7b91fa4a-e7cd-4648-bea5-ba3b052e0967-bd5a4017, prefetch_request_id=-1) [3m(storage_manager.py:575:lmcache.v1.distributed.storage_manager)[0m
[32;20m[2026-06-03 07:32:34,441] LMCache INFO:[0m Stored 8192 tokens in 0.010 seconds [3m(gpu_transfer.py:513:lmcache.v1.multiprocess.modules.gpu_transfer)[0m
[32;20m[2026-06-03 07:32:35,527] LMCache INFO:[0m Stored 8192 tokens in 0.006 seconds [3m(gpu_transfer.py:513:lmcache.v1.multiprocess.modules.gpu_transfer)[0m
[32;20m[2026-06-03 07:32:37,041] LMCache INFO:[0m Stored 8192 tokens in 0.008 seconds [3m(gpu_transfer.py:513:lmcache.v1.multiprocess.modules.gpu_transfer)[0m
[32;20m[2026-06-03 07:32:38,546] LMCache INFO:[0m Stored 8192 tokens in 0.006 seconds [3m(gpu_transfer.py:513:lmcache.v1.multiprocess.modules.gpu_transfer)[0m
[32;20m[2026-06-03 07:32:40,106] LMCache INFO:[0m Prefetch request completed (L1+L2): 236/236 retained keys (236 L1, 0 L2) in 1.6 ms (external_request_id=chatcmpl-23987d03-d7f1-4929-b294-4642d8f5f56e-81d9c9ad, prefetch_request_id=-1) [3m(storage_manager.py:575:lmcache.v1.distributed.storage_manager)[0m
[32;20m[2026-06-03 07:32:40,187] LMCache INFO:[0m Prefetch request completed (L1+L2): 299/299 retained keys (299 L1, 0 L2) in 9.6 ms (external_request_id=chatcmpl-c246c90e-1d06-44ba-8eae-a10a3ad2139e-a5ac9344, prefetch_request_id=-1) [3m(storage_manager.py:575:lmcache.v1.distributed.storage_manager)[0m
[32;20m[2026-06-03 07:32:40,190] LMCache INFO:[0m Stored 8192 tokens in 0.007 seconds [3m(gpu_transfer.py:513:lmcache.v1.multiprocess.modules.gpu_transfer)[0m
[32;20m[2026-06-03 07:32:42,045] LMCache INFO:[0m Stored 3584 tokens in 0.005 seconds [3m(gpu_transfer.py:513:lmcache.v1.multiprocess.modules.gpu_transfer)[0m
[32;20m[2026-06-03 07:32:42,837] LMCache INFO:[0m Stored 256 tokens in 0.004 seconds [3m(gpu_transfer.py:513:lmcache.v1.multiprocess.modules.gpu_transfer)[0m
[32;20m[2026-06-03 07:32:42,989] LMCache INFO:[0m Stored 256 tokens in 0.004 seconds [3m(gpu_transfer.py:513:lmcache.v1.multiprocess.modules.gpu_transfer)[0m
[32;20m[2026-06-03 07:32:43,388] LMCache INFO:[0m Stored 256 tokens in 0.002 seconds [3m(gpu_transfer.py:513:lmcache.v1.multiprocess.modules.gpu_transfer)[0m
[32;20m[2026-06-03 07:32:43,670] LMCache INFO:[0m Stored 256 tokens in 0.004 seconds [3m(gpu_transfer.py:513:lmcache.v1.multiprocess.modules.gpu_transfer)[0m
[32;20m[2026-06-03 07:32:43,735] LMCache INFO:[0m Stored 256 tokens in 0.010 seconds [3m(gpu_transfer.py:513:lmcache.v1.multiprocess.modules.gpu_transfer)[0m
[32;20m[2026-06-03 07:32:43,741] LMCache INFO:[0m Stored 256 tokens in 0.004 seconds [3m(gpu_transfer.py:513:lmcache.v1.multiprocess.modules.gpu_transfer)[0m
[32;20m[2026-06-03 07:32:44,516] LMCache INFO:[0m Prefetch request completed (L1+L2): 170/172 retained keys (170 L1, 0 L2) in 1.1 ms (external_request_id=chatcmpl-2d3d04db-bd73-4bc5-be26-5ab36eba49c5-b1daea9f, prefetch_request_id=-1) [3m(storage_manager.py:575:lmcache.v1.distributed.storage_manager)[0m
[32;20m[2026-06-03 07:32:44,679] LMCache INFO:[0m Stored 512 tokens in 0.006 seconds [3m(gpu_transfer.py:513:lmcache.v1.multiprocess.modules.gpu_transfer)[0m
[32;20m[2026-06-03 07:32:45,777] LMCache INFO:[0m Stored 256 tokens in 0.004 seconds [3m(gpu_transfer.py:513:lmcache.v1.multiprocess.modules.gpu_transfer)[0m
[32;20m[2026-06-03 07:32:45,854] LMCache INFO:[0m Stored 256 tokens in 0.008 seconds [3m(gpu_transfer.py:513:lmcache.v1.multiprocess.modules.gpu_transfer)[0m
[32;20m[2026-06-03 07:32:45,977] LMCache INFO:[0m Stored 256 tokens in 0.004 seconds [3m(gpu_transfer.py:513:lmcache.v1.multiprocess.modules.gpu_transfer)[0m
[32;20m[2026-06-03 07:32:46,491] LMCache INFO:[0m Stored 256 tokens in 0.004 seconds [3m(gpu_transfer.py:513:lmcache.v1.multiprocess.modules.gpu_transfer)[0m
[32;20m[2026-06-03 07:32:46,830] LMCache INFO:[0m Stored 256 tokens in 0.009 seconds [3m(gpu_transfer.py:513:lmcache.v1.multiprocess.modules.gpu_transfer)[0m
[32;20m[2026-06-03 07:32:46,878] LMCache INFO:[0m Stored 256 tokens in 0.004 seconds [3m(gpu_transfer.py:513:lmcache.v1.multiprocess.modules.gpu_transfer)[0m
[32;20m[2026-06-03 07:32:47,547] LMCache INFO:[0m Stored 256 tokens in 0.002 seconds [3m(gpu_transfer.py:513:lmcache.v1.multiprocess.modules.gpu_transfer)[0m
[32;20m[2026-06-03 07:32:47,618] LMCache INFO:[0m Stored 256 tokens in 0.003 seconds [3m(gpu_transfer.py:513:lmcache.v1.multiprocess.modules.gpu_transfer)[0m
[32;20m[2026-06-03 07:32:47,731] LMCache INFO:[0m Stored 256 tokens in 0.002 seconds [3m(gpu_transfer.py:513:lmcache.v1.multiprocess.modules.gpu_transfer)[0m
[32;20m[2026-06-03 07:32:47,843] LMCache INFO:[0m Stored 256 tokens in 0.003 seconds [3m(gpu_transfer.py:513:lmcache.v1.multiprocess.modules.gpu_transfer)[0m
[32;20m[2026-06-03 07:32:48,079] LMCache INFO:[0m Stored 256 tokens in 0.003 seconds [3m(gpu_transfer.py:513:lmcache.v1.multiprocess.modules.gpu_transfer)[0m
[32;20m[2026-06-03 07:32:48,904] LMCache INFO:[0m Stored 256 tokens in 0.002 seconds [3m(gpu_transfer.py:513:lmcache.v1.multiprocess.modules.gpu_transfer)[0m
[32;20m[2026-06-03 07:32:48,986] LMCache INFO:[0m Prefetch request completed (L1+L2): 93/93 retained keys (93 L1, 0 L2) in 1.0 ms (external_request_id=chatcmpl-8441af5b-eb4d-486d-b7eb-6f0d417fe7d5-b4d7869b, prefetch_request_id=-1) [3m(storage_manager.py:575:lmcache.v1.distributed.storage_manager)[0m
[32;20m[2026-06-03 07:32:49,630] LMCache INFO:[0m Stored 256 tokens in 0.002 seconds [3m(gpu_transfer.py:513:lmcache.v1.multiprocess.modules.gpu_transfer)[0m
[32;20m[2026-06-03 07:32:50,094] LMCache INFO:[0m Stored 256 tokens in 0.004 seconds [3m(gpu_transfer.py:513:lmcache.v1.multiprocess.modules.gpu_transfer)[0m
[32;20m[2026-06-03 07:32:50,385] LMCache INFO:[0m Stored 256 tokens in 0.005 seconds [3m(gpu_transfer.py:513:lmcache.v1.multiprocess.modules.gpu_transfer)[0m
[32;20m[2026-06-03 07:32:50,815] LMCache INFO:[0m Stored 256 tokens in 0.002 seconds [3m(gpu_transfer.py:513:lmcache.v1.multiprocess.modules.gpu_transfer)[0m
[32;20m[2026-06-03 07:32:50,906] LMCache INFO:[0m Stored 256 tokens in 0.005 seconds [3m(gpu_transfer.py:513:lmcache.v1.multiprocess.modules.gpu_transfer)[0m
[32;20m[2026-06-03 07:32:51,833] LMCache INFO:[0m Prefetch request completed (L1+L2): 469/477 retained keys (469 L1, 0 L2) in 2.4 ms (external_request_id=chatcmpl-3636f778-474e-47e5-9c23-b6a1282faa7d-93740e3f, prefetch_request_id=-1) [3m(storage_manager.py:575:lmcache.v1.distributed.storage_manager)[0m
[32;20m[2026-06-03 07:32:52,058] LMCache INFO:[0m Prefetch request completed (L1+L2): 248/254 retained keys (248 L1, 0 L2) in 56.6 ms (external_request_id=chatcmpl-1f0627ec-35a4-4bc4-8551-f34c228c34e9-a59f8e72, prefetch_request_id=-1) [3m(storage_manager.py:575:lmcache.v1.distributed.storage_manager)[0m
[32;20m[2026-06-03 07:32:52,203] LMCache INFO:[0m Stored 2048 tokens in 0.015 seconds [3m(gpu_transfer.py:513:lmcache.v1.multiprocess.modules.gpu_transfer)[0m
[32;20m[2026-06-03 07:32:52,799] LMCache INFO:[0m Stored 1536 tokens in 0.009 seconds [3m(gpu_transfer.py:513:lmcache.v1.multiprocess.modules.gpu_transfer)[0m
[32;20m[2026-06-03 07:32:52,938] LMCache INFO:[0m Prefetch request completed (L1+L2): 350/353 retained keys (350 L1, 0 L2) in 2.3 ms (external_request_id=chatcmpl-19757098-be06-4e14-a601-82da8850ac83-92c768b3, prefetch_request_id=-1) [3m(storage_manager.py:575:lmcache.v1.distributed.storage_manager)[0m
[32;20m[2026-06-03 07:32:53,032] LMCache INFO:[0m Prefetch request completed (L1+L2): 170/172 retained keys (170 L1, 0 L2) in 1.1 ms (external_request_id=chatcmpl-a0c87b7a-f904-4356-9919-b58a584e4c87-89016055, prefetch_request_id=-1) [3m(storage_manager.py:575:lmcache.v1.distributed.storage_manager)[0m
[32;20m[2026-06-03 07:32:53,342] LMCache INFO:[0m Stored 768 tokens in 0.012 seconds [3m(gpu_transfer.py:513:lmcache.v1.multiprocess.modules.gpu_transfer)[0m
[32;20m[2026-06-03 07:32:53,789] LMCache INFO:[0m Stored 512 tokens in 0.006 seconds [3m(gpu_transfer.py:513:lmcache.v1.multiprocess.modules.gpu_transfer)[0m
[32;20m[2026-06-03 07:32:53,799] LMCache INFO:[0m Stored 256 tokens in 0.003 seconds [3m(gpu_transfer.py:513:lmcache.v1.multiprocess.modules.gpu_transfer)[0m
[32;20m[2026-06-03 07:32:56,063] LMCache INFO:[0m Stored 256 tokens in 0.004 seconds [3m(gpu_transfer.py:513:lmcache.v1.multiprocess.modules.gpu_transfer)[0m
[32;20m[2026-06-03 07:32:56,115] LMCache INFO:[0m Stored 256 tokens in 0.002 seconds [3m(gpu_transfer.py:513:lmcache.v1.multiprocess.modules.gpu_transfer)[0m
[32;20m[2026-06-03 07:32:56,230] LMCache INFO:[0m Prefetch request completed (L1+L2): 345/350 retained keys (345 L1, 0 L2) in 1.9 ms (external_request_id=chatcmpl-3716023c-86ac-4696-8ba4-260f32b7648a-9eba74b2, prefetch_request_id=-1) [3m(storage_manager.py:575:lmcache.v1.distributed.storage_manager)[0m
[32;20m[2026-06-03 07:32:56,533] LMCache INFO:[0m Stored 1280 tokens in 0.011 seconds [3m(gpu_transfer.py:513:lmcache.v1.multiprocess.modules.gpu_transfer)[0m
[32;20m[2026-06-03 07:32:56,970] LMCache INFO:[0m Stored 256 tokens in 0.004 seconds [3m(gpu_transfer.py:513:lmcache.v1.multiprocess.modules.gpu_transfer)[0m
[32;20m[2026-06-03 07:32:57,590] LMCache INFO:[0m Prefetch request completed (L1+L2): 913/922 retained keys (913 L1, 0 L2) in 3.2 ms (external_request_id=chatcmpl-ffce4578-0945-43e3-8c1d-ab3a856bce83-b8f90f67, prefetch_request_id=-1) [3m(storage_manager.py:575:lmcache.v1.distributed.storage_manager)[0m
[32;20m[2026-06-03 07:32:58,004] LMCache INFO:[0m Stored 2304 tokens in 0.026 seconds [3m(gpu_transfer.py:513:lmcache.v1.multiprocess.modules.gpu_transfer)[0m
[32;20m[2026-06-03 07:32:59,859] LMCache INFO:[0m Prefetch request completed (L1+L2): 441/443 retained keys (441 L1, 0 L2) in 1.4 ms (external_request_id=chatcmpl-44cff9af-afad-4765-959c-451306731169-819f0a52, prefetch_request_id=-1) [3m(storage_manager.py:575:lmcache.v1.distributed.storage_manager)[0m
[32;20m[2026-06-03 07:33:00,152] LMCache INFO:[0m Stored 512 tokens in 0.013 seconds [3m(gpu_transfer.py:513:lmcache.v1.multiprocess.modules.gpu_transfer)[0m
[32;20m[2026-06-03 07:33:00,814] LMCache INFO:[0m Stored 256 tokens in 0.009 seconds [3m(gpu_transfer.py:513:lmcache.v1.multiprocess.modules.gpu_transfer)[0m
[32;20m[2026-06-03 07:33:00,859] LMCache INFO:[0m Stored 256 tokens in 0.004 seconds [3m(gpu_transfer.py:513:lmcache.v1.multiprocess.modules.gpu_transfer)[0m
[32;20m[2026-06-03 07:33:00,867] LMCache INFO:[0m Stored 256 tokens in 0.004 seconds [3m(gpu_transfer.py:513:lmcache.v1.multiprocess.modules.gpu_transfer)[0m
[32;20m[2026-06-03 07:33:00,979] LMCache INFO:[0m Stored 256 tokens in 0.002 seconds [3m(gpu_transfer.py:513:lmcache.v1.multiprocess.modules.gpu_transfer)[0m
[32;20m[2026-06-03 07:33:01,266] LMCache INFO:[0m Stored 256 tokens in 0.007 seconds [3m(gpu_transfer.py:513:lmcache.v1.multiprocess.modules.gpu_transfer)[0m
[32;20m[2026-06-03 07:33:01,603] LMCache INFO:[0m Stored 256 tokens in 0.003 seconds [3m(gpu_transfer.py:513:lmcache.v1.multiprocess.modules.gpu_transfer)[0m
[32;20m[2026-06-03 07:33:01,731] LMCache INFO:[0m Stored 256 tokens in 0.002 seconds [3m(gpu_transfer.py:513:lmcache.v1.multiprocess.modules.gpu_transfer)[0m
[32;20m[2026-06-03 07:33:01,843] LMCache INFO:[0m Stored 256 tokens in 0.003 seconds [3m(gpu_transfer.py:513:lmcache.v1.multiprocess.modules.gpu_transfer)[0m
[32;20m[2026-06-03 07:33:02,076] LMCache INFO:[0m Stored 256 tokens in 0.003 seconds [3m(gpu_transfer.py:513:lmcache.v1.multiprocess.modules.gpu_transfer)[0m
[32;20m[2026-06-03 07:33:02,894] LMCache INFO:[0m Stored 256 tokens in 0.003 seconds [3m(gpu_transfer.py:513:lmcache.v1.multiprocess.modules.gpu_transfer)[0m
[32;20m[2026-06-03 07:33:04,097] LMCache INFO:[0m Prefetch request completed (L1+L2): 481/488 retained keys (481 L1, 0 L2) in 2.4 ms (external_request_id=chatcmpl-3c71fe38-6b4a-41df-b587-5277cbfe264e-8e66ca1d, prefetch_request_id=-1) [3m(storage_manager.py:575:lmcache.v1.distributed.storage_manager)[0m
[32;20m[2026-06-03 07:33:04,344] LMCache INFO:[0m Prefetch request completed (L1+L2): 299/299 retained keys (299 L1, 0 L2) in 30.2 ms (external_request_id=chatcmpl-6d4b66de-6410-46c2-902c-7dfa66eaa27a-851a80ff, prefetch_request_id=-1) [3m(storage_manager.py:575:lmcache.v1.distributed.storage_manager)[0m
[32;20m[2026-06-03 07:33:04,517] LMCache INFO:[0m Stored 1792 tokens in 0.066 seconds [3m(gpu_transfer.py:513:lmcache.v1.multiprocess.modules.gpu_transfer)[0m
[32;20m[2026-06-03 07:33:05,319] LMCache INFO:[0m Stored 256 tokens in 0.005 seconds [3m(gpu_transfer.py:513:lmcache.v1.multiprocess.modules.gpu_transfer)[0m
[32;20m[2026-06-03 07:33:05,610] LMCache INFO:[0m Prefetch request completed (L1+L2): 169/179 retained keys (169 L1, 0 L2) in 1.4 ms (external_request_id=chatcmpl-f505d5ed-957b-4078-b0a8-c893c4632e1a-90fca67a, prefetch_request_id=-1) [3m(storage_manager.py:575:lmcache.v1.distributed.storage_manager)[0m
[32;20m[2026-06-03 07:33:05,848] LMCache INFO:[0m Stored 2560 tokens in 0.007 seconds [3m(gpu_transfer.py:513:lmcache.v1.multiprocess.modules.gpu_transfer)[0m
[32;20m[2026-06-03 07:33:06,539] LMCache INFO:[0m Prefetch request completed (L1+L2): 504/506 retained keys (504 L1, 0 L2) in 2.2 ms (external_request_id=chatcmpl-6491451d-f89f-41d4-8830-d44b98789b92-bd90de58, prefetch_request_id=-1) [3m(storage_manager.py:575:lmcache.v1.distributed.storage_manager)[0m
[32;20m[2026-06-03 07:33:06,765] LMCache INFO:[0m Prefetch request completed (L1+L2): 172/173 retained keys (172 L1, 0 L2) in 47.3 ms (external_request_id=chatcmpl-6136a7ad-02db-499c-b166-9dfe2ca7019f-ade28395, prefetch_request_id=-1) [3m(storage_manager.py:575:lmcache.v1.distributed.storage_manager)[0m
[32;20m[2026-06-03 07:33:06,822] LMCache INFO:[0m Stored 512 tokens in 0.041 seconds [3m(gpu_transfer.py:513:lmcache.v1.multiprocess.modules.gpu_transfer)[0m
[32;20m[2026-06-03 07:33:07,291] LMCache INFO:[0m Stored 256 tokens in 0.006 seconds [3m(gpu_transfer.py:513:lmcache.v1.multiprocess.modules.gpu_transfer)[0m
[32;20m[2026-06-03 07:33:07,437] LMCache INFO:[0m Stored 256 tokens in 0.006 seconds [3m(gpu_transfer.py:513:lmcache.v1.multiprocess.modules.gpu_transfer)[0m
[32;20m[2026-06-03 07:33:07,679] LMCache INFO:[0m Stored 256 tokens in 0.009 seconds [3m(gpu_transfer.py:513:lmcache.v1.multiprocess.modules.gpu_transfer)[0m
[32;20m[2026-06-03 07:33:07,988] LMCache INFO:[0m Stored 256 tokens in 0.004 seconds [3m(gpu_transfer.py:513:lmcache.v1.multiprocess.modules.gpu_transfer)[0m
[32;20m[2026-06-03 07:33:08,083] LMCache INFO:[0m Stored 256 tokens in 0.005 seconds [3m(gpu_transfer.py:513:lmcache.v1.multiprocess.modules.gpu_transfer)[0m
[32;20m[2026-06-03 07:33:08,239] LMCache INFO:[0m Stored 256 tokens in 0.004 seconds [3m(gpu_transfer.py:513:lmcache.v1.multiprocess.modules.gpu_transfer)[0m
[32;20m[2026-06-03 07:33:08,839] LMCache INFO:[0m Stored 256 tokens in 0.003 seconds [3m(gpu_transfer.py:513:lmcache.v1.multiprocess.modules.gpu_transfer)[0m
[32;20m[2026-06-03 07:33:08,908] LMCache INFO:[0m Stored 256 tokens in 0.003 seconds [3m(gpu_transfer.py:513:lmcache.v1.multiprocess.modules.gpu_transfer)[0m
[32;20m[2026-06-03 07:33:11,468] LMCache INFO:[0m Stored 256 tokens in 0.008 seconds [3m(gpu_transfer.py:513:lmcache.v1.multiprocess.modules.gpu_transfer)[0m
[32;20m[2026-06-03 07:33:11,525] LMCache INFO:[0m Stored 256 tokens in 0.005 seconds [3m(gpu_transfer.py:513:lmcache.v1.multiprocess.modules.gpu_transfer)[0m
[32;20m[2026-06-03 07:33:11,639] LMCache INFO:[0m Stored 256 tokens in 0.004 seconds [3m(gpu_transfer.py:513:lmcache.v1.multiprocess.modules.gpu_transfer)[0m
[32;20m[2026-06-03 07:33:11,779] LMCache INFO:[0m Stored 256 tokens in 0.002 seconds [3m(gpu_transfer.py:513:lmcache.v1.multiprocess.modules.gpu_transfer)[0m
[32;20m[2026-06-03 07:33:12,504] LMCache INFO:[0m Stored 256 tokens in 0.010 seconds [3m(gpu_transfer.py:513:lmcache.v1.multiprocess.modules.gpu_transfer)[0m
[32;20m[2026-06-03 07:33:12,555] LMCache INFO:[0m Stored 256 tokens in 0.004 seconds [3m(gpu_transfer.py:513:lmcache.v1.multiprocess.modules.gpu_transfer)[0m
[32;20m[2026-06-03 07:33:12,561] LMCache INFO:[0m Stored 256 tokens in 0.003 seconds [3m(gpu_transfer.py:513:lmcache.v1.multiprocess.modules.gpu_transfer)[0m
[32;20m[2026-06-03 07:33:12,683] LMCache INFO:[0m Stored 256 tokens in 0.003 seconds [3m(gpu_transfer.py:513:lmcache.v1.multiprocess.modules.gpu_transfer)[0m
[32;20m[2026-06-03 07:33:12,809] LMCache INFO:[0m Prefetch request completed (L1+L2): 216/229 retained keys (216 L1, 0 L2) in 1.2 ms (external_request_id=chatcmpl-64d8f589-af03-45e3-ba57-e161bb2f523b-b046d437, prefetch_request_id=-1) [3m(storage_manager.py:575:lmcache.v1.distributed.storage_manager)[0m
[32;20m[2026-06-03 07:33:13,037] LMCache INFO:[0m Stored 3328 tokens in 0.009 seconds [3m(gpu_transfer.py:513:lmcache.v1.multiprocess.modules.gpu_transfer)[0m
[32;20m[2026-06-03 07:33:13,702] LMCache INFO:[0m Stored 256 tokens in 0.007 seconds [3m(gpu_transfer.py:513:lmcache.v1.multiprocess.modules.gpu_transfer)[0m
[32;20m[2026-06-03 07:33:14,076] LMCache INFO:[0m Stored 256 tokens in 0.004 seconds [3m(gpu_transfer.py:513:lmcache.v1.multiprocess.modules.gpu_transfer)[0m
[32;20m[2026-06-03 07:33:14,323] LMCache INFO:[0m Stored 256 tokens in 0.004 seconds [3m(gpu_transfer.py:513:lmcache.v1.multiprocess.modules.gpu_transfer)[0m
[32;20m[2026-06-03 07:33:14,503] LMCache INFO:[0m Stored 256 tokens in 0.004 seconds [3m(gpu_transfer.py:513:lmcache.v1.multiprocess.modules.gpu_transfer)[0m
[32;20m[2026-06-03 07:33:14,575] LMCache INFO:[0m Stored 256 tokens in 0.003 seconds [3m(gpu_transfer.py:513:lmcache.v1.multiprocess.modules.gpu_transfer)[0m
[32;20m[2026-06-03 07:33:15,443] LMCache INFO:[0m Stored 256 tokens in 0.004 seconds [3m(gpu_transfer.py:513:lmcache.v1.multiprocess.modules.gpu_transfer)[0m
[32;20m[2026-06-03 07:33:15,512] LMCache INFO:[0m Stored 256 tokens in 0.002 seconds [3m(gpu_transfer.py:513:lmcache.v1.multiprocess.modules.gpu_transfer)[0m
[32;20m[2026-06-03 07:33:16,663] LMCache INFO:[0m Stored 256 tokens in 0.006 seconds [3m(gpu_transfer.py:513:lmcache.v1.multiprocess.modules.gpu_transfer)[0m
[32;20m[2026-06-03 07:33:16,963] LMCache INFO:[0m Stored 256 tokens in 0.006 seconds [3m(gpu_transfer.py:513:lmcache.v1.multiprocess.modules.gpu_transfer)[0m
[32;20m[2026-06-03 07:33:17,409] LMCache INFO:[0m Stored 256 tokens in 0.005 seconds [3m(gpu_transfer.py:513:lmcache.v1.multiprocess.modules.gpu_transfer)[0m
[32;20m[2026-06-03 07:33:17,493] LMCache INFO:[0m Stored 256 tokens in 0.006 seconds [3m(gpu_transfer.py:513:lmcache.v1.multiprocess.modules.gpu_transfer)[0m
[32;20m[2026-06-03 07:33:17,628] LMCache INFO:[0m Stored 256 tokens in 0.004 seconds [3m(gpu_transfer.py:513:lmcache.v1.multiprocess.modules.gpu_transfer)[0m
[32;20m[2026-06-03 07:33:18,151] LMCache INFO:[0m Prefetch request completed (L1+L2): 236/236 retained keys (236 L1, 0 L2) in 1.0 ms (external_request_id=chatcmpl-f7d51383-367b-4d9f-846b-4a81647c9405-95085b12, prefetch_request_id=-1) [3m(storage_manager.py:575:lmcache.v1.distributed.storage_manager)[0m
[32;20m[2026-06-03 07:33:18,267] LMCache INFO:[0m Stored 256 tokens in 0.004 seconds [3m(gpu_transfer.py:513:lmcache.v1.multiprocess.modules.gpu_transfer)[0m
[32;20m[2026-06-03 07:33:18,328] LMCache INFO:[0m Stored 256 tokens in 0.004 seconds [3m(gpu_transfer.py:513:lmcache.v1.multiprocess.modules.gpu_transfer)[0m
[32;20m[2026-06-03 07:33:19,254] LMCache INFO:[0m Prefetch request completed (L1+L2): 173/174 retained keys (173 L1, 0 L2) in 1.2 ms (external_request_id=chatcmpl-8fb2df8a-d707-4f69-832a-36b25c14ee51-96bf4edb, prefetch_request_id=-1) [3m(storage_manager.py:575:lmcache.v1.distributed.storage_manager)[0m
[32;20m[2026-06-03 07:33:19,425] LMCache INFO:[0m Stored 256 tokens in 0.007 seconds [3m(gpu_transfer.py:513:lmcache.v1.multiprocess.modules.gpu_transfer)[0m
[32;20m[2026-06-03 07:33:20,914] LMCache INFO:[0m Stored 256 tokens in 0.008 seconds [3m(gpu_transfer.py:513:lmcache.v1.multiprocess.modules.gpu_transfer)[0m
[32;20m[2026-06-03 07:33:21,098] LMCache INFO:[0m Stored 256 tokens in 0.004 seconds [3m(gpu_transfer.py:513:lmcache.v1.multiprocess.modules.gpu_transfer)[0m
[32;20m[2026-06-03 07:33:21,152] LMCache INFO:[0m Stored 256 tokens in 0.004 seconds [3m(gpu_transfer.py:513:lmcache.v1.multiprocess.modules.gpu_transfer)[0m
[32;20m[2026-06-03 07:33:21,263] LMCache INFO:[0m Stored 256 tokens in 0.004 seconds [3m(gpu_transfer.py:513:lmcache.v1.multiprocess.modules.gpu_transfer)[0m
[32;20m[2026-06-03 07:33:21,973] LMCache INFO:[0m Prefetch request completed (L1+L2): 264/267 retained keys (264 L1, 0 L2) in 1.4 ms (external_request_id=chatcmpl-c882cd7a-65ba-4f22-8727-995436e83fa8-bae1254d, prefetch_request_id=-1) [3m(storage_manager.py:575:lmcache.v1.distributed.storage_manager)[0m
[32;20m[2026-06-03 07:33:22,155] LMCache INFO:[0m Stored 768 tokens in 0.009 seconds [3m(gpu_transfer.py:513:lmcache.v1.multiprocess.modules.gpu_transfer)[0m
[32;20m[2026-06-03 07:33:22,560] LMCache INFO:[0m Stored 256 tokens in 0.004 seconds [3m(gpu_transfer.py:513:lmcache.v1.multiprocess.modules.gpu_transfer)[0m
[32;20m[2026-06-03 07:33:22,608] LMCache INFO:[0m Stored 256 tokens in 0.005 seconds [3m(gpu_transfer.py:513:lmcache.v1.multiprocess.modules.gpu_transfer)[0m
[32;20m[2026-06-03 07:33:22,613] LMCache INFO:[0m Stored 256 tokens in 0.002 seconds [3m(gpu_transfer.py:513:lmcache.v1.multiprocess.modules.gpu_transfer)[0m
[32;20m[2026-06-03 07:33:22,734] LMCache INFO:[0m Stored 256 tokens in 0.002 seconds [3m(gpu_transfer.py:513:lmcache.v1.multiprocess.modules.gpu_transfer)[0m
[32;20m[2026-06-03 07:33:23,025] LMCache INFO:[0m Stored 256 tokens in 0.006 seconds [3m(gpu_transfer.py:513:lmcache.v1.multiprocess.modules.gpu_transfer)[0m
[32;20m[2026-06-03 07:33:23,260] LMCache INFO:[0m Prefetch request completed (L1+L2): 248/248 retained keys (248 L1, 0 L2) in 1.5 ms (external_request_id=chatcmpl-17ef27cb-a99f-4045-b2e5-46080715bb9f-88add55c, prefetch_request_id=-1) [3m(storage_manager.py:575:lmcache.v1.distributed.storage_manager)[0m
[32;20m[2026-06-03 07:33:23,326] LMCache INFO:[0m Retrieved 1280 tokens in 0.024 seconds [3m(gpu_transfer.py:728:lmcache.v1.multiprocess.modules.gpu_transfer)[0m
[32;20m[2026-06-03 07:33:23,327] LMCache INFO:[0m Retrieved 1280 tokens in 0.013 seconds [3m(gpu_transfer.py:728:lmcache.v1.multiprocess.modules.gpu_transfer)[0m
[32;20m[2026-06-03 07:33:23,327] LMCache INFO:[0m Retrieved 1280 tokens in 0.005 seconds [3m(gpu_transfer.py:728:lmcache.v1.multiprocess.modules.gpu_transfer)[0m
[32;20m[2026-06-03 07:33:23,332] LMCache INFO:[0m Retrieved 1280 tokens in 0.002 seconds [3m(gpu_transfer.py:728:lmcache.v1.multiprocess.modules.gpu_transfer)[0m
[32;20m[2026-06-03 07:33:24,030] LMCache INFO:[0m Stored 256 tokens in 0.004 seconds [3m(gpu_transfer.py:513:lmcache.v1.multiprocess.modules.gpu_transfer)[0m
[32;20m[2026-06-03 07:33:24,206] LMCache INFO:[0m Stored 256 tokens in 0.004 seconds [3m(gpu_transfer.py:513:lmcache.v1.multiprocess.modules.gpu_transfer)[0m
[32;20m[2026-06-03 07:33:24,266] LMCache INFO:[0m Stored 256 tokens in 0.002 seconds [3m(gpu_transfer.py:513:lmcache.v1.multiprocess.modules.gpu_transfer)[0m
[32;20m[2026-06-03 07:33:24,306] LMCache INFO:[0m Stored 256 tokens in 0.003 seconds [3m(gpu_transfer.py:513:lmcache.v1.multiprocess.modules.gpu_transfer)[0m
[32;20m[2026-06-03 07:33:25,124] LMCache INFO:[0m Stored 256 tokens in 0.002 seconds [3m(gpu_transfer.py:513:lmcache.v1.multiprocess.modules.gpu_transfer)[0m
[32;20m[2026-06-03 07:33:25,193] LMCache INFO:[0m Stored 256 tokens in 0.001 seconds [3m(gpu_transfer.py:513:lmcache.v1.multiprocess.modules.gpu_transfer)[0m
[32;20m[2026-06-03 07:33:26,353] LMCache INFO:[0m Stored 256 tokens in 0.005 seconds [3m(gpu_transfer.py:513:lmcache.v1.multiprocess.modules.gpu_transfer)[0m
[32;20m[2026-06-03 07:33:26,458] LMCache INFO:[0m Prefetch request completed (L1+L2): 229/230 retained keys (229 L1, 0 L2) in 1.1 ms (external_request_id=chatcmpl-6c320f09-80e7-4440-8b78-12c8214b63c9-a65fe214, prefetch_request_id=-1) [3m(storage_manager.py:575:lmcache.v1.distributed.storage_manager)[0m
[32;20m[2026-06-03 07:33:26,639] LMCache INFO:[0m Stored 256 tokens in 0.008 seconds [3m(gpu_transfer.py:513:lmcache.v1.multiprocess.modules.gpu_transfer)[0m
[32;20m[2026-06-03 07:33:27,111] LMCache INFO:[0m Prefetch request completed (L1+L2): 299/301 retained keys (299 L1, 0 L2) in 22.2 ms (external_request_id=chatcmpl-ca2e496d-3028-4c5f-8b04-94b1e2730efd-9a0eaa18, prefetch_request_id=-1) [3m(storage_manager.py:575:lmcache.v1.distributed.storage_manager)[0m
[32;20m[2026-06-03 07:33:27,455] LMCache INFO:[0m Stored 512 tokens in 0.020 seconds [3m(gpu_transfer.py:513:lmcache.v1.multiprocess.modules.gpu_transfer)[0m
[32;20m[2026-06-03 07:33:27,471] LMCache INFO:[0m Prefetch request completed (L1+L2): 236/236 retained keys (236 L1, 0 L2) in 17.0 ms (external_request_id=chatcmpl-3f7cc8cb-54f6-4f93-a1e4-15df4bb13607-9a8e66bc, prefetch_request_id=-1) [3m(storage_manager.py:575:lmcache.v1.distributed.storage_manager)[0m
[32;20m[2026-06-03 07:33:27,741] LMCache INFO:[0m Prefetch request completed (L1+L2): 154/154 retained keys (154 L1, 0 L2) in 1.1 ms (external_request_id=chatcmpl-0b4acfa5-6a85-4e16-897f-198805d67f96-81497b4c, prefetch_request_id=-1) [3m(storage_manager.py:575:lmcache.v1.distributed.storage_manager)[0m
[32;20m[2026-06-03 07:33:27,849] LMCache INFO:[0m Prefetch request completed (L1+L2): 325/329 retained keys (325 L1, 0 L2) in 1.6 ms (external_request_id=chatcmpl-9f8a2ab4-ff33-4e29-ae7c-2e8991310e6f-b71d6f56, prefetch_request_id=-1) [3m(storage_manager.py:575:lmcache.v1.distributed.storage_manager)[0m
[32;20m[2026-06-03 07:33:28,061] LMCache INFO:[0m Stored 1024 tokens in 0.010 seconds [3m(gpu_transfer.py:513:lmcache.v1.multiprocess.modules.gpu_transfer)[0m
[32;20m[2026-06-03 07:33:28,661] LMCache INFO:[0m Prefetch request completed (L1+L2): 437/440 retained keys (437 L1, 0 L2) in 1.3 ms (external_request_id=chatcmpl-09874242-2824-417f-8042-8f04c30bacdf-acd0858d, prefetch_request_id=-1) [3m(storage_manager.py:575:lmcache.v1.distributed.storage_manager)[0m
[32;20m[2026-06-03 07:33:28,949] LMCache INFO:[0m Stored 768 tokens in 0.016 seconds [3m(gpu_transfer.py:513:lmcache.v1.multiprocess.modules.gpu_transfer)[0m
[32;20m[2026-06-03 07:33:29,389] LMCache INFO:[0m Stored 256 tokens in 0.003 seconds [3m(gpu_transfer.py:513:lmcache.v1.multiprocess.modules.gpu_transfer)[0m
[32;20m[2026-06-03 07:33:29,724] LMCache INFO:[0m Stored 256 tokens in 0.005 seconds [3m(gpu_transfer.py:513:lmcache.v1.multiprocess.modules.gpu_transfer)[0m
[32;20m[2026-06-03 07:33:29,806] LMCache INFO:[0m Stored 256 tokens in 0.006 seconds [3m(gpu_transfer.py:513:lmcache.v1.multiprocess.modules.gpu_transfer)[0m
[32;20m[2026-06-03 07:33:29,939] LMCache INFO:[0m Stored 256 tokens in 0.004 seconds [3m(gpu_transfer.py:513:lmcache.v1.multiprocess.modules.gpu_transfer)[0m
[32;20m[2026-06-03 07:33:30,521] LMCache INFO:[0m Stored 256 tokens in 0.004 seconds [3m(gpu_transfer.py:513:lmcache.v1.multiprocess.modules.gpu_transfer)[0m
[32;20m[2026-06-03 07:33:31,635] LMCache INFO:[0m Stored 256 tokens in 0.008 seconds [3m(gpu_transfer.py:513:lmcache.v1.multiprocess.modules.gpu_transfer)[0m
[32;20m[2026-06-03 07:33:32,858] LMCache INFO:[0m Stored 256 tokens in 0.002 seconds [3m(gpu_transfer.py:513:lmcache.v1.multiprocess.modules.gpu_transfer)[0m
[32;20m[2026-06-03 07:33:33,003] LMCache INFO:[0m Stored 256 tokens in 0.004 seconds [3m(gpu_transfer.py:513:lmcache.v1.multiprocess.modules.gpu_transfer)[0m
[32;20m[2026-06-03 07:33:33,255] LMCache INFO:[0m Prefetch request completed (L1+L2): 267/269 retained keys (267 L1, 0 L2) in 1.4 ms (external_request_id=chatcmpl-a2430f11-0068-4b94-8648-a3118e4fc212-b7d2e052, prefetch_request_id=-1) [3m(storage_manager.py:575:lmcache.v1.distributed.storage_manager)[0m
[32;20m[2026-06-03 07:33:33,454] LMCache INFO:[0m Stored 512 tokens in 0.013 seconds [3m(gpu_transfer.py:513:lmcache.v1.multiprocess.modules.gpu_transfer)[0m
[32;20m[2026-06-03 07:33:33,689] LMCache INFO:[0m Stored 256 tokens in 0.004 seconds [3m(gpu_transfer.py:513:lmcache.v1.multiprocess.modules.gpu_transfer)[0m
[32;20m[2026-06-03 07:33:34,141] LMCache INFO:[0m Stored 256 tokens in 0.003 seconds [3m(gpu_transfer.py:513:lmcache.v1.multiprocess.modules.gpu_transfer)[0m
[32;20m[2026-06-03 07:33:34,480] LMCache INFO:[0m Stored 256 tokens in 0.004 seconds [3m(gpu_transfer.py:513:lmcache.v1.multiprocess.modules.gpu_transfer)[0m
[32;20m[2026-06-03 07:33:34,504] LMCache INFO:[0m Stored 256 tokens in 0.004 seconds [3m(gpu_transfer.py:513:lmcache.v1.multiprocess.modules.gpu_transfer)[0m
[32;20m[2026-06-03 07:33:34,608] LMCache INFO:[0m Stored 256 tokens in 0.002 seconds [3m(gpu_transfer.py:513:lmcache.v1.multiprocess.modules.gpu_transfer)[0m
[32;20m[2026-06-03 07:33:34,728] LMCache INFO:[0m Prefetch request completed (L1+L2): 395/398 retained keys (395 L1, 0 L2) in 1.8 ms (external_request_id=chatcmpl-4d54dc88-c923-45c3-88b2-8d41caae5770-a61cf350, prefetch_request_id=-1) [3m(storage_manager.py:575:lmcache.v1.distributed.storage_manager)[0m
[32;20m[2026-06-03 07:33:34,928] LMCache INFO:[0m Stored 768 tokens in 0.012 seconds [3m(gpu_transfer.py:513:lmcache.v1.multiprocess.modules.gpu_transfer)[0m
[32;20m[2026-06-03 07:33:35,334] LMCache INFO:[0m Stored 256 tokens in 0.004 seconds [3m(gpu_transfer.py:513:lmcache.v1.multiprocess.modules.gpu_transfer)[0m
[32;20m[2026-06-03 07:33:35,556] LMCache INFO:[0m Stored 256 tokens in 0.006 seconds [3m(gpu_transfer.py:513:lmcache.v1.multiprocess.modules.gpu_transfer)[0m
[32;20m[2026-06-03 07:33:36,073] LMCache INFO:[0m Prefetch request completed (L1+L2): 350/352 retained keys (350 L1, 0 L2) in 1.9 ms (external_request_id=chatcmpl-4668d47e-01ff-44ba-bcbe-4e1a229bd083-a743169e, prefetch_request_id=-1) [3m(storage_manager.py:575:lmcache.v1.distributed.storage_manager)[0m
[32;20m[2026-06-03 07:33:36,272] LMCache INFO:[0m Stored 512 tokens in 0.011 seconds [3m(gpu_transfer.py:513:lmcache.v1.multiprocess.modules.gpu_transfer)[0m
[32;20m[2026-06-03 07:33:36,705] LMCache INFO:[0m Stored 256 tokens in 0.003 seconds [3m(gpu_transfer.py:513:lmcache.v1.multiprocess.modules.gpu_transfer)[0m
[32;20m[2026-06-03 07:33:36,886] LMCache INFO:[0m Stored 256 tokens in 0.004 seconds [3m(gpu_transfer.py:513:lmcache.v1.multiprocess.modules.gpu_transfer)[0m
[32;20m[2026-06-03 07:33:36,950] LMCache INFO:[0m Stored 256 tokens in 0.003 seconds [3m(gpu_transfer.py:513:lmcache.v1.multiprocess.modules.gpu_transfer)[0m
[32;20m[2026-06-03 07:33:36,989] LMCache INFO:[0m Stored 256 tokens in 0.003 seconds [3m(gpu_transfer.py:513:lmcache.v1.multiprocess.modules.gpu_transfer)[0m
[32;20m[2026-06-03 07:33:37,810] LMCache INFO:[0m Stored 256 tokens in 0.003 seconds [3m(gpu_transfer.py:513:lmcache.v1.multiprocess.modules.gpu_transfer)[0m
[32;20m[2026-06-03 07:33:37,879] LMCache INFO:[0m Stored 256 tokens in 0.002 seconds [3m(gpu_transfer.py:513:lmcache.v1.multiprocess.modules.gpu_transfer)[0m
[32;20m[2026-06-03 07:33:38,148] LMCache INFO:[0m Prefetch request completed (L1+L2): 230/254 retained keys (230 L1, 0 L2) in 1.4 ms (external_request_id=chatcmpl-20d126a4-17d2-4e38-aef1-784f4e8bbae2-8b551f0a, prefetch_request_id=-1) [3m(storage_manager.py:575:lmcache.v1.distributed.storage_manager)[0m
[32;20m[2026-06-03 07:33:38,390] LMCache INFO:[0m Stored 6144 tokens in 0.010 seconds [3m(gpu_transfer.py:513:lmcache.v1.multiprocess.modules.gpu_transfer)[0m
[32;20m[2026-06-03 07:33:39,660] LMCache INFO:[0m Stored 256 tokens in 0.003 seconds [3m(gpu_transfer.py:513:lmcache.v1.multiprocess.modules.gpu_transfer)[0m
[32;20m[2026-06-03 07:33:40,153] LMCache INFO:[0m Stored 256 tokens in 0.006 seconds [3m(gpu_transfer.py:513:lmcache.v1.multiprocess.modules.gpu_transfer)[0m
[32;20m[2026-06-03 07:33:40,675] LMCache INFO:[0m Stored 256 tokens in 0.004 seconds [3m(gpu_transfer.py:513:lmcache.v1.multiprocess.modules.gpu_transfer)[0m
[32;20m[2026-06-03 07:33:41,011] LMCache INFO:[0m Stored 256 tokens in 0.004 seconds [3m(gpu_transfer.py:513:lmcache.v1.multiprocess.modules.gpu_transfer)[0m
[32;20m[2026-06-03 07:33:41,096] LMCache INFO:[0m Stored 256 tokens in 0.006 seconds [3m(gpu_transfer.py:513:lmcache.v1.multiprocess.modules.gpu_transfer)[0m
[32;20m[2026-06-03 07:33:41,232] LMCache INFO:[0m Stored 256 tokens in 0.004 seconds [3m(gpu_transfer.py:513:lmcache.v1.multiprocess.modules.gpu_transfer)[0m
[32;20m[2026-06-03 07:33:41,299] LMCache INFO:[0m Stored 256 tokens in 0.003 seconds [3m(gpu_transfer.py:513:lmcache.v1.multiprocess.modules.gpu_transfer)[0m
[32;20m[2026-06-03 07:33:41,711] LMCache INFO:[0m Prefetch request completed (L1+L2): 629/632 retained keys (629 L1, 0 L2) in 3.2 ms (external_request_id=chatcmpl-5fe45b43-612d-438c-9f6f-5a25b7c5967e-8f79987d, prefetch_request_id=-1) [3m(storage_manager.py:575:lmcache.v1.distributed.storage_manager)[0m
[32;20m[2026-06-03 07:33:42,006] LMCache INFO:[0m Stored 768 tokens in 0.064 seconds [3m(gpu_transfer.py:513:lmcache.v1.multiprocess.modules.gpu_transfer)[0m
[32;20m[2026-06-03 07:33:42,984] LMCache INFO:[0m Prefetch request completed (L1+L2): 93/93 retained keys (93 L1, 0 L2) in 0.9 ms (external_request_id=chatcmpl-d41dbf51-f9c8-4f6e-85a2-c68250a56cde-bb7db305, prefetch_request_id=-1) [3m(storage_manager.py:575:lmcache.v1.distributed.storage_manager)[0m
[32;20m[2026-06-03 07:33:44,051] LMCache INFO:[0m Stored 256 tokens in 0.003 seconds [3m(gpu_transfer.py:513:lmcache.v1.multiprocess.modules.gpu_transfer)[0m
[32;20m[2026-06-03 07:33:45,488] LMCache INFO:[0m Stored 256 tokens in 0.004 seconds [3m(gpu_transfer.py:513:lmcache.v1.multiprocess.modules.gpu_transfer)[0m
[32;20m[2026-06-03 07:33:45,665] LMCache INFO:[0m Stored 256 tokens in 0.004 seconds [3m(gpu_transfer.py:513:lmcache.v1.multiprocess.modules.gpu_transfer)[0m
[32;20m[2026-06-03 07:33:46,179] LMCache INFO:[0m Stored 256 tokens in 0.003 seconds [3m(gpu_transfer.py:513:lmcache.v1.multiprocess.modules.gpu_transfer)[0m
[32;20m[2026-06-03 07:33:46,482] LMCache INFO:[0m Stored 256 tokens in 0.004 seconds [3m(gpu_transfer.py:513:lmcache.v1.multiprocess.modules.gpu_transfer)[0m
[32;20m[2026-06-03 07:33:46,617] LMCache INFO:[0m Stored 256 tokens in 0.003 seconds [3m(gpu_transfer.py:513:lmcache.v1.multiprocess.modules.gpu_transfer)[0m
[32;20m[2026-06-03 07:33:46,696] LMCache INFO:[0m Stored 256 tokens in 0.004 seconds [3m(gpu_transfer.py:513:lmcache.v1.multiprocess.modules.gpu_transfer)[0m
[32;20m[2026-06-03 07:33:46,949] LMCache INFO:[0m Stored 256 tokens in 0.007 seconds [3m(gpu_transfer.py:513:lmcache.v1.multiprocess.modules.gpu_transfer)[0m
[32;20m[2026-06-03 07:33:47,647] LMCache INFO:[0m Stored 256 tokens in 0.004 seconds [3m(gpu_transfer.py:513:lmcache.v1.multiprocess.modules.gpu_transfer)[0m
[32;20m[2026-06-03 07:33:47,697] LMCache INFO:[0m Stored 256 tokens in 0.003 seconds [3m(gpu_transfer.py:513:lmcache.v1.multiprocess.modules.gpu_transfer)[0m
[32;20m[2026-06-03 07:33:47,735] LMCache INFO:[0m Stored 256 tokens in 0.003 seconds [3m(gpu_transfer.py:513:lmcache.v1.multiprocess.modules.gpu_transfer)[0m
[32;20m[2026-06-03 07:33:48,385] LMCache INFO:[0m Stored 256 tokens in 0.010 seconds [3m(gpu_transfer.py:513:lmcache.v1.multiprocess.modules.gpu_transfer)[0m
[32;20m[2026-06-03 07:33:48,417] LMCache INFO:[0m Stored 256 tokens in 0.005 seconds [3m(gpu_transfer.py:513:lmcache.v1.multiprocess.modules.gpu_transfer)[0m
[32;20m[2026-06-03 07:33:48,512] LMCache INFO:[0m Stored 256 tokens in 0.003 seconds [3m(gpu_transfer.py:513:lmcache.v1.multiprocess.modules.gpu_transfer)[0m
[32;20m[2026-06-03 07:33:48,891] LMCache INFO:[0m Prefetch request completed (L1+L2): 172/173 retained keys (172 L1, 0 L2) in 1.3 ms (external_request_id=chatcmpl-86fab68f-80a9-427f-af8c-36622fe6ae6c-8cdc297c, prefetch_request_id=-1) [3m(storage_manager.py:575:lmcache.v1.distributed.storage_manager)[0m
[32;20m[2026-06-03 07:33:49,073] LMCache INFO:[0m Stored 256 tokens in 0.006 seconds [3m(gpu_transfer.py:513:lmcache.v1.multiprocess.modules.gpu_transfer)[0m
[32;20m[2026-06-03 07:33:49,336] LMCache INFO:[0m Stored 256 tokens in 0.003 seconds [3m(gpu_transfer.py:513:lmcache.v1.multiprocess.modules.gpu_transfer)[0m
[32;20m[2026-06-03 07:33:49,396] LMCache INFO:[0m Stored 256 tokens in 0.002 seconds [3m(gpu_transfer.py:513:lmcache.v1.multiprocess.modules.gpu_transfer)[0m
[32;20m[2026-06-03 07:33:49,498] LMCache INFO:[0m Stored 256 tokens in 0.002 seconds [3m(gpu_transfer.py:513:lmcache.v1.multiprocess.modules.gpu_transfer)[0m
[32;20m[2026-06-03 07:33:49,800] LMCache INFO:[0m Stored 256 tokens in 0.002 seconds [3m(gpu_transfer.py:513:lmcache.v1.multiprocess.modules.gpu_transfer)[0m
[32;20m[2026-06-03 07:33:50,274] LMCache INFO:[0m Stored 256 tokens in 0.003 seconds [3m(gpu_transfer.py:513:lmcache.v1.multiprocess.modules.gpu_transfer)[0m
[32;20m[2026-06-03 07:33:50,635] LMCache INFO:[0m Stored 256 tokens in 0.006 seconds [3m(gpu_transfer.py:513:lmcache.v1.multiprocess.modules.gpu_transfer)[0m
[32;20m[2026-06-03 07:33:50,732] LMCache INFO:[0m Stored 256 tokens in 0.004 seconds [3m(gpu_transfer.py:513:lmcache.v1.multiprocess.modules.gpu_transfer)[0m
[32;20m[2026-06-03 07:33:52,203] LMCache INFO:[0m Prefetch request completed (L1+L2): 236/236 retained keys (236 L1, 0 L2) in 1.7 ms (external_request_id=chatcmpl-86dab6f1-02fb-4728-94e6-d6052c205a33-823a6444, prefetch_request_id=-1) [3m(storage_manager.py:575:lmcache.v1.distributed.storage_manager)[0m
[32;20m[2026-06-03 07:33:52,732] LMCache INFO:[0m Prefetch request completed (L1+L2): 249/249 retained keys (249 L1, 0 L2) in 22.1 ms (external_request_id=chatcmpl-d39ad82a-c5f2-4693-8b9a-f8d12750c1f9-bc696b12, prefetch_request_id=-1) [3m(storage_manager.py:575:lmcache.v1.distributed.storage_manager)[0m
[32;20m[2026-06-03 07:33:52,850] LMCache INFO:[0m Retrieved 256 tokens in 0.021 seconds [3m(gpu_transfer.py:728:lmcache.v1.multiprocess.modules.gpu_transfer)[0m
[32;20m[2026-06-03 07:33:52,851] LMCache INFO:[0m Retrieved 256 tokens in 0.031 seconds [3m(gpu_transfer.py:728:lmcache.v1.multiprocess.modules.gpu_transfer)[0m
[32;20m[2026-06-03 07:33:52,851] LMCache INFO:[0m Retrieved 256 tokens in 0.026 seconds [3m(gpu_transfer.py:728:lmcache.v1.multiprocess.modules.gpu_transfer)[0m
[32;20m[2026-06-03 07:33:52,856] LMCache INFO:[0m Retrieved 256 tokens in 0.003 seconds [3m(gpu_transfer.py:728:lmcache.v1.multiprocess.modules.gpu_transfer)[0m
[32;20m[2026-06-03 07:33:52,895] LMCache INFO:[0m Prefetch request completed (L1+L2): 179/247 retained keys (179 L1, 0 L2) in 1.4 ms (external_request_id=chatcmpl-e763d5f8-3595-45dd-b542-f24229ef704b-98844b31, prefetch_request_id=-1) [3m(storage_manager.py:575:lmcache.v1.distributed.storage_manager)[0m
[32;20m[2026-06-03 07:33:53,083] LMCache INFO:[0m Stored 8192 tokens in 0.009 seconds [3m(gpu_transfer.py:513:lmcache.v1.multiprocess.modules.gpu_transfer)[0m
[32;20m[2026-06-03 07:33:54,167] LMCache INFO:[0m Stored 8192 tokens in 0.006 seconds [3m(gpu_transfer.py:513:lmcache.v1.multiprocess.modules.gpu_transfer)[0m
[32;20m[2026-06-03 07:33:54,265] LMCache INFO:[0m Prefetch request completed (L1+L2): 351/353 retained keys (351 L1, 0 L2) in 22.4 ms (external_request_id=chatcmpl-2a812995-a0e7-48d2-9c59-ef1657ffab33-a3c87817, prefetch_request_id=-1) [3m(storage_manager.py:575:lmcache.v1.distributed.storage_manager)[0m
[32;20m[2026-06-03 07:33:55,410] LMCache INFO:[0m Prefetch request completed (L1+L2): 255/258 retained keys (255 L1, 0 L2) in 16.9 ms (external_request_id=chatcmpl-b2124f25-5673-402f-9cb6-dc2f8787aa13-815a6deb, prefetch_request_id=-1) [3m(storage_manager.py:575:lmcache.v1.distributed.storage_manager)[0m
[32;20m[2026-06-03 07:33:55,621] LMCache INFO:[0m Stored 512 tokens in 0.033 seconds [3m(gpu_transfer.py:513:lmcache.v1.multiprocess.modules.gpu_transfer)[0m
[32;20m[2026-06-03 07:33:56,018] LMCache INFO:[0m Stored 1024 tokens in 0.004 seconds [3m(gpu_transfer.py:513:lmcache.v1.multiprocess.modules.gpu_transfer)[0m
[32;20m[2026-06-03 07:33:56,148] LMCache INFO:[0m Prefetch request completed (L1+L2): 506/506 retained keys (506 L1, 0 L2) in 1.8 ms (external_request_id=chatcmpl-912b10c9-8d55-4264-991b-26e90bfee0a9-8c614847, prefetch_request_id=-1) [3m(storage_manager.py:575:lmcache.v1.distributed.storage_manager)[0m
[32;20m[2026-06-03 07:33:56,309] LMCache INFO:[0m Stored 768 tokens in 0.091 seconds [3m(gpu_transfer.py:513:lmcache.v1.multiprocess.modules.gpu_transfer)[0m
[32;20m[2026-06-03 07:33:56,779] LMCache INFO:[0m Stored 256 tokens in 0.003 seconds [3m(gpu_transfer.py:513:lmcache.v1.multiprocess.modules.gpu_transfer)[0m
[32;20m[2026-06-03 07:33:56,926] LMCache INFO:[0m Stored 256 tokens in 0.015 seconds [3m(gpu_transfer.py:513:lmcache.v1.multiprocess.modules.gpu_transfer)[0m
[32;20m[2026-06-03 07:33:57,315] LMCache INFO:[0m Stored 256 tokens in 0.005 seconds [3m(gpu_transfer.py:513:lmcache.v1.multiprocess.modules.gpu_transfer)[0m
[32;20m[2026-06-03 07:33:57,457] LMCache INFO:[0m Stored 256 tokens in 0.004 seconds [3m(gpu_transfer.py:513:lmcache.v1.multiprocess.modules.gpu_transfer)[0m
[32;20m[2026-06-03 07:33:58,194] LMCache INFO:[0m Prefetch request completed (L1+L2): 301/302 retained keys (301 L1, 0 L2) in 17.2 ms (external_request_id=chatcmpl-ea1c3f96-190b-4619-a23c-52f5047e06d2-b7e7c8ff, prefetch_request_id=-1) [3m(storage_manager.py:575:lmcache.v1.distributed.storage_manager)[0m
[32;20m[2026-06-03 07:33:58,478] LMCache INFO:[0m Stored 256 tokens in 0.010 seconds [3m(gpu_transfer.py:513:lmcache.v1.multiprocess.modules.gpu_transfer)[0m
[32;20m[2026-06-03 07:33:58,786] LMCache INFO:[0m Prefetch request completed (L1+L2): 269/269 retained keys (269 L1, 0 L2) in 1.5 ms (external_request_id=chatcmpl-85bef4f5-d23a-4902-87d3-954f7f1a40ec-8264ea44, prefetch_request_id=-1) [3m(storage_manager.py:575:lmcache.v1.distributed.storage_manager)[0m
[32;20m[2026-06-03 07:33:58,921] LMCache INFO:[0m Stored 256 tokens in 0.008 seconds [3m(gpu_transfer.py:513:lmcache.v1.multiprocess.modules.gpu_transfer)[0m
[32;20m[2026-06-03 07:33:58,979] LMCache INFO:[0m Stored 256 tokens in 0.004 seconds [3m(gpu_transfer.py:513:lmcache.v1.multiprocess.modules.gpu_transfer)[0m
[32;20m[2026-06-03 07:33:59,015] LMCache INFO:[0m Stored 256 tokens in 0.003 seconds [3m(gpu_transfer.py:513:lmcache.v1.multiprocess.modules.gpu_transfer)[0m
[32;20m[2026-06-03 07:33:59,050] LMCache INFO:[0m Stored 256 tokens in 0.003 seconds [3m(gpu_transfer.py:513:lmcache.v1.multiprocess.modules.gpu_transfer)[0m
[32;20m[2026-06-03 07:33:59,066] LMCache INFO:[0m Stored 256 tokens in 0.003 seconds [3m(gpu_transfer.py:513:lmcache.v1.multiprocess.modules.gpu_transfer)[0m
[32;20m[2026-06-03 07:33:59,928] LMCache INFO:[0m Stored 256 tokens in 0.004 seconds [3m(gpu_transfer.py:513:lmcache.v1.multiprocess.modules.gpu_transfer)[0m
[32;20m[2026-06-03 07:33:59,984] LMCache INFO:[0m Stored 256 tokens in 0.003 seconds [3m(gpu_transfer.py:513:lmcache.v1.multiprocess.modules.gpu_transfer)[0m
[32;20m[2026-06-03 07:34:00,620] LMCache INFO:[0m Stored 256 tokens in 0.003 seconds [3m(gpu_transfer.py:513:lmcache.v1.multiprocess.modules.gpu_transfer)[0m
[32;20m[2026-06-03 07:34:00,746] LMCache INFO:[0m Stored 256 tokens in 0.003 seconds [3m(gpu_transfer.py:513:lmcache.v1.multiprocess.modules.gpu_transfer)[0m
[32;20m[2026-06-03 07:34:01,321] LMCache INFO:[0m Stored 256 tokens in 0.003 seconds [3m(gpu_transfer.py:513:lmcache.v1.multiprocess.modules.gpu_transfer)[0m
[32;20m[2026-06-03 07:34:01,445] LMCache INFO:[0m Stored 256 tokens in 0.002 seconds [3m(gpu_transfer.py:513:lmcache.v1.multiprocess.modules.gpu_transfer)[0m
[32;20m[2026-06-03 07:34:02,003] LMCache INFO:[0m Stored 256 tokens in 0.009 seconds [3m(gpu_transfer.py:513:lmcache.v1.multiprocess.modules.gpu_transfer)[0m
[32;20m[2026-06-03 07:34:02,204] LMCache INFO:[0m Stored 256 tokens in 0.004 seconds [3m(gpu_transfer.py:513:lmcache.v1.multiprocess.modules.gpu_transfer)[0m
[32;20m[2026-06-03 07:34:02,570] LMCache INFO:[0m Stored 256 tokens in 0.006 seconds [3m(gpu_transfer.py:513:lmcache.v1.multiprocess.modules.gpu_transfer)[0m
[32;20m[2026-06-03 07:34:02,671] LMCache INFO:[0m Stored 256 tokens in 0.004 seconds [3m(gpu_transfer.py:513:lmcache.v1.multiprocess.modules.gpu_transfer)[0m
[32;20m[2026-06-03 07:34:03,414] LMCache INFO:[0m Prefetch request completed (L1+L2): 493/494 retained keys (493 L1, 0 L2) in 12.0 ms (external_request_id=chatcmpl-3f1a6342-3173-48d8-9b38-243ba5aee058-97185281, prefetch_request_id=-1) [3m(storage_manager.py:575:lmcache.v1.distributed.storage_manager)[0m
[32;20m[2026-06-03 07:34:03,831] LMCache INFO:[0m Stored 256 tokens in 0.014 seconds [3m(gpu_transfer.py:513:lmcache.v1.multiprocess.modules.gpu_transfer)[0m
[32;20m[2026-06-03 07:34:04,728] LMCache INFO:[0m Prefetch request completed (L1+L2): 632/636 retained keys (632 L1, 0 L2) in 18.2 ms (external_request_id=chatcmpl-e19dcd97-e06f-4d04-bc4a-31bf00841892-a26800c9, prefetch_request_id=-1) [3m(storage_manager.py:575:lmcache.v1.distributed.storage_manager)[0m
[32;20m[2026-06-03 07:34:05,160] LMCache INFO:[0m Prefetch request completed (L1+L2): 722/731 retained keys (722 L1, 0 L2) in 14.7 ms (external_request_id=chatcmpl-8ef5b036-f8f3-4357-aad9-42e848eb1bd8-95037c88, prefetch_request_id=-1) [3m(storage_manager.py:575:lmcache.v1.distributed.storage_manager)[0m
[32;20m[2026-06-03 07:34:05,160] LMCache INFO:[0m Stored 1024 tokens in 0.021 seconds [3m(gpu_transfer.py:513:lmcache.v1.multiprocess.modules.gpu_transfer)[0m
[32;20m[2026-06-03 07:34:05,249] LMCache INFO:[0m Prefetch request completed (L1+L2): 174/176 retained keys (174 L1, 0 L2) in 9.5 ms (external_request_id=chatcmpl-2167bf9d-0382-4f26-b9ec-dc5376341df1-8819f4a2, prefetch_request_id=-1) [3m(storage_manager.py:575:lmcache.v1.distributed.storage_manager)[0m
[32;20m[2026-06-03 07:34:06,079] LMCache INFO:[0m Stored 2304 tokens in 0.024 seconds [3m(gpu_transfer.py:513:lmcache.v1.multiprocess.modules.gpu_transfer)[0m
[32;20m[2026-06-03 07:34:07,463] LMCache INFO:[0m Stored 512 tokens in 0.008 seconds [3m(gpu_transfer.py:513:lmcache.v1.multiprocess.modules.gpu_transfer)[0m
[32;20m[2026-06-03 07:34:07,783] LMCache INFO:[0m Stored 256 tokens in 0.004 seconds [3m(gpu_transfer.py:513:lmcache.v1.multiprocess.modules.gpu_transfer)[0m
[32;20m[2026-06-03 07:34:08,372] LMCache INFO:[0m Stored 256 tokens in 0.006 seconds [3m(gpu_transfer.py:513:lmcache.v1.multiprocess.modules.gpu_transfer)[0m
[32;20m[2026-06-03 07:34:09,096] LMCache INFO:[0m Prefetch request completed (L1+L2): 302/304 retained keys (302 L1, 0 L2) in 1.2 ms (external_request_id=chatcmpl-ad2dc6e2-d069-44ef-8ad8-011414374f9e-9e4b3ebf, prefetch_request_id=-1) [3m(storage_manager.py:575:lmcache.v1.distributed.storage_manager)[0m
[32;20m[2026-06-03 07:34:09,303] LMCache INFO:[0m Stored 512 tokens in 0.012 seconds [3m(gpu_transfer.py:513:lmcache.v1.multiprocess.modules.gpu_transfer)[0m
[32;20m[2026-06-03 07:34:09,540] LMCache INFO:[0m Stored 256 tokens in 0.003 seconds [3m(gpu_transfer.py:513:lmcache.v1.multiprocess.modules.gpu_transfer)[0m
[32;20m[2026-06-03 07:34:09,651] LMCache INFO:[0m Stored 256 tokens in 0.003 seconds [3m(gpu_transfer.py:513:lmcache.v1.multiprocess.modules.gpu_transfer)[0m
[32;20m[2026-06-03 07:34:10,053] LMCache INFO:[0m Stored 256 tokens in 0.004 seconds [3m(gpu_transfer.py:513:lmcache.v1.multiprocess.modules.gpu_transfer)[0m
[32;20m[2026-06-03 07:34:10,216] LMCache INFO:[0m Stored 256 tokens in 0.004 seconds [3m(gpu_transfer.py:513:lmcache.v1.multiprocess.modules.gpu_transfer)[0m
[32;20m[2026-06-03 07:34:11,078] LMCache INFO:[0m Stored 256 tokens in 0.003 seconds [3m(gpu_transfer.py:513:lmcache.v1.multiprocess.modules.gpu_transfer)[0m
[32;20m[2026-06-03 07:34:11,136] LMCache INFO:[0m Stored 256 tokens in 0.003 seconds [3m(gpu_transfer.py:513:lmcache.v1.multiprocess.modules.gpu_transfer)[0m
[32;20m[2026-06-03 07:34:11,172] LMCache INFO:[0m Stored 256 tokens in 0.004 seconds [3m(gpu_transfer.py:513:lmcache.v1.multiprocess.modules.gpu_transfer)[0m
[32;20m[2026-06-03 07:34:12,095] LMCache INFO:[0m Stored 256 tokens in 0.003 seconds [3m(gpu_transfer.py:513:lmcache.v1.multiprocess.modules.gpu_transfer)[0m
[32;20m[2026-06-03 07:34:12,258] LMCache INFO:[0m Stored 256 tokens in 0.004 seconds [3m(gpu_transfer.py:513:lmcache.v1.multiprocess.modules.gpu_transfer)[0m
[32;20m[2026-06-03 07:34:12,864] LMCache INFO:[0m Stored 256 tokens in 0.003 seconds [3m(gpu_transfer.py:513:lmcache.v1.multiprocess.modules.gpu_transfer)[0m
[32;20m[2026-06-03 07:34:13,241] LMCache INFO:[0m Prefetch request completed (L1+L2): 154/154 retained keys (154 L1, 0 L2) in 1.0 ms (external_request_id=chatcmpl-ff0da8e4-36cb-4cf8-a546-549dcaa7f456-869766e7, prefetch_request_id=-1) [3m(storage_manager.py:575:lmcache.v1.distributed.storage_manager)[0m
[32;20m[2026-06-03 07:34:13,854] LMCache INFO:[0m Prefetch request completed (L1+L2): 176/179 retained keys (176 L1, 0 L2) in 1.2 ms (external_request_id=chatcmpl-b5757554-fbbf-4b71-8faa-db185961b0e0-9813085b, prefetch_request_id=-1) [3m(storage_manager.py:575:lmcache.v1.distributed.storage_manager)[0m
[32;20m[2026-06-03 07:34:14,074] LMCache INFO:[0m Stored 768 tokens in 0.007 seconds [3m(gpu_transfer.py:513:lmcache.v1.multiprocess.modules.gpu_transfer)[0m
[32;20m[2026-06-03 07:34:14,573] LMCache INFO:[0m Stored 256 tokens in 0.003 seconds [3m(gpu_transfer.py:513:lmcache.v1.multiprocess.modules.gpu_transfer)[0m
[32;20m[2026-06-03 07:34:14,797] LMCache INFO:[0m Stored 256 tokens in 0.003 seconds [3m(gpu_transfer.py:513:lmcache.v1.multiprocess.modules.gpu_transfer)[0m
[32;20m[2026-06-03 07:34:15,183] LMCache INFO:[0m Stored 256 tokens in 0.006 seconds [3m(gpu_transfer.py:513:lmcache.v1.multiprocess.modules.gpu_transfer)[0m
[32;20m[2026-06-03 07:34:15,312] LMCache INFO:[0m Stored 256 tokens in 0.012 seconds [3m(gpu_transfer.py:513:lmcache.v1.multiprocess.modules.gpu_transfer)[0m
[32;20m[2026-06-03 07:34:15,350] LMCache INFO:[0m Stored 256 tokens in 0.005 seconds [3m(gpu_transfer.py:513:lmcache.v1.multiprocess.modules.gpu_transfer)[0m
[32;20m[2026-06-03 07:34:16,388] LMCache INFO:[0m Stored 256 tokens in 0.004 seconds [3m(gpu_transfer.py:513:lmcache.v1.multiprocess.modules.gpu_transfer)[0m
[32;20m[2026-06-03 07:34:17,208] LMCache INFO:[0m Prefetch request completed (L1+L2): 922/932 retained keys (922 L1, 0 L2) in 2.6 ms (external_request_id=chatcmpl-20bd5859-6559-4171-8bc3-c916441abd13-803af68f, prefetch_request_id=-1) [3m(storage_manager.py:575:lmcache.v1.distributed.storage_manager)[0m
[32;20m[2026-06-03 07:34:17,348] LMCache INFO:[0m Prefetch request completed (L1+L2): 254/255 retained keys (254 L1, 0 L2) in 10.7 ms (external_request_id=chatcmpl-eb630886-ac66-4ffd-8563-a6cd1fd33f08-8eecc9d2, prefetch_request_id=-1) [3m(storage_manager.py:575:lmcache.v1.distributed.storage_manager)[0m
[32;20m[2026-06-03 07:34:17,710] LMCache INFO:[0m Stored 2560 tokens in 0.146 seconds [3m(gpu_transfer.py:513:lmcache.v1.multiprocess.modules.gpu_transfer)[0m
[32;20m[2026-06-03 07:34:19,323] LMCache INFO:[0m Stored 256 tokens in 0.008 seconds [3m(gpu_transfer.py:513:lmcache.v1.multiprocess.modules.gpu_transfer)[0m
[32;20m[2026-06-03 07:34:19,365] LMCache INFO:[0m Prefetch request completed (L1+L2): 173/181 retained keys (173 L1, 0 L2) in 1.2 ms (external_request_id=chatcmpl-fb490719-3055-4639-a6a4-73504592e4a6-b4c85020, prefetch_request_id=-1) [3m(storage_manager.py:575:lmcache.v1.distributed.storage_manager)[0m
[32;20m[2026-06-03 07:34:19,684] LMCache INFO:[0m Stored 256 tokens in 0.006 seconds [3m(gpu_transfer.py:513:lmcache.v1.multiprocess.modules.gpu_transfer)[0m
[32;20m[2026-06-03 07:34:19,694] LMCache INFO:[0m Stored 2048 tokens in 0.007 seconds [3m(gpu_transfer.py:513:lmcache.v1.multiprocess.modules.gpu_transfer)[0m
[32;20m[2026-06-03 07:34:20,702] LMCache INFO:[0m Stored 256 tokens in 0.003 seconds [3m(gpu_transfer.py:513:lmcache.v1.multiprocess.modules.gpu_transfer)[0m
[32;20m[2026-06-03 07:34:20,853] LMCache INFO:[0m Stored 256 tokens in 0.005 seconds [3m(gpu_transfer.py:513:lmcache.v1.multiprocess.modules.gpu_transfer)[0m
[32;20m[2026-06-03 07:34:21,266] LMCache INFO:[0m Stored 256 tokens in 0.004 seconds [3m(gpu_transfer.py:513:lmcache.v1.multiprocess.modules.gpu_transfer)[0m
[32;20m[2026-06-03 07:34:21,433] LMCache INFO:[0m Stored 256 tokens in 0.004 seconds [3m(gpu_transfer.py:513:lmcache.v1.multiprocess.modules.gpu_transfer)[0m
[32;20m[2026-06-03 07:34:21,488] LMCache INFO:[0m Stored 256 tokens in 0.002 seconds [3m(gpu_transfer.py:513:lmcache.v1.multiprocess.modules.gpu_transfer)[0m
[32;20m[2026-06-03 07:34:21,679] LMCache INFO:[0m Prefetch request completed (L1+L2): 419/422 retained keys (419 L1, 0 L2) in 1.8 ms (external_request_id=chatcmpl-30cc6746-ab28-4b58-aa99-0845db529028-b707bc0e, prefetch_request_id=-1) [3m(storage_manager.py:575:lmcache.v1.distributed.storage_manager)[0m
[32;20m[2026-06-03 07:34:21,896] LMCache INFO:[0m Stored 768 tokens in 0.012 seconds [3m(gpu_transfer.py:513:lmcache.v1.multiprocess.modules.gpu_transfer)[0m
[32;20m[2026-06-03 07:34:22,699] LMCache INFO:[0m Stored 256 tokens in 0.003 seconds [3m(gpu_transfer.py:513:lmcache.v1.multiprocess.modules.gpu_transfer)[0m
[32;20m[2026-06-03 07:34:23,041] LMCache INFO:[0m Stored 256 tokens in 0.002 seconds [3m(gpu_transfer.py:513:lmcache.v1.multiprocess.modules.gpu_transfer)[0m
[32;20m[2026-06-03 07:34:23,130] LMCache INFO:[0m Stored 256 tokens in 0.004 seconds [3m(gpu_transfer.py:513:lmcache.v1.multiprocess.modules.gpu_transfer)[0m
[32;20m[2026-06-03 07:34:23,389] LMCache INFO:[0m Prefetch request completed (L1+L2): 334/341 retained keys (334 L1, 0 L2) in 1.9 ms (external_request_id=chatcmpl-33a21c1b-0a62-4b5a-8894-8ada0773b36d-aea195cf, prefetch_request_id=-1) [3m(storage_manager.py:575:lmcache.v1.distributed.storage_manager)[0m
[32;20m[2026-06-03 07:34:23,708] LMCache INFO:[0m Stored 1792 tokens in 0.011 seconds [3m(gpu_transfer.py:513:lmcache.v1.multiprocess.modules.gpu_transfer)[0m
[32;20m[2026-06-03 07:34:24,918] LMCache INFO:[0m Stored 256 tokens in 0.003 seconds [3m(gpu_transfer.py:513:lmcache.v1.multiprocess.modules.gpu_transfer)[0m
[32;20m[2026-06-03 07:34:25,164] LMCache INFO:[0m Prefetch request completed (L1+L2): 494/494 retained keys (494 L1, 0 L2) in 1.7 ms (external_request_id=chatcmpl-8ba659af-e5fa-498f-89a7-6d8ad1b05b32-9987f0f3, prefetch_request_id=-1) [3m(storage_manager.py:575:lmcache.v1.distributed.storage_manager)[0m
[32;20m[2026-06-03 07:34:26,137] LMCache INFO:[0m Stored 256 tokens in 0.015 seconds [3m(gpu_transfer.py:513:lmcache.v1.multiprocess.modules.gpu_transfer)[0m
[32;20m[2026-06-03 07:34:26,412] LMCache INFO:[0m Stored 256 tokens in 0.003 seconds [3m(gpu_transfer.py:513:lmcache.v1.multiprocess.modules.gpu_transfer)[0m
[32;20m[2026-06-03 07:34:26,487] LMCache INFO:[0m Stored 256 tokens in 0.005 seconds [3m(gpu_transfer.py:513:lmcache.v1.multiprocess.modules.gpu_transfer)[0m
[32;20m[2026-06-03 07:34:26,749] LMCache INFO:[0m Stored 256 tokens in 0.008 seconds [3m(gpu_transfer.py:513:lmcache.v1.multiprocess.modules.gpu_transfer)[0m
[32;20m[2026-06-03 07:34:27,229] LMCache INFO:[0m Stored 256 tokens in 0.003 seconds [3m(gpu_transfer.py:513:lmcache.v1.multiprocess.modules.gpu_transfer)[0m
[32;20m[2026-06-03 07:34:27,785] LMCache INFO:[0m Stored 256 tokens in 0.003 seconds [3m(gpu_transfer.py:513:lmcache.v1.multiprocess.modules.gpu_transfer)[0m
[32;20m[2026-06-03 07:34:28,050] LMCache INFO:[0m Stored 256 tokens in 0.003 seconds [3m(gpu_transfer.py:513:lmcache.v1.multiprocess.modules.gpu_transfer)[0m
[32;20m[2026-06-03 07:34:28,405] LMCache INFO:[0m Stored 256 tokens in 0.006 seconds [3m(gpu_transfer.py:513:lmcache.v1.multiprocess.modules.gpu_transfer)[0m
[32;20m[2026-06-03 07:34:28,540] LMCache INFO:[0m Stored 256 tokens in 0.013 seconds [3m(gpu_transfer.py:513:lmcache.v1.multiprocess.modules.gpu_transfer)[0m
[32;20m[2026-06-03 07:34:28,580] LMCache INFO:[0m Stored 256 tokens in 0.005 seconds [3m(gpu_transfer.py:513:lmcache.v1.multiprocess.modules.gpu_transfer)[0m
[32;20m[2026-06-03 07:34:29,646] LMCache INFO:[0m Stored 256 tokens in 0.003 seconds [3m(gpu_transfer.py:513:lmcache.v1.multiprocess.modules.gpu_transfer)[0m
[32;20m[2026-06-03 07:34:30,264] LMCache INFO:[0m Stored 256 tokens in 0.006 seconds [3m(gpu_transfer.py:513:lmcache.v1.multiprocess.modules.gpu_transfer)[0m
[32;20m[2026-06-03 07:34:30,296] LMCache INFO:[0m Prefetch request completed (L1+L2): 93/93 retained keys (93 L1, 0 L2) in 0.9 ms (external_request_id=chatcmpl-92caeb02-a0c6-4d9d-8128-215cd4e1fc79-bcf8106a, prefetch_request_id=-1) [3m(storage_manager.py:575:lmcache.v1.distributed.storage_manager)[0m
[32;20m[2026-06-03 07:34:30,606] LMCache INFO:[0m Prefetch request completed (L1+L2): 179/179 retained keys (179 L1, 0 L2) in 1.2 ms (external_request_id=chatcmpl-728feb80-8a04-44c4-99ba-71b13b244df0-baaf7529, prefetch_request_id=-1) [3m(storage_manager.py:575:lmcache.v1.distributed.storage_manager)[0m
[32;20m[2026-06-03 07:34:31,258] LMCache INFO:[0m Stored 256 tokens in 0.003 seconds [3m(gpu_transfer.py:513:lmcache.v1.multiprocess.modules.gpu_transfer)[0m
[32;20m[2026-06-03 07:34:31,797] LMCache INFO:[0m Stored 256 tokens in 0.004 seconds [3m(gpu_transfer.py:513:lmcache.v1.multiprocess.modules.gpu_transfer)[0m
[32;20m[2026-06-03 07:34:31,857] LMCache INFO:[0m Stored 256 tokens in 0.006 seconds [3m(gpu_transfer.py:513:lmcache.v1.multiprocess.modules.gpu_transfer)[0m
[32;20m[2026-06-03 07:34:31,970] LMCache INFO:[0m Stored 256 tokens in 0.003 seconds [3m(gpu_transfer.py:513:lmcache.v1.multiprocess.modules.gpu_transfer)[0m
[32;20m[2026-06-03 07:34:32,040] LMCache INFO:[0m Stored 256 tokens in 0.002 seconds [3m(gpu_transfer.py:513:lmcache.v1.multiprocess.modules.gpu_transfer)[0m
[32;20m[2026-06-03 07:34:32,944] LMCache INFO:[0m Stored 256 tokens in 0.003 seconds [3m(gpu_transfer.py:513:lmcache.v1.multiprocess.modules.gpu_transfer)[0m
[32;20m[2026-06-03 07:34:33,924] LMCache INFO:[0m Stored 256 tokens in 0.003 seconds [3m(gpu_transfer.py:513:lmcache.v1.multiprocess.modules.gpu_transfer)[0m
[32;20m[2026-06-03 07:34:34,462] LMCache INFO:[0m Stored 256 tokens in 0.004 seconds [3m(gpu_transfer.py:513:lmcache.v1.multiprocess.modules.gpu_transfer)[0m
[32;20m[2026-06-03 07:34:34,743] LMCache INFO:[0m Stored 256 tokens in 0.003 seconds [3m(gpu_transfer.py:513:lmcache.v1.multiprocess.modules.gpu_transfer)[0m
[32;20m[2026-06-03 07:34:34,814] LMCache INFO:[0m Stored 256 tokens in 0.002 seconds [3m(gpu_transfer.py:513:lmcache.v1.multiprocess.modules.gpu_transfer)[0m
[32;20m[2026-06-03 07:34:35,078] LMCache INFO:[0m Stored 256 tokens in 0.007 seconds [3m(gpu_transfer.py:513:lmcache.v1.multiprocess.modules.gpu_transfer)[0m
[32;20m[2026-06-03 07:34:35,557] LMCache INFO:[0m Stored 256 tokens in 0.003 seconds [3m(gpu_transfer.py:513:lmcache.v1.multiprocess.modules.gpu_transfer)[0m
[32;20m[2026-06-03 07:34:36,112] LMCache INFO:[0m Stored 256 tokens in 0.003 seconds [3m(gpu_transfer.py:513:lmcache.v1.multiprocess.modules.gpu_transfer)[0m
[32;20m[2026-06-03 07:34:36,382] LMCache INFO:[0m Prefetch request completed (L1+L2): 380/391 retained keys (380 L1, 0 L2) in 1.8 ms (external_request_id=chatcmpl-2c99c261-aace-431e-bb7f-348646121a8e-8f8fa306, prefetch_request_id=-1) [3m(storage_manager.py:575:lmcache.v1.distributed.storage_manager)[0m
[32;20m[2026-06-03 07:34:36,684] LMCache INFO:[0m Stored 2816 tokens in 0.012 seconds [3m(gpu_transfer.py:513:lmcache.v1.multiprocess.modules.gpu_transfer)[0m
[32;20m[2026-06-03 07:34:37,474] LMCache INFO:[0m Stored 256 tokens in 0.004 seconds [3m(gpu_transfer.py:513:lmcache.v1.multiprocess.modules.gpu_transfer)[0m
[32;20m[2026-06-03 07:34:37,726] LMCache INFO:[0m Stored 256 tokens in 0.004 seconds [3m(gpu_transfer.py:513:lmcache.v1.multiprocess.modules.gpu_transfer)[0m
[32;20m[2026-06-03 07:34:37,877] LMCache INFO:[0m Stored 256 tokens in 0.005 seconds [3m(gpu_transfer.py:513:lmcache.v1.multiprocess.modules.gpu_transfer)[0m
[32;20m[2026-06-03 07:34:37,992] LMCache INFO:[0m Stored 256 tokens in 0.005 seconds [3m(gpu_transfer.py:513:lmcache.v1.multiprocess.modules.gpu_transfer)[0m
[32;20m[2026-06-03 07:34:38,035] LMCache INFO:[0m Stored 256 tokens in 0.005 seconds [3m(gpu_transfer.py:513:lmcache.v1.multiprocess.modules.gpu_transfer)[0m
[32;20m[2026-06-03 07:34:38,522] LMCache INFO:[0m Prefetch request completed (L1+L2): 179/180 retained keys (179 L1, 0 L2) in 16.6 ms (external_request_id=chatcmpl-15c99ff2-ee92-489f-89f1-4753e982aee7-868deafd, prefetch_request_id=-1) [3m(storage_manager.py:575:lmcache.v1.distributed.storage_manager)[0m
[32;20m[2026-06-03 07:34:38,787] LMCache INFO:[0m Stored 256 tokens in 0.007 seconds [3m(gpu_transfer.py:513:lmcache.v1.multiprocess.modules.gpu_transfer)[0m
[32;20m[2026-06-03 07:34:38,937] LMCache INFO:[0m Prefetch request completed (L1+L2): 181/182 retained keys (181 L1, 0 L2) in 1.0 ms (external_request_id=chatcmpl-e513006d-4506-4c3a-a807-560908d18a93-9fc25513, prefetch_request_id=-1) [3m(storage_manager.py:575:lmcache.v1.distributed.storage_manager)[0m
[32;20m[2026-06-03 07:34:39,095] LMCache INFO:[0m Stored 256 tokens in 0.006 seconds [3m(gpu_transfer.py:513:lmcache.v1.multiprocess.modules.gpu_transfer)[0m
[32;20m[2026-06-03 07:34:39,569] LMCache INFO:[0m Prefetch request completed (L1+L2): 329/337 retained keys (329 L1, 0 L2) in 1.8 ms (external_request_id=chatcmpl-ad520b01-8ebd-40ed-98c3-42d7459c4a6c-bf6e38e4, prefetch_request_id=-1) [3m(storage_manager.py:575:lmcache.v1.distributed.storage_manager)[0m
[32;20m[2026-06-03 07:34:39,761] LMCache INFO:[0m Stored 2048 tokens in 0.011 seconds [3m(gpu_transfer.py:513:lmcache.v1.multiprocess.modules.gpu_transfer)[0m
[32;20m[2026-06-03 07:34:40,291] LMCache INFO:[0m Prefetch request completed (L1+L2): 397/398 retained keys (397 L1, 0 L2) in 1.3 ms (external_request_id=chatcmpl-cdfb92ab-fda5-4397-a9f9-7d9da46f8c44-a3500047, prefetch_request_id=-1) [3m(storage_manager.py:575:lmcache.v1.distributed.storage_manager)[0m
[32;20m[2026-06-03 07:34:40,493] LMCache INFO:[0m Stored 256 tokens in 0.012 seconds [3m(gpu_transfer.py:513:lmcache.v1.multiprocess.modules.gpu_transfer)[0m
[32;20m[2026-06-03 07:34:41,018] LMCache INFO:[0m Prefetch request completed (L1+L2): 387/387 retained keys (387 L1, 0 L2) in 1.8 ms (external_request_id=chatcmpl-c2ba8a9b-dd26-44a5-9915-ba9463b83848-801d3e59, prefetch_request_id=-1) [3m(storage_manager.py:575:lmcache.v1.distributed.storage_manager)[0m
[32;20m[2026-06-03 07:34:41,246] LMCache INFO:[0m Stored 256 tokens in 0.006 seconds [3m(gpu_transfer.py:513:lmcache.v1.multiprocess.modules.gpu_transfer)[0m
[32;20m[2026-06-03 07:34:41,308] LMCache INFO:[0m Stored 256 tokens in 0.002 seconds [3m(gpu_transfer.py:513:lmcache.v1.multiprocess.modules.gpu_transfer)[0m
[32;20m[2026-06-03 07:34:41,844] LMCache INFO:[0m Prefetch request completed (L1+L2): 506/506 retained keys (506 L1, 0 L2) in 1.4 ms (external_request_id=chatcmpl-2153b082-c975-481b-b6c3-feebb34726dd-aec2409b, prefetch_request_id=-1) [3m(storage_manager.py:575:lmcache.v1.distributed.storage_manager)[0m
[32;20m[2026-06-03 07:34:42,077] LMCache INFO:[0m Stored 256 tokens in 0.006 seconds [3m(gpu_transfer.py:513:lmcache.v1.multiprocess.modules.gpu_transfer)[0m
[32;20m[2026-06-03 07:34:42,254] LMCache INFO:[0m Prefetch request completed (L1+L2): 255/258 retained keys (255 L1, 0 L2) in 1.4 ms (external_request_id=chatcmpl-b79bcfd7-1220-46e4-9fdd-94e71a4150e8-9c5118fe, prefetch_request_id=-1) [3m(storage_manager.py:575:lmcache.v1.distributed.storage_manager)[0m
[32;20m[2026-06-03 07:34:42,420] LMCache INFO:[0m Stored 768 tokens in 0.009 seconds [3m(gpu_transfer.py:513:lmcache.v1.multiprocess.modules.gpu_transfer)[0m
[32;20m[2026-06-03 07:34:42,841] LMCache INFO:[0m Stored 256 tokens in 0.014 seconds [3m(gpu_transfer.py:513:lmcache.v1.multiprocess.modules.gpu_transfer)[0m
[32;20m[2026-06-03 07:34:43,093] LMCache INFO:[0m Stored 256 tokens in 0.002 seconds [3m(gpu_transfer.py:513:lmcache.v1.multiprocess.modules.gpu_transfer)[0m
[32;20m[2026-06-03 07:34:43,369] LMCache INFO:[0m Stored 256 tokens in 0.003 seconds [3m(gpu_transfer.py:513:lmcache.v1.multiprocess.modules.gpu_transfer)[0m
[32;20m[2026-06-03 07:34:44,008] LMCache INFO:[0m Stored 256 tokens in 0.004 seconds [3m(gpu_transfer.py:513:lmcache.v1.multiprocess.modules.gpu_transfer)[0m
[32;20m[2026-06-03 07:34:44,208] LMCache INFO:[0m Stored 256 tokens in 0.003 seconds [3m(gpu_transfer.py:513:lmcache.v1.multiprocess.modules.gpu_transfer)[0m
[32;20m[2026-06-03 07:34:45,344] LMCache INFO:[0m Stored 256 tokens in 0.004 seconds [3m(gpu_transfer.py:513:lmcache.v1.multiprocess.modules.gpu_transfer)[0m
[32;20m[2026-06-03 07:34:46,009] LMCache INFO:[0m Stored 256 tokens in 0.003 seconds [3m(gpu_transfer.py:513:lmcache.v1.multiprocess.modules.gpu_transfer)[0m
[32;20m[2026-06-03 07:34:46,540] LMCache INFO:[0m Stored 256 tokens in 0.007 seconds [3m(gpu_transfer.py:513:lmcache.v1.multiprocess.modules.gpu_transfer)[0m
[32;20m[2026-06-03 07:34:46,605] LMCache INFO:[0m Stored 256 tokens in 0.003 seconds [3m(gpu_transfer.py:513:lmcache.v1.multiprocess.modules.gpu_transfer)[0m
[32;20m[2026-06-03 07:34:46,732] LMCache INFO:[0m Stored 256 tokens in 0.011 seconds [3m(gpu_transfer.py:513:lmcache.v1.multiprocess.modules.gpu_transfer)[0m
[32;20m[2026-06-03 07:34:47,171] LMCache INFO:[0m Stored 256 tokens in 0.004 seconds [3m(gpu_transfer.py:513:lmcache.v1.multiprocess.modules.gpu_transfer)[0m
[32;20m[2026-06-03 07:34:47,496] LMCache INFO:[0m Stored 256 tokens in 0.003 seconds [3m(gpu_transfer.py:513:lmcache.v1.multiprocess.modules.gpu_transfer)[0m
[32;20m[2026-06-03 07:34:47,599] LMCache INFO:[0m Prefetch request completed (L1+L2): 254/260 retained keys (254 L1, 0 L2) in 1.5 ms (external_request_id=chatcmpl-8628e4d2-9ebd-40f7-b4e7-44a6b7ebaf6a-abe7d9df, prefetch_request_id=-1) [3m(storage_manager.py:575:lmcache.v1.distributed.storage_manager)[0m
[32;20m[2026-06-03 07:34:47,823] LMCache INFO:[0m Stored 1536 tokens in 0.009 seconds [3m(gpu_transfer.py:513:lmcache.v1.multiprocess.modules.gpu_transfer)[0m
[32;20m[2026-06-03 07:34:48,120] LMCache INFO:[0m Stored 256 tokens in 0.002 seconds [3m(gpu_transfer.py:513:lmcache.v1.multiprocess.modules.gpu_transfer)[0m
[32;20m[2026-06-03 07:34:48,377] LMCache INFO:[0m Stored 256 tokens in 0.007 seconds [3m(gpu_transfer.py:513:lmcache.v1.multiprocess.modules.gpu_transfer)[0m
[32;20m[2026-06-03 07:34:48,944] LMCache INFO:[0m Stored 256 tokens in 0.003 seconds [3m(gpu_transfer.py:513:lmcache.v1.multiprocess.modules.gpu_transfer)[0m
[32;20m[2026-06-03 07:34:49,571] LMCache INFO:[0m Stored 256 tokens in 0.003 seconds [3m(gpu_transfer.py:513:lmcache.v1.multiprocess.modules.gpu_transfer)[0m
[32;20m[2026-06-03 07:34:49,645] LMCache INFO:[0m Stored 256 tokens in 0.002 seconds [3m(gpu_transfer.py:513:lmcache.v1.multiprocess.modules.gpu_transfer)[0m
[32;20m[2026-06-03 07:34:49,917] LMCache INFO:[0m Stored 256 tokens in 0.003 seconds [3m(gpu_transfer.py:513:lmcache.v1.multiprocess.modules.gpu_transfer)[0m
[32;20m[2026-06-03 07:34:50,185] LMCache INFO:[0m Stored 256 tokens in 0.002 seconds [3m(gpu_transfer.py:513:lmcache.v1.multiprocess.modules.gpu_transfer)[0m
[32;20m[2026-06-03 07:34:50,350] LMCache INFO:[0m Stored 256 tokens in 0.005 seconds [3m(gpu_transfer.py:513:lmcache.v1.multiprocess.modules.gpu_transfer)[0m
[32;20m[2026-06-03 07:34:50,471] LMCache INFO:[0m Stored 256 tokens in 0.010 seconds [3m(gpu_transfer.py:513:lmcache.v1.multiprocess.modules.gpu_transfer)[0m
[32;20m[2026-06-03 07:34:50,525] LMCache INFO:[0m Stored 256 tokens in 0.005 seconds [3m(gpu_transfer.py:513:lmcache.v1.multiprocess.modules.gpu_transfer)[0m
[32;20m[2026-06-03 07:34:51,520] LMCache INFO:[0m Stored 256 tokens in 0.003 seconds [3m(gpu_transfer.py:513:lmcache.v1.multiprocess.modules.gpu_transfer)[0m
[32;20m[2026-06-03 07:34:52,339] LMCache INFO:[0m Stored 256 tokens in 0.006 seconds [3m(gpu_transfer.py:513:lmcache.v1.multiprocess.modules.gpu_transfer)[0m
[32;20m[2026-06-03 07:34:52,640] LMCache INFO:[0m Stored 256 tokens in 0.004 seconds [3m(gpu_transfer.py:513:lmcache.v1.multiprocess.modules.gpu_transfer)[0m
[32;20m[2026-06-03 07:34:53,133] LMCache INFO:[0m Stored 256 tokens in 0.003 seconds [3m(gpu_transfer.py:513:lmcache.v1.multiprocess.modules.gpu_transfer)[0m
[32;20m[2026-06-03 07:34:53,659] LMCache INFO:[0m Stored 256 tokens in 0.004 seconds [3m(gpu_transfer.py:513:lmcache.v1.multiprocess.modules.gpu_transfer)[0m
[32;20m[2026-06-03 07:34:53,834] LMCache INFO:[0m Stored 256 tokens in 0.004 seconds [3m(gpu_transfer.py:513:lmcache.v1.multiprocess.modules.gpu_transfer)[0m
[32;20m[2026-06-03 07:34:54,829] LMCache INFO:[0m Stored 256 tokens in 0.004 seconds [3m(gpu_transfer.py:513:lmcache.v1.multiprocess.modules.gpu_transfer)[0m
[32;20m[2026-06-03 07:34:55,410] LMCache INFO:[0m Stored 256 tokens in 0.003 seconds [3m(gpu_transfer.py:513:lmcache.v1.multiprocess.modules.gpu_transfer)[0m
[32;20m[2026-06-03 07:34:55,884] LMCache INFO:[0m Stored 256 tokens in 0.003 seconds [3m(gpu_transfer.py:513:lmcache.v1.multiprocess.modules.gpu_transfer)[0m
[32;20m[2026-06-03 07:34:55,935] LMCache INFO:[0m Stored 256 tokens in 0.003 seconds [3m(gpu_transfer.py:513:lmcache.v1.multiprocess.modules.gpu_transfer)[0m
[32;20m[2026-06-03 07:34:56,044] LMCache INFO:[0m Stored 256 tokens in 0.004 seconds [3m(gpu_transfer.py:513:lmcache.v1.multiprocess.modules.gpu_transfer)[0m
[32;20m[2026-06-03 07:34:56,166] LMCache INFO:[0m Prefetch request completed (L1+L2): 258/259 retained keys (258 L1, 0 L2) in 1.2 ms (external_request_id=chatcmpl-0edf0579-7160-4408-8afb-902a51a522f2-b902d7d6, prefetch_request_id=-1) [3m(storage_manager.py:575:lmcache.v1.distributed.storage_manager)[0m
[32;20m[2026-06-03 07:34:56,354] LMCache INFO:[0m Stored 256 tokens in 0.008 seconds [3m(gpu_transfer.py:513:lmcache.v1.multiprocess.modules.gpu_transfer)[0m
[32;20m[2026-06-03 07:34:56,603] LMCache INFO:[0m Stored 256 tokens in 0.003 seconds [3m(gpu_transfer.py:513:lmcache.v1.multiprocess.modules.gpu_transfer)[0m
[32;20m[2026-06-03 07:34:56,853] LMCache INFO:[0m Prefetch request completed (L1+L2): 353/357 retained keys (353 L1, 0 L2) in 1.7 ms (external_request_id=chatcmpl-b1878b19-83a1-4a9a-89e8-eee65d2da54f-8502ffd5, prefetch_request_id=-1) [3m(storage_manager.py:575:lmcache.v1.distributed.storage_manager)[0m
[32;20m[2026-06-03 07:34:57,175] LMCache INFO:[0m Stored 1024 tokens in 0.011 seconds [3m(gpu_transfer.py:513:lmcache.v1.multiprocess.modules.gpu_transfer)[0m
[32;20m[2026-06-03 07:34:57,683] LMCache INFO:[0m Stored 256 tokens in 0.004 seconds [3m(gpu_transfer.py:513:lmcache.v1.multiprocess.modules.gpu_transfer)[0m
[32;20m[2026-06-03 07:34:57,962] LMCache INFO:[0m Stored 256 tokens in 0.003 seconds [3m(gpu_transfer.py:513:lmcache.v1.multiprocess.modules.gpu_transfer)[0m
[32;20m[2026-06-03 07:34:58,038] LMCache INFO:[0m Stored 256 tokens in 0.002 seconds [3m(gpu_transfer.py:513:lmcache.v1.multiprocess.modules.gpu_transfer)[0m
[32;20m[2026-06-03 07:34:58,308] LMCache INFO:[0m Stored 256 tokens in 0.006 seconds [3m(gpu_transfer.py:513:lmcache.v1.multiprocess.modules.gpu_transfer)[0m
[32;20m[2026-06-03 07:34:58,813] LMCache INFO:[0m Stored 256 tokens in 0.004 seconds [3m(gpu_transfer.py:513:lmcache.v1.multiprocess.modules.gpu_transfer)[0m
[32;20m[2026-06-03 07:34:59,350] LMCache INFO:[0m Stored 256 tokens in 0.003 seconds [3m(gpu_transfer.py:513:lmcache.v1.multiprocess.modules.gpu_transfer)[0m
[32;20m[2026-06-03 07:34:59,410] LMCache INFO:[0m Stored 256 tokens in 0.002 seconds [3m(gpu_transfer.py:513:lmcache.v1.multiprocess.modules.gpu_transfer)[0m
[32;20m[2026-06-03 07:34:59,658] LMCache INFO:[0m Stored 256 tokens in 0.004 seconds [3m(gpu_transfer.py:513:lmcache.v1.multiprocess.modules.gpu_transfer)[0m
[32;20m[2026-06-03 07:34:59,909] LMCache INFO:[0m Stored 256 tokens in 0.002 seconds [3m(gpu_transfer.py:513:lmcache.v1.multiprocess.modules.gpu_transfer)[0m
[32;20m[2026-06-03 07:35:00,062] LMCache INFO:[0m Stored 256 tokens in 0.006 seconds [3m(gpu_transfer.py:513:lmcache.v1.multiprocess.modules.gpu_transfer)[0m
[32;20m[2026-06-03 07:35:00,234] LMCache INFO:[0m Prefetch request completed (L1+L2): 258/258 retained keys (258 L1, 0 L2) in 1.6 ms (external_request_id=chatcmpl-db8c6d5f-2ff4-49e9-a568-1073ef7c5d42-a195c319, prefetch_request_id=-1) [3m(storage_manager.py:575:lmcache.v1.distributed.storage_manager)[0m
[32;20m[2026-06-03 07:35:00,364] LMCache INFO:[0m Stored 256 tokens in 0.005 seconds [3m(gpu_transfer.py:513:lmcache.v1.multiprocess.modules.gpu_transfer)[0m
[32;20m[2026-06-03 07:35:00,443] LMCache INFO:[0m Stored 256 tokens in 0.003 seconds [3m(gpu_transfer.py:513:lmcache.v1.multiprocess.modules.gpu_transfer)[0m
[32;20m[2026-06-03 07:35:00,693] LMCache INFO:[0m Prefetch request completed (L1+L2): 355/356 retained keys (355 L1, 0 L2) in 2.0 ms (external_request_id=chatcmpl-6fb49608-2b2e-4b57-b335-598091f84f24-bd2e59f1, prefetch_request_id=-1) [3m(storage_manager.py:575:lmcache.v1.distributed.storage_manager)[0m
[32;20m[2026-06-03 07:35:00,888] LMCache INFO:[0m Stored 256 tokens in 0.011 seconds [3m(gpu_transfer.py:513:lmcache.v1.multiprocess.modules.gpu_transfer)[0m
[32;20m[2026-06-03 07:35:01,520] LMCache INFO:[0m Prefetch request completed (L1+L2): 636/643 retained keys (636 L1, 0 L2) in 2.3 ms (external_request_id=chatcmpl-31dc5e2b-de67-4114-8e10-9a4539ea6d6e-898a9014, prefetch_request_id=-1) [3m(storage_manager.py:575:lmcache.v1.distributed.storage_manager)[0m
[32;20m[2026-06-03 07:35:01,838] LMCache INFO:[0m Stored 1792 tokens in 0.019 seconds [3m(gpu_transfer.py:513:lmcache.v1.multiprocess.modules.gpu_transfer)[0m
[32;20m[2026-06-03 07:35:03,677] LMCache INFO:[0m Stored 256 tokens in 0.006 seconds [3m(gpu_transfer.py:513:lmcache.v1.multiprocess.modules.gpu_transfer)[0m
[32;20m[2026-06-03 07:35:03,974] LMCache INFO:[0m Stored 256 tokens in 0.005 seconds [3m(gpu_transfer.py:513:lmcache.v1.multiprocess.modules.gpu_transfer)[0m
[32;20m[2026-06-03 07:35:04,296] LMCache INFO:[0m Stored 256 tokens in 0.004 seconds [3m(gpu_transfer.py:513:lmcache.v1.multiprocess.modules.gpu_transfer)[0m
[32;20m[2026-06-03 07:35:04,793] LMCache INFO:[0m Stored 256 tokens in 0.003 seconds [3m(gpu_transfer.py:513:lmcache.v1.multiprocess.modules.gpu_transfer)[0m
[32;20m[2026-06-03 07:35:05,418] LMCache INFO:[0m Stored 256 tokens in 0.004 seconds [3m(gpu_transfer.py:513:lmcache.v1.multiprocess.modules.gpu_transfer)[0m
[32;20m[2026-06-03 07:35:05,595] LMCache INFO:[0m Stored 256 tokens in 0.004 seconds [3m(gpu_transfer.py:513:lmcache.v1.multiprocess.modules.gpu_transfer)[0m
[32;20m[2026-06-03 07:35:05,657] LMCache INFO:[0m Stored 256 tokens in 0.008 seconds [3m(gpu_transfer.py:513:lmcache.v1.multiprocess.modules.gpu_transfer)[0m
[32;20m[2026-06-03 07:35:06,614] LMCache INFO:[0m Stored 256 tokens in 0.004 seconds [3m(gpu_transfer.py:513:lmcache.v1.multiprocess.modules.gpu_transfer)[0m
[32;20m[2026-06-03 07:35:06,770] LMCache INFO:[0m Prefetch request completed (L1+L2): 488/490 retained keys (488 L1, 0 L2) in 1.7 ms (external_request_id=chatcmpl-b9d86610-94d5-41f5-a822-469cb5e57c17-aa15e196, prefetch_request_id=-1) [3m(storage_manager.py:575:lmcache.v1.distributed.storage_manager)[0m
[32;20m[2026-06-03 07:35:06,984] LMCache INFO:[0m Stored 512 tokens in 0.016 seconds [3m(gpu_transfer.py:513:lmcache.v1.multiprocess.modules.gpu_transfer)[0m
[32;20m[2026-06-03 07:35:07,957] LMCache INFO:[0m Stored 256 tokens in 0.003 seconds [3m(gpu_transfer.py:513:lmcache.v1.multiprocess.modules.gpu_transfer)[0m
[32;20m[2026-06-03 07:35:08,407] LMCache INFO:[0m Prefetch request completed (L1+L2): 236/238 retained keys (236 L1, 0 L2) in 1.6 ms (external_request_id=chatcmpl-16f5eb40-fc8e-466f-85a3-40f99ef8a0f6-acd0eded, prefetch_request_id=-1) [3m(storage_manager.py:575:lmcache.v1.distributed.storage_manager)[0m
[32;20m[2026-06-03 07:35:08,597] LMCache INFO:[0m Stored 512 tokens in 0.008 seconds [3m(gpu_transfer.py:513:lmcache.v1.multiprocess.modules.gpu_transfer)[0m
[32;20m[2026-06-03 07:35:08,870] LMCache INFO:[0m Stored 256 tokens in 0.008 seconds [3m(gpu_transfer.py:513:lmcache.v1.multiprocess.modules.gpu_transfer)[0m
[32;20m[2026-06-03 07:35:08,899] LMCache INFO:[0m Stored 256 tokens in 0.004 seconds [3m(gpu_transfer.py:513:lmcache.v1.multiprocess.modules.gpu_transfer)[0m
[32;20m[2026-06-03 07:35:09,009] LMCache INFO:[0m Stored 256 tokens in 0.003 seconds [3m(gpu_transfer.py:513:lmcache.v1.multiprocess.modules.gpu_transfer)[0m
[32;20m[2026-06-03 07:35:09,087] LMCache INFO:[0m Prefetch request completed (L1+L2): 356/358 retained keys (356 L1, 0 L2) in 1.9 ms (external_request_id=chatcmpl-03462514-c4c4-4f8c-b925-e613dbc84fec-8a66e953, prefetch_request_id=-1) [3m(storage_manager.py:575:lmcache.v1.distributed.storage_manager)[0m
[32;20m[2026-06-03 07:35:09,390] LMCache INFO:[0m Stored 512 tokens in 0.011 seconds [3m(gpu_transfer.py:513:lmcache.v1.multiprocess.modules.gpu_transfer)[0m
[32;20m[2026-06-03 07:35:09,795] LMCache INFO:[0m Stored 256 tokens in 0.003 seconds [3m(gpu_transfer.py:513:lmcache.v1.multiprocess.modules.gpu_transfer)[0m
[32;20m[2026-06-03 07:35:10,390] LMCache INFO:[0m Stored 256 tokens in 0.003 seconds [3m(gpu_transfer.py:513:lmcache.v1.multiprocess.modules.gpu_transfer)[0m
[32;20m[2026-06-03 07:35:10,774] LMCache INFO:[0m Stored 256 tokens in 0.004 seconds [3m(gpu_transfer.py:513:lmcache.v1.multiprocess.modules.gpu_transfer)[0m
[32;20m[2026-06-03 07:35:11,300] LMCache INFO:[0m Stored 7936 tokens in 0.005 seconds [3m(gpu_transfer.py:513:lmcache.v1.multiprocess.modules.gpu_transfer)[0m
[32;20m[2026-06-03 07:35:11,470] LMCache INFO:[0m Stored 8192 tokens in 0.017 seconds [3m(gpu_transfer.py:513:lmcache.v1.multiprocess.modules.gpu_transfer)[0m
[32;20m[2026-06-03 07:35:12,004] LMCache INFO:[0m Stored 8192 tokens in 0.007 seconds [3m(gpu_transfer.py:513:lmcache.v1.multiprocess.modules.gpu_transfer)[0m
[32;20m[2026-06-03 07:35:12,560] LMCache INFO:[0m Stored 256 tokens in 0.004 seconds [3m(gpu_transfer.py:513:lmcache.v1.multiprocess.modules.gpu_transfer)[0m
[32;20m[2026-06-03 07:35:13,136] LMCache INFO:[0m Stored 8192 tokens in 0.006 seconds [3m(gpu_transfer.py:513:lmcache.v1.multiprocess.modules.gpu_transfer)[0m
[32;20m[2026-06-03 07:35:13,265] LMCache INFO:[0m Stored 5120 tokens in 0.008 seconds [3m(gpu_transfer.py:513:lmcache.v1.multiprocess.modules.gpu_transfer)[0m
[32;20m[2026-06-03 07:35:13,664] LMCache INFO:[0m Stored 2816 tokens in 0.003 seconds [3m(gpu_transfer.py:513:lmcache.v1.multiprocess.modules.gpu_transfer)[0m
[32;20m[2026-06-03 07:35:13,786] LMCache INFO:[0m Stored 8192 tokens in 0.005 seconds [3m(gpu_transfer.py:513:lmcache.v1.multiprocess.modules.gpu_transfer)[0m
[32;20m[2026-06-03 07:35:14,164] LMCache INFO:[0m Stored 8192 tokens in 0.006 seconds [3m(gpu_transfer.py:513:lmcache.v1.multiprocess.modules.gpu_transfer)[0m
[32;20m[2026-06-03 07:35:14,673] LMCache INFO:[0m Stored 8192 tokens in 0.005 seconds [3m(gpu_transfer.py:513:lmcache.v1.multiprocess.modules.gpu_transfer)[0m
[32;20m[2026-06-03 07:35:15,327] LMCache INFO:[0m Stored 2560 tokens in 0.005 seconds [3m(gpu_transfer.py:513:lmcache.v1.multiprocess.modules.gpu_transfer)[0m
[32;20m[2026-06-03 07:35:15,805] LMCache INFO:[0m Stored 5376 tokens in 0.004 seconds [3m(gpu_transfer.py:513:lmcache.v1.multiprocess.modules.gpu_transfer)[0m
[32;20m[2026-06-03 07:35:15,937] LMCache INFO:[0m Stored 8192 tokens in 0.005 seconds [3m(gpu_transfer.py:513:lmcache.v1.multiprocess.modules.gpu_transfer)[0m
[32;20m[2026-06-03 07:35:16,277] LMCache INFO:[0m Stored 8192 tokens in 0.005 seconds [3m(gpu_transfer.py:513:lmcache.v1.multiprocess.modules.gpu_transfer)[0m
[32;20m[2026-06-03 07:35:16,738] LMCache INFO:[0m Stored 8192 tokens in 0.005 seconds [3m(gpu_transfer.py:513:lmcache.v1.multiprocess.modules.gpu_transfer)[0m
[32;20m[2026-06-03 07:35:17,338] LMCache INFO:[0m Stored 8192 tokens in 0.005 seconds [3m(gpu_transfer.py:513:lmcache.v1.multiprocess.modules.gpu_transfer)[0m
[32;20m[2026-06-03 07:35:18,093] LMCache INFO:[0m Stored 8192 tokens in 0.005 seconds [3m(gpu_transfer.py:513:lmcache.v1.multiprocess.modules.gpu_transfer)[0m
[32;20m[2026-06-03 07:35:19,016] LMCache INFO:[0m Stored 7424 tokens in 0.004 seconds [3m(gpu_transfer.py:513:lmcache.v1.multiprocess.modules.gpu_transfer)[0m
[32;20m[2026-06-03 07:35:19,370] LMCache INFO:[0m Stored 512 tokens in 0.002 seconds [3m(gpu_transfer.py:513:lmcache.v1.multiprocess.modules.gpu_transfer)[0m
[32;20m[2026-06-03 07:35:19,495] LMCache INFO:[0m Stored 8192 tokens in 0.005 seconds [3m(gpu_transfer.py:513:lmcache.v1.multiprocess.modules.gpu_transfer)[0m
[32;20m[2026-06-03 07:35:19,905] LMCache INFO:[0m Stored 8192 tokens in 0.005 seconds [3m(gpu_transfer.py:513:lmcache.v1.multiprocess.modules.gpu_transfer)[0m
[32;20m[2026-06-03 07:35:20,456] LMCache INFO:[0m Stored 8192 tokens in 0.026 seconds [3m(gpu_transfer.py:513:lmcache.v1.multiprocess.modules.gpu_transfer)[0m
[32;20m[2026-06-03 07:35:21,118] LMCache INFO:[0m Stored 8192 tokens in 0.006 seconds [3m(gpu_transfer.py:513:lmcache.v1.multiprocess.modules.gpu_transfer)[0m
[32;20m[2026-06-03 07:35:21,975] LMCache INFO:[0m Stored 2560 tokens in 0.003 seconds [3m(gpu_transfer.py:513:lmcache.v1.multiprocess.modules.gpu_transfer)[0m
[32;20m[2026-06-03 07:35:22,558] LMCache INFO:[0m Stored 5376 tokens in 0.005 seconds [3m(gpu_transfer.py:513:lmcache.v1.multiprocess.modules.gpu_transfer)[0m
[32;20m[2026-06-03 07:35:22,691] LMCache INFO:[0m Stored 256 tokens in 0.005 seconds [3m(gpu_transfer.py:513:lmcache.v1.multiprocess.modules.gpu_transfer)[0m
[32;20m[2026-06-03 07:35:22,900] LMCache INFO:[0m Stored 8192 tokens in 0.006 seconds [3m(gpu_transfer.py:513:lmcache.v1.multiprocess.modules.gpu_transfer)[0m
[32;20m[2026-06-03 07:35:23,029] LMCache INFO:[0m Stored 256 tokens in 0.003 seconds [3m(gpu_transfer.py:513:lmcache.v1.multiprocess.modules.gpu_transfer)[0m
[32;20m[2026-06-03 07:35:23,363] LMCache INFO:[0m Stored 8192 tokens in 0.005 seconds [3m(gpu_transfer.py:513:lmcache.v1.multiprocess.modules.gpu_transfer)[0m
[32;20m[2026-06-03 07:35:23,490] LMCache INFO:[0m Stored 8192 tokens in 0.005 seconds [3m(gpu_transfer.py:513:lmcache.v1.multiprocess.modules.gpu_transfer)[0m
[32;20m[2026-06-03 07:35:24,079] LMCache INFO:[0m Stored 7936 tokens in 0.005 seconds [3m(gpu_transfer.py:513:lmcache.v1.multiprocess.modules.gpu_transfer)[0m
[32;20m[2026-06-03 07:35:24,816] LMCache INFO:[0m Stored 8192 tokens in 0.005 seconds [3m(gpu_transfer.py:513:lmcache.v1.multiprocess.modules.gpu_transfer)[0m
[32;20m[2026-06-03 07:35:25,116] LMCache INFO:[0m Stored 8192 tokens in 0.005 seconds [3m(gpu_transfer.py:513:lmcache.v1.multiprocess.modules.gpu_transfer)[0m
[32;20m[2026-06-03 07:35:25,539] LMCache INFO:[0m Stored 8192 tokens in 0.005 seconds [3m(gpu_transfer.py:513:lmcache.v1.multiprocess.modules.gpu_transfer)[0m
[32;20m[2026-06-03 07:35:26,090] LMCache INFO:[0m Stored 8192 tokens in 0.005 seconds [3m(gpu_transfer.py:513:lmcache.v1.multiprocess.modules.gpu_transfer)[0m
[32;20m[2026-06-03 07:35:27,359] LMCache INFO:[0m Stored 5632 tokens in 0.023 seconds [3m(gpu_transfer.py:513:lmcache.v1.multiprocess.modules.gpu_transfer)[0m
[32;20m[2026-06-03 07:35:27,368] LMCache INFO:[0m Stored 2560 tokens in 0.004 seconds [3m(gpu_transfer.py:513:lmcache.v1.multiprocess.modules.gpu_transfer)[0m
[32;20m[2026-06-03 07:35:27,376] LMCache INFO:[0m Stored 256 tokens in 0.004 seconds [3m(gpu_transfer.py:513:lmcache.v1.multiprocess.modules.gpu_transfer)[0m
[32;20m[2026-06-03 07:35:27,569] LMCache INFO:[0m Stored 7936 tokens in 0.007 seconds [3m(gpu_transfer.py:513:lmcache.v1.multiprocess.modules.gpu_transfer)[0m
[32;20m[2026-06-03 07:35:27,588] LMCache INFO:[0m Stored 8192 tokens in 0.005 seconds [3m(gpu_transfer.py:513:lmcache.v1.multiprocess.modules.gpu_transfer)[0m
[32;20m[2026-06-03 07:35:28,207] LMCache INFO:[0m Stored 8192 tokens in 0.005 seconds [3m(gpu_transfer.py:513:lmcache.v1.multiprocess.modules.gpu_transfer)[0m
[32;20m[2026-06-03 07:35:28,859] LMCache INFO:[0m Stored 8192 tokens in 0.005 seconds [3m(gpu_transfer.py:513:lmcache.v1.multiprocess.modules.gpu_transfer)[0m
[32;20m[2026-06-03 07:35:29,680] LMCache INFO:[0m Stored 1280 tokens in 0.003 seconds [3m(gpu_transfer.py:513:lmcache.v1.multiprocess.modules.gpu_transfer)[0m
[32;20m[2026-06-03 07:35:30,384] LMCache INFO:[0m Stored 6912 tokens in 0.005 seconds [3m(gpu_transfer.py:513:lmcache.v1.multiprocess.modules.gpu_transfer)[0m
[32;20m[2026-06-03 07:35:30,513] LMCache INFO:[0m Stored 8192 tokens in 0.005 seconds [3m(gpu_transfer.py:513:lmcache.v1.multiprocess.modules.gpu_transfer)[0m
[32;20m[2026-06-03 07:35:30,832] LMCache INFO:[0m Stored 8192 tokens in 0.005 seconds [3m(gpu_transfer.py:513:lmcache.v1.multiprocess.modules.gpu_transfer)[0m
[32;20m[2026-06-03 07:35:31,276] LMCache INFO:[0m Stored 7936 tokens in 0.005 seconds [3m(gpu_transfer.py:513:lmcache.v1.multiprocess.modules.gpu_transfer)[0m
[32;20m[2026-06-03 07:35:31,845] LMCache INFO:[0m Stored 256 tokens in 0.002 seconds [3m(gpu_transfer.py:513:lmcache.v1.multiprocess.modules.gpu_transfer)[0m
[32;20m[2026-06-03 07:35:32,441] LMCache INFO:[0m Stored 8192 tokens in 0.005 seconds [3m(gpu_transfer.py:513:lmcache.v1.multiprocess.modules.gpu_transfer)[0m
[32;20m[2026-06-03 07:35:32,571] LMCache INFO:[0m Stored 8192 tokens in 0.006 seconds [3m(gpu_transfer.py:513:lmcache.v1.multiprocess.modules.gpu_transfer)[0m
[32;20m[2026-06-03 07:35:33,453] LMCache INFO:[0m Stored 8192 tokens in 0.005 seconds [3m(gpu_transfer.py:513:lmcache.v1.multiprocess.modules.gpu_transfer)[0m
[32;20m[2026-06-03 07:35:34,482] LMCache INFO:[0m Stored 8192 tokens in 0.006 seconds [3m(gpu_transfer.py:513:lmcache.v1.multiprocess.modules.gpu_transfer)[0m
[32;20m[2026-06-03 07:35:35,663] LMCache INFO:[0m Stored 8192 tokens in 0.006 seconds [3m(gpu_transfer.py:513:lmcache.v1.multiprocess.modules.gpu_transfer)[0m
[32;20m[2026-06-03 07:35:37,011] LMCache INFO:[0m Stored 5120 tokens in 0.004 seconds [3m(gpu_transfer.py:513:lmcache.v1.multiprocess.modules.gpu_transfer)[0m
[32;20m[2026-06-03 07:35:37,658] LMCache INFO:[0m Stored 2816 tokens in 0.004 seconds [3m(gpu_transfer.py:513:lmcache.v1.multiprocess.modules.gpu_transfer)[0m
[32;20m[2026-06-03 07:35:37,779] LMCache INFO:[0m Stored 8192 tokens in 0.005 seconds [3m(gpu_transfer.py:513:lmcache.v1.multiprocess.modules.gpu_transfer)[0m
[32;20m[2026-06-03 07:35:38,160] LMCache INFO:[0m Stored 256 tokens in 0.005 seconds [3m(gpu_transfer.py:513:lmcache.v1.multiprocess.modules.gpu_transfer)[0m
[32;20m[2026-06-03 07:35:38,534] LMCache INFO:[0m Stored 8192 tokens in 0.006 seconds [3m(gpu_transfer.py:513:lmcache.v1.multiprocess.modules.gpu_transfer)[0m
[32;20m[2026-06-03 07:35:38,656] LMCache INFO:[0m Stored 8192 tokens in 0.005 seconds [3m(gpu_transfer.py:513:lmcache.v1.multiprocess.modules.gpu_transfer)[0m
[32;20m[2026-06-03 07:35:39,306] LMCache INFO:[0m Stored 2304 tokens in 0.005 seconds [3m(gpu_transfer.py:513:lmcache.v1.multiprocess.modules.gpu_transfer)[0m
[32;20m[2026-06-03 07:35:39,786] LMCache INFO:[0m Stored 5632 tokens in 0.004 seconds [3m(gpu_transfer.py:513:lmcache.v1.multiprocess.modules.gpu_transfer)[0m
[32;20m[2026-06-03 07:35:39,969] LMCache INFO:[0m Stored 8192 tokens in 0.005 seconds [3m(gpu_transfer.py:513:lmcache.v1.multiprocess.modules.gpu_transfer)[0m
[32;20m[2026-06-03 07:35:40,303] LMCache INFO:[0m Stored 8192 tokens in 0.005 seconds [3m(gpu_transfer.py:513:lmcache.v1.multiprocess.modules.gpu_transfer)[0m
[32;20m[2026-06-03 07:35:40,765] LMCache INFO:[0m Stored 8192 tokens in 0.005 seconds [3m(gpu_transfer.py:513:lmcache.v1.multiprocess.modules.gpu_transfer)[0m
[32;20m[2026-06-03 07:35:41,351] LMCache INFO:[0m Stored 8192 tokens in 0.005 seconds [3m(gpu_transfer.py:513:lmcache.v1.multiprocess.modules.gpu_transfer)[0m
[32;20m[2026-06-03 07:35:42,103] LMCache INFO:[0m Stored 8192 tokens in 0.006 seconds [3m(gpu_transfer.py:513:lmcache.v1.multiprocess.modules.gpu_transfer)[0m
[32;20m[2026-06-03 07:35:42,998] LMCache INFO:[0m Stored 7936 tokens in 0.005 seconds [3m(gpu_transfer.py:513:lmcache.v1.multiprocess.modules.gpu_transfer)[0m
[32;20m[2026-06-03 07:35:43,981] LMCache INFO:[0m Prefetch request completed (L1+L2): 259/260 retained keys (259 L1, 0 L2) in 1.3 ms (external_request_id=chatcmpl-6123fb2d-9a9e-4600-8dda-d6afbb958a80-8d12b9f7, prefetch_request_id=-1) [3m(storage_manager.py:575:lmcache.v1.distributed.storage_manager)[0m
[32;20m[2026-06-03 07:35:44,067] LMCache INFO:[0m Prefetch request completed (L1+L2): 356/356 retained keys (356 L1, 0 L2) in 1.8 ms (external_request_id=chatcmpl-cc12fcd6-6356-461e-ac13-230d7fc4fa14-9cc52d43, prefetch_request_id=-1) [3m(storage_manager.py:575:lmcache.v1.distributed.storage_manager)[0m
[32;20m[2026-06-03 07:35:44,067] LMCache INFO:[0m Stored 8192 tokens in 0.023 seconds [3m(gpu_transfer.py:513:lmcache.v1.multiprocess.modules.gpu_transfer)[0m
[32;20m[2026-06-03 07:35:44,130] LMCache INFO:[0m Prefetch request completed (L1+L2): 252/252 retained keys (252 L1, 0 L2) in 1.4 ms (external_request_id=chatcmpl-0bc55d77-4f3d-49d2-b7d4-64c4a6c249c3-a19f754b, prefetch_request_id=-1) [3m(storage_manager.py:575:lmcache.v1.distributed.storage_manager)[0m
[32;20m[2026-06-03 07:35:44,245] LMCache INFO:[0m Prefetch request completed (L1+L2): 494/497 retained keys (494 L1, 0 L2) in 2.3 ms (external_request_id=chatcmpl-495bab38-93ec-4223-acd0-c758cc01340f-96fb306a, prefetch_request_id=-1) [3m(storage_manager.py:575:lmcache.v1.distributed.storage_manager)[0m
[32;20m[2026-06-03 07:35:45,127] LMCache INFO:[0m Retrieved 768 tokens in 0.018 seconds [3m(gpu_transfer.py:728:lmcache.v1.multiprocess.modules.gpu_transfer)[0m
[32;20m[2026-06-03 07:35:45,127] LMCache INFO:[0m Retrieved 768 tokens in 0.005 seconds [3m(gpu_transfer.py:728:lmcache.v1.multiprocess.modules.gpu_transfer)[0m
[32;20m[2026-06-03 07:35:45,135] LMCache INFO:[0m Retrieved 768 tokens in 0.007 seconds [3m(gpu_transfer.py:728:lmcache.v1.multiprocess.modules.gpu_transfer)[0m
[32;20m[2026-06-03 07:35:45,137] LMCache INFO:[0m Retrieved 768 tokens in 0.004 seconds [3m(gpu_transfer.py:728:lmcache.v1.multiprocess.modules.gpu_transfer)[0m
[32;20m[2026-06-03 07:35:45,469] LMCache INFO:[0m Stored 256 tokens in 0.015 seconds [3m(gpu_transfer.py:513:lmcache.v1.multiprocess.modules.gpu_transfer)[0m
[32;20m[2026-06-03 07:35:46,314] LMCache INFO:[0m Stored 768 tokens in 0.015 seconds [3m(gpu_transfer.py:513:lmcache.v1.multiprocess.modules.gpu_transfer)[0m
[32;20m[2026-06-03 07:35:46,321] LMCache INFO:[0m Stored 1536 tokens in 0.003 seconds [3m(gpu_transfer.py:513:lmcache.v1.multiprocess.modules.gpu_transfer)[0m
[32;20m[2026-06-03 07:35:46,513] LMCache INFO:[0m Stored 256 tokens in 0.010 seconds [3m(gpu_transfer.py:513:lmcache.v1.multiprocess.modules.gpu_transfer)[0m
[32;20m[2026-06-03 07:35:46,658] LMCache INFO:[0m Stored 256 tokens in 0.002 seconds [3m(gpu_transfer.py:513:lmcache.v1.multiprocess.modules.gpu_transfer)[0m
[32;20m[2026-06-03 07:35:46,960] LMCache INFO:[0m Stored 256 tokens in 0.002 seconds [3m(gpu_transfer.py:513:lmcache.v1.multiprocess.modules.gpu_transfer)[0m
[32;20m[2026-06-03 07:35:47,226] LMCache INFO:[0m Stored 256 tokens in 0.002 seconds [3m(gpu_transfer.py:513:lmcache.v1.multiprocess.modules.gpu_transfer)[0m
[32;20m[2026-06-03 07:35:47,530] LMCache INFO:[0m Stored 256 tokens in 0.002 seconds [3m(gpu_transfer.py:513:lmcache.v1.multiprocess.modules.gpu_transfer)[0m
[32;20m[2026-06-03 07:35:47,704] LMCache INFO:[0m Stored 256 tokens in 0.004 seconds [3m(gpu_transfer.py:513:lmcache.v1.multiprocess.modules.gpu_transfer)[0m
[32;20m[2026-06-03 07:35:48,013] LMCache INFO:[0m Stored 256 tokens in 0.005 seconds [3m(gpu_transfer.py:513:lmcache.v1.multiprocess.modules.gpu_transfer)[0m
[32;20m[2026-06-03 07:35:48,079] LMCache INFO:[0m Stored 256 tokens in 0.002 seconds [3m(gpu_transfer.py:513:lmcache.v1.multiprocess.modules.gpu_transfer)[0m
[32;20m[2026-06-03 07:35:48,197] LMCache INFO:[0m Stored 256 tokens in 0.033 seconds [3m(gpu_transfer.py:513:lmcache.v1.multiprocess.modules.gpu_transfer)[0m
[32;20m[2026-06-03 07:35:48,726] LMCache INFO:[0m Stored 256 tokens in 0.004 seconds [3m(gpu_transfer.py:513:lmcache.v1.multiprocess.modules.gpu_transfer)[0m
[32;20m[2026-06-03 07:35:49,235] LMCache INFO:[0m Stored 256 tokens in 0.003 seconds [3m(gpu_transfer.py:513:lmcache.v1.multiprocess.modules.gpu_transfer)[0m
[32;20m[2026-06-03 07:35:49,685] LMCache INFO:[0m Stored 256 tokens in 0.003 seconds [3m(gpu_transfer.py:513:lmcache.v1.multiprocess.modules.gpu_transfer)[0m
[32;20m[2026-06-03 07:35:49,889] LMCache INFO:[0m Stored 256 tokens in 0.004 seconds [3m(gpu_transfer.py:513:lmcache.v1.multiprocess.modules.gpu_transfer)[0m
[32;20m[2026-06-03 07:35:50,302] LMCache INFO:[0m Prefetch request completed (L1+L2): 932/942 retained keys (932 L1, 0 L2) in 17.7 ms (external_request_id=chatcmpl-3ef47276-a2bf-4bff-b60b-1e47e7a2eb1c-9d0ae951, prefetch_request_id=-1) [3m(storage_manager.py:575:lmcache.v1.distributed.storage_manager)[0m
[32;20m[2026-06-03 07:35:50,778] LMCache INFO:[0m Stored 2560 tokens in 0.036 seconds [3m(gpu_transfer.py:513:lmcache.v1.multiprocess.modules.gpu_transfer)[0m
[32;20m[2026-06-03 07:35:52,540] LMCache INFO:[0m Stored 256 tokens in 0.005 seconds [3m(gpu_transfer.py:513:lmcache.v1.multiprocess.modules.gpu_transfer)[0m
[32;20m[2026-06-03 07:35:52,545] LMCache INFO:[0m Stored 256 tokens in 0.002 seconds [3m(gpu_transfer.py:513:lmcache.v1.multiprocess.modules.gpu_transfer)[0m
[32;20m[2026-06-03 07:35:52,550] LMCache INFO:[0m Stored 256 tokens in 0.002 seconds [3m(gpu_transfer.py:513:lmcache.v1.multiprocess.modules.gpu_transfer)[0m
[32;20m[2026-06-03 07:35:52,998] LMCache INFO:[0m Prefetch request completed (L1+L2): 304/305 retained keys (304 L1, 0 L2) in 1.8 ms (external_request_id=chatcmpl-5f75ea9c-7407-4e3c-a173-71f228c90786-a70893b8, prefetch_request_id=-1) [3m(storage_manager.py:575:lmcache.v1.distributed.storage_manager)[0m
[32;20m[2026-06-03 07:35:53,235] LMCache INFO:[0m Stored 256 tokens in 0.018 seconds [3m(gpu_transfer.py:513:lmcache.v1.multiprocess.modules.gpu_transfer)[0m
[32;20m[2026-06-03 07:35:53,474] LMCache INFO:[0m Stored 256 tokens in 0.007 seconds [3m(gpu_transfer.py:513:lmcache.v1.multiprocess.modules.gpu_transfer)[0m
[32;20m[2026-06-03 07:35:54,232] LMCache INFO:[0m Prefetch request completed (L1+L2): 154/154 retained keys (154 L1, 0 L2) in 1.0 ms (external_request_id=chatcmpl-1588b30f-91b5-4eca-866a-764382a27c58-9769aa64, prefetch_request_id=-1) [3m(storage_manager.py:575:lmcache.v1.distributed.storage_manager)[0m
[32;20m[2026-06-03 07:35:54,304] LMCache INFO:[0m Stored 256 tokens in 0.008 seconds [3m(gpu_transfer.py:513:lmcache.v1.multiprocess.modules.gpu_transfer)[0m
[32;20m[2026-06-03 07:35:54,309] LMCache INFO:[0m Stored 256 tokens in 0.004 seconds [3m(gpu_transfer.py:513:lmcache.v1.multiprocess.modules.gpu_transfer)[0m
[32;20m[2026-06-03 07:35:54,745] LMCache INFO:[0m Prefetch request completed (L1+L2): 182/184 retained keys (182 L1, 0 L2) in 1.1 ms (external_request_id=chatcmpl-bc12e9cd-eedf-4651-bf67-f79761862ad3-a4b0d472, prefetch_request_id=-1) [3m(storage_manager.py:575:lmcache.v1.distributed.storage_manager)[0m
[32;20m[2026-06-03 07:35:54,944] LMCache INFO:[0m Stored 512 tokens in 0.011 seconds [3m(gpu_transfer.py:513:lmcache.v1.multiprocess.modules.gpu_transfer)[0m
[32;20m[2026-06-03 07:35:55,061] LMCache INFO:[0m Stored 256 tokens in 0.003 seconds [3m(gpu_transfer.py:513:lmcache.v1.multiprocess.modules.gpu_transfer)[0m
[32;20m[2026-06-03 07:35:55,230] LMCache INFO:[0m Stored 256 tokens in 0.003 seconds [3m(gpu_transfer.py:513:lmcache.v1.multiprocess.modules.gpu_transfer)[0m
[32;20m[2026-06-03 07:35:55,773] LMCache INFO:[0m Stored 256 tokens in 0.007 seconds [3m(gpu_transfer.py:513:lmcache.v1.multiprocess.modules.gpu_transfer)[0m
[32;20m[2026-06-03 07:35:55,839] LMCache INFO:[0m Stored 256 tokens in 0.003 seconds [3m(gpu_transfer.py:513:lmcache.v1.multiprocess.modules.gpu_transfer)[0m
[32;20m[2026-06-03 07:35:55,960] LMCache INFO:[0m Stored 256 tokens in 0.003 seconds [3m(gpu_transfer.py:513:lmcache.v1.multiprocess.modules.gpu_transfer)[0m
[32;20m[2026-06-03 07:35:56,120] LMCache INFO:[0m Stored 256 tokens in 0.003 seconds [3m(gpu_transfer.py:513:lmcache.v1.multiprocess.modules.gpu_transfer)[0m
[32;20m[2026-06-03 07:35:56,194] LMCache INFO:[0m Prefetch request completed (L1+L2): 180/183 retained keys (180 L1, 0 L2) in 1.1 ms (external_request_id=chatcmpl-0a1effce-e48d-4425-a35a-0eedd374f8e6-92a90580, prefetch_request_id=-1) [3m(storage_manager.py:575:lmcache.v1.distributed.storage_manager)[0m
[32;20m[2026-06-03 07:35:56,376] LMCache INFO:[0m Stored 768 tokens in 0.006 seconds [3m(gpu_transfer.py:513:lmcache.v1.multiprocess.modules.gpu_transfer)[0m
[32;20m[2026-06-03 07:35:56,711] LMCache INFO:[0m Stored 256 tokens in 0.003 seconds [3m(gpu_transfer.py:513:lmcache.v1.multiprocess.modules.gpu_transfer)[0m
[32;20m[2026-06-03 07:35:57,117] LMCache INFO:[0m Prefetch request completed (L1+L2): 752/756 retained keys (752 L1, 0 L2) in 2.5 ms (external_request_id=chatcmpl-16a4c826-4285-4f83-9138-639f78458311-8bb55d7b, prefetch_request_id=-1) [3m(storage_manager.py:575:lmcache.v1.distributed.storage_manager)[0m
[32;20m[2026-06-03 07:35:57,431] LMCache INFO:[0m Stored 1024 tokens in 0.092 seconds [3m(gpu_transfer.py:513:lmcache.v1.multiprocess.modules.gpu_transfer)[0m
[32;20m[2026-06-03 07:35:58,512] LMCache INFO:[0m Prefetch request completed (L1+L2): 356/359 retained keys (356 L1, 0 L2) in 1.7 ms (external_request_id=chatcmpl-2feb9a25-825e-40ee-b1f8-ef1e835e816c-b7114142, prefetch_request_id=-1) [3m(storage_manager.py:575:lmcache.v1.distributed.storage_manager)[0m
[32;20m[2026-06-03 07:35:58,702] LMCache INFO:[0m Stored 768 tokens in 0.011 seconds [3m(gpu_transfer.py:513:lmcache.v1.multiprocess.modules.gpu_transfer)[0m
[32;20m[2026-06-03 07:35:59,658] LMCache INFO:[0m Prefetch request completed (L1+L2): 260/289 retained keys (260 L1, 0 L2) in 1.9 ms (external_request_id=chatcmpl-f2c7d1b2-df43-4834-9586-d7eaadcd5136-abb7eff2, prefetch_request_id=-1) [3m(storage_manager.py:575:lmcache.v1.distributed.storage_manager)[0m
[32;20m[2026-06-03 07:35:59,988] LMCache INFO:[0m Stored 7424 tokens in 0.011 seconds [3m(gpu_transfer.py:513:lmcache.v1.multiprocess.modules.gpu_transfer)[0m
[32;20m[2026-06-03 07:36:01,082] LMCache INFO:[0m Stored 256 tokens in 0.002 seconds [3m(gpu_transfer.py:513:lmcache.v1.multiprocess.modules.gpu_transfer)[0m
[32;20m[2026-06-03 07:36:01,197] LMCache INFO:[0m Prefetch request completed (L1+L2): 137/145 retained keys (137 L1, 0 L2) in 1.4 ms (external_request_id=chatcmpl-2b979706-f04f-4777-801c-fbaa25453ea7-9176187f, prefetch_request_id=-1) [3m(storage_manager.py:575:lmcache.v1.distributed.storage_manager)[0m
[32;20m[2026-06-03 07:36:01,404] LMCache INFO:[0m Stored 2048 tokens in 0.006 seconds [3m(gpu_transfer.py:513:lmcache.v1.multiprocess.modules.gpu_transfer)[0m
[32;20m[2026-06-03 07:36:01,599] LMCache INFO:[0m Stored 256 tokens in 0.006 seconds [3m(gpu_transfer.py:513:lmcache.v1.multiprocess.modules.gpu_transfer)[0m
[32;20m[2026-06-03 07:36:01,771] LMCache INFO:[0m Stored 256 tokens in 0.002 seconds [3m(gpu_transfer.py:513:lmcache.v1.multiprocess.modules.gpu_transfer)[0m
[32;20m[2026-06-03 07:36:02,303] LMCache INFO:[0m Stored 256 tokens in 0.003 seconds [3m(gpu_transfer.py:513:lmcache.v1.multiprocess.modules.gpu_transfer)[0m
[32;20m[2026-06-03 07:36:02,563] LMCache INFO:[0m Stored 256 tokens in 0.002 seconds [3m(gpu_transfer.py:513:lmcache.v1.multiprocess.modules.gpu_transfer)[0m
[32;20m[2026-06-03 07:36:02,667] LMCache INFO:[0m Stored 256 tokens in 0.003 seconds [3m(gpu_transfer.py:513:lmcache.v1.multiprocess.modules.gpu_transfer)[0m
[32;20m[2026-06-03 07:36:03,147] LMCache INFO:[0m Stored 256 tokens in 0.003 seconds [3m(gpu_transfer.py:513:lmcache.v1.multiprocess.modules.gpu_transfer)[0m
[32;20m[2026-06-03 07:36:03,251] LMCache INFO:[0m Stored 256 tokens in 0.004 seconds [3m(gpu_transfer.py:513:lmcache.v1.multiprocess.modules.gpu_transfer)[0m
[32;20m[2026-06-03 07:36:03,424] LMCache INFO:[0m Stored 256 tokens in 0.006 seconds [3m(gpu_transfer.py:513:lmcache.v1.multiprocess.modules.gpu_transfer)[0m
[32;20m[2026-06-03 07:36:03,991] LMCache INFO:[0m Stored 256 tokens in 0.002 seconds [3m(gpu_transfer.py:513:lmcache.v1.multiprocess.modules.gpu_transfer)[0m
[32;20m[2026-06-03 07:36:04,620] LMCache INFO:[0m Prefetch request completed (L1+L2): 1/217 retained keys (1 L1, 0 L2) in 1.5 ms (external_request_id=chatcmpl-b2952bae-0c1c-423b-9be9-e7821bea00a6-ad8f755e, prefetch_request_id=-1) [3m(storage_manager.py:575:lmcache.v1.distributed.storage_manager)[0m
[32;20m[2026-06-03 07:36:04,821] LMCache INFO:[0m Stored 8192 tokens in 0.006 seconds [3m(gpu_transfer.py:513:lmcache.v1.multiprocess.modules.gpu_transfer)[0m
[32;20m[2026-06-03 07:36:04,999] LMCache INFO:[0m Stored 8192 tokens in 0.021 seconds [3m(gpu_transfer.py:513:lmcache.v1.multiprocess.modules.gpu_transfer)[0m
[32;20m[2026-06-03 07:36:05,545] LMCache INFO:[0m Stored 8192 tokens in 0.006 seconds [3m(gpu_transfer.py:513:lmcache.v1.multiprocess.modules.gpu_transfer)[0m
[32;20m[2026-06-03 07:36:06,101] LMCache INFO:[0m Stored 8192 tokens in 0.006 seconds [3m(gpu_transfer.py:513:lmcache.v1.multiprocess.modules.gpu_transfer)[0m
[32;20m[2026-06-03 07:36:06,832] LMCache INFO:[0m Stored 8192 tokens in 0.006 seconds [3m(gpu_transfer.py:513:lmcache.v1.multiprocess.modules.gpu_transfer)[0m
[32;20m[2026-06-03 07:36:07,591] LMCache INFO:[0m Prefetch request completed (L1+L2): 138/146 retained keys (138 L1, 0 L2) in 1.3 ms (external_request_id=chatcmpl-7f0e770a-2661-4b51-b6cb-ff074129d9b8-b0758bb2, prefetch_request_id=-1) [3m(storage_manager.py:575:lmcache.v1.distributed.storage_manager)[0m
[32;20m[2026-06-03 07:36:07,692] LMCache INFO:[0m Stored 7936 tokens in 0.006 seconds [3m(gpu_transfer.py:513:lmcache.v1.multiprocess.modules.gpu_transfer)[0m
[32;20m[2026-06-03 07:36:08,588] LMCache INFO:[0m Prefetch request completed (L1+L2): 1/145 retained keys (1 L1, 0 L2) in 1.1 ms (external_request_id=chatcmpl-1538aa4a-df16-40b0-8408-75fd1a3d2fe5-ab648669, prefetch_request_id=-1) [3m(storage_manager.py:575:lmcache.v1.distributed.storage_manager)[0m
[32;20m[2026-06-03 07:36:08,726] LMCache INFO:[0m Stored 1792 tokens in 0.006 seconds [3m(gpu_transfer.py:513:lmcache.v1.multiprocess.modules.gpu_transfer)[0m
[32;20m[2026-06-03 07:36:09,704] LMCache INFO:[0m Stored 6400 tokens in 0.005 seconds [3m(gpu_transfer.py:513:lmcache.v1.multiprocess.modules.gpu_transfer)[0m
[32;20m[2026-06-03 07:36:09,903] LMCache INFO:[0m Stored 7680 tokens in 0.007 seconds [3m(gpu_transfer.py:513:lmcache.v1.multiprocess.modules.gpu_transfer)[0m
[32;20m[2026-06-03 07:36:10,227] LMCache INFO:[0m Stored 256 tokens in 0.002 seconds [3m(gpu_transfer.py:513:lmcache.v1.multiprocess.modules.gpu_transfer)[0m
[32;20m[2026-06-03 07:36:10,356] LMCache INFO:[0m Stored 8192 tokens in 0.005 seconds [3m(gpu_transfer.py:513:lmcache.v1.multiprocess.modules.gpu_transfer)[0m
[32;20m[2026-06-03 07:36:10,772] LMCache INFO:[0m Stored 8192 tokens in 0.003 seconds [3m(gpu_transfer.py:513:lmcache.v1.multiprocess.modules.gpu_transfer)[0m
[32;20m[2026-06-03 07:36:11,238] LMCache INFO:[0m Prefetch request completed (L1+L2): 184/193 retained keys (184 L1, 0 L2) in 1.2 ms (external_request_id=chatcmpl-af51d8c5-1c25-4838-b85c-56d0801ec24c-88e29c4f, prefetch_request_id=-1) [3m(storage_manager.py:575:lmcache.v1.distributed.storage_manager)[0m
[32;20m[2026-06-03 07:36:11,279] LMCache INFO:[0m Prefetch request completed (L1+L2): 137/145 retained keys (137 L1, 0 L2) in 1.0 ms (external_request_id=chatcmpl-cb4ee52a-59da-4ae0-9f2c-8ceac163903f-883135cb, prefetch_request_id=-1) [3m(storage_manager.py:575:lmcache.v1.distributed.storage_manager)[0m
[32;20m[2026-06-03 07:36:11,415] LMCache INFO:[0m Stored 8192 tokens in 0.091 seconds [3m(gpu_transfer.py:513:lmcache.v1.multiprocess.modules.gpu_transfer)[0m
[32;20m[2026-06-03 07:36:12,076] LMCache INFO:[0m Stored 2304 tokens in 0.021 seconds [3m(gpu_transfer.py:513:lmcache.v1.multiprocess.modules.gpu_transfer)[0m
[32;20m[2026-06-03 07:36:12,900] LMCache INFO:[0m Stored 1280 tokens in 0.006 seconds [3m(gpu_transfer.py:513:lmcache.v1.multiprocess.modules.gpu_transfer)[0m
[32;20m[2026-06-03 07:36:12,907] LMCache INFO:[0m Stored 256 tokens in 0.005 seconds [3m(gpu_transfer.py:513:lmcache.v1.multiprocess.modules.gpu_transfer)[0m
[32;20m[2026-06-03 07:36:12,914] LMCache INFO:[0m Stored 4608 tokens in 0.004 seconds [3m(gpu_transfer.py:513:lmcache.v1.multiprocess.modules.gpu_transfer)[0m
[32;20m[2026-06-03 07:36:13,077] LMCache INFO:[0m Stored 768 tokens in 0.002 seconds [3m(gpu_transfer.py:513:lmcache.v1.multiprocess.modules.gpu_transfer)[0m
[32;20m[2026-06-03 07:36:13,408] LMCache INFO:[0m Stored 256 tokens in 0.005 seconds [3m(gpu_transfer.py:513:lmcache.v1.multiprocess.modules.gpu_transfer)[0m
[32;20m[2026-06-03 07:36:13,679] LMCache INFO:[0m Stored 7936 tokens in 0.005 seconds [3m(gpu_transfer.py:513:lmcache.v1.multiprocess.modules.gpu_transfer)[0m
[32;20m[2026-06-03 07:36:13,983] LMCache INFO:[0m Stored 8192 tokens in 0.006 seconds [3m(gpu_transfer.py:513:lmcache.v1.multiprocess.modules.gpu_transfer)[0m
[32;20m[2026-06-03 07:36:14,407] LMCache INFO:[0m Stored 256 tokens in 0.006 seconds [3m(gpu_transfer.py:513:lmcache.v1.multiprocess.modules.gpu_transfer)[0m
[32;20m[2026-06-03 07:36:14,837] LMCache INFO:[0m Stored 8192 tokens in 0.006 seconds [3m(gpu_transfer.py:513:lmcache.v1.multiprocess.modules.gpu_transfer)[0m
[32;20m[2026-06-03 07:36:14,963] LMCache INFO:[0m Stored 8192 tokens in 0.005 seconds [3m(gpu_transfer.py:513:lmcache.v1.multiprocess.modules.gpu_transfer)[0m
[32;20m[2026-06-03 07:36:15,670] LMCache INFO:[0m Stored 8192 tokens in 0.006 seconds [3m(gpu_transfer.py:513:lmcache.v1.multiprocess.modules.gpu_transfer)[0m
[32;20m[2026-06-03 07:36:16,530] LMCache INFO:[0m Stored 8192 tokens in 0.005 seconds [3m(gpu_transfer.py:513:lmcache.v1.multiprocess.modules.gpu_transfer)[0m
[32;20m[2026-06-03 07:36:17,537] LMCache INFO:[0m Stored 8192 tokens in 0.005 seconds [3m(gpu_transfer.py:513:lmcache.v1.multiprocess.modules.gpu_transfer)[0m
[32;20m[2026-06-03 07:36:18,749] LMCache INFO:[0m Stored 5632 tokens in 0.005 seconds [3m(gpu_transfer.py:513:lmcache.v1.multiprocess.modules.gpu_transfer)[0m
[32;20m[2026-06-03 07:36:19,484] LMCache INFO:[0m Stored 256 tokens in 0.010 seconds [3m(gpu_transfer.py:513:lmcache.v1.multiprocess.modules.gpu_transfer)[0m
[32;20m[2026-06-03 07:36:19,540] LMCache INFO:[0m Prefetch request completed (L1+L2): 359/359 retained keys (359 L1, 0 L2) in 1.7 ms (external_request_id=chatcmpl-e83aa082-b7d6-4e35-93d7-5ad4684e7374-95db0935, prefetch_request_id=-1) [3m(storage_manager.py:575:lmcache.v1.distributed.storage_manager)[0m
[32;20m[2026-06-03 07:36:19,864] LMCache INFO:[0m Prefetch request completed (L1+L2): 138/156 retained keys (138 L1, 0 L2) in 1.0 ms (external_request_id=chatcmpl-bf5a335c-2c1e-4ef7-b457-e12fdb1813aa-a74e8210, prefetch_request_id=-1) [3m(storage_manager.py:575:lmcache.v1.distributed.storage_manager)[0m
[32;20m[2026-06-03 07:36:20,183] LMCache INFO:[0m Stored 4608 tokens in 0.007 seconds [3m(gpu_transfer.py:513:lmcache.v1.multiprocess.modules.gpu_transfer)[0m
[32;20m[2026-06-03 07:36:20,797] LMCache INFO:[0m Stored 256 tokens in 0.003 seconds [3m(gpu_transfer.py:513:lmcache.v1.multiprocess.modules.gpu_transfer)[0m
[32;20m[2026-06-03 07:36:21,305] LMCache INFO:[0m Prefetch request completed (L1+L2): 269/269 retained keys (269 L1, 0 L2) in 1.5 ms (external_request_id=chatcmpl-1b416b5d-7064-4d6c-9f3f-a73de6df6320-bed61270, prefetch_request_id=-1) [3m(storage_manager.py:575:lmcache.v1.distributed.storage_manager)[0m
[32;20m[2026-06-03 07:36:21,437] LMCache INFO:[0m Stored 256 tokens in 0.043 seconds [3m(gpu_transfer.py:513:lmcache.v1.multiprocess.modules.gpu_transfer)[0m
[32;20m[2026-06-03 07:36:21,459] LMCache INFO:[0m Stored 256 tokens in 0.009 seconds [3m(gpu_transfer.py:513:lmcache.v1.multiprocess.modules.gpu_transfer)[0m
[32;20m[2026-06-03 07:36:21,586] LMCache INFO:[0m Stored 256 tokens in 0.003 seconds [3m(gpu_transfer.py:513:lmcache.v1.multiprocess.modules.gpu_transfer)[0m
[32;20m[2026-06-03 07:36:21,736] LMCache INFO:[0m Stored 256 tokens in 0.002 seconds [3m(gpu_transfer.py:513:lmcache.v1.multiprocess.modules.gpu_transfer)[0m
[32;20m[2026-06-03 07:36:21,820] LMCache INFO:[0m Stored 256 tokens in 0.003 seconds [3m(gpu_transfer.py:513:lmcache.v1.multiprocess.modules.gpu_transfer)[0m
[32;20m[2026-06-03 07:36:22,084] LMCache INFO:[0m Stored 256 tokens in 0.007 seconds [3m(gpu_transfer.py:513:lmcache.v1.multiprocess.modules.gpu_transfer)[0m
[32;20m[2026-06-03 07:36:22,456] LMCache INFO:[0m Prefetch request completed (L1+L2): 183/183 retained keys (183 L1, 0 L2) in 1.2 ms (external_request_id=chatcmpl-a7c75cad-3b27-4900-917d-2dd5f9101b4c-bc19de13, prefetch_request_id=-1) [3m(storage_manager.py:575:lmcache.v1.distributed.storage_manager)[0m
[32;20m[2026-06-03 07:36:22,821] LMCache INFO:[0m Stored 256 tokens in 0.006 seconds [3m(gpu_transfer.py:513:lmcache.v1.multiprocess.modules.gpu_transfer)[0m
[32;20m[2026-06-03 07:36:22,999] LMCache INFO:[0m Prefetch request completed (L1+L2): 359/361 retained keys (359 L1, 0 L2) in 1.8 ms (external_request_id=chatcmpl-72898227-ff67-44fe-beb0-91a815c73db1-853e180d, prefetch_request_id=-1) [3m(storage_manager.py:575:lmcache.v1.distributed.storage_manager)[0m
[32;20m[2026-06-03 07:36:23,209] LMCache INFO:[0m Stored 512 tokens in 0.011 seconds [3m(gpu_transfer.py:513:lmcache.v1.multiprocess.modules.gpu_transfer)[0m
[32;20m[2026-06-03 07:36:23,766] LMCache INFO:[0m Stored 256 tokens in 0.004 seconds [3m(gpu_transfer.py:513:lmcache.v1.multiprocess.modules.gpu_transfer)[0m
[32;20m[2026-06-03 07:36:24,262] LMCache INFO:[0m Stored 256 tokens in 0.004 seconds [3m(gpu_transfer.py:513:lmcache.v1.multiprocess.modules.gpu_transfer)[0m
[32;20m[2026-06-03 07:36:24,317] LMCache INFO:[0m Stored 256 tokens in 0.002 seconds [3m(gpu_transfer.py:513:lmcache.v1.multiprocess.modules.gpu_transfer)[0m
[32;20m[2026-06-03 07:36:24,490] LMCache INFO:[0m Prefetch request completed (L1+L2): 176/233 retained keys (176 L1, 0 L2) in 1.5 ms (external_request_id=chatcmpl-46e1fa9f-28cf-466e-a4a7-345f2bfd7248-b3be5435, prefetch_request_id=-1) [3m(storage_manager.py:575:lmcache.v1.distributed.storage_manager)[0m
[32;20m[2026-06-03 07:36:24,671] LMCache INFO:[0m Stored 8192 tokens in 0.009 seconds [3m(gpu_transfer.py:513:lmcache.v1.multiprocess.modules.gpu_transfer)[0m
[32;20m[2026-06-03 07:36:25,623] LMCache INFO:[0m Stored 256 tokens in 0.004 seconds [3m(gpu_transfer.py:513:lmcache.v1.multiprocess.modules.gpu_transfer)[0m
[32;20m[2026-06-03 07:36:25,644] LMCache INFO:[0m Prefetch request completed (L1+L2): 138/156 retained keys (138 L1, 0 L2) in 0.9 ms (external_request_id=chatcmpl-5f33e3f6-2920-4c6b-a439-a73bf4eefd4f-86293979, prefetch_request_id=-1) [3m(storage_manager.py:575:lmcache.v1.distributed.storage_manager)[0m
[32;20m[2026-06-03 07:36:26,650] LMCache INFO:[0m Stored 6400 tokens in 0.005 seconds [3m(gpu_transfer.py:513:lmcache.v1.multiprocess.modules.gpu_transfer)[0m
[32;20m[2026-06-03 07:36:26,838] LMCache INFO:[0m Stored 4608 tokens in 0.006 seconds [3m(gpu_transfer.py:513:lmcache.v1.multiprocess.modules.gpu_transfer)[0m
[32;20m[2026-06-03 07:36:27,437] LMCache INFO:[0m Stored 256 tokens in 0.002 seconds [3m(gpu_transfer.py:513:lmcache.v1.multiprocess.modules.gpu_transfer)[0m
[32;20m[2026-06-03 07:36:27,740] LMCache INFO:[0m Stored 256 tokens in 0.003 seconds [3m(gpu_transfer.py:513:lmcache.v1.multiprocess.modules.gpu_transfer)[0m
[32;20m[2026-06-03 07:36:27,895] LMCache INFO:[0m Stored 256 tokens in 0.003 seconds [3m(gpu_transfer.py:513:lmcache.v1.multiprocess.modules.gpu_transfer)[0m
[32;20m[2026-06-03 07:36:27,968] LMCache INFO:[0m Stored 256 tokens in 0.002 seconds [3m(gpu_transfer.py:513:lmcache.v1.multiprocess.modules.gpu_transfer)[0m
[32;20m[2026-06-03 07:36:28,091] LMCache INFO:[0m Stored 256 tokens in 0.002 seconds [3m(gpu_transfer.py:513:lmcache.v1.multiprocess.modules.gpu_transfer)[0m
[32;20m[2026-06-03 07:36:28,132] LMCache INFO:[0m Stored 256 tokens in 0.002 seconds [3m(gpu_transfer.py:513:lmcache.v1.multiprocess.modules.gpu_transfer)[0m
[32;20m[2026-06-03 07:36:28,676] LMCache INFO:[0m Stored 256 tokens in 0.007 seconds [3m(gpu_transfer.py:513:lmcache.v1.multiprocess.modules.gpu_transfer)[0m
[32;20m[2026-06-03 07:36:29,016] LMCache INFO:[0m Stored 256 tokens in 0.008 seconds [3m(gpu_transfer.py:513:lmcache.v1.multiprocess.modules.gpu_transfer)[0m
[32;20m[2026-06-03 07:36:29,285] LMCache INFO:[0m Stored 256 tokens in 0.003 seconds [3m(gpu_transfer.py:513:lmcache.v1.multiprocess.modules.gpu_transfer)[0m
[32;20m[2026-06-03 07:36:29,492] LMCache INFO:[0m Stored 256 tokens in 0.003 seconds [3m(gpu_transfer.py:513:lmcache.v1.multiprocess.modules.gpu_transfer)[0m
[32;20m[2026-06-03 07:36:29,901] LMCache INFO:[0m Prefetch request completed (L1+L2): 506/506 retained keys (506 L1, 0 L2) in 22.9 ms (external_request_id=chatcmpl-69b4e2e6-e7f4-46c2-839f-81211e631606-b9d012d4, prefetch_request_id=-1) [3m(storage_manager.py:575:lmcache.v1.distributed.storage_manager)[0m
[32;20m[2026-06-03 07:36:30,570] LMCache INFO:[0m Prefetch request completed (L1+L2): 643/657 retained keys (643 L1, 0 L2) in 1.6 ms (external_request_id=chatcmpl-3e44bd29-c5ce-4d69-8c53-ee37ef250074-84625e72, prefetch_request_id=-1) [3m(storage_manager.py:575:lmcache.v1.distributed.storage_manager)[0m
[32;20m[2026-06-03 07:36:30,914] LMCache INFO:[0m Stored 3584 tokens in 0.020 seconds [3m(gpu_transfer.py:513:lmcache.v1.multiprocess.modules.gpu_transfer)[0m
[32;20m[2026-06-03 07:36:32,156] LMCache INFO:[0m Stored 256 tokens in 0.002 seconds [3m(gpu_transfer.py:513:lmcache.v1.multiprocess.modules.gpu_transfer)[0m
[32;20m[2026-06-03 07:36:32,295] LMCache INFO:[0m Stored 256 tokens in 0.014 seconds [3m(gpu_transfer.py:513:lmcache.v1.multiprocess.modules.gpu_transfer)[0m
[32;20m[2026-06-03 07:36:32,329] LMCache INFO:[0m Stored 256 tokens in 0.003 seconds [3m(gpu_transfer.py:513:lmcache.v1.multiprocess.modules.gpu_transfer)[0m
[32;20m[2026-06-03 07:36:32,631] LMCache INFO:[0m Stored 256 tokens in 0.004 seconds [3m(gpu_transfer.py:513:lmcache.v1.multiprocess.modules.gpu_transfer)[0m
[32;20m[2026-06-03 07:36:32,946] LMCache INFO:[0m Stored 256 tokens in 0.002 seconds [3m(gpu_transfer.py:513:lmcache.v1.multiprocess.modules.gpu_transfer)[0m
[32;20m[2026-06-03 07:36:33,340] LMCache INFO:[0m Stored 256 tokens in 0.006 seconds [3m(gpu_transfer.py:513:lmcache.v1.multiprocess.modules.gpu_transfer)[0m
[32;20m[2026-06-03 07:36:33,554] LMCache INFO:[0m Prefetch request completed (L1+L2): 245/248 retained keys (245 L1, 0 L2) in 1.4 ms (external_request_id=chatcmpl-9ee4269f-041a-4ef8-9a74-428adabf987b-a6d5e9b7, prefetch_request_id=-1) [3m(storage_manager.py:575:lmcache.v1.distributed.storage_manager)[0m
[32;20m[2026-06-03 07:36:33,773] LMCache INFO:[0m Stored 768 tokens in 0.009 seconds [3m(gpu_transfer.py:513:lmcache.v1.multiprocess.modules.gpu_transfer)[0m
[32;20m[2026-06-03 07:36:34,739] LMCache INFO:[0m Prefetch request completed (L1+L2): 217/220 retained keys (217 L1, 0 L2) in 1.5 ms (external_request_id=chatcmpl-32ee6793-4dac-4a67-b75e-925a30dd0777-922688b2, prefetch_request_id=-1) [3m(storage_manager.py:575:lmcache.v1.distributed.storage_manager)[0m
[32;20m[2026-06-03 07:36:34,919] LMCache INFO:[0m Stored 768 tokens in 0.008 seconds [3m(gpu_transfer.py:513:lmcache.v1.multiprocess.modules.gpu_transfer)[0m
[32;20m[2026-06-03 07:36:35,305] LMCache INFO:[0m Prefetch request completed (L1+L2): 466/490 retained keys (466 L1, 0 L2) in 2.2 ms (external_request_id=chatcmpl-daf801d8-153a-4f55-a013-75e0330befd6-a12de379, prefetch_request_id=-1) [3m(storage_manager.py:575:lmcache.v1.distributed.storage_manager)[0m
[32;20m[2026-06-03 07:36:35,486] LMCache INFO:[0m Retrieved 39680 tokens in 0.053 seconds [3m(gpu_transfer.py:728:lmcache.v1.multiprocess.modules.gpu_transfer)[0m
[32;20m[2026-06-03 07:36:35,487] LMCache INFO:[0m Retrieved 39680 tokens in 0.073 seconds [3m(gpu_transfer.py:728:lmcache.v1.multiprocess.modules.gpu_transfer)[0m
[32;20m[2026-06-03 07:36:35,531] LMCache INFO:[0m Retrieved 39680 tokens in 0.144 seconds [3m(gpu_transfer.py:728:lmcache.v1.multiprocess.modules.gpu_transfer)[0m
[32;20m[2026-06-03 07:36:35,545] LMCache INFO:[0m Retrieved 39680 tokens in 0.046 seconds [3m(gpu_transfer.py:728:lmcache.v1.multiprocess.modules.gpu_transfer)[0m
[32;20m[2026-06-03 07:36:36,028] LMCache INFO:[0m Stored 6144 tokens in 0.006 seconds [3m(gpu_transfer.py:513:lmcache.v1.multiprocess.modules.gpu_transfer)[0m
[32;20m[2026-06-03 07:36:37,934] LMCache INFO:[0m Prefetch request completed (L1+L2): 183/184 retained keys (183 L1, 0 L2) in 1.3 ms (external_request_id=chatcmpl-ed7ed37c-98db-43af-ac9a-802b202ac32b-87470fdd, prefetch_request_id=-1) [3m(storage_manager.py:575:lmcache.v1.distributed.storage_manager)[0m
[32;20m[2026-06-03 07:36:38,137] LMCache INFO:[0m Stored 256 tokens in 0.007 seconds [3m(gpu_transfer.py:513:lmcache.v1.multiprocess.modules.gpu_transfer)[0m
[32;20m[2026-06-03 07:36:38,670] LMCache INFO:[0m Stored 256 tokens in 0.006 seconds [3m(gpu_transfer.py:513:lmcache.v1.multiprocess.modules.gpu_transfer)[0m
[32;20m[2026-06-03 07:36:39,314] LMCache INFO:[0m Stored 256 tokens in 0.002 seconds [3m(gpu_transfer.py:513:lmcache.v1.multiprocess.modules.gpu_transfer)[0m
[32;20m[2026-06-03 07:36:39,335] LMCache INFO:[0m Stored 256 tokens in 0.002 seconds [3m(gpu_transfer.py:513:lmcache.v1.multiprocess.modules.gpu_transfer)[0m
[32;20m[2026-06-03 07:36:39,652] LMCache INFO:[0m Stored 256 tokens in 0.003 seconds [3m(gpu_transfer.py:513:lmcache.v1.multiprocess.modules.gpu_transfer)[0m
[32;20m[2026-06-03 07:36:40,083] LMCache INFO:[0m Stored 256 tokens in 0.003 seconds [3m(gpu_transfer.py:513:lmcache.v1.multiprocess.modules.gpu_transfer)[0m
[32;20m[2026-06-03 07:36:40,174] LMCache INFO:[0m Stored 256 tokens in 0.003 seconds [3m(gpu_transfer.py:513:lmcache.v1.multiprocess.modules.gpu_transfer)[0m
[32;20m[2026-06-03 07:36:40,511] LMCache INFO:[0m Stored 256 tokens in 0.004 seconds [3m(gpu_transfer.py:513:lmcache.v1.multiprocess.modules.gpu_transfer)[0m
[32;20m[2026-06-03 07:36:40,592] LMCache INFO:[0m Stored 256 tokens in 0.003 seconds [3m(gpu_transfer.py:513:lmcache.v1.multiprocess.modules.gpu_transfer)[0m
[32;20m[2026-06-03 07:36:40,821] LMCache INFO:[0m Stored 256 tokens in 0.008 seconds [3m(gpu_transfer.py:513:lmcache.v1.multiprocess.modules.gpu_transfer)[0m
[32;20m[2026-06-03 07:36:41,254] LMCache INFO:[0m Stored 256 tokens in 0.003 seconds [3m(gpu_transfer.py:513:lmcache.v1.multiprocess.modules.gpu_transfer)[0m
[32;20m[2026-06-03 07:36:41,623] LMCache INFO:[0m Stored 256 tokens in 0.005 seconds [3m(gpu_transfer.py:513:lmcache.v1.multiprocess.modules.gpu_transfer)[0m
[32;20m[2026-06-03 07:36:42,298] LMCache INFO:[0m Prefetch request completed (L1+L2): 443/456 retained keys (443 L1, 0 L2) in 2.0 ms (external_request_id=chatcmpl-d76999aa-4673-4809-8299-b85e79f33ab5-8fb94826, prefetch_request_id=-1) [3m(storage_manager.py:575:lmcache.v1.distributed.storage_manager)[0m
[32;20m[2026-06-03 07:36:42,433] LMCache INFO:[0m Prefetch request completed (L1+L2): 1/125 retained keys (1 L1, 0 L2) in 31.2 ms (external_request_id=chatcmpl-0265dae8-cb10-4f64-be76-df1da0d8a346-8a9179c4, prefetch_request_id=-1) [3m(storage_manager.py:575:lmcache.v1.distributed.storage_manager)[0m
[32;20m[2026-06-03 07:36:42,644] LMCache INFO:[0m Stored 3328 tokens in 0.021 seconds [3m(gpu_transfer.py:513:lmcache.v1.multiprocess.modules.gpu_transfer)[0m
[32;20m[2026-06-03 07:36:43,521] LMCache INFO:[0m Stored 256 tokens in 0.009 seconds [3m(gpu_transfer.py:513:lmcache.v1.multiprocess.modules.gpu_transfer)[0m
[32;20m[2026-06-03 07:36:43,529] LMCache INFO:[0m Stored 8192 tokens in 0.005 seconds [3m(gpu_transfer.py:513:lmcache.v1.multiprocess.modules.gpu_transfer)[0m
[32;20m[2026-06-03 07:36:43,842] LMCache INFO:[0m Stored 8192 tokens in 0.006 seconds [3m(gpu_transfer.py:513:lmcache.v1.multiprocess.modules.gpu_transfer)[0m
[32;20m[2026-06-03 07:36:44,300] LMCache INFO:[0m Prefetch request completed (L1+L2): 145/163 retained keys (145 L1, 0 L2) in 0.8 ms (external_request_id=chatcmpl-b114f8d4-8628-4540-9a35-4e69f08de0b0-8f7326cc, prefetch_request_id=-1) [3m(storage_manager.py:575:lmcache.v1.distributed.storage_manager)[0m
[32;20m[2026-06-03 07:36:44,388] LMCache INFO:[0m Stored 8192 tokens in 0.005 seconds [3m(gpu_transfer.py:513:lmcache.v1.multiprocess.modules.gpu_transfer)[0m
[32;20m[2026-06-03 07:36:44,857] LMCache INFO:[0m Prefetch request completed (L1+L2): 156/181 retained keys (156 L1, 0 L2) in 0.9 ms (external_request_id=chatcmpl-77afb949-1234-4cfa-8eeb-87bb03bf4df8-9f5e3125, prefetch_request_id=-1) [3m(storage_manager.py:575:lmcache.v1.distributed.storage_manager)[0m
[32;20m[2026-06-03 07:36:44,962] LMCache INFO:[0m Stored 1024 tokens in 0.007 seconds [3m(gpu_transfer.py:513:lmcache.v1.multiprocess.modules.gpu_transfer)[0m
[32;20m[2026-06-03 07:36:45,641] LMCache INFO:[0m Stored 7168 tokens in 0.005 seconds [3m(gpu_transfer.py:513:lmcache.v1.multiprocess.modules.gpu_transfer)[0m
[32;20m[2026-06-03 07:36:45,656] LMCache INFO:[0m Prefetch request completed (L1+L2): 93/93 retained keys (93 L1, 0 L2) in 3.6 ms (external_request_id=chatcmpl-7683fc72-5fd6-4121-bb32-22f220712b21-8ae030c6, prefetch_request_id=-1) [3m(storage_manager.py:575:lmcache.v1.distributed.storage_manager)[0m
[32;20m[2026-06-03 07:36:45,731] LMCache INFO:[0m Prefetch request completed (L1+L2): 248/281 retained keys (248 L1, 0 L2) in 1.1 ms (external_request_id=chatcmpl-977a0084-6a37-4b81-97da-2adea8d500b6-8729241c, prefetch_request_id=-1) [3m(storage_manager.py:575:lmcache.v1.distributed.storage_manager)[0m
[32;20m[2026-06-03 07:36:45,903] LMCache INFO:[0m Stored 4608 tokens in 0.080 seconds [3m(gpu_transfer.py:513:lmcache.v1.multiprocess.modules.gpu_transfer)[0m
[32;20m[2026-06-03 07:36:46,652] LMCache INFO:[0m Retrieved 23808 tokens in 0.842 seconds [3m(gpu_transfer.py:728:lmcache.v1.multiprocess.modules.gpu_transfer)[0m
[32;20m[2026-06-03 07:36:46,652] LMCache INFO:[0m Retrieved 23808 tokens in 0.864 seconds [3m(gpu_transfer.py:728:lmcache.v1.multiprocess.modules.gpu_transfer)[0m
[32;20m[2026-06-03 07:36:46,660] LMCache INFO:[0m Stored 256 tokens in 0.012 seconds [3m(gpu_transfer.py:513:lmcache.v1.multiprocess.modules.gpu_transfer)[0m
[32;20m[2026-06-03 07:36:46,672] LMCache INFO:[0m Stored 3584 tokens in 0.005 seconds [3m(gpu_transfer.py:513:lmcache.v1.multiprocess.modules.gpu_transfer)[0m
[32;20m[2026-06-03 07:36:46,679] LMCache INFO:[0m Retrieved 23808 tokens in 0.022 seconds [3m(gpu_transfer.py:728:lmcache.v1.multiprocess.modules.gpu_transfer)[0m
[32;20m[2026-06-03 07:36:46,693] LMCache INFO:[0m Retrieved 23808 tokens in 0.017 seconds [3m(gpu_transfer.py:728:lmcache.v1.multiprocess.modules.gpu_transfer)[0m
[32;20m[2026-06-03 07:36:46,808] LMCache INFO:[0m Stored 6400 tokens in 0.010 seconds [3m(gpu_transfer.py:513:lmcache.v1.multiprocess.modules.gpu_transfer)[0m
[32;20m[2026-06-03 07:36:48,059] LMCache INFO:[0m Stored 1792 tokens in 0.003 seconds [3m(gpu_transfer.py:513:lmcache.v1.multiprocess.modules.gpu_transfer)[0m
[32;20m[2026-06-03 07:36:48,092] LMCache INFO:[0m Prefetch request completed (L1+L2): 146/165 retained keys (146 L1, 0 L2) in 1.0 ms (external_request_id=chatcmpl-11b253a4-79ec-4ee0-9c63-b4434ad78733-872de944, prefetch_request_id=-1) [3m(storage_manager.py:575:lmcache.v1.distributed.storage_manager)[0m
[32;20m[2026-06-03 07:36:48,302] LMCache INFO:[0m Stored 2048 tokens in 0.004 seconds [3m(gpu_transfer.py:513:lmcache.v1.multiprocess.modules.gpu_transfer)[0m
[32;20m[2026-06-03 07:36:49,039] LMCache INFO:[0m Stored 4864 tokens in 0.007 seconds [3m(gpu_transfer.py:513:lmcache.v1.multiprocess.modules.gpu_transfer)[0m
[32;20m[2026-06-03 07:36:50,020] LMCache INFO:[0m Stored 256 tokens in 0.003 seconds [3m(gpu_transfer.py:513:lmcache.v1.multiprocess.modules.gpu_transfer)[0m
[32;20m[2026-06-03 07:36:50,179] LMCache INFO:[0m Stored 256 tokens in 0.003 seconds [3m(gpu_transfer.py:513:lmcache.v1.multiprocess.modules.gpu_transfer)[0m
[32;20m[2026-06-03 07:36:50,335] LMCache INFO:[0m Stored 256 tokens in 0.002 seconds [3m(gpu_transfer.py:513:lmcache.v1.multiprocess.modules.gpu_transfer)[0m
[32;20m[2026-06-03 07:36:50,419] LMCache INFO:[0m Stored 256 tokens in 0.003 seconds [3m(gpu_transfer.py:513:lmcache.v1.multiprocess.modules.gpu_transfer)[0m
[32;20m[2026-06-03 07:36:50,467] LMCache INFO:[0m Stored 256 tokens in 0.004 seconds [3m(gpu_transfer.py:513:lmcache.v1.multiprocess.modules.gpu_transfer)[0m
[32;20m[2026-06-03 07:36:50,740] LMCache INFO:[0m Stored 256 tokens in 0.004 seconds [3m(gpu_transfer.py:513:lmcache.v1.multiprocess.modules.gpu_transfer)[0m
[32;20m[2026-06-03 07:36:50,899] LMCache INFO:[0m Stored 256 tokens in 0.005 seconds [3m(gpu_transfer.py:513:lmcache.v1.multiprocess.modules.gpu_transfer)[0m
[32;20m[2026-06-03 07:36:51,826] LMCache INFO:[0m Stored 256 tokens in 0.002 seconds [3m(gpu_transfer.py:513:lmcache.v1.multiprocess.modules.gpu_transfer)[0m
[32;20m[2026-06-03 07:36:52,532] LMCache INFO:[0m Stored 256 tokens in 0.004 seconds [3m(gpu_transfer.py:513:lmcache.v1.multiprocess.modules.gpu_transfer)[0m
[32;20m[2026-06-03 07:36:52,597] LMCache INFO:[0m Stored 256 tokens in 0.003 seconds [3m(gpu_transfer.py:513:lmcache.v1.multiprocess.modules.gpu_transfer)[0m
[32;20m[2026-06-03 07:36:52,913] LMCache INFO:[0m Stored 256 tokens in 0.003 seconds [3m(gpu_transfer.py:513:lmcache.v1.multiprocess.modules.gpu_transfer)[0m
[32;20m[2026-06-03 07:36:53,414] LMCache INFO:[0m Stored 256 tokens in 0.002 seconds [3m(gpu_transfer.py:513:lmcache.v1.multiprocess.modules.gpu_transfer)[0m
[32;20m[2026-06-03 07:36:53,501] LMCache INFO:[0m Stored 256 tokens in 0.002 seconds [3m(gpu_transfer.py:513:lmcache.v1.multiprocess.modules.gpu_transfer)[0m
[32;20m[2026-06-03 07:36:53,658] LMCache INFO:[0m Stored 256 tokens in 0.006 seconds [3m(gpu_transfer.py:513:lmcache.v1.multiprocess.modules.gpu_transfer)[0m
[32;20m[2026-06-03 07:36:54,573] LMCache INFO:[0m Prefetch request completed (L1+L2): 156/170 retained keys (156 L1, 0 L2) in 1.1 ms (external_request_id=chatcmpl-3b1198a8-732d-4db2-9851-8672e83499bf-9499582a, prefetch_request_id=-1) [3m(storage_manager.py:575:lmcache.v1.distributed.storage_manager)[0m
[32;20m[2026-06-03 07:36:54,806] LMCache INFO:[0m Stored 3584 tokens in 0.007 seconds [3m(gpu_transfer.py:513:lmcache.v1.multiprocess.modules.gpu_transfer)[0m
[32;20m[2026-06-03 07:36:55,318] LMCache INFO:[0m Prefetch request completed (L1+L2): 220/242 retained keys (220 L1, 0 L2) in 16.7 ms (external_request_id=chatcmpl-87225c4b-273d-4b88-b4f8-68d98ca97c99-bccbb54f, prefetch_request_id=-1) [3m(storage_manager.py:575:lmcache.v1.distributed.storage_manager)[0m
[32;20m[2026-06-03 07:36:55,486] LMCache INFO:[0m Prefetch request completed (L1+L2): 252/252 retained keys (252 L1, 0 L2) in 18.4 ms (external_request_id=chatcmpl-01e99b9a-8c0d-4fca-a3fb-7ed256727b64-8cf56894, prefetch_request_id=-1) [3m(storage_manager.py:575:lmcache.v1.distributed.storage_manager)[0m
[32;20m[2026-06-03 07:36:55,672] LMCache INFO:[0m Stored 5632 tokens in 0.056 seconds [3m(gpu_transfer.py:513:lmcache.v1.multiprocess.modules.gpu_transfer)[0m
[32;20m[2026-06-03 07:36:56,338] LMCache INFO:[0m Retrieved 64512 tokens in 0.711 seconds [3m(gpu_transfer.py:728:lmcache.v1.multiprocess.modules.gpu_transfer)[0m
[32;20m[2026-06-03 07:36:56,361] LMCache INFO:[0m Retrieved 64512 tokens in 0.738 seconds [3m(gpu_transfer.py:728:lmcache.v1.multiprocess.modules.gpu_transfer)[0m
[32;20m[2026-06-03 07:36:56,373] LMCache INFO:[0m Prefetch request completed (L1+L2): 145/187 retained keys (145 L1, 0 L2) in 12.8 ms (external_request_id=chatcmpl-87d61fda-a359-43d3-9ff9-e7a35a135cc9-b9c5034f, prefetch_request_id=-1) [3m(storage_manager.py:575:lmcache.v1.distributed.storage_manager)[0m
[32;20m[2026-06-03 07:36:56,464] LMCache INFO:[0m Retrieved 64512 tokens in 0.100 seconds [3m(gpu_transfer.py:728:lmcache.v1.multiprocess.modules.gpu_transfer)[0m
[32;20m[2026-06-03 07:36:56,464] LMCache INFO:[0m Retrieved 64512 tokens in 0.117 seconds [3m(gpu_transfer.py:728:lmcache.v1.multiprocess.modules.gpu_transfer)[0m
[32;20m[2026-06-03 07:36:56,528] LMCache INFO:[0m Stored 8192 tokens in 0.008 seconds [3m(gpu_transfer.py:513:lmcache.v1.multiprocess.modules.gpu_transfer)[0m
[32;20m[2026-06-03 07:36:57,515] LMCache INFO:[0m Stored 2560 tokens in 0.003 seconds [3m(gpu_transfer.py:513:lmcache.v1.multiprocess.modules.gpu_transfer)[0m
[32;20m[2026-06-03 07:36:58,904] LMCache INFO:[0m Stored 256 tokens in 0.005 seconds [3m(gpu_transfer.py:513:lmcache.v1.multiprocess.modules.gpu_transfer)[0m
[32;20m[2026-06-03 07:36:59,569] LMCache INFO:[0m Stored 256 tokens in 0.003 seconds [3m(gpu_transfer.py:513:lmcache.v1.multiprocess.modules.gpu_transfer)[0m
[32;20m[2026-06-03 07:36:59,731] LMCache INFO:[0m Stored 256 tokens in 0.004 seconds [3m(gpu_transfer.py:513:lmcache.v1.multiprocess.modules.gpu_transfer)[0m
[32;20m[2026-06-03 07:36:59,806] LMCache INFO:[0m Stored 256 tokens in 0.002 seconds [3m(gpu_transfer.py:513:lmcache.v1.multiprocess.modules.gpu_transfer)[0m
[32;20m[2026-06-03 07:37:00,115] LMCache INFO:[0m Stored 256 tokens in 0.002 seconds [3m(gpu_transfer.py:513:lmcache.v1.multiprocess.modules.gpu_transfer)[0m
[32;20m[2026-06-03 07:37:00,173] LMCache INFO:[0m Stored 256 tokens in 0.001 seconds [3m(gpu_transfer.py:513:lmcache.v1.multiprocess.modules.gpu_transfer)[0m
[32;20m[2026-06-03 07:37:00,217] LMCache INFO:[0m Stored 256 tokens in 0.003 seconds [3m(gpu_transfer.py:513:lmcache.v1.multiprocess.modules.gpu_transfer)[0m
[32;20m[2026-06-03 07:37:00,473] LMCache INFO:[0m Prefetch request completed (L1+L2): 445/454 retained keys (445 L1, 0 L2) in 1.5 ms (external_request_id=chatcmpl-56973f31-3636-4038-b104-662cab32dfcf-b0ef208d, prefetch_request_id=-1) [3m(storage_manager.py:575:lmcache.v1.distributed.storage_manager)[0m
[32;20m[2026-06-03 07:37:00,777] LMCache INFO:[0m Stored 2304 tokens in 0.014 seconds [3m(gpu_transfer.py:513:lmcache.v1.multiprocess.modules.gpu_transfer)[0m
[32;20m[2026-06-03 07:37:01,816] LMCache INFO:[0m Stored 256 tokens in 0.003 seconds [3m(gpu_transfer.py:513:lmcache.v1.multiprocess.modules.gpu_transfer)[0m
[32;20m[2026-06-03 07:37:01,903] LMCache INFO:[0m Stored 256 tokens in 0.002 seconds [3m(gpu_transfer.py:513:lmcache.v1.multiprocess.modules.gpu_transfer)[0m
[32;20m[2026-06-03 07:37:02,127] LMCache INFO:[0m Stored 256 tokens in 0.007 seconds [3m(gpu_transfer.py:513:lmcache.v1.multiprocess.modules.gpu_transfer)[0m
[32;20m[2026-06-03 07:37:02,825] LMCache INFO:[0m Stored 256 tokens in 0.002 seconds [3m(gpu_transfer.py:513:lmcache.v1.multiprocess.modules.gpu_transfer)[0m
[32;20m[2026-06-03 07:37:02,988] LMCache INFO:[0m Stored 256 tokens in 0.004 seconds [3m(gpu_transfer.py:513:lmcache.v1.multiprocess.modules.gpu_transfer)[0m
[32;20m[2026-06-03 07:37:03,245] LMCache INFO:[0m Stored 256 tokens in 0.002 seconds [3m(gpu_transfer.py:513:lmcache.v1.multiprocess.modules.gpu_transfer)[0m
[32;20m[2026-06-03 07:37:03,625] LMCache INFO:[0m Stored 256 tokens in 0.003 seconds [3m(gpu_transfer.py:513:lmcache.v1.multiprocess.modules.gpu_transfer)[0m
[32;20m[2026-06-03 07:37:03,971] LMCache INFO:[0m Prefetch request completed (L1+L2): 289/291 retained keys (289 L1, 0 L2) in 1.6 ms (external_request_id=chatcmpl-27d7e0ec-3c5c-4487-854c-bb38e022648d-af3fa1f0, prefetch_request_id=-1) [3m(storage_manager.py:575:lmcache.v1.distributed.storage_manager)[0m
[32;20m[2026-06-03 07:37:04,157] LMCache INFO:[0m Stored 512 tokens in 0.009 seconds [3m(gpu_transfer.py:513:lmcache.v1.multiprocess.modules.gpu_transfer)[0m
[32;20m[2026-06-03 07:37:04,513] LMCache INFO:[0m Prefetch request completed (L1+L2): 93/93 retained keys (93 L1, 0 L2) in 16.8 ms (external_request_id=chatcmpl-2d388635-5648-4cf9-84c7-29e11acff6c5-8b34adbd, prefetch_request_id=-1) [3m(storage_manager.py:575:lmcache.v1.distributed.storage_manager)[0m
[32;20m[2026-06-03 07:37:04,699] LMCache INFO:[0m Prefetch request completed (L1+L2): 477/485 retained keys (477 L1, 0 L2) in 2.3 ms (external_request_id=chatcmpl-c2476697-fd2a-499b-b702-2da910a1664b-9ff91cfe, prefetch_request_id=-1) [3m(storage_manager.py:575:lmcache.v1.distributed.storage_manager)[0m
[32;20m[2026-06-03 07:37:05,067] LMCache INFO:[0m Prefetch request completed (L1+L2): 165/208 retained keys (165 L1, 0 L2) in 21.9 ms (external_request_id=chatcmpl-6a5b8a00-2b9f-4119-8bd3-44cd546c404a-bdc26003, prefetch_request_id=-1) [3m(storage_manager.py:575:lmcache.v1.distributed.storage_manager)[0m
[32;20m[2026-06-03 07:37:05,120] LMCache INFO:[0m Stored 2048 tokens in 0.015 seconds [3m(gpu_transfer.py:513:lmcache.v1.multiprocess.modules.gpu_transfer)[0m
[32;20m[2026-06-03 07:37:06,153] LMCache INFO:[0m Prefetch request completed (L1+L2): 465/502 retained keys (465 L1, 0 L2) in 1.4 ms (external_request_id=chatcmpl-03f87511-f34e-4c32-b93c-370685a20fd5-b83b961b, prefetch_request_id=-1) [3m(storage_manager.py:575:lmcache.v1.distributed.storage_manager)[0m
[32;20m[2026-06-03 07:37:06,182] LMCache INFO:[0m Stored 8192 tokens in 0.009 seconds [3m(gpu_transfer.py:513:lmcache.v1.multiprocess.modules.gpu_transfer)[0m
[32;20m[2026-06-03 07:37:07,167] LMCache INFO:[0m Prefetch request completed (L1+L2): 184/187 retained keys (184 L1, 0 L2) in 1.2 ms (external_request_id=chatcmpl-e4d3cbff-eff6-430d-9dba-17a063d8cb54-a4856e99, prefetch_request_id=-1) [3m(storage_manager.py:575:lmcache.v1.distributed.storage_manager)[0m
[32;20m[2026-06-03 07:37:07,229] LMCache INFO:[0m Prefetch request completed (L1+L2): 154/154 retained keys (154 L1, 0 L2) in 1.2 ms (external_request_id=chatcmpl-50a051a0-27a8-46f5-b887-837d1305bef5-b1a856c4, prefetch_request_id=-1) [3m(storage_manager.py:575:lmcache.v1.distributed.storage_manager)[0m
[32;20m[2026-06-03 07:37:07,383] LMCache INFO:[0m Stored 5120 tokens in 0.118 seconds [3m(gpu_transfer.py:513:lmcache.v1.multiprocess.modules.gpu_transfer)[0m
[32;20m[2026-06-03 07:37:09,043] LMCache INFO:[0m Stored 2816 tokens in 0.003 seconds [3m(gpu_transfer.py:513:lmcache.v1.multiprocess.modules.gpu_transfer)[0m
[32;20m[2026-06-03 07:37:09,316] LMCache INFO:[0m Prefetch request completed (L1+L2): 361/361 retained keys (361 L1, 0 L2) in 28.8 ms (external_request_id=chatcmpl-57e19449-027d-401f-82f7-ef0cc03b4146-a6b79e7e, prefetch_request_id=-1) [3m(storage_manager.py:575:lmcache.v1.distributed.storage_manager)[0m
[32;20m[2026-06-03 07:37:09,317] LMCache INFO:[0m Stored 768 tokens in 0.012 seconds [3m(gpu_transfer.py:513:lmcache.v1.multiprocess.modules.gpu_transfer)[0m
[32;20m[2026-06-03 07:37:10,757] LMCache INFO:[0m Stored 4352 tokens in 0.025 seconds [3m(gpu_transfer.py:513:lmcache.v1.multiprocess.modules.gpu_transfer)[0m
[32;20m[2026-06-03 07:37:10,790] LMCache INFO:[0m Stored 256 tokens in 0.003 seconds [3m(gpu_transfer.py:513:lmcache.v1.multiprocess.modules.gpu_transfer)[0m
[32;20m[2026-06-03 07:37:10,924] LMCache INFO:[0m Stored 256 tokens in 0.003 seconds [3m(gpu_transfer.py:513:lmcache.v1.multiprocess.modules.gpu_transfer)[0m
[32;20m[2026-06-03 07:37:10,992] LMCache INFO:[0m Prefetch request completed (L1+L2): 163/207 retained keys (163 L1, 0 L2) in 0.9 ms (external_request_id=chatcmpl-4fe72c33-437b-4a0f-ba3f-66125a2b62da-b4713e56, prefetch_request_id=-1) [3m(storage_manager.py:575:lmcache.v1.distributed.storage_manager)[0m
[32;20m[2026-06-03 07:37:11,123] LMCache INFO:[0m Prefetch request completed (L1+L2): 181/230 retained keys (181 L1, 0 L2) in 1.5 ms (external_request_id=chatcmpl-d77dd9e3-8f7f-41bf-8b8e-777b83897baf-84118118, prefetch_request_id=-1) [3m(storage_manager.py:575:lmcache.v1.distributed.storage_manager)[0m
[32;20m[2026-06-03 07:37:11,221] LMCache INFO:[0m Stored 7936 tokens in 0.024 seconds [3m(gpu_transfer.py:513:lmcache.v1.multiprocess.modules.gpu_transfer)[0m
[32;20m[2026-06-03 07:37:12,215] LMCache INFO:[0m Prefetch request completed (L1+L2): 233/331 retained keys (233 L1, 0 L2) in 1.2 ms (external_request_id=chatcmpl-6b535b91-e8d1-42aa-b92a-4cc7ed1d73cf-b6806764, prefetch_request_id=-1) [3m(storage_manager.py:575:lmcache.v1.distributed.storage_manager)[0m
[32;20m[2026-06-03 07:37:12,338] LMCache INFO:[0m Stored 4864 tokens in 0.044 seconds [3m(gpu_transfer.py:513:lmcache.v1.multiprocess.modules.gpu_transfer)[0m
[32;20m[2026-06-03 07:37:13,256] LMCache INFO:[0m Stored 3328 tokens in 0.004 seconds [3m(gpu_transfer.py:513:lmcache.v1.multiprocess.modules.gpu_transfer)[0m
[32;20m[2026-06-03 07:37:13,472] LMCache INFO:[0m Stored 768 tokens in 0.008 seconds [3m(gpu_transfer.py:513:lmcache.v1.multiprocess.modules.gpu_transfer)[0m
[32;20m[2026-06-03 07:37:14,596] LMCache INFO:[0m Stored 7680 tokens in 0.006 seconds [3m(gpu_transfer.py:513:lmcache.v1.multiprocess.modules.gpu_transfer)[0m
[32;20m[2026-06-03 07:37:14,726] LMCache INFO:[0m Stored 256 tokens in 0.006 seconds [3m(gpu_transfer.py:513:lmcache.v1.multiprocess.modules.gpu_transfer)[0m
[32;20m[2026-06-03 07:37:15,956] LMCache INFO:[0m Stored 8192 tokens in 0.007 seconds [3m(gpu_transfer.py:513:lmcache.v1.multiprocess.modules.gpu_transfer)[0m
[32;20m[2026-06-03 07:37:16,163] LMCache INFO:[0m Stored 256 tokens in 0.012 seconds [3m(gpu_transfer.py:513:lmcache.v1.multiprocess.modules.gpu_transfer)[0m
[32;20m[2026-06-03 07:37:17,495] LMCache INFO:[0m Stored 256 tokens in 0.004 seconds [3m(gpu_transfer.py:513:lmcache.v1.multiprocess.modules.gpu_transfer)[0m
[32;20m[2026-06-03 07:37:17,504] LMCache INFO:[0m Stored 8192 tokens in 0.007 seconds [3m(gpu_transfer.py:513:lmcache.v1.multiprocess.modules.gpu_transfer)[0m
[32;20m[2026-06-03 07:37:17,741] LMCache INFO:[0m Stored 7936 tokens in 0.008 seconds [3m(gpu_transfer.py:513:lmcache.v1.multiprocess.modules.gpu_transfer)[0m
[32;20m[2026-06-03 07:37:19,362] LMCache INFO:[0m Stored 256 tokens in 0.004 seconds [3m(gpu_transfer.py:513:lmcache.v1.multiprocess.modules.gpu_transfer)[0m
[32;20m[2026-06-03 07:37:19,531] LMCache INFO:[0m Stored 256 tokens in 0.005 seconds [3m(gpu_transfer.py:513:lmcache.v1.multiprocess.modules.gpu_transfer)[0m
[32;20m[2026-06-03 07:37:19,648] LMCache INFO:[0m Stored 256 tokens in 0.002 seconds [3m(gpu_transfer.py:513:lmcache.v1.multiprocess.modules.gpu_transfer)[0m
[32;20m[2026-06-03 07:37:19,913] LMCache INFO:[0m Prefetch request completed (L1+L2): 361/363 retained keys (361 L1, 0 L2) in 1.8 ms (external_request_id=chatcmpl-b47dad6b-5af4-4ebf-82e8-cd444194c80c-b9d72b43, prefetch_request_id=-1) [3m(storage_manager.py:575:lmcache.v1.distributed.storage_manager)[0m
[32;20m[2026-06-03 07:37:19,997] LMCache INFO:[0m Prefetch request completed (L1+L2): 341/345 retained keys (341 L1, 0 L2) in 1.2 ms (external_request_id=chatcmpl-792c8681-652e-44c3-85a3-9929fed6e52a-92bcf157, prefetch_request_id=-1) [3m(storage_manager.py:575:lmcache.v1.distributed.storage_manager)[0m
[32;20m[2026-06-03 07:37:20,309] LMCache INFO:[0m Stored 512 tokens in 0.015 seconds [3m(gpu_transfer.py:513:lmcache.v1.multiprocess.modules.gpu_transfer)[0m
[32;20m[2026-06-03 07:37:20,780] LMCache INFO:[0m Stored 1024 tokens in 0.010 seconds [3m(gpu_transfer.py:513:lmcache.v1.multiprocess.modules.gpu_transfer)[0m
[32;20m[2026-06-03 07:37:20,968] LMCache INFO:[0m Prefetch request completed (L1+L2): 253/253 retained keys (253 L1, 0 L2) in 1.1 ms (external_request_id=chatcmpl-e1ae7b0f-9a7e-4212-ba17-524ea4e64183-ac0f42c5, prefetch_request_id=-1) [3m(storage_manager.py:575:lmcache.v1.distributed.storage_manager)[0m
[32;20m[2026-06-03 07:37:21,021] LMCache INFO:[0m Retrieved 256 tokens in 0.022 seconds [3m(gpu_transfer.py:728:lmcache.v1.multiprocess.modules.gpu_transfer)[0m
[32;20m[2026-06-03 07:37:21,021] LMCache INFO:[0m Retrieved 256 tokens in 0.008 seconds [3m(gpu_transfer.py:728:lmcache.v1.multiprocess.modules.gpu_transfer)[0m
[32;20m[2026-06-03 07:37:21,025] LMCache INFO:[0m Retrieved 256 tokens in 0.007 seconds [3m(gpu_transfer.py:728:lmcache.v1.multiprocess.modules.gpu_transfer)[0m
[32;20m[2026-06-03 07:37:21,027] LMCache INFO:[0m Retrieved 256 tokens in 0.003 seconds [3m(gpu_transfer.py:728:lmcache.v1.multiprocess.modules.gpu_transfer)[0m
[32;20m[2026-06-03 07:37:21,839] LMCache INFO:[0m Stored 256 tokens in 0.003 seconds [3m(gpu_transfer.py:513:lmcache.v1.multiprocess.modules.gpu_transfer)[0m
[32;20m[2026-06-03 07:37:22,185] LMCache INFO:[0m Stored 256 tokens in 0.003 seconds [3m(gpu_transfer.py:513:lmcache.v1.multiprocess.modules.gpu_transfer)[0m
[32;20m[2026-06-03 07:37:22,466] LMCache INFO:[0m Stored 256 tokens in 0.004 seconds [3m(gpu_transfer.py:513:lmcache.v1.multiprocess.modules.gpu_transfer)[0m
[32;20m[2026-06-03 07:37:22,530] LMCache INFO:[0m Stored 256 tokens in 0.003 seconds [3m(gpu_transfer.py:513:lmcache.v1.multiprocess.modules.gpu_transfer)[0m
[32;20m[2026-06-03 07:37:22,854] LMCache INFO:[0m Stored 256 tokens in 0.003 seconds [3m(gpu_transfer.py:513:lmcache.v1.multiprocess.modules.gpu_transfer)[0m
[32;20m[2026-06-03 07:37:23,167] LMCache INFO:[0m Prefetch request completed (L1+L2): 281/293 retained keys (281 L1, 0 L2) in 1.5 ms (external_request_id=chatcmpl-fb84f942-40c0-427d-95f9-40c0b4b9ab13-b28f3b96, prefetch_request_id=-1) [3m(storage_manager.py:575:lmcache.v1.distributed.storage_manager)[0m
[32;20m[2026-06-03 07:37:23,465] LMCache INFO:[0m Stored 3072 tokens in 0.010 seconds [3m(gpu_transfer.py:513:lmcache.v1.multiprocess.modules.gpu_transfer)[0m
[32;20m[2026-06-03 07:37:24,457] LMCache INFO:[0m Stored 256 tokens in 0.005 seconds [3m(gpu_transfer.py:513:lmcache.v1.multiprocess.modules.gpu_transfer)[0m
[32;20m[2026-06-03 07:37:25,812] LMCache INFO:[0m Prefetch request completed (L1+L2): 456/458 retained keys (456 L1, 0 L2) in 1.4 ms (external_request_id=chatcmpl-90908776-0483-45dd-8a27-42b0d2aeaf6d-b2c14c6b, prefetch_request_id=-1) [3m(storage_manager.py:575:lmcache.v1.distributed.storage_manager)[0m
[32;20m[2026-06-03 07:37:26,071] LMCache INFO:[0m Stored 512 tokens in 0.014 seconds [3m(gpu_transfer.py:513:lmcache.v1.multiprocess.modules.gpu_transfer)[0m
[32;20m[2026-06-03 07:37:27,093] LMCache INFO:[0m Stored 256 tokens in 0.005 seconds [3m(gpu_transfer.py:513:lmcache.v1.multiprocess.modules.gpu_transfer)[0m
[32;20m[2026-06-03 07:37:27,164] LMCache INFO:[0m Stored 256 tokens in 0.002 seconds [3m(gpu_transfer.py:513:lmcache.v1.multiprocess.modules.gpu_transfer)[0m
[32;20m[2026-06-03 07:37:27,441] LMCache INFO:[0m Stored 256 tokens in 0.003 seconds [3m(gpu_transfer.py:513:lmcache.v1.multiprocess.modules.gpu_transfer)[0m
[32;20m[2026-06-03 07:37:27,884] LMCache INFO:[0m Prefetch request completed (L1+L2): 187/188 retained keys (187 L1, 0 L2) in 1.2 ms (external_request_id=chatcmpl-0e0508ef-59bb-4738-8e73-5127899f9bd7-95f6e0eb, prefetch_request_id=-1) [3m(storage_manager.py:575:lmcache.v1.distributed.storage_manager)[0m
[32;20m[2026-06-03 07:37:28,065] LMCache INFO:[0m Stored 256 tokens in 0.006 seconds [3m(gpu_transfer.py:513:lmcache.v1.multiprocess.modules.gpu_transfer)[0m
[32;20m[2026-06-03 07:37:28,199] LMCache INFO:[0m Stored 256 tokens in 0.003 seconds [3m(gpu_transfer.py:513:lmcache.v1.multiprocess.modules.gpu_transfer)[0m
[32;20m[2026-06-03 07:37:28,376] LMCache INFO:[0m Prefetch request completed (L1+L2): 363/363 retained keys (363 L1, 0 L2) in 1.7 ms (external_request_id=chatcmpl-c4c5e4a3-c3c3-42a9-9afa-093533316212-8965e9e7, prefetch_request_id=-1) [3m(storage_manager.py:575:lmcache.v1.distributed.storage_manager)[0m
[32;20m[2026-06-03 07:37:28,489] LMCache INFO:[0m Stored 256 tokens in 0.067 seconds [3m(gpu_transfer.py:513:lmcache.v1.multiprocess.modules.gpu_transfer)[0m
[32;20m[2026-06-03 07:37:28,773] LMCache INFO:[0m Stored 256 tokens in 0.003 seconds [3m(gpu_transfer.py:513:lmcache.v1.multiprocess.modules.gpu_transfer)[0m
[32;20m[2026-06-03 07:37:29,015] LMCache INFO:[0m Stored 256 tokens in 0.004 seconds [3m(gpu_transfer.py:513:lmcache.v1.multiprocess.modules.gpu_transfer)[0m
[32;20m[2026-06-03 07:37:29,291] LMCache INFO:[0m Stored 256 tokens in 0.003 seconds [3m(gpu_transfer.py:513:lmcache.v1.multiprocess.modules.gpu_transfer)[0m
[32;20m[2026-06-03 07:37:29,586] LMCache INFO:[0m Stored 256 tokens in 0.006 seconds [3m(gpu_transfer.py:513:lmcache.v1.multiprocess.modules.gpu_transfer)[0m
[32;20m[2026-06-03 07:37:30,297] LMCache INFO:[0m Stored 256 tokens in 0.002 seconds [3m(gpu_transfer.py:513:lmcache.v1.multiprocess.modules.gpu_transfer)[0m
[32;20m[2026-06-03 07:37:30,463] LMCache INFO:[0m Stored 256 tokens in 0.003 seconds [3m(gpu_transfer.py:513:lmcache.v1.multiprocess.modules.gpu_transfer)[0m
[32;20m[2026-06-03 07:37:30,671] LMCache INFO:[0m Stored 256 tokens in 0.007 seconds [3m(gpu_transfer.py:513:lmcache.v1.multiprocess.modules.gpu_transfer)[0m
[32;20m[2026-06-03 07:37:30,734] LMCache INFO:[0m Stored 256 tokens in 0.003 seconds [3m(gpu_transfer.py:513:lmcache.v1.multiprocess.modules.gpu_transfer)[0m
[32;20m[2026-06-03 07:37:31,032] LMCache INFO:[0m Stored 256 tokens in 0.002 seconds [3m(gpu_transfer.py:513:lmcache.v1.multiprocess.modules.gpu_transfer)[0m
[32;20m[2026-06-03 07:37:31,125] LMCache INFO:[0m Stored 256 tokens in 0.003 seconds [3m(gpu_transfer.py:513:lmcache.v1.multiprocess.modules.gpu_transfer)[0m
[32;20m[2026-06-03 07:37:31,255] LMCache INFO:[0m Stored 256 tokens in 0.005 seconds [3m(gpu_transfer.py:513:lmcache.v1.multiprocess.modules.gpu_transfer)[0m
[32;20m[2026-06-03 07:37:31,586] LMCache INFO:[0m Prefetch request completed (L1+L2): 125/128 retained keys (125 L1, 0 L2) in 1.1 ms (external_request_id=chatcmpl-b99e8873-3480-4ce5-8842-648f133e4953-9c6629e6, prefetch_request_id=-1) [3m(storage_manager.py:575:lmcache.v1.distributed.storage_manager)[0m
[32;20m[2026-06-03 07:37:31,743] LMCache INFO:[0m Stored 768 tokens in 0.005 seconds [3m(gpu_transfer.py:513:lmcache.v1.multiprocess.modules.gpu_transfer)[0m
[32;20m[2026-06-03 07:37:32,204] LMCache INFO:[0m Prefetch request completed (L1+L2): 207/227 retained keys (207 L1, 0 L2) in 16.9 ms (external_request_id=chatcmpl-add1b7b1-89cc-4ae8-8121-9498c3316ab2-932d6bca, prefetch_request_id=-1) [3m(storage_manager.py:575:lmcache.v1.distributed.storage_manager)[0m
[32;20m[2026-06-03 07:37:32,488] LMCache INFO:[0m Stored 5120 tokens in 0.009 seconds [3m(gpu_transfer.py:513:lmcache.v1.multiprocess.modules.gpu_transfer)[0m
[32;20m[2026-06-03 07:37:33,196] LMCache INFO:[0m Prefetch request completed (L1+L2): 291/292 retained keys (291 L1, 0 L2) in 1.6 ms (external_request_id=chatcmpl-8d4708c8-d3e2-4542-9e2f-12de57eee1d4-bc78c92a, prefetch_request_id=-1) [3m(storage_manager.py:575:lmcache.v1.distributed.storage_manager)[0m
[32;20m[2026-06-03 07:37:33,367] LMCache INFO:[0m Stored 256 tokens in 0.009 seconds [3m(gpu_transfer.py:513:lmcache.v1.multiprocess.modules.gpu_transfer)[0m
[32;20m[2026-06-03 07:37:33,657] LMCache INFO:[0m Stored 256 tokens in 0.008 seconds [3m(gpu_transfer.py:513:lmcache.v1.multiprocess.modules.gpu_transfer)[0m
[32;20m[2026-06-03 07:37:33,692] LMCache INFO:[0m Stored 256 tokens in 0.003 seconds [3m(gpu_transfer.py:513:lmcache.v1.multiprocess.modules.gpu_transfer)[0m
[32;20m[2026-06-03 07:37:33,736] LMCache INFO:[0m Stored 256 tokens in 0.003 seconds [3m(gpu_transfer.py:513:lmcache.v1.multiprocess.modules.gpu_transfer)[0m
[32;20m[2026-06-03 07:37:33,899] LMCache INFO:[0m Stored 256 tokens in 0.002 seconds [3m(gpu_transfer.py:513:lmcache.v1.multiprocess.modules.gpu_transfer)[0m
[32;20m[2026-06-03 07:37:34,119] LMCache INFO:[0m Stored 256 tokens in 0.004 seconds [3m(gpu_transfer.py:513:lmcache.v1.multiprocess.modules.gpu_transfer)[0m
[32;20m[2026-06-03 07:37:35,255] LMCache INFO:[0m Prefetch request completed (L1+L2): 502/503 retained keys (502 L1, 0 L2) in 24.8 ms (external_request_id=chatcmpl-55e716d8-bf49-40e8-b90a-309fce8661f7-b4ffc116, prefetch_request_id=-1) [3m(storage_manager.py:575:lmcache.v1.distributed.storage_manager)[0m
[32;20m[2026-06-03 07:37:35,576] LMCache INFO:[0m Prefetch request completed (L1+L2): 145/157 retained keys (145 L1, 0 L2) in 1.3 ms (external_request_id=chatcmpl-99dc0547-7577-4757-857c-c761849996a8-a3aa1dfe, prefetch_request_id=-1) [3m(storage_manager.py:575:lmcache.v1.distributed.storage_manager)[0m
[32;20m[2026-06-03 07:37:35,608] LMCache INFO:[0m Stored 256 tokens in 0.015 seconds [3m(gpu_transfer.py:513:lmcache.v1.multiprocess.modules.gpu_transfer)[0m
[32;20m[2026-06-03 07:37:35,670] LMCache INFO:[0m Prefetch request completed (L1+L2): 170/194 retained keys (170 L1, 0 L2) in 1.1 ms (external_request_id=chatcmpl-5e6597d0-e70b-4c9f-8ff0-36b153923bf3-bca63a43, prefetch_request_id=-1) [3m(storage_manager.py:575:lmcache.v1.distributed.storage_manager)[0m
[32;20m[2026-06-03 07:37:36,093] LMCache INFO:[0m Stored 3072 tokens in 0.006 seconds [3m(gpu_transfer.py:513:lmcache.v1.multiprocess.modules.gpu_transfer)[0m
[32;20m[2026-06-03 07:37:36,130] LMCache INFO:[0m Prefetch request completed (L1+L2): 208/258 retained keys (208 L1, 0 L2) in 1.4 ms (external_request_id=chatcmpl-539fd42a-1783-4d0d-b058-1899f6324942-b28b8271, prefetch_request_id=-1) [3m(storage_manager.py:575:lmcache.v1.distributed.storage_manager)[0m
[32;20m[2026-06-03 07:37:37,148] LMCache INFO:[0m Stored 5120 tokens in 0.020 seconds [3m(gpu_transfer.py:513:lmcache.v1.multiprocess.modules.gpu_transfer)[0m
[32;20m[2026-06-03 07:37:37,162] LMCache INFO:[0m Stored 7424 tokens in 0.009 seconds [3m(gpu_transfer.py:513:lmcache.v1.multiprocess.modules.gpu_transfer)[0m
[32;20m[2026-06-03 07:37:38,384] LMCache INFO:[0m Stored 256 tokens in 0.003 seconds [3m(gpu_transfer.py:513:lmcache.v1.multiprocess.modules.gpu_transfer)[0m
[32;20m[2026-06-03 07:37:38,389] LMCache INFO:[0m Stored 1024 tokens in 0.002 seconds [3m(gpu_transfer.py:513:lmcache.v1.multiprocess.modules.gpu_transfer)[0m
[32;20m[2026-06-03 07:37:38,456] LMCache INFO:[0m Prefetch request completed (L1+L2): 187/200 retained keys (187 L1, 0 L2) in 1.3 ms (external_request_id=chatcmpl-1cb93b47-e4d5-4849-aeca-b43e3dd98e33-a1ff0b19, prefetch_request_id=-1) [3m(storage_manager.py:575:lmcache.v1.distributed.storage_manager)[0m
[32;20m[2026-06-03 07:37:38,567] LMCache INFO:[0m Stored 5376 tokens in 0.005 seconds [3m(gpu_transfer.py:513:lmcache.v1.multiprocess.modules.gpu_transfer)[0m
[32;20m[2026-06-03 07:37:39,517] LMCache INFO:[0m Stored 3328 tokens in 0.007 seconds [3m(gpu_transfer.py:513:lmcache.v1.multiprocess.modules.gpu_transfer)[0m
[32;20m[2026-06-03 07:37:40,648] LMCache INFO:[0m Stored 256 tokens in 0.004 seconds [3m(gpu_transfer.py:513:lmcache.v1.multiprocess.modules.gpu_transfer)[0m
[32;20m[2026-06-03 07:37:40,721] LMCache INFO:[0m Stored 256 tokens in 0.003 seconds [3m(gpu_transfer.py:513:lmcache.v1.multiprocess.modules.gpu_transfer)[0m
[32;20m[2026-06-03 07:37:41,045] LMCache INFO:[0m Stored 256 tokens in 0.004 seconds [3m(gpu_transfer.py:513:lmcache.v1.multiprocess.modules.gpu_transfer)[0m
[32;20m[2026-06-03 07:37:41,347] LMCache INFO:[0m Prefetch request completed (L1+L2): 230/263 retained keys (230 L1, 0 L2) in 1.5 ms (external_request_id=chatcmpl-696e910b-d4fc-444e-8843-47b308046987-b2de464a, prefetch_request_id=-1) [3m(storage_manager.py:575:lmcache.v1.distributed.storage_manager)[0m
[32;20m[2026-06-03 07:37:41,535] LMCache INFO:[0m Stored 7936 tokens in 0.011 seconds [3m(gpu_transfer.py:513:lmcache.v1.multiprocess.modules.gpu_transfer)[0m
[32;20m[2026-06-03 07:37:42,741] LMCache INFO:[0m Stored 512 tokens in 0.003 seconds [3m(gpu_transfer.py:513:lmcache.v1.multiprocess.modules.gpu_transfer)[0m
[32;20m[2026-06-03 07:37:43,499] LMCache INFO:[0m Stored 256 tokens in 0.005 seconds [3m(gpu_transfer.py:513:lmcache.v1.multiprocess.modules.gpu_transfer)[0m
[32;20m[2026-06-03 07:37:43,560] LMCache INFO:[0m Stored 256 tokens in 0.004 seconds [3m(gpu_transfer.py:513:lmcache.v1.multiprocess.modules.gpu_transfer)[0m
[32;20m[2026-06-03 07:37:45,383] LMCache INFO:[0m Stored 256 tokens in 0.005 seconds [3m(gpu_transfer.py:513:lmcache.v1.multiprocess.modules.gpu_transfer)[0m
[32;20m[2026-06-03 07:37:45,431] LMCache INFO:[0m Stored 256 tokens in 0.014 seconds [3m(gpu_transfer.py:513:lmcache.v1.multiprocess.modules.gpu_transfer)[0m
[32;20m[2026-06-03 07:37:45,435] LMCache INFO:[0m Stored 256 tokens in 0.002 seconds [3m(gpu_transfer.py:513:lmcache.v1.multiprocess.modules.gpu_transfer)[0m
[32;20m[2026-06-03 07:37:45,705] LMCache INFO:[0m Stored 256 tokens in 0.004 seconds [3m(gpu_transfer.py:513:lmcache.v1.multiprocess.modules.gpu_transfer)[0m
[32;20m[2026-06-03 07:37:45,773] LMCache INFO:[0m Stored 256 tokens in 0.002 seconds [3m(gpu_transfer.py:513:lmcache.v1.multiprocess.modules.gpu_transfer)[0m
[32;20m[2026-06-03 07:37:46,081] LMCache INFO:[0m Stored 256 tokens in 0.003 seconds [3m(gpu_transfer.py:513:lmcache.v1.multiprocess.modules.gpu_transfer)[0m
[32;20m[2026-06-03 07:37:46,240] LMCache INFO:[0m Stored 256 tokens in 0.003 seconds [3m(gpu_transfer.py:513:lmcache.v1.multiprocess.modules.gpu_transfer)[0m
[32;20m[2026-06-03 07:37:46,821] LMCache INFO:[0m Stored 256 tokens in 0.002 seconds [3m(gpu_transfer.py:513:lmcache.v1.multiprocess.modules.gpu_transfer)[0m
[32;20m[2026-06-03 07:37:46,968] LMCache INFO:[0m Prefetch request completed (L1+L2): 387/399 retained keys (387 L1, 0 L2) in 1.9 ms (external_request_id=chatcmpl-df5c5849-ad33-4eed-ba22-f098bccb60ca-a7f4e120, prefetch_request_id=-1) [3m(storage_manager.py:575:lmcache.v1.distributed.storage_manager)[0m
[32;20m[2026-06-03 07:37:47,277] LMCache INFO:[0m Stored 3072 tokens in 0.013 seconds [3m(gpu_transfer.py:513:lmcache.v1.multiprocess.modules.gpu_transfer)[0m
[32;20m[2026-06-03 07:37:48,194] LMCache INFO:[0m Stored 256 tokens in 0.003 seconds [3m(gpu_transfer.py:513:lmcache.v1.multiprocess.modules.gpu_transfer)[0m
[32;20m[2026-06-03 07:37:48,797] LMCache INFO:[0m Prefetch request completed (L1+L2): 292/314 retained keys (292 L1, 0 L2) in 1.7 ms (external_request_id=chatcmpl-ff1f5e87-e7e9-4e90-964f-266aeef90a38-97d3f759, prefetch_request_id=-1) [3m(storage_manager.py:575:lmcache.v1.distributed.storage_manager)[0m
[32;20m[2026-06-03 07:37:49,100] LMCache INFO:[0m Stored 5632 tokens in 0.012 seconds [3m(gpu_transfer.py:513:lmcache.v1.multiprocess.modules.gpu_transfer)[0m
[32;20m[2026-06-03 07:37:50,510] LMCache INFO:[0m Stored 256 tokens in 0.004 seconds [3m(gpu_transfer.py:513:lmcache.v1.multiprocess.modules.gpu_transfer)[0m
[32;20m[2026-06-03 07:37:50,740] LMCache INFO:[0m Stored 256 tokens in 0.004 seconds [3m(gpu_transfer.py:513:lmcache.v1.multiprocess.modules.gpu_transfer)[0m
[32;20m[2026-06-03 07:37:50,795] LMCache INFO:[0m Stored 256 tokens in 0.003 seconds [3m(gpu_transfer.py:513:lmcache.v1.multiprocess.modules.gpu_transfer)[0m
[32;20m[2026-06-03 07:37:50,944] LMCache INFO:[0m Stored 256 tokens in 0.002 seconds [3m(gpu_transfer.py:513:lmcache.v1.multiprocess.modules.gpu_transfer)[0m
[32;20m[2026-06-03 07:37:51,184] LMCache INFO:[0m Stored 256 tokens in 0.003 seconds [3m(gpu_transfer.py:513:lmcache.v1.multiprocess.modules.gpu_transfer)[0m
[32;20m[2026-06-03 07:37:51,332] LMCache INFO:[0m Stored 256 tokens in 0.002 seconds [3m(gpu_transfer.py:513:lmcache.v1.multiprocess.modules.gpu_transfer)[0m
[32;20m[2026-06-03 07:37:52,029] LMCache INFO:[0m Stored 256 tokens in 0.009 seconds [3m(gpu_transfer.py:513:lmcache.v1.multiprocess.modules.gpu_transfer)[0m
[32;20m[2026-06-03 07:37:52,086] LMCache INFO:[0m Stored 256 tokens in 0.004 seconds [3m(gpu_transfer.py:513:lmcache.v1.multiprocess.modules.gpu_transfer)[0m
[32;20m[2026-06-03 07:37:52,093] LMCache INFO:[0m Stored 256 tokens in 0.002 seconds [3m(gpu_transfer.py:513:lmcache.v1.multiprocess.modules.gpu_transfer)[0m
[32;20m[2026-06-03 07:37:52,293] LMCache INFO:[0m Stored 256 tokens in 0.002 seconds [3m(gpu_transfer.py:513:lmcache.v1.multiprocess.modules.gpu_transfer)[0m
[32;20m[2026-06-03 07:37:52,503] LMCache INFO:[0m Stored 256 tokens in 0.005 seconds [3m(gpu_transfer.py:513:lmcache.v1.multiprocess.modules.gpu_transfer)[0m
[32;20m[2026-06-03 07:37:52,716] LMCache INFO:[0m Stored 256 tokens in 0.002 seconds [3m(gpu_transfer.py:513:lmcache.v1.multiprocess.modules.gpu_transfer)[0m
[32;20m[2026-06-03 07:37:53,015] LMCache INFO:[0m Prefetch request completed (L1+L2): 258/284 retained keys (258 L1, 0 L2) in 1.6 ms (external_request_id=chatcmpl-0ae611d8-cd40-44b2-b81d-edb32657b237-b68542b6, prefetch_request_id=-1) [3m(storage_manager.py:575:lmcache.v1.distributed.storage_manager)[0m
[32;20m[2026-06-03 07:37:53,325] LMCache INFO:[0m Stored 6656 tokens in 0.011 seconds [3m(gpu_transfer.py:513:lmcache.v1.multiprocess.modules.gpu_transfer)[0m
[32;20m[2026-06-03 07:37:54,484] LMCache INFO:[0m Prefetch request completed (L1+L2): 193/196 retained keys (193 L1, 0 L2) in 1.1 ms (external_request_id=chatcmpl-868f1775-c9ff-4153-a239-aaadf7b5cee4-839c8746, prefetch_request_id=-1) [3m(storage_manager.py:575:lmcache.v1.distributed.storage_manager)[0m
[32;20m[2026-06-03 07:37:54,728] LMCache INFO:[0m Stored 768 tokens in 0.007 seconds [3m(gpu_transfer.py:513:lmcache.v1.multiprocess.modules.gpu_transfer)[0m
[32;20m[2026-06-03 07:37:55,187] LMCache INFO:[0m Stored 256 tokens in 0.002 seconds [3m(gpu_transfer.py:513:lmcache.v1.multiprocess.modules.gpu_transfer)[0m
[32;20m[2026-06-03 07:37:55,333] LMCache INFO:[0m Stored 256 tokens in 0.003 seconds [3m(gpu_transfer.py:513:lmcache.v1.multiprocess.modules.gpu_transfer)[0m
[32;20m[2026-06-03 07:37:55,717] LMCache INFO:[0m Stored 256 tokens in 0.002 seconds [3m(gpu_transfer.py:513:lmcache.v1.multiprocess.modules.gpu_transfer)[0m
[32;20m[2026-06-03 07:37:55,965] LMCache INFO:[0m Stored 256 tokens in 0.004 seconds [3m(gpu_transfer.py:513:lmcache.v1.multiprocess.modules.gpu_transfer)[0m
[32;20m[2026-06-03 07:37:56,890] LMCache INFO:[0m Stored 256 tokens in 0.006 seconds [3m(gpu_transfer.py:513:lmcache.v1.multiprocess.modules.gpu_transfer)[0m
[32;20m[2026-06-03 07:37:57,488] LMCache INFO:[0m Prefetch request completed (L1+L2): 293/310 retained keys (293 L1, 0 L2) in 22.2 ms (external_request_id=chatcmpl-fc096a13-bada-40f3-89db-7cd31035f57e-b261b8ad, prefetch_request_id=-1) [3m(storage_manager.py:575:lmcache.v1.distributed.storage_manager)[0m
[32;20m[2026-06-03 07:37:57,858] LMCache INFO:[0m Prefetch request completed (L1+L2): 253/253 retained keys (253 L1, 0 L2) in 4.7 ms (external_request_id=chatcmpl-d370d7d3-e5a9-413a-ad57-303828db951e-bc42fe34, prefetch_request_id=-1) [3m(storage_manager.py:575:lmcache.v1.distributed.storage_manager)[0m
[32;20m[2026-06-03 07:37:57,892] LMCache INFO:[0m Stored 4352 tokens in 0.011 seconds [3m(gpu_transfer.py:513:lmcache.v1.multiprocess.modules.gpu_transfer)[0m
[32;20m[2026-06-03 07:37:58,843] LMCache INFO:[0m Prefetch request completed (L1+L2): 194/221 retained keys (194 L1, 0 L2) in 1.2 ms (external_request_id=chatcmpl-ef50dfdc-3409-421c-9aff-8e031d2d1539-b81bd397, prefetch_request_id=-1) [3m(storage_manager.py:575:lmcache.v1.distributed.storage_manager)[0m
[32;20m[2026-06-03 07:37:58,911] LMCache INFO:[0m Prefetch request completed (L1+L2): 227/229 retained keys (227 L1, 0 L2) in 1.4 ms (external_request_id=chatcmpl-bd265abc-2730-4702-bb97-f7cd7b7cd6ac-9664f289, prefetch_request_id=-1) [3m(storage_manager.py:575:lmcache.v1.distributed.storage_manager)[0m
[32;20m[2026-06-03 07:37:59,202] LMCache INFO:[0m Stored 6912 tokens in 0.013 seconds [3m(gpu_transfer.py:513:lmcache.v1.multiprocess.modules.gpu_transfer)[0m
[32;20m[2026-06-03 07:38:00,147] LMCache INFO:[0m Stored 512 tokens in 0.008 seconds [3m(gpu_transfer.py:513:lmcache.v1.multiprocess.modules.gpu_transfer)[0m
[32;20m[2026-06-03 07:38:00,254] LMCache INFO:[0m Prefetch request completed (L1+L2): 363/364 retained keys (363 L1, 0 L2) in 1.2 ms (external_request_id=chatcmpl-b7f271e5-477a-4588-9660-0643692b14c4-b21e2713, prefetch_request_id=-1) [3m(storage_manager.py:575:lmcache.v1.distributed.storage_manager)[0m
[32;20m[2026-06-03 07:38:00,337] LMCache INFO:[0m Prefetch request completed (L1+L2): 188/190 retained keys (188 L1, 0 L2) in 1.1 ms (external_request_id=chatcmpl-87f5c2d2-22a7-40b0-bcdb-772ffdc6cffe-b9129ac6, prefetch_request_id=-1) [3m(storage_manager.py:575:lmcache.v1.distributed.storage_manager)[0m
[32;20m[2026-06-03 07:38:00,458] LMCache INFO:[0m Prefetch request completed (L1+L2): 458/459 retained keys (458 L1, 0 L2) in 1.3 ms (external_request_id=chatcmpl-6df5678d-49ef-4c40-aa78-da607765b806-a6aab089, prefetch_request_id=-1) [3m(storage_manager.py:575:lmcache.v1.distributed.storage_manager)[0m
[32;20m[2026-06-03 07:38:00,529] LMCache INFO:[0m Prefetch request completed (L1+L2): 128/246 retained keys (128 L1, 0 L2) in 1.1 ms (external_request_id=chatcmpl-65559778-03b7-436f-b070-9d120e6e5b32-bd5b8ec9, prefetch_request_id=-1) [3m(storage_manager.py:575:lmcache.v1.distributed.storage_manager)[0m
[32;20m[2026-06-03 07:38:00,917] LMCache INFO:[0m Stored 256 tokens in 0.117 seconds [3m(gpu_transfer.py:513:lmcache.v1.multiprocess.modules.gpu_transfer)[0m
[32;20m[2026-06-03 07:38:01,974] LMCache INFO:[0m Stored 512 tokens in 0.007 seconds [3m(gpu_transfer.py:513:lmcache.v1.multiprocess.modules.gpu_transfer)[0m
[32;20m[2026-06-03 07:38:02,002] LMCache INFO:[0m Stored 256 tokens in 0.025 seconds [3m(gpu_transfer.py:513:lmcache.v1.multiprocess.modules.gpu_transfer)[0m
[32;20m[2026-06-03 07:38:02,013] LMCache INFO:[0m Stored 6912 tokens in 0.008 seconds [3m(gpu_transfer.py:513:lmcache.v1.multiprocess.modules.gpu_transfer)[0m
[32;20m[2026-06-03 07:38:02,106] LMCache INFO:[0m Stored 8192 tokens in 0.005 seconds [3m(gpu_transfer.py:513:lmcache.v1.multiprocess.modules.gpu_transfer)[0m
[32;20m[2026-06-03 07:38:03,089] LMCache INFO:[0m Stored 8192 tokens in 0.006 seconds [3m(gpu_transfer.py:513:lmcache.v1.multiprocess.modules.gpu_transfer)[0m
[32;20m[2026-06-03 07:38:04,273] LMCache INFO:[0m Stored 6912 tokens in 0.005 seconds [3m(gpu_transfer.py:513:lmcache.v1.multiprocess.modules.gpu_transfer)[0m
[32;20m[2026-06-03 07:38:05,396] LMCache INFO:[0m Stored 256 tokens in 0.004 seconds [3m(gpu_transfer.py:513:lmcache.v1.multiprocess.modules.gpu_transfer)[0m
[32;20m[2026-06-03 07:38:05,889] LMCache INFO:[0m Stored 256 tokens in 0.003 seconds [3m(gpu_transfer.py:513:lmcache.v1.multiprocess.modules.gpu_transfer)[0m
[32;20m[2026-06-03 07:38:06,423] LMCache INFO:[0m Stored 256 tokens in 0.005 seconds [3m(gpu_transfer.py:513:lmcache.v1.multiprocess.modules.gpu_transfer)[0m
[32;20m[2026-06-03 07:38:06,762] LMCache INFO:[0m Stored 256 tokens in 0.009 seconds [3m(gpu_transfer.py:513:lmcache.v1.multiprocess.modules.gpu_transfer)[0m
[32;20m[2026-06-03 07:38:06,816] LMCache INFO:[0m Stored 256 tokens in 0.003 seconds [3m(gpu_transfer.py:513:lmcache.v1.multiprocess.modules.gpu_transfer)[0m
[32;20m[2026-06-03 07:38:06,824] LMCache INFO:[0m Stored 256 tokens in 0.002 seconds [3m(gpu_transfer.py:513:lmcache.v1.multiprocess.modules.gpu_transfer)[0m
[32;20m[2026-06-03 07:38:07,140] LMCache INFO:[0m Stored 256 tokens in 0.003 seconds [3m(gpu_transfer.py:513:lmcache.v1.multiprocess.modules.gpu_transfer)[0m
[32;20m[2026-06-03 07:38:07,397] LMCache INFO:[0m Prefetch request completed (L1+L2): 356/360 retained keys (356 L1, 0 L2) in 1.9 ms (external_request_id=chatcmpl-08d8d7b3-c4ba-4dcf-a29a-39313950e745-9cf49c8b, prefetch_request_id=-1) [3m(storage_manager.py:575:lmcache.v1.distributed.storage_manager)[0m
[32;20m[2026-06-03 07:38:07,697] LMCache INFO:[0m Stored 1024 tokens in 0.011 seconds [3m(gpu_transfer.py:513:lmcache.v1.multiprocess.modules.gpu_transfer)[0m
[32;20m[2026-06-03 07:38:08,061] LMCache INFO:[0m Stored 256 tokens in 0.003 seconds [3m(gpu_transfer.py:513:lmcache.v1.multiprocess.modules.gpu_transfer)[0m
[32;20m[2026-06-03 07:38:08,817] LMCache INFO:[0m Stored 256 tokens in 0.003 seconds [3m(gpu_transfer.py:513:lmcache.v1.multiprocess.modules.gpu_transfer)[0m
[32;20m[2026-06-03 07:38:09,725] LMCache INFO:[0m Stored 256 tokens in 0.009 seconds [3m(gpu_transfer.py:513:lmcache.v1.multiprocess.modules.gpu_transfer)[0m
[32;20m[2026-06-03 07:38:09,922] LMCache INFO:[0m Stored 256 tokens in 0.004 seconds [3m(gpu_transfer.py:513:lmcache.v1.multiprocess.modules.gpu_transfer)[0m
[32;20m[2026-06-03 07:38:10,162] LMCache INFO:[0m Stored 256 tokens in 0.007 seconds [3m(gpu_transfer.py:513:lmcache.v1.multiprocess.modules.gpu_transfer)[0m
[32;20m[2026-06-03 07:38:10,208] LMCache INFO:[0m Stored 256 tokens in 0.003 seconds [3m(gpu_transfer.py:513:lmcache.v1.multiprocess.modules.gpu_transfer)[0m
[32;20m[2026-06-03 07:38:10,212] LMCache INFO:[0m Stored 256 tokens in 0.002 seconds [3m(gpu_transfer.py:513:lmcache.v1.multiprocess.modules.gpu_transfer)[0m
[32;20m[2026-06-03 07:38:10,588] LMCache INFO:[0m Stored 256 tokens in 0.003 seconds [3m(gpu_transfer.py:513:lmcache.v1.multiprocess.modules.gpu_transfer)[0m
[32;20m[2026-06-03 07:38:10,733] LMCache INFO:[0m Stored 256 tokens in 0.002 seconds [3m(gpu_transfer.py:513:lmcache.v1.multiprocess.modules.gpu_transfer)[0m
[32;20m[2026-06-03 07:38:11,171] LMCache INFO:[0m Stored 256 tokens in 0.002 seconds [3m(gpu_transfer.py:513:lmcache.v1.multiprocess.modules.gpu_transfer)[0m
[32;20m[2026-06-03 07:38:11,478] LMCache INFO:[0m Stored 256 tokens in 0.014 seconds [3m(gpu_transfer.py:513:lmcache.v1.multiprocess.modules.gpu_transfer)[0m
[32;20m[2026-06-03 07:38:11,505] LMCache INFO:[0m Stored 256 tokens in 0.004 seconds [3m(gpu_transfer.py:513:lmcache.v1.multiprocess.modules.gpu_transfer)[0m
[32;20m[2026-06-03 07:38:11,511] LMCache INFO:[0m Stored 256 tokens in 0.004 seconds [3m(gpu_transfer.py:513:lmcache.v1.multiprocess.modules.gpu_transfer)[0m
[32;20m[2026-06-03 07:38:11,607] LMCache INFO:[0m Prefetch request completed (L1+L2): 200/207 retained keys (200 L1, 0 L2) in 1.2 ms (external_request_id=chatcmpl-d6ae1a20-9b00-490d-9b07-1551af8ec91c-afd91d20, prefetch_request_id=-1) [3m(storage_manager.py:575:lmcache.v1.distributed.storage_manager)[0m
[32;20m[2026-06-03 07:38:11,826] LMCache INFO:[0m Stored 1792 tokens in 0.007 seconds [3m(gpu_transfer.py:513:lmcache.v1.multiprocess.modules.gpu_transfer)[0m
[32;20m[2026-06-03 07:38:12,082] LMCache INFO:[0m Stored 256 tokens in 0.003 seconds [3m(gpu_transfer.py:513:lmcache.v1.multiprocess.modules.gpu_transfer)[0m
[32;20m[2026-06-03 07:38:12,375] LMCache INFO:[0m Stored 256 tokens in 0.005 seconds [3m(gpu_transfer.py:513:lmcache.v1.multiprocess.modules.gpu_transfer)[0m
[32;20m[2026-06-03 07:38:12,735] LMCache INFO:[0m Stored 256 tokens in 0.002 seconds [3m(gpu_transfer.py:513:lmcache.v1.multiprocess.modules.gpu_transfer)[0m
[32;20m[2026-06-03 07:38:13,335] LMCache INFO:[0m Stored 256 tokens in 0.002 seconds [3m(gpu_transfer.py:513:lmcache.v1.multiprocess.modules.gpu_transfer)[0m
[32;20m[2026-06-03 07:38:13,851] LMCache INFO:[0m Prefetch request completed (L1+L2): 314/314 retained keys (314 L1, 0 L2) in 1.5 ms (external_request_id=chatcmpl-db67c498-e4f0-46a5-97aa-063656f3029d-9f70b064, prefetch_request_id=-1) [3m(storage_manager.py:575:lmcache.v1.distributed.storage_manager)[0m
[32;20m[2026-06-03 07:38:14,435] LMCache INFO:[0m Stored 256 tokens in 0.004 seconds [3m(gpu_transfer.py:513:lmcache.v1.multiprocess.modules.gpu_transfer)[0m
[32;20m[2026-06-03 07:38:14,975] LMCache INFO:[0m Stored 256 tokens in 0.003 seconds [3m(gpu_transfer.py:513:lmcache.v1.multiprocess.modules.gpu_transfer)[0m
[32;20m[2026-06-03 07:38:15,797] LMCache INFO:[0m Stored 256 tokens in 0.010 seconds [3m(gpu_transfer.py:513:lmcache.v1.multiprocess.modules.gpu_transfer)[0m
[32;20m[2026-06-03 07:38:16,140] LMCache INFO:[0m Stored 256 tokens in 0.003 seconds [3m(gpu_transfer.py:513:lmcache.v1.multiprocess.modules.gpu_transfer)[0m
[32;20m[2026-06-03 07:38:16,384] LMCache INFO:[0m Prefetch request completed (L1+L2): 284/285 retained keys (284 L1, 0 L2) in 2.1 ms (external_request_id=chatcmpl-d2a32b7c-98b3-4829-b572-fd9ae87adf47-987c7384, prefetch_request_id=-1) [3m(storage_manager.py:575:lmcache.v1.distributed.storage_manager)[0m
[32;20m[2026-06-03 07:38:16,591] LMCache INFO:[0m Stored 256 tokens in 0.009 seconds [3m(gpu_transfer.py:513:lmcache.v1.multiprocess.modules.gpu_transfer)[0m
[32;20m[2026-06-03 07:38:17,527] LMCache INFO:[0m Prefetch request completed (L1+L2): 229/235 retained keys (229 L1, 0 L2) in 1.2 ms (external_request_id=chatcmpl-cbf6ff5f-d466-4b9c-b1f7-6d7826d55265-88e28794, prefetch_request_id=-1) [3m(storage_manager.py:575:lmcache.v1.distributed.storage_manager)[0m
[32;20m[2026-06-03 07:38:17,708] LMCache INFO:[0m Stored 1536 tokens in 0.016 seconds [3m(gpu_transfer.py:513:lmcache.v1.multiprocess.modules.gpu_transfer)[0m
[32;20m[2026-06-03 07:38:17,980] LMCache INFO:[0m Stored 256 tokens in 0.005 seconds [3m(gpu_transfer.py:513:lmcache.v1.multiprocess.modules.gpu_transfer)[0m
[32;20m[2026-06-03 07:38:18,137] LMCache INFO:[0m Prefetch request completed (L1+L2): 196/197 retained keys (196 L1, 0 L2) in 22.1 ms (external_request_id=chatcmpl-7f555df0-9bc3-4b1f-b9fe-4d7954f921d2-abd33530, prefetch_request_id=-1) [3m(storage_manager.py:575:lmcache.v1.distributed.storage_manager)[0m
[32;20m[2026-06-03 07:38:18,366] LMCache INFO:[0m Stored 256 tokens in 0.007 seconds [3m(gpu_transfer.py:513:lmcache.v1.multiprocess.modules.gpu_transfer)[0m
[32;20m[2026-06-03 07:38:18,560] LMCache INFO:[0m Prefetch request completed (L1+L2): 263/310 retained keys (263 L1, 0 L2) in 1.1 ms (external_request_id=chatcmpl-6a9acfa4-5398-47da-97bf-17110d404f29-9841e317, prefetch_request_id=-1) [3m(storage_manager.py:575:lmcache.v1.distributed.storage_manager)[0m
[32;20m[2026-06-03 07:38:18,733] LMCache INFO:[0m Stored 8192 tokens in 0.011 seconds [3m(gpu_transfer.py:513:lmcache.v1.multiprocess.modules.gpu_transfer)[0m
[32;20m[2026-06-03 07:38:20,084] LMCache INFO:[0m Stored 3840 tokens in 0.005 seconds [3m(gpu_transfer.py:513:lmcache.v1.multiprocess.modules.gpu_transfer)[0m
[32;20m[2026-06-03 07:38:21,149] LMCache INFO:[0m Stored 7936 tokens in 0.006 seconds [3m(gpu_transfer.py:513:lmcache.v1.multiprocess.modules.gpu_transfer)[0m
[32;20m[2026-06-03 07:38:21,340] LMCache INFO:[0m Stored 8192 tokens in 0.007 seconds [3m(gpu_transfer.py:513:lmcache.v1.multiprocess.modules.gpu_transfer)[0m
[32;20m[2026-06-03 07:38:21,899] LMCache INFO:[0m Stored 8192 tokens in 0.007 seconds [3m(gpu_transfer.py:513:lmcache.v1.multiprocess.modules.gpu_transfer)[0m
[32;20m[2026-06-03 07:38:22,450] LMCache INFO:[0m Stored 256 tokens in 0.004 seconds [3m(gpu_transfer.py:513:lmcache.v1.multiprocess.modules.gpu_transfer)[0m
[32;20m[2026-06-03 07:38:23,012] LMCache INFO:[0m Stored 8192 tokens in 0.007 seconds [3m(gpu_transfer.py:513:lmcache.v1.multiprocess.modules.gpu_transfer)[0m
[32;20m[2026-06-03 07:38:23,156] LMCache INFO:[0m Stored 8192 tokens in 0.007 seconds [3m(gpu_transfer.py:513:lmcache.v1.multiprocess.modules.gpu_transfer)[0m
[32;20m[2026-06-03 07:38:24,012] LMCache INFO:[0m Stored 256 tokens in 0.009 seconds [3m(gpu_transfer.py:513:lmcache.v1.multiprocess.modules.gpu_transfer)[0m
[32;20m[2026-06-03 07:38:24,883] LMCache INFO:[0m Stored 8192 tokens in 0.008 seconds [3m(gpu_transfer.py:513:lmcache.v1.multiprocess.modules.gpu_transfer)[0m
[32;20m[2026-06-03 07:38:25,028] LMCache INFO:[0m Stored 8192 tokens in 0.007 seconds [3m(gpu_transfer.py:513:lmcache.v1.multiprocess.modules.gpu_transfer)[0m
[32;20m[2026-06-03 07:38:26,180] LMCache INFO:[0m Stored 8192 tokens in 0.007 seconds [3m(gpu_transfer.py:513:lmcache.v1.multiprocess.modules.gpu_transfer)[0m
[32;20m[2026-06-03 07:38:27,480] LMCache INFO:[0m Stored 8192 tokens in 0.007 seconds [3m(gpu_transfer.py:513:lmcache.v1.multiprocess.modules.gpu_transfer)[0m
[32;20m[2026-06-03 07:38:28,937] LMCache INFO:[0m Stored 8192 tokens in 0.007 seconds [3m(gpu_transfer.py:513:lmcache.v1.multiprocess.modules.gpu_transfer)[0m
[32;20m[2026-06-03 07:38:30,510] LMCache INFO:[0m Stored 256 tokens in 0.010 seconds [3m(gpu_transfer.py:513:lmcache.v1.multiprocess.modules.gpu_transfer)[0m
[32;20m[2026-06-03 07:38:32,072] LMCache INFO:[0m Stored 7936 tokens in 0.007 seconds [3m(gpu_transfer.py:513:lmcache.v1.multiprocess.modules.gpu_transfer)[0m
[32;20m[2026-06-03 07:38:32,222] LMCache INFO:[0m Stored 8192 tokens in 0.007 seconds [3m(gpu_transfer.py:513:lmcache.v1.multiprocess.modules.gpu_transfer)[0m
[32;20m[2026-06-03 07:38:34,081] LMCache INFO:[0m Stored 8192 tokens in 0.007 seconds [3m(gpu_transfer.py:513:lmcache.v1.multiprocess.modules.gpu_transfer)[0m
[32;20m[2026-06-03 07:38:36,094] LMCache INFO:[0m Stored 256 tokens in 0.009 seconds [3m(gpu_transfer.py:513:lmcache.v1.multiprocess.modules.gpu_transfer)[0m
[32;20m[2026-06-03 07:38:38,107] LMCache INFO:[0m Stored 8192 tokens in 0.008 seconds [3m(gpu_transfer.py:513:lmcache.v1.multiprocess.modules.gpu_transfer)[0m
[32;20m[2026-06-03 07:38:38,255] LMCache INFO:[0m Stored 8192 tokens in 0.007 seconds [3m(gpu_transfer.py:513:lmcache.v1.multiprocess.modules.gpu_transfer)[0m
[32;20m[2026-06-03 07:38:40,552] LMCache INFO:[0m Stored 8192 tokens in 0.007 seconds [3m(gpu_transfer.py:513:lmcache.v1.multiprocess.modules.gpu_transfer)[0m
[32;20m[2026-06-03 07:38:42,951] LMCache INFO:[0m Prefetch request completed (L1+L2): 85/967 retained keys (85 L1, 0 L2) in 3.6 ms (external_request_id=chatcmpl-16c1a6d9-5e9b-4721-b450-191e36bb9540-b06c79fa, prefetch_request_id=-1) [3m(storage_manager.py:575:lmcache.v1.distributed.storage_manager)[0m
[32;20m[2026-06-03 07:38:43,056] LMCache INFO:[0m Stored 8192 tokens in 0.060 seconds [3m(gpu_transfer.py:513:lmcache.v1.multiprocess.modules.gpu_transfer)[0m
[32;20m[2026-06-03 07:38:45,662] LMCache INFO:[0m Stored 1536 tokens in 0.016 seconds [3m(gpu_transfer.py:513:lmcache.v1.multiprocess.modules.gpu_transfer)[0m
[32;20m[2026-06-03 07:38:47,826] LMCache INFO:[0m Stored 256 tokens in 0.003 seconds [3m(gpu_transfer.py:513:lmcache.v1.multiprocess.modules.gpu_transfer)[0m
[32;20m[2026-06-03 07:38:47,835] LMCache INFO:[0m Stored 6400 tokens in 0.007 seconds [3m(gpu_transfer.py:513:lmcache.v1.multiprocess.modules.gpu_transfer)[0m
[32;20m[2026-06-03 07:38:47,977] LMCache INFO:[0m Stored 8192 tokens in 0.012 seconds [3m(gpu_transfer.py:513:lmcache.v1.multiprocess.modules.gpu_transfer)[0m
[32;20m[2026-06-03 07:38:48,654] LMCache INFO:[0m Stored 8192 tokens in 0.009 seconds [3m(gpu_transfer.py:513:lmcache.v1.multiprocess.modules.gpu_transfer)[0m
[32;20m[2026-06-03 07:38:49,488] LMCache INFO:[0m Stored 8192 tokens in 0.009 seconds [3m(gpu_transfer.py:513:lmcache.v1.multiprocess.modules.gpu_transfer)[0m
[32;20m[2026-06-03 07:38:50,464] LMCache INFO:[0m Stored 8192 tokens in 0.009 seconds [3m(gpu_transfer.py:513:lmcache.v1.multiprocess.modules.gpu_transfer)[0m
[32;20m[2026-06-03 07:38:51,590] LMCache INFO:[0m Stored 8192 tokens in 0.009 seconds [3m(gpu_transfer.py:513:lmcache.v1.multiprocess.modules.gpu_transfer)[0m
[32;20m[2026-06-03 07:38:52,865] LMCache INFO:[0m Stored 8192 tokens in 0.009 seconds [3m(gpu_transfer.py:513:lmcache.v1.multiprocess.modules.gpu_transfer)[0m
[32;20m[2026-06-03 07:38:54,287] LMCache INFO:[0m Stored 8192 tokens in 0.009 seconds [3m(gpu_transfer.py:513:lmcache.v1.multiprocess.modules.gpu_transfer)[0m
[32;20m[2026-06-03 07:38:55,847] LMCache INFO:[0m Stored 8192 tokens in 0.012 seconds [3m(gpu_transfer.py:513:lmcache.v1.multiprocess.modules.gpu_transfer)[0m
[32;20m[2026-06-03 07:38:57,535] LMCache INFO:[0m Stored 8192 tokens in 0.009 seconds [3m(gpu_transfer.py:513:lmcache.v1.multiprocess.modules.gpu_transfer)[0m
[32;20m[2026-06-03 07:38:59,378] LMCache INFO:[0m Stored 7936 tokens in 0.012 seconds [3m(gpu_transfer.py:513:lmcache.v1.multiprocess.modules.gpu_transfer)[0m
[32;20m[2026-06-03 07:39:01,376] LMCache INFO:[0m Stored 8192 tokens in 0.009 seconds [3m(gpu_transfer.py:513:lmcache.v1.multiprocess.modules.gpu_transfer)[0m
[32;20m[2026-06-03 07:39:03,526] LMCache INFO:[0m Stored 8192 tokens in 0.014 seconds [3m(gpu_transfer.py:513:lmcache.v1.multiprocess.modules.gpu_transfer)[0m
[32;20m[2026-06-03 07:39:05,811] LMCache INFO:[0m Stored 256 tokens in 0.015 seconds [3m(gpu_transfer.py:513:lmcache.v1.multiprocess.modules.gpu_transfer)[0m
[32;20m[2026-06-03 07:39:08,111] LMCache INFO:[0m Stored 8192 tokens in 0.010 seconds [3m(gpu_transfer.py:513:lmcache.v1.multiprocess.modules.gpu_transfer)[0m
[32;20m[2026-06-03 07:39:08,270] LMCache INFO:[0m Stored 8192 tokens in 0.009 seconds [3m(gpu_transfer.py:513:lmcache.v1.multiprocess.modules.gpu_transfer)[0m
[32;20m[2026-06-03 07:39:10,852] LMCache INFO:[0m Stored 8192 tokens in 0.010 seconds [3m(gpu_transfer.py:513:lmcache.v1.multiprocess.modules.gpu_transfer)[0m
[32;20m[2026-06-03 07:39:13,577] LMCache INFO:[0m Stored 8192 tokens in 0.013 seconds [3m(gpu_transfer.py:513:lmcache.v1.multiprocess.modules.gpu_transfer)[0m
[32;20m[2026-06-03 07:39:16,422] LMCache INFO:[0m Stored 8192 tokens in 0.010 seconds [3m(gpu_transfer.py:513:lmcache.v1.multiprocess.modules.gpu_transfer)[0m
[32;20m[2026-06-03 07:39:19,418] LMCache INFO:[0m Stored 8192 tokens in 0.009 seconds [3m(gpu_transfer.py:513:lmcache.v1.multiprocess.modules.gpu_transfer)[0m
[32;20m[2026-06-03 07:39:22,559] LMCache INFO:[0m Stored 8192 tokens in 0.009 seconds [3m(gpu_transfer.py:513:lmcache.v1.multiprocess.modules.gpu_transfer)[0m
[32;20m[2026-06-03 07:39:25,859] LMCache INFO:[0m Stored 8192 tokens in 0.009 seconds [3m(gpu_transfer.py:513:lmcache.v1.multiprocess.modules.gpu_transfer)[0m
[32;20m[2026-06-03 07:39:29,319] LMCache INFO:[0m Stored 7936 tokens in 0.012 seconds [3m(gpu_transfer.py:513:lmcache.v1.multiprocess.modules.gpu_transfer)[0m
[32;20m[2026-06-03 07:39:32,925] LMCache INFO:[0m Stored 8192 tokens in 0.009 seconds [3m(gpu_transfer.py:513:lmcache.v1.multiprocess.modules.gpu_transfer)[0m
[32;20m[2026-06-03 07:39:36,670] LMCache INFO:[0m Stored 256 tokens in 0.014 seconds [3m(gpu_transfer.py:513:lmcache.v1.multiprocess.modules.gpu_transfer)[0m
[32;20m[2026-06-03 07:39:40,398] LMCache INFO:[0m Stored 8192 tokens in 0.010 seconds [3m(gpu_transfer.py:513:lmcache.v1.multiprocess.modules.gpu_transfer)[0m
[32;20m[2026-06-03 07:39:40,584] LMCache INFO:[0m Stored 8192 tokens in 0.013 seconds [3m(gpu_transfer.py:513:lmcache.v1.multiprocess.modules.gpu_transfer)[0m
[32;20m[2026-06-03 07:39:44,599] LMCache INFO:[0m Stored 8192 tokens in 0.009 seconds [3m(gpu_transfer.py:513:lmcache.v1.multiprocess.modules.gpu_transfer)[0m
[32;20m[2026-06-03 07:39:48,756] LMCache INFO:[0m Stored 8192 tokens in 0.013 seconds [3m(gpu_transfer.py:513:lmcache.v1.multiprocess.modules.gpu_transfer)[0m
[32;20m[2026-06-03 07:39:52,934] LMCache INFO:[0m Prefetch request completed (L1+L2): 93/93 retained keys (93 L1, 0 L2) in 1.0 ms (external_request_id=chatcmpl-622a487c-928b-4291-94f1-82ea2a72ea95-9e824812, prefetch_request_id=-1) [3m(storage_manager.py:575:lmcache.v1.distributed.storage_manager)[0m
[32;20m[2026-06-03 07:39:53,001] LMCache INFO:[0m Prefetch request completed (L1+L2): 190/191 retained keys (190 L1, 0 L2) in 1.1 ms (external_request_id=chatcmpl-f9b2a504-a824-47e5-901c-133be9a0d08d-b96222ac, prefetch_request_id=-1) [3m(storage_manager.py:575:lmcache.v1.distributed.storage_manager)[0m
[32;20m[2026-06-03 07:39:53,084] LMCache INFO:[0m Stored 8192 tokens in 0.010 seconds [3m(gpu_transfer.py:513:lmcache.v1.multiprocess.modules.gpu_transfer)[0m
[32;20m[2026-06-03 07:39:53,120] LMCache INFO:[0m Prefetch request completed (L1+L2): 360/362 retained keys (360 L1, 0 L2) in 1.6 ms (external_request_id=chatcmpl-968a1007-afd6-4711-9809-45c3bb79923b-a7341f46, prefetch_request_id=-1) [3m(storage_manager.py:575:lmcache.v1.distributed.storage_manager)[0m
[32;20m[2026-06-03 07:39:53,282] LMCache INFO:[0m Prefetch request completed (L1+L2): 756/762 retained keys (756 L1, 0 L2) in 2.1 ms (external_request_id=chatcmpl-0b43cfe5-e9ce-4d33-bc95-0f17e1927f14-8f3031c4, prefetch_request_id=-1) [3m(storage_manager.py:575:lmcache.v1.distributed.storage_manager)[0m
[32;20m[2026-06-03 07:39:53,418] LMCache INFO:[0m Prefetch request completed (L1+L2): 506/506 retained keys (506 L1, 0 L2) in 1.5 ms (external_request_id=chatcmpl-a0c33692-57b0-4809-a83c-10521f31a692-9f66ff0b, prefetch_request_id=-1) [3m(storage_manager.py:575:lmcache.v1.distributed.storage_manager)[0m
[32;20m[2026-06-03 07:39:53,514] LMCache INFO:[0m Prefetch request completed (L1+L2): 310/313 retained keys (310 L1, 0 L2) in 1.4 ms (external_request_id=chatcmpl-53ff8c51-79a3-4507-9e45-7d9d9d5dea3f-b19ea9ad, prefetch_request_id=-1) [3m(storage_manager.py:575:lmcache.v1.distributed.storage_manager)[0m
[32;20m[2026-06-03 07:39:53,713] LMCache INFO:[0m Prefetch request completed (L1+L2): 942/955 retained keys (942 L1, 0 L2) in 2.9 ms (external_request_id=chatcmpl-0740649a-3b6d-4002-a4e4-9a2aef0e5b3d-9f61b16a, prefetch_request_id=-1) [3m(storage_manager.py:575:lmcache.v1.distributed.storage_manager)[0m
[32;20m[2026-06-03 07:39:57,816] LMCache INFO:[0m Stored 256 tokens in 0.038 seconds [3m(gpu_transfer.py:513:lmcache.v1.multiprocess.modules.gpu_transfer)[0m
[32;20m[2026-06-03 07:40:01,787] LMCache INFO:[0m Stored 512 tokens in 0.012 seconds [3m(gpu_transfer.py:513:lmcache.v1.multiprocess.modules.gpu_transfer)[0m
[32;20m[2026-06-03 07:40:01,812] LMCache INFO:[0m Stored 1536 tokens in 0.022 seconds [3m(gpu_transfer.py:513:lmcache.v1.multiprocess.modules.gpu_transfer)[0m
[32;20m[2026-06-03 07:40:01,825] LMCache INFO:[0m Stored 768 tokens in 0.010 seconds [3m(gpu_transfer.py:513:lmcache.v1.multiprocess.modules.gpu_transfer)[0m
[32;20m[2026-06-03 07:40:01,853] LMCache INFO:[0m Stored 1536 tokens in 0.026 seconds [3m(gpu_transfer.py:513:lmcache.v1.multiprocess.modules.gpu_transfer)[0m
[32;20m[2026-06-03 07:40:01,865] LMCache INFO:[0m Stored 3584 tokens in 0.008 seconds [3m(gpu_transfer.py:513:lmcache.v1.multiprocess.modules.gpu_transfer)[0m
[32;20m[2026-06-03 07:40:02,086] LMCache INFO:[0m Stored 1792 tokens in 0.007 seconds [3m(gpu_transfer.py:513:lmcache.v1.multiprocess.modules.gpu_transfer)[0m
[32;20m[2026-06-03 07:40:03,411] LMCache INFO:[0m Stored 256 tokens in 0.007 seconds [3m(gpu_transfer.py:513:lmcache.v1.multiprocess.modules.gpu_transfer)[0m
[32;20m[2026-06-03 07:40:03,610] LMCache INFO:[0m Prefetch request completed (L1+L2): 459/460 retained keys (459 L1, 0 L2) in 1.9 ms (external_request_id=chatcmpl-7642d6ba-6554-48d4-8bfb-e4e98ecfb368-b3607a54, prefetch_request_id=-1) [3m(storage_manager.py:575:lmcache.v1.distributed.storage_manager)[0m
[32;20m[2026-06-03 07:40:03,815] LMCache INFO:[0m Stored 256 tokens in 0.013 seconds [3m(gpu_transfer.py:513:lmcache.v1.multiprocess.modules.gpu_transfer)[0m
[32;20m[2026-06-03 07:40:04,469] LMCache INFO:[0m Prefetch request completed (L1+L2): 398/401 retained keys (398 L1, 0 L2) in 1.9 ms (external_request_id=chatcmpl-72a5a5e3-3802-4cdd-857d-5ca4266ce568-b1f61af0, prefetch_request_id=-1) [3m(storage_manager.py:575:lmcache.v1.distributed.storage_manager)[0m
[32;20m[2026-06-03 07:40:04,655] LMCache INFO:[0m Stored 768 tokens in 0.017 seconds [3m(gpu_transfer.py:513:lmcache.v1.multiprocess.modules.gpu_transfer)[0m
[32;20m[2026-06-03 07:40:05,091] LMCache INFO:[0m Stored 256 tokens in 0.016 seconds [3m(gpu_transfer.py:513:lmcache.v1.multiprocess.modules.gpu_transfer)[0m
[32;20m[2026-06-03 07:40:05,294] LMCache INFO:[0m Stored 256 tokens in 0.003 seconds [3m(gpu_transfer.py:513:lmcache.v1.multiprocess.modules.gpu_transfer)[0m
[32;20m[2026-06-03 07:40:05,524] LMCache INFO:[0m Stored 256 tokens in 0.004 seconds [3m(gpu_transfer.py:513:lmcache.v1.multiprocess.modules.gpu_transfer)[0m
[32;20m[2026-06-03 07:40:05,793] LMCache INFO:[0m Stored 256 tokens in 0.009 seconds [3m(gpu_transfer.py:513:lmcache.v1.multiprocess.modules.gpu_transfer)[0m
[32;20m[2026-06-03 07:40:05,862] LMCache INFO:[0m Stored 256 tokens in 0.004 seconds [3m(gpu_transfer.py:513:lmcache.v1.multiprocess.modules.gpu_transfer)[0m
[32;20m[2026-06-03 07:40:05,987] LMCache INFO:[0m Stored 256 tokens in 0.002 seconds [3m(gpu_transfer.py:513:lmcache.v1.multiprocess.modules.gpu_transfer)[0m
[32;20m[2026-06-03 07:40:06,166] LMCache INFO:[0m Stored 256 tokens in 0.003 seconds [3m(gpu_transfer.py:513:lmcache.v1.multiprocess.modules.gpu_transfer)[0m
[32;20m[2026-06-03 07:40:06,344] LMCache INFO:[0m Stored 256 tokens in 0.003 seconds [3m(gpu_transfer.py:513:lmcache.v1.multiprocess.modules.gpu_transfer)[0m
[32;20m[2026-06-03 07:40:06,473] LMCache INFO:[0m Stored 256 tokens in 0.002 seconds [3m(gpu_transfer.py:513:lmcache.v1.multiprocess.modules.gpu_transfer)[0m
[32;20m[2026-06-03 07:40:07,093] LMCache INFO:[0m Stored 256 tokens in 0.004 seconds [3m(gpu_transfer.py:513:lmcache.v1.multiprocess.modules.gpu_transfer)[0m
[32;20m[2026-06-03 07:40:07,270] LMCache INFO:[0m Stored 256 tokens in 0.007 seconds [3m(gpu_transfer.py:513:lmcache.v1.multiprocess.modules.gpu_transfer)[0m
[32;20m[2026-06-03 07:40:07,351] LMCache INFO:[0m Stored 256 tokens in 0.004 seconds [3m(gpu_transfer.py:513:lmcache.v1.multiprocess.modules.gpu_transfer)[0m
[32;20m[2026-06-03 07:40:07,594] LMCache INFO:[0m Prefetch request completed (L1+L2): 422/430 retained keys (422 L1, 0 L2) in 1.3 ms (external_request_id=chatcmpl-173c1935-c2a7-40b8-b133-23c6c94738d6-93f874dc, prefetch_request_id=-1) [3m(storage_manager.py:575:lmcache.v1.distributed.storage_manager)[0m
[32;20m[2026-06-03 07:40:07,878] LMCache INFO:[0m Stored 2048 tokens in 0.013 seconds [3m(gpu_transfer.py:513:lmcache.v1.multiprocess.modules.gpu_transfer)[0m
[32;20m[2026-06-03 07:40:08,639] LMCache INFO:[0m Stored 256 tokens in 0.005 seconds [3m(gpu_transfer.py:513:lmcache.v1.multiprocess.modules.gpu_transfer)[0m
[32;20m[2026-06-03 07:40:08,928] LMCache INFO:[0m Stored 256 tokens in 0.003 seconds [3m(gpu_transfer.py:513:lmcache.v1.multiprocess.modules.gpu_transfer)[0m
[32;20m[2026-06-03 07:40:09,005] LMCache INFO:[0m Stored 256 tokens in 0.003 seconds [3m(gpu_transfer.py:513:lmcache.v1.multiprocess.modules.gpu_transfer)[0m
[32;20m[2026-06-03 07:40:09,142] LMCache INFO:[0m Stored 256 tokens in 0.002 seconds [3m(gpu_transfer.py:513:lmcache.v1.multiprocess.modules.gpu_transfer)[0m
[32;20m[2026-06-03 07:40:09,294] LMCache INFO:[0m Stored 256 tokens in 0.006 seconds [3m(gpu_transfer.py:513:lmcache.v1.multiprocess.modules.gpu_transfer)[0m
[32;20m[2026-06-03 07:40:09,812] LMCache INFO:[0m Stored 256 tokens in 0.002 seconds [3m(gpu_transfer.py:513:lmcache.v1.multiprocess.modules.gpu_transfer)[0m
[32;20m[2026-06-03 07:40:10,260] LMCache INFO:[0m Prefetch request completed (L1+L2): 157/177 retained keys (157 L1, 0 L2) in 0.9 ms (external_request_id=chatcmpl-461e8abd-3693-4e89-bf8a-f8a7b7ee59ce-baaef374, prefetch_request_id=-1) [3m(storage_manager.py:575:lmcache.v1.distributed.storage_manager)[0m
[32;20m[2026-06-03 07:40:10,503] LMCache INFO:[0m Stored 5120 tokens in 0.007 seconds [3m(gpu_transfer.py:513:lmcache.v1.multiprocess.modules.gpu_transfer)[0m
[32;20m[2026-06-03 07:40:12,587] LMCache INFO:[0m Stored 256 tokens in 0.003 seconds [3m(gpu_transfer.py:513:lmcache.v1.multiprocess.modules.gpu_transfer)[0m
[32;20m[2026-06-03 07:40:12,687] LMCache INFO:[0m Stored 256 tokens in 0.002 seconds [3m(gpu_transfer.py:513:lmcache.v1.multiprocess.modules.gpu_transfer)[0m
[32;20m[2026-06-03 07:40:12,880] LMCache INFO:[0m Prefetch request completed (L1+L2): 221/230 retained keys (221 L1, 0 L2) in 0.9 ms (external_request_id=chatcmpl-56afeca0-c8b3-4fad-afb5-5b43ec6b74df-8c7a6835, prefetch_request_id=-1) [3m(storage_manager.py:575:lmcache.v1.distributed.storage_manager)[0m
[32;20m[2026-06-03 07:40:13,047] LMCache INFO:[0m Stored 2304 tokens in 0.012 seconds [3m(gpu_transfer.py:513:lmcache.v1.multiprocess.modules.gpu_transfer)[0m
[32;20m[2026-06-03 07:40:13,511] LMCache INFO:[0m Stored 256 tokens in 0.003 seconds [3m(gpu_transfer.py:513:lmcache.v1.multiprocess.modules.gpu_transfer)[0m
[32;20m[2026-06-03 07:40:13,600] LMCache INFO:[0m Stored 256 tokens in 0.003 seconds [3m(gpu_transfer.py:513:lmcache.v1.multiprocess.modules.gpu_transfer)[0m
[32;20m[2026-06-03 07:40:14,037] LMCache INFO:[0m Prefetch request completed (L1+L2): 197/199 retained keys (197 L1, 0 L2) in 1.3 ms (external_request_id=chatcmpl-22d97130-e705-4f2f-a36f-e08d8e4624f4-9b933982, prefetch_request_id=-1) [3m(storage_manager.py:575:lmcache.v1.distributed.storage_manager)[0m
[32;20m[2026-06-03 07:40:14,211] LMCache INFO:[0m Stored 512 tokens in 0.007 seconds [3m(gpu_transfer.py:513:lmcache.v1.multiprocess.modules.gpu_transfer)[0m
[32;20m[2026-06-03 07:40:14,380] LMCache INFO:[0m Stored 256 tokens in 0.003 seconds [3m(gpu_transfer.py:513:lmcache.v1.multiprocess.modules.gpu_transfer)[0m
[32;20m[2026-06-03 07:40:14,997] LMCache INFO:[0m Stored 256 tokens in 0.015 seconds [3m(gpu_transfer.py:513:lmcache.v1.multiprocess.modules.gpu_transfer)[0m
[32;20m[2026-06-03 07:40:15,062] LMCache INFO:[0m Stored 256 tokens in 0.007 seconds [3m(gpu_transfer.py:513:lmcache.v1.multiprocess.modules.gpu_transfer)[0m
[32;20m[2026-06-03 07:40:15,508] LMCache INFO:[0m Stored 256 tokens in 0.006 seconds [3m(gpu_transfer.py:513:lmcache.v1.multiprocess.modules.gpu_transfer)[0m
[32;20m[2026-06-03 07:40:16,226] LMCache INFO:[0m Stored 256 tokens in 0.003 seconds [3m(gpu_transfer.py:513:lmcache.v1.multiprocess.modules.gpu_transfer)[0m
[32;20m[2026-06-03 07:40:17,255] LMCache INFO:[0m Prefetch request completed (L1+L2): 362/362 retained keys (362 L1, 0 L2) in 1.9 ms (external_request_id=chatcmpl-34a6ff89-48ce-4221-b547-6bd76a516a56-b7dcdf70, prefetch_request_id=-1) [3m(storage_manager.py:575:lmcache.v1.distributed.storage_manager)[0m
[32;20m[2026-06-03 07:40:17,433] LMCache INFO:[0m Stored 256 tokens in 0.003 seconds [3m(gpu_transfer.py:513:lmcache.v1.multiprocess.modules.gpu_transfer)[0m
[32;20m[2026-06-03 07:40:17,553] LMCache INFO:[0m Prefetch request completed (L1+L2): 191/193 retained keys (191 L1, 0 L2) in 1.3 ms (external_request_id=chatcmpl-9e130eca-448c-4a6e-bcc8-402ba45ef867-b77031d2, prefetch_request_id=-1) [3m(storage_manager.py:575:lmcache.v1.distributed.storage_manager)[0m
[32;20m[2026-06-03 07:40:17,724] LMCache INFO:[0m Stored 512 tokens in 0.006 seconds [3m(gpu_transfer.py:513:lmcache.v1.multiprocess.modules.gpu_transfer)[0m
[32;20m[2026-06-03 07:40:18,069] LMCache INFO:[0m Stored 256 tokens in 0.005 seconds [3m(gpu_transfer.py:513:lmcache.v1.multiprocess.modules.gpu_transfer)[0m
[32;20m[2026-06-03 07:40:18,503] LMCache INFO:[0m Stored 256 tokens in 0.004 seconds [3m(gpu_transfer.py:513:lmcache.v1.multiprocess.modules.gpu_transfer)[0m
[32;20m[2026-06-03 07:40:18,728] LMCache INFO:[0m Stored 256 tokens in 0.003 seconds [3m(gpu_transfer.py:513:lmcache.v1.multiprocess.modules.gpu_transfer)[0m
[32;20m[2026-06-03 07:40:18,942] LMCache INFO:[0m Stored 256 tokens in 0.003 seconds [3m(gpu_transfer.py:513:lmcache.v1.multiprocess.modules.gpu_transfer)[0m
[32;20m[2026-06-03 07:40:19,115] LMCache INFO:[0m Prefetch request completed (L1+L2): 285/288 retained keys (285 L1, 0 L2) in 1.6 ms (external_request_id=chatcmpl-e40b2720-63b8-4467-a0ba-06626c8357b9-ac8d5c2c, prefetch_request_id=-1) [3m(storage_manager.py:575:lmcache.v1.distributed.storage_manager)[0m
[32;20m[2026-06-03 07:40:19,307] LMCache INFO:[0m Stored 768 tokens in 0.009 seconds [3m(gpu_transfer.py:513:lmcache.v1.multiprocess.modules.gpu_transfer)[0m
[32;20m[2026-06-03 07:40:19,715] LMCache INFO:[0m Prefetch request completed (L1+L2): 503/509 retained keys (503 L1, 0 L2) in 1.5 ms (external_request_id=chatcmpl-a763aac1-a307-412c-a75b-dddabc69abc6-9b805454, prefetch_request_id=-1) [3m(storage_manager.py:575:lmcache.v1.distributed.storage_manager)[0m
[32;20m[2026-06-03 07:40:20,020] LMCache INFO:[0m Stored 1536 tokens in 0.015 seconds [3m(gpu_transfer.py:513:lmcache.v1.multiprocess.modules.gpu_transfer)[0m
[32;20m[2026-06-03 07:40:20,728] LMCache INFO:[0m Prefetch request completed (L1+L2): 313/317 retained keys (313 L1, 0 L2) in 1.8 ms (external_request_id=chatcmpl-dc6799b7-5146-42e0-b7a2-f08e29ca91fc-84ae38c5, prefetch_request_id=-1) [3m(storage_manager.py:575:lmcache.v1.distributed.storage_manager)[0m
[32;20m[2026-06-03 07:40:20,920] LMCache INFO:[0m Stored 1024 tokens in 0.018 seconds [3m(gpu_transfer.py:513:lmcache.v1.multiprocess.modules.gpu_transfer)[0m
[32;20m[2026-06-03 07:40:21,239] LMCache INFO:[0m Stored 256 tokens in 0.004 seconds [3m(gpu_transfer.py:513:lmcache.v1.multiprocess.modules.gpu_transfer)[0m
[32;20m[2026-06-03 07:40:21,245] LMCache INFO:[0m Stored 256 tokens in 0.003 seconds [3m(gpu_transfer.py:513:lmcache.v1.multiprocess.modules.gpu_transfer)[0m
[32;20m[2026-06-03 07:40:21,328] LMCache INFO:[0m Stored 256 tokens in 0.002 seconds [3m(gpu_transfer.py:513:lmcache.v1.multiprocess.modules.gpu_transfer)[0m
[32;20m[2026-06-03 07:40:21,661] LMCache INFO:[0m Stored 256 tokens in 0.003 seconds [3m(gpu_transfer.py:513:lmcache.v1.multiprocess.modules.gpu_transfer)[0m
[32;20m[2026-06-03 07:40:21,824] LMCache INFO:[0m Stored 256 tokens in 0.004 seconds [3m(gpu_transfer.py:513:lmcache.v1.multiprocess.modules.gpu_transfer)[0m
[32;20m[2026-06-03 07:40:21,866] LMCache INFO:[0m Stored 256 tokens in 0.002 seconds [3m(gpu_transfer.py:513:lmcache.v1.multiprocess.modules.gpu_transfer)[0m
[32;20m[2026-06-03 07:40:22,027] LMCache INFO:[0m Stored 256 tokens in 0.003 seconds [3m(gpu_transfer.py:513:lmcache.v1.multiprocess.modules.gpu_transfer)[0m
[32;20m[2026-06-03 07:40:22,444] LMCache INFO:[0m Stored 256 tokens in 0.005 seconds [3m(gpu_transfer.py:513:lmcache.v1.multiprocess.modules.gpu_transfer)[0m
[32;20m[2026-06-03 07:40:22,605] LMCache INFO:[0m Stored 256 tokens in 0.008 seconds [3m(gpu_transfer.py:513:lmcache.v1.multiprocess.modules.gpu_transfer)[0m
[32;20m[2026-06-03 07:40:22,655] LMCache INFO:[0m Stored 256 tokens in 0.004 seconds [3m(gpu_transfer.py:513:lmcache.v1.multiprocess.modules.gpu_transfer)[0m
[32;20m[2026-06-03 07:40:23,223] LMCache INFO:[0m Prefetch request completed (L1+L2): 460/462 retained keys (460 L1, 0 L2) in 17.5 ms (external_request_id=chatcmpl-9cdb793c-bb6e-4ba4-8d92-4da81d8d606f-96403dd4, prefetch_request_id=-1) [3m(storage_manager.py:575:lmcache.v1.distributed.storage_manager)[0m
[32;20m[2026-06-03 07:40:23,684] LMCache INFO:[0m Stored 512 tokens in 0.014 seconds [3m(gpu_transfer.py:513:lmcache.v1.multiprocess.modules.gpu_transfer)[0m
[32;20m[2026-06-03 07:40:23,691] LMCache INFO:[0m Prefetch request completed (L1+L2): 362/364 retained keys (362 L1, 0 L2) in 28.0 ms (external_request_id=chatcmpl-10f11de8-82f1-4659-a76c-901224e4f3e4-92b77ccf, prefetch_request_id=-1) [3m(storage_manager.py:575:lmcache.v1.distributed.storage_manager)[0m
[32;20m[2026-06-03 07:40:24,111] LMCache INFO:[0m Stored 512 tokens in 0.012 seconds [3m(gpu_transfer.py:513:lmcache.v1.multiprocess.modules.gpu_transfer)[0m
[32;20m[2026-06-03 07:40:24,181] LMCache INFO:[0m Prefetch request completed (L1+L2): 310/320 retained keys (310 L1, 0 L2) in 1.8 ms (external_request_id=chatcmpl-71875d7c-688e-43e4-93b9-5f6cb289e90f-b7b2b7d8, prefetch_request_id=-1) [3m(storage_manager.py:575:lmcache.v1.distributed.storage_manager)[0m
[32;20m[2026-06-03 07:40:24,638] LMCache INFO:[0m Stored 2560 tokens in 0.011 seconds [3m(gpu_transfer.py:513:lmcache.v1.multiprocess.modules.gpu_transfer)[0m
[32;20m[2026-06-03 07:40:25,452] LMCache INFO:[0m Stored 256 tokens in 0.005 seconds [3m(gpu_transfer.py:513:lmcache.v1.multiprocess.modules.gpu_transfer)[0m
[32;20m[2026-06-03 07:40:25,741] LMCache INFO:[0m Stored 256 tokens in 0.004 seconds [3m(gpu_transfer.py:513:lmcache.v1.multiprocess.modules.gpu_transfer)[0m
[32;20m[2026-06-03 07:40:25,899] LMCache INFO:[0m Stored 256 tokens in 0.002 seconds [3m(gpu_transfer.py:513:lmcache.v1.multiprocess.modules.gpu_transfer)[0m
[32;20m[2026-06-03 07:40:26,091] LMCache INFO:[0m Stored 256 tokens in 0.006 seconds [3m(gpu_transfer.py:513:lmcache.v1.multiprocess.modules.gpu_transfer)[0m
[32;20m[2026-06-03 07:40:26,582] LMCache INFO:[0m Prefetch request completed (L1+L2): 242/248 retained keys (242 L1, 0 L2) in 1.4 ms (external_request_id=chatcmpl-4990b0d7-b6a4-4aca-bf01-10da2db9c594-86ee2504, prefetch_request_id=-1) [3m(storage_manager.py:575:lmcache.v1.distributed.storage_manager)[0m
[32;20m[2026-06-03 07:40:26,758] LMCache INFO:[0m Stored 1536 tokens in 0.008 seconds [3m(gpu_transfer.py:513:lmcache.v1.multiprocess.modules.gpu_transfer)[0m
[32;20m[2026-06-03 07:40:27,047] LMCache INFO:[0m Stored 256 tokens in 0.002 seconds [3m(gpu_transfer.py:513:lmcache.v1.multiprocess.modules.gpu_transfer)[0m
[32;20m[2026-06-03 07:40:28,479] LMCache INFO:[0m Stored 256 tokens in 0.003 seconds [3m(gpu_transfer.py:513:lmcache.v1.multiprocess.modules.gpu_transfer)[0m
[32;20m[2026-06-03 07:40:29,094] LMCache INFO:[0m Stored 256 tokens in 0.002 seconds [3m(gpu_transfer.py:513:lmcache.v1.multiprocess.modules.gpu_transfer)[0m
[32;20m[2026-06-03 07:40:29,794] LMCache INFO:[0m Stored 256 tokens in 0.003 seconds [3m(gpu_transfer.py:513:lmcache.v1.multiprocess.modules.gpu_transfer)[0m
[32;20m[2026-06-03 07:40:30,042] LMCache INFO:[0m Prefetch request completed (L1+L2): 288/295 retained keys (288 L1, 0 L2) in 1.9 ms (external_request_id=chatcmpl-4bc0e506-1a15-40c6-89b7-b4e0d00b048a-a0605c31, prefetch_request_id=-1) [3m(storage_manager.py:575:lmcache.v1.distributed.storage_manager)[0m
[32;20m[2026-06-03 07:40:30,236] LMCache INFO:[0m Stored 1792 tokens in 0.010 seconds [3m(gpu_transfer.py:513:lmcache.v1.multiprocess.modules.gpu_transfer)[0m
[32;20m[2026-06-03 07:40:30,965] LMCache INFO:[0m Stored 256 tokens in 0.002 seconds [3m(gpu_transfer.py:513:lmcache.v1.multiprocess.modules.gpu_transfer)[0m
[32;20m[2026-06-03 07:40:31,033] LMCache INFO:[0m Stored 256 tokens in 0.007 seconds [3m(gpu_transfer.py:513:lmcache.v1.multiprocess.modules.gpu_transfer)[0m
[32;20m[2026-06-03 07:40:31,477] LMCache INFO:[0m Stored 256 tokens in 0.006 seconds [3m(gpu_transfer.py:513:lmcache.v1.multiprocess.modules.gpu_transfer)[0m
[32;20m[2026-06-03 07:40:31,548] LMCache INFO:[0m Stored 256 tokens in 0.003 seconds [3m(gpu_transfer.py:513:lmcache.v1.multiprocess.modules.gpu_transfer)[0m
[32;20m[2026-06-03 07:40:31,694] LMCache INFO:[0m Stored 256 tokens in 0.003 seconds [3m(gpu_transfer.py:513:lmcache.v1.multiprocess.modules.gpu_transfer)[0m
[32;20m[2026-06-03 07:40:32,157] LMCache INFO:[0m Stored 256 tokens in 0.003 seconds [3m(gpu_transfer.py:513:lmcache.v1.multiprocess.modules.gpu_transfer)[0m
[32;20m[2026-06-03 07:40:32,621] LMCache INFO:[0m Stored 7936 tokens in 0.005 seconds [3m(gpu_transfer.py:513:lmcache.v1.multiprocess.modules.gpu_transfer)[0m
[32;20m[2026-06-03 07:40:32,795] LMCache INFO:[0m Stored 8192 tokens in 0.015 seconds [3m(gpu_transfer.py:513:lmcache.v1.multiprocess.modules.gpu_transfer)[0m
[32;20m[2026-06-03 07:40:33,334] LMCache INFO:[0m Stored 8192 tokens in 0.006 seconds [3m(gpu_transfer.py:513:lmcache.v1.multiprocess.modules.gpu_transfer)[0m
[32;20m[2026-06-03 07:40:33,882] LMCache INFO:[0m Stored 8192 tokens in 0.005 seconds [3m(gpu_transfer.py:513:lmcache.v1.multiprocess.modules.gpu_transfer)[0m
[32;20m[2026-06-03 07:40:34,587] LMCache INFO:[0m Stored 8192 tokens in 0.005 seconds [3m(gpu_transfer.py:513:lmcache.v1.multiprocess.modules.gpu_transfer)[0m
[32;20m[2026-06-03 07:40:35,448] LMCache INFO:[0m Stored 8192 tokens in 0.005 seconds [3m(gpu_transfer.py:513:lmcache.v1.multiprocess.modules.gpu_transfer)[0m
[32;20m[2026-06-03 07:40:36,416] LMCache INFO:[0m Prefetch request completed (L1+L2): 247/257 retained keys (247 L1, 0 L2) in 17.2 ms (external_request_id=chatcmpl-63777ef8-8c13-434f-abfc-f848c6efb424-be146ade, prefetch_request_id=-1) [3m(storage_manager.py:575:lmcache.v1.distributed.storage_manager)[0m
[32;20m[2026-06-03 07:40:36,455] LMCache INFO:[0m Stored 8192 tokens in 0.005 seconds [3m(gpu_transfer.py:513:lmcache.v1.multiprocess.modules.gpu_transfer)[0m
[32;20m[2026-06-03 07:40:36,630] LMCache INFO:[0m Prefetch request completed (L1+L2): 317/327 retained keys (317 L1, 0 L2) in 1.6 ms (external_request_id=chatcmpl-38d5b8b2-9567-4ba3-b1e1-cf99304e4631-a162f6c8, prefetch_request_id=-1) [3m(storage_manager.py:575:lmcache.v1.distributed.storage_manager)[0m
[32;20m[2026-06-03 07:40:37,488] LMCache INFO:[0m Retrieved 48640 tokens in 0.731 seconds [3m(gpu_transfer.py:728:lmcache.v1.multiprocess.modules.gpu_transfer)[0m
[32;20m[2026-06-03 07:40:37,488] LMCache INFO:[0m Retrieved 48640 tokens in 0.696 seconds [3m(gpu_transfer.py:728:lmcache.v1.multiprocess.modules.gpu_transfer)[0m
[32;20m[2026-06-03 07:40:37,538] LMCache INFO:[0m Retrieved 48640 tokens in 0.043 seconds [3m(gpu_transfer.py:728:lmcache.v1.multiprocess.modules.gpu_transfer)[0m
[32;20m[2026-06-03 07:40:37,539] LMCache INFO:[0m Retrieved 48640 tokens in 0.026 seconds [3m(gpu_transfer.py:728:lmcache.v1.multiprocess.modules.gpu_transfer)[0m
[32;20m[2026-06-03 07:40:37,598] LMCache INFO:[0m Prefetch request completed (L1+L2): 193/194 retained keys (193 L1, 0 L2) in 1.4 ms (external_request_id=chatcmpl-1cc9f972-f671-4d73-9bc1-fb48805ef01a-8dd2fe0c, prefetch_request_id=-1) [3m(storage_manager.py:575:lmcache.v1.distributed.storage_manager)[0m
[32;20m[2026-06-03 07:40:37,730] LMCache INFO:[0m Prefetch request completed (L1+L2): 364/365 retained keys (364 L1, 0 L2) in 1.8 ms (external_request_id=chatcmpl-1f2cfbbb-b876-44fe-9817-8c01b7162ffb-a8b0b00f, prefetch_request_id=-1) [3m(storage_manager.py:575:lmcache.v1.distributed.storage_manager)[0m
[32;20m[2026-06-03 07:40:37,950] LMCache INFO:[0m Stored 2560 tokens in 0.178 seconds [3m(gpu_transfer.py:513:lmcache.v1.multiprocess.modules.gpu_transfer)[0m
[32;20m[2026-06-03 07:40:39,041] LMCache INFO:[0m Stored 5376 tokens in 0.005 seconds [3m(gpu_transfer.py:513:lmcache.v1.multiprocess.modules.gpu_transfer)[0m
[32;20m[2026-06-03 07:40:39,309] LMCache INFO:[0m Stored 256 tokens in 0.010 seconds [3m(gpu_transfer.py:513:lmcache.v1.multiprocess.modules.gpu_transfer)[0m
[32;20m[2026-06-03 07:40:39,685] LMCache INFO:[0m Stored 256 tokens in 0.011 seconds [3m(gpu_transfer.py:513:lmcache.v1.multiprocess.modules.gpu_transfer)[0m
[32;20m[2026-06-03 07:40:39,910] LMCache INFO:[0m Stored 2560 tokens in 0.004 seconds [3m(gpu_transfer.py:513:lmcache.v1.multiprocess.modules.gpu_transfer)[0m
[32;20m[2026-06-03 07:40:40,565] LMCache INFO:[0m Stored 256 tokens in 0.003 seconds [3m(gpu_transfer.py:513:lmcache.v1.multiprocess.modules.gpu_transfer)[0m
[32;20m[2026-06-03 07:40:40,660] LMCache INFO:[0m Stored 256 tokens in 0.002 seconds [3m(gpu_transfer.py:513:lmcache.v1.multiprocess.modules.gpu_transfer)[0m
[32;20m[2026-06-03 07:40:40,828] LMCache INFO:[0m Stored 256 tokens in 0.003 seconds [3m(gpu_transfer.py:513:lmcache.v1.multiprocess.modules.gpu_transfer)[0m
[32;20m[2026-06-03 07:40:41,175] LMCache INFO:[0m Stored 256 tokens in 0.005 seconds [3m(gpu_transfer.py:513:lmcache.v1.multiprocess.modules.gpu_transfer)[0m
[32;20m[2026-06-03 07:40:41,594] LMCache INFO:[0m Stored 256 tokens in 0.004 seconds [3m(gpu_transfer.py:513:lmcache.v1.multiprocess.modules.gpu_transfer)[0m
[32;20m[2026-06-03 07:40:41,829] LMCache INFO:[0m Stored 256 tokens in 0.003 seconds [3m(gpu_transfer.py:513:lmcache.v1.multiprocess.modules.gpu_transfer)[0m
[32;20m[2026-06-03 07:40:42,275] LMCache INFO:[0m Stored 256 tokens in 0.004 seconds [3m(gpu_transfer.py:513:lmcache.v1.multiprocess.modules.gpu_transfer)[0m
[32;20m[2026-06-03 07:40:42,337] LMCache INFO:[0m Stored 256 tokens in 0.003 seconds [3m(gpu_transfer.py:513:lmcache.v1.multiprocess.modules.gpu_transfer)[0m
[32;20m[2026-06-03 07:40:42,685] LMCache INFO:[0m Prefetch request completed (L1+L2): 365/366 retained keys (365 L1, 0 L2) in 1.7 ms (external_request_id=chatcmpl-3e875c49-3f4a-4e17-9daf-c74579ea97bc-8fba6809, prefetch_request_id=-1) [3m(storage_manager.py:575:lmcache.v1.distributed.storage_manager)[0m
[32;20m[2026-06-03 07:40:42,895] LMCache INFO:[0m Stored 256 tokens in 0.011 seconds [3m(gpu_transfer.py:513:lmcache.v1.multiprocess.modules.gpu_transfer)[0m
[32;20m[2026-06-03 07:40:43,418] LMCache INFO:[0m Stored 256 tokens in 0.004 seconds [3m(gpu_transfer.py:513:lmcache.v1.multiprocess.modules.gpu_transfer)[0m
[32;20m[2026-06-03 07:40:43,499] LMCache INFO:[0m Stored 256 tokens in 0.002 seconds [3m(gpu_transfer.py:513:lmcache.v1.multiprocess.modules.gpu_transfer)[0m
[32;20m[2026-06-03 07:40:44,045] LMCache INFO:[0m Stored 256 tokens in 0.004 seconds [3m(gpu_transfer.py:513:lmcache.v1.multiprocess.modules.gpu_transfer)[0m
[32;20m[2026-06-03 07:40:44,210] LMCache INFO:[0m Stored 256 tokens in 0.008 seconds [3m(gpu_transfer.py:513:lmcache.v1.multiprocess.modules.gpu_transfer)[0m
[32;20m[2026-06-03 07:40:44,280] LMCache INFO:[0m Stored 256 tokens in 0.004 seconds [3m(gpu_transfer.py:513:lmcache.v1.multiprocess.modules.gpu_transfer)[0m
[32;20m[2026-06-03 07:40:44,683] LMCache INFO:[0m Stored 256 tokens in 0.005 seconds [3m(gpu_transfer.py:513:lmcache.v1.multiprocess.modules.gpu_transfer)[0m
[32;20m[2026-06-03 07:40:44,738] LMCache INFO:[0m Stored 256 tokens in 0.002 seconds [3m(gpu_transfer.py:513:lmcache.v1.multiprocess.modules.gpu_transfer)[0m
[32;20m[2026-06-03 07:40:44,940] LMCache INFO:[0m Stored 256 tokens in 0.003 seconds [3m(gpu_transfer.py:513:lmcache.v1.multiprocess.modules.gpu_transfer)[0m
[32;20m[2026-06-03 07:40:45,103] LMCache INFO:[0m Stored 256 tokens in 0.003 seconds [3m(gpu_transfer.py:513:lmcache.v1.multiprocess.modules.gpu_transfer)[0m
[32;20m[2026-06-03 07:40:45,300] LMCache INFO:[0m Stored 256 tokens in 0.006 seconds [3m(gpu_transfer.py:513:lmcache.v1.multiprocess.modules.gpu_transfer)[0m
[32;20m[2026-06-03 07:40:45,504] LMCache INFO:[0m Prefetch request completed (L1+L2): 399/406 retained keys (399 L1, 0 L2) in 2.0 ms (external_request_id=chatcmpl-dada9296-f919-434f-aa00-381284b0960c-ad764ba8, prefetch_request_id=-1) [3m(storage_manager.py:575:lmcache.v1.distributed.storage_manager)[0m
[32;20m[2026-06-03 07:40:45,774] LMCache INFO:[0m Stored 1792 tokens in 0.012 seconds [3m(gpu_transfer.py:513:lmcache.v1.multiprocess.modules.gpu_transfer)[0m
[32;20m[2026-06-03 07:40:46,601] LMCache INFO:[0m Stored 256 tokens in 0.002 seconds [3m(gpu_transfer.py:513:lmcache.v1.multiprocess.modules.gpu_transfer)[0m
[32;20m[2026-06-03 07:40:47,564] LMCache INFO:[0m Stored 256 tokens in 0.003 seconds [3m(gpu_transfer.py:513:lmcache.v1.multiprocess.modules.gpu_transfer)[0m
[32;20m[2026-06-03 07:40:48,197] LMCache INFO:[0m Stored 256 tokens in 0.003 seconds [3m(gpu_transfer.py:513:lmcache.v1.multiprocess.modules.gpu_transfer)[0m
[32;20m[2026-06-03 07:40:48,639] LMCache INFO:[0m Stored 256 tokens in 0.002 seconds [3m(gpu_transfer.py:513:lmcache.v1.multiprocess.modules.gpu_transfer)[0m
[32;20m[2026-06-03 07:40:49,904] LMCache INFO:[0m Stored 256 tokens in 0.007 seconds [3m(gpu_transfer.py:513:lmcache.v1.multiprocess.modules.gpu_transfer)[0m
[32;20m[2026-06-03 07:40:50,072] LMCache INFO:[0m Stored 256 tokens in 0.002 seconds [3m(gpu_transfer.py:513:lmcache.v1.multiprocess.modules.gpu_transfer)[0m
[32;20m[2026-06-03 07:40:50,406] LMCache INFO:[0m Stored 256 tokens in 0.005 seconds [3m(gpu_transfer.py:513:lmcache.v1.multiprocess.modules.gpu_transfer)[0m
[32;20m[2026-06-03 07:40:50,480] LMCache INFO:[0m Stored 256 tokens in 0.003 seconds [3m(gpu_transfer.py:513:lmcache.v1.multiprocess.modules.gpu_transfer)[0m
[32;20m[2026-06-03 07:40:50,638] LMCache INFO:[0m Stored 256 tokens in 0.003 seconds [3m(gpu_transfer.py:513:lmcache.v1.multiprocess.modules.gpu_transfer)[0m
[32;20m[2026-06-03 07:40:51,831] LMCache INFO:[0m Stored 256 tokens in 0.003 seconds [3m(gpu_transfer.py:513:lmcache.v1.multiprocess.modules.gpu_transfer)[0m
[32;20m[2026-06-03 07:40:51,908] LMCache INFO:[0m Stored 256 tokens in 0.002 seconds [3m(gpu_transfer.py:513:lmcache.v1.multiprocess.modules.gpu_transfer)[0m
[32;20m[2026-06-03 07:40:52,068] LMCache INFO:[0m Stored 256 tokens in 0.003 seconds [3m(gpu_transfer.py:513:lmcache.v1.multiprocess.modules.gpu_transfer)[0m
[32;20m[2026-06-03 07:40:52,372] LMCache INFO:[0m Stored 256 tokens in 0.006 seconds [3m(gpu_transfer.py:513:lmcache.v1.multiprocess.modules.gpu_transfer)[0m
[32;20m[2026-06-03 07:40:52,737] LMCache INFO:[0m Stored 256 tokens in 0.004 seconds [3m(gpu_transfer.py:513:lmcache.v1.multiprocess.modules.gpu_transfer)[0m
[32;20m[2026-06-03 07:40:53,340] LMCache INFO:[0m Stored 256 tokens in 0.008 seconds [3m(gpu_transfer.py:513:lmcache.v1.multiprocess.modules.gpu_transfer)[0m
[32;20m[2026-06-03 07:40:53,366] LMCache INFO:[0m Stored 256 tokens in 0.003 seconds [3m(gpu_transfer.py:513:lmcache.v1.multiprocess.modules.gpu_transfer)[0m
[32;20m[2026-06-03 07:40:53,664] LMCache INFO:[0m Prefetch request completed (L1+L2): 327/342 retained keys (327 L1, 0 L2) in 17.4 ms (external_request_id=chatcmpl-0d21283c-3b72-4376-bf14-d8e750d04023-a59f9a94, prefetch_request_id=-1) [3m(storage_manager.py:575:lmcache.v1.distributed.storage_manager)[0m
[32;20m[2026-06-03 07:40:54,047] LMCache INFO:[0m Prefetch request completed (L1+L2): 248/275 retained keys (248 L1, 0 L2) in 17.1 ms (external_request_id=chatcmpl-88654ae8-19e1-4d73-88a8-9ea8ef3102fb-96a505a3, prefetch_request_id=-1) [3m(storage_manager.py:575:lmcache.v1.distributed.storage_manager)[0m
[32;20m[2026-06-03 07:40:54,081] LMCache INFO:[0m Stored 3840 tokens in 0.011 seconds [3m(gpu_transfer.py:513:lmcache.v1.multiprocess.modules.gpu_transfer)[0m
[32;20m[2026-06-03 07:40:54,831] LMCache INFO:[0m Prefetch request completed (L1+L2): 295/305 retained keys (295 L1, 0 L2) in 1.1 ms (external_request_id=chatcmpl-3d327ec6-1cc7-4ae7-b253-b7f8e6653c25-ae644503, prefetch_request_id=-1) [3m(storage_manager.py:575:lmcache.v1.distributed.storage_manager)[0m
[32;20m[2026-06-03 07:40:54,991] LMCache INFO:[0m Stored 6912 tokens in 0.039 seconds [3m(gpu_transfer.py:513:lmcache.v1.multiprocess.modules.gpu_transfer)[0m
[32;20m[2026-06-03 07:40:56,220] LMCache INFO:[0m Stored 2560 tokens in 0.010 seconds [3m(gpu_transfer.py:513:lmcache.v1.multiprocess.modules.gpu_transfer)[0m
[32;20m[2026-06-03 07:40:57,113] LMCache INFO:[0m Stored 256 tokens in 0.002 seconds [3m(gpu_transfer.py:513:lmcache.v1.multiprocess.modules.gpu_transfer)[0m
[32;20m[2026-06-03 07:40:57,189] LMCache INFO:[0m Stored 256 tokens in 0.003 seconds [3m(gpu_transfer.py:513:lmcache.v1.multiprocess.modules.gpu_transfer)[0m
[32;20m[2026-06-03 07:40:57,842] LMCache INFO:[0m Stored 256 tokens in 0.009 seconds [3m(gpu_transfer.py:513:lmcache.v1.multiprocess.modules.gpu_transfer)[0m
[32;20m[2026-06-03 07:40:57,875] LMCache INFO:[0m Stored 256 tokens in 0.004 seconds [3m(gpu_transfer.py:513:lmcache.v1.multiprocess.modules.gpu_transfer)[0m
[32;20m[2026-06-03 07:40:58,474] LMCache INFO:[0m Prefetch request completed (L1+L2): 507/507 retained keys (507 L1, 0 L2) in 22.6 ms (external_request_id=chatcmpl-9c8260d0-ec78-4a77-832e-28115d924dc6-b028f488, prefetch_request_id=-1) [3m(storage_manager.py:575:lmcache.v1.distributed.storage_manager)[0m
[32;20m[2026-06-03 07:40:58,743] LMCache INFO:[0m Prefetch request completed (L1+L2): 366/366 retained keys (366 L1, 0 L2) in 1.7 ms (external_request_id=chatcmpl-3e44fbb4-7377-4033-ba81-eae9bacc88f2-a7a8713e, prefetch_request_id=-1) [3m(storage_manager.py:575:lmcache.v1.distributed.storage_manager)[0m
[32;20m[2026-06-03 07:40:59,263] LMCache INFO:[0m Stored 256 tokens in 0.005 seconds [3m(gpu_transfer.py:513:lmcache.v1.multiprocess.modules.gpu_transfer)[0m
[32;20m[2026-06-03 07:40:59,527] LMCache INFO:[0m Stored 256 tokens in 0.003 seconds [3m(gpu_transfer.py:513:lmcache.v1.multiprocess.modules.gpu_transfer)[0m
[32;20m[2026-06-03 07:40:59,857] LMCache INFO:[0m Stored 256 tokens in 0.006 seconds [3m(gpu_transfer.py:513:lmcache.v1.multiprocess.modules.gpu_transfer)[0m
[32;20m[2026-06-03 07:41:00,320] LMCache INFO:[0m Stored 256 tokens in 0.002 seconds [3m(gpu_transfer.py:513:lmcache.v1.multiprocess.modules.gpu_transfer)[0m
[32;20m[2026-06-03 07:41:00,599] LMCache INFO:[0m Stored 256 tokens in 0.003 seconds [3m(gpu_transfer.py:513:lmcache.v1.multiprocess.modules.gpu_transfer)[0m
[32;20m[2026-06-03 07:41:01,242] LMCache INFO:[0m Stored 256 tokens in 0.011 seconds [3m(gpu_transfer.py:513:lmcache.v1.multiprocess.modules.gpu_transfer)[0m
[32;20m[2026-06-03 07:41:01,320] LMCache INFO:[0m Stored 256 tokens in 0.003 seconds [3m(gpu_transfer.py:513:lmcache.v1.multiprocess.modules.gpu_transfer)[0m
[32;20m[2026-06-03 07:41:01,408] LMCache INFO:[0m Stored 256 tokens in 0.003 seconds [3m(gpu_transfer.py:513:lmcache.v1.multiprocess.modules.gpu_transfer)[0m
[32;20m[2026-06-03 07:41:01,905] LMCache INFO:[0m Stored 256 tokens in 0.003 seconds [3m(gpu_transfer.py:513:lmcache.v1.multiprocess.modules.gpu_transfer)[0m
[32;20m[2026-06-03 07:41:02,352] LMCache INFO:[0m Stored 256 tokens in 0.002 seconds [3m(gpu_transfer.py:513:lmcache.v1.multiprocess.modules.gpu_transfer)[0m
[32;20m[2026-06-03 07:41:03,551] LMCache INFO:[0m Stored 256 tokens in 0.006 seconds [3m(gpu_transfer.py:513:lmcache.v1.multiprocess.modules.gpu_transfer)[0m
[32;20m[2026-06-03 07:41:03,724] LMCache INFO:[0m Prefetch request completed (L1+L2): 93/93 retained keys (93 L1, 0 L2) in 0.8 ms (external_request_id=chatcmpl-0b7a4710-7d5f-4074-a487-4701469859a8-9b7c0847, prefetch_request_id=-1) [3m(storage_manager.py:575:lmcache.v1.distributed.storage_manager)[0m
[32;20m[2026-06-03 07:41:03,784] LMCache INFO:[0m Stored 256 tokens in 0.002 seconds [3m(gpu_transfer.py:513:lmcache.v1.multiprocess.modules.gpu_transfer)[0m
[32;20m[2026-06-03 07:41:04,020] LMCache INFO:[0m Stored 256 tokens in 0.005 seconds [3m(gpu_transfer.py:513:lmcache.v1.multiprocess.modules.gpu_transfer)[0m
[32;20m[2026-06-03 07:41:04,218] LMCache INFO:[0m Stored 256 tokens in 0.003 seconds [3m(gpu_transfer.py:513:lmcache.v1.multiprocess.modules.gpu_transfer)[0m
[32;20m[2026-06-03 07:41:05,092] LMCache INFO:[0m Prefetch request completed (L1+L2): 440/450 retained keys (440 L1, 0 L2) in 2.1 ms (external_request_id=chatcmpl-7730b652-a6f3-49b5-867e-8f1b04873a9e-a53f00c0, prefetch_request_id=-1) [3m(storage_manager.py:575:lmcache.v1.distributed.storage_manager)[0m
[32;20m[2026-06-03 07:41:05,395] LMCache INFO:[0m Stored 2560 tokens in 0.014 seconds [3m(gpu_transfer.py:513:lmcache.v1.multiprocess.modules.gpu_transfer)[0m
[32;20m[2026-06-03 07:41:06,352] LMCache INFO:[0m Prefetch request completed (L1+L2): 366/369 retained keys (366 L1, 0 L2) in 16.5 ms (external_request_id=chatcmpl-4554fabf-c756-4239-96b5-2ea1190e7719-8861e17e, prefetch_request_id=-1) [3m(storage_manager.py:575:lmcache.v1.distributed.storage_manager)[0m
[32;20m[2026-06-03 07:41:06,646] LMCache INFO:[0m Stored 768 tokens in 0.011 seconds [3m(gpu_transfer.py:513:lmcache.v1.multiprocess.modules.gpu_transfer)[0m
[32;20m[2026-06-03 07:41:07,081] LMCache INFO:[0m Prefetch request completed (L1+L2): 230/234 retained keys (230 L1, 0 L2) in 1.2 ms (external_request_id=chatcmpl-40f23fc3-8c09-4758-b286-cec9c728344d-8b7dfd70, prefetch_request_id=-1) [3m(storage_manager.py:575:lmcache.v1.distributed.storage_manager)[0m
[32;20m[2026-06-03 07:41:07,237] LMCache INFO:[0m Stored 1024 tokens in 0.008 seconds [3m(gpu_transfer.py:513:lmcache.v1.multiprocess.modules.gpu_transfer)[0m
[32;20m[2026-06-03 07:41:07,548] LMCache INFO:[0m Stored 256 tokens in 0.014 seconds [3m(gpu_transfer.py:513:lmcache.v1.multiprocess.modules.gpu_transfer)[0m
[32;20m[2026-06-03 07:41:07,741] LMCache INFO:[0m Stored 256 tokens in 0.003 seconds [3m(gpu_transfer.py:513:lmcache.v1.multiprocess.modules.gpu_transfer)[0m
[32;20m[2026-06-03 07:41:07,829] LMCache INFO:[0m Stored 256 tokens in 0.002 seconds [3m(gpu_transfer.py:513:lmcache.v1.multiprocess.modules.gpu_transfer)[0m
[32;20m[2026-06-03 07:41:07,999] LMCache INFO:[0m Stored 256 tokens in 0.003 seconds [3m(gpu_transfer.py:513:lmcache.v1.multiprocess.modules.gpu_transfer)[0m
[32;20m[2026-06-03 07:41:08,420] LMCache INFO:[0m Prefetch request completed (L1+L2): 342/357 retained keys (342 L1, 0 L2) in 1.5 ms (external_request_id=chatcmpl-365bdcd5-3e9b-4b34-929e-25631e35b790-a657abb2, prefetch_request_id=-1) [3m(storage_manager.py:575:lmcache.v1.distributed.storage_manager)[0m
[32;20m[2026-06-03 07:41:08,748] LMCache INFO:[0m Stored 3840 tokens in 0.020 seconds [3m(gpu_transfer.py:513:lmcache.v1.multiprocess.modules.gpu_transfer)[0m
[32;20m[2026-06-03 07:41:09,577] LMCache INFO:[0m Stored 256 tokens in 0.006 seconds [3m(gpu_transfer.py:513:lmcache.v1.multiprocess.modules.gpu_transfer)[0m
[32;20m[2026-06-03 07:41:09,629] LMCache INFO:[0m Prefetch request completed (L1+L2): 246/249 retained keys (246 L1, 0 L2) in 1.6 ms (external_request_id=chatcmpl-e8b127e6-c36b-4b60-b054-e3a5efbc60c3-ad320af5, prefetch_request_id=-1) [3m(storage_manager.py:575:lmcache.v1.distributed.storage_manager)[0m
[32;20m[2026-06-03 07:41:09,842] LMCache INFO:[0m Stored 768 tokens in 0.008 seconds [3m(gpu_transfer.py:513:lmcache.v1.multiprocess.modules.gpu_transfer)[0m
[32;20m[2026-06-03 07:41:10,370] LMCache INFO:[0m Stored 256 tokens in 0.004 seconds [3m(gpu_transfer.py:513:lmcache.v1.multiprocess.modules.gpu_transfer)[0m
[32;20m[2026-06-03 07:41:11,025] LMCache INFO:[0m Stored 256 tokens in 0.004 seconds [3m(gpu_transfer.py:513:lmcache.v1.multiprocess.modules.gpu_transfer)[0m
[32;20m[2026-06-03 07:41:11,084] LMCache INFO:[0m Stored 256 tokens in 0.003 seconds [3m(gpu_transfer.py:513:lmcache.v1.multiprocess.modules.gpu_transfer)[0m
[32;20m[2026-06-03 07:41:11,401] LMCache INFO:[0m Prefetch request completed (L1+L2): 253/253 retained keys (253 L1, 0 L2) in 16.9 ms (external_request_id=chatcmpl-515fda13-98b7-4da8-afcb-036d3cb1d3b4-9f8165fc, prefetch_request_id=-1) [3m(storage_manager.py:575:lmcache.v1.distributed.storage_manager)[0m
[32;20m[2026-06-03 07:41:11,646] LMCache INFO:[0m Prefetch request completed (L1+L2): 244/248 retained keys (244 L1, 0 L2) in 1.3 ms (external_request_id=chatcmpl-861b2a7a-3eec-43eb-ad2d-1692a93fb000-9480a0bc, prefetch_request_id=-1) [3m(storage_manager.py:575:lmcache.v1.distributed.storage_manager)[0m
[32;20m[2026-06-03 07:41:11,817] LMCache INFO:[0m Stored 1024 tokens in 0.008 seconds [3m(gpu_transfer.py:513:lmcache.v1.multiprocess.modules.gpu_transfer)[0m
[32;20m[2026-06-03 07:41:12,321] LMCache INFO:[0m Stored 256 tokens in 0.002 seconds [3m(gpu_transfer.py:513:lmcache.v1.multiprocess.modules.gpu_transfer)[0m
[32;20m[2026-06-03 07:41:12,495] LMCache INFO:[0m Stored 256 tokens in 0.002 seconds [3m(gpu_transfer.py:513:lmcache.v1.multiprocess.modules.gpu_transfer)[0m
[32;20m[2026-06-03 07:41:13,126] LMCache INFO:[0m Stored 256 tokens in 0.004 seconds [3m(gpu_transfer.py:513:lmcache.v1.multiprocess.modules.gpu_transfer)[0m
[32;20m[2026-06-03 07:41:13,403] LMCache INFO:[0m Stored 256 tokens in 0.003 seconds [3m(gpu_transfer.py:513:lmcache.v1.multiprocess.modules.gpu_transfer)[0m
[32;20m[2026-06-03 07:41:13,621] LMCache INFO:[0m Stored 256 tokens in 0.004 seconds [3m(gpu_transfer.py:513:lmcache.v1.multiprocess.modules.gpu_transfer)[0m
[32;20m[2026-06-03 07:41:13,894] LMCache INFO:[0m Stored 256 tokens in 0.003 seconds [3m(gpu_transfer.py:513:lmcache.v1.multiprocess.modules.gpu_transfer)[0m
[32;20m[2026-06-03 07:41:14,231] LMCache INFO:[0m Stored 256 tokens in 0.006 seconds [3m(gpu_transfer.py:513:lmcache.v1.multiprocess.modules.gpu_transfer)[0m
[32;20m[2026-06-03 07:41:14,712] LMCache INFO:[0m Stored 256 tokens in 0.003 seconds [3m(gpu_transfer.py:513:lmcache.v1.multiprocess.modules.gpu_transfer)[0m
[32;20m[2026-06-03 07:41:14,920] LMCache INFO:[0m Stored 256 tokens in 0.003 seconds [3m(gpu_transfer.py:513:lmcache.v1.multiprocess.modules.gpu_transfer)[0m
[32;20m[2026-06-03 07:41:15,536] LMCache INFO:[0m Prefetch request completed (L1+L2): 430/430 retained keys (430 L1, 0 L2) in 2.2 ms (external_request_id=chatcmpl-2ec070a2-c447-4d80-b0c8-87182dfe9810-b72bdffa, prefetch_request_id=-1) [3m(storage_manager.py:575:lmcache.v1.distributed.storage_manager)[0m
[32;20m[2026-06-03 07:41:15,837] LMCache INFO:[0m Retrieved 96256 tokens in 0.082 seconds [3m(gpu_transfer.py:728:lmcache.v1.multiprocess.modules.gpu_transfer)[0m
[32;20m[2026-06-03 07:41:15,838] LMCache INFO:[0m Retrieved 96256 tokens in 0.141 seconds [3m(gpu_transfer.py:728:lmcache.v1.multiprocess.modules.gpu_transfer)[0m
[32;20m[2026-06-03 07:41:15,838] LMCache INFO:[0m Retrieved 96256 tokens in 0.172 seconds [3m(gpu_transfer.py:728:lmcache.v1.multiprocess.modules.gpu_transfer)[0m
[32;20m[2026-06-03 07:41:15,912] LMCache INFO:[0m Stored 256 tokens in 0.042 seconds [3m(gpu_transfer.py:513:lmcache.v1.multiprocess.modules.gpu_transfer)[0m
[32;20m[2026-06-03 07:41:15,930] LMCache INFO:[0m Retrieved 96256 tokens in 0.045 seconds [3m(gpu_transfer.py:728:lmcache.v1.multiprocess.modules.gpu_transfer)[0m
[32;20m[2026-06-03 07:41:16,006] LMCache INFO:[0m Stored 256 tokens in 0.079 seconds [3m(gpu_transfer.py:513:lmcache.v1.multiprocess.modules.gpu_transfer)[0m
[32;20m[2026-06-03 07:41:16,013] LMCache INFO:[0m Stored 256 tokens in 0.004 seconds [3m(gpu_transfer.py:513:lmcache.v1.multiprocess.modules.gpu_transfer)[0m
[32;20m[2026-06-03 07:41:16,822] LMCache INFO:[0m Prefetch request completed (L1+L2): 314/316 retained keys (314 L1, 0 L2) in 1.7 ms (external_request_id=chatcmpl-b8ac1b4f-6dda-4f90-a83f-dc3ca23ae2ae-89020393, prefetch_request_id=-1) [3m(storage_manager.py:575:lmcache.v1.distributed.storage_manager)[0m
[32;20m[2026-06-03 07:41:17,026] LMCache INFO:[0m Retrieved 80384 tokens in 0.133 seconds [3m(gpu_transfer.py:728:lmcache.v1.multiprocess.modules.gpu_transfer)[0m
[32;20m[2026-06-03 07:41:17,027] LMCache INFO:[0m Retrieved 80384 tokens in 0.103 seconds [3m(gpu_transfer.py:728:lmcache.v1.multiprocess.modules.gpu_transfer)[0m
[32;20m[2026-06-03 07:41:17,027] LMCache INFO:[0m Retrieved 80384 tokens in 0.086 seconds [3m(gpu_transfer.py:728:lmcache.v1.multiprocess.modules.gpu_transfer)[0m
[32;20m[2026-06-03 07:41:17,085] LMCache INFO:[0m Retrieved 80384 tokens in 0.037 seconds [3m(gpu_transfer.py:728:lmcache.v1.multiprocess.modules.gpu_transfer)[0m
[32;20m[2026-06-03 07:41:17,177] LMCache INFO:[0m Stored 256 tokens in 0.004 seconds [3m(gpu_transfer.py:513:lmcache.v1.multiprocess.modules.gpu_transfer)[0m
[32;20m[2026-06-03 07:41:17,559] LMCache INFO:[0m Stored 512 tokens in 0.003 seconds [3m(gpu_transfer.py:513:lmcache.v1.multiprocess.modules.gpu_transfer)[0m
[32;20m[2026-06-03 07:41:18,149] LMCache INFO:[0m Stored 256 tokens in 0.003 seconds [3m(gpu_transfer.py:513:lmcache.v1.multiprocess.modules.gpu_transfer)[0m
[32;20m[2026-06-03 07:41:18,641] LMCache INFO:[0m Stored 256 tokens in 0.003 seconds [3m(gpu_transfer.py:513:lmcache.v1.multiprocess.modules.gpu_transfer)[0m
[32;20m[2026-06-03 07:41:19,167] LMCache INFO:[0m Prefetch request completed (L1+L2): 305/313 retained keys (305 L1, 0 L2) in 1.7 ms (external_request_id=chatcmpl-c216d998-9665-4caa-88ec-1960e538f9c1-b7dc441c, prefetch_request_id=-1) [3m(storage_manager.py:575:lmcache.v1.distributed.storage_manager)[0m
[32;20m[2026-06-03 07:41:19,363] LMCache INFO:[0m Stored 2048 tokens in 0.011 seconds [3m(gpu_transfer.py:513:lmcache.v1.multiprocess.modules.gpu_transfer)[0m
[32;20m[2026-06-03 07:41:19,878] LMCache INFO:[0m Stored 256 tokens in 0.004 seconds [3m(gpu_transfer.py:513:lmcache.v1.multiprocess.modules.gpu_transfer)[0m
[32;20m[2026-06-03 07:41:20,066] LMCache INFO:[0m Stored 256 tokens in 0.007 seconds [3m(gpu_transfer.py:513:lmcache.v1.multiprocess.modules.gpu_transfer)[0m
[32;20m[2026-06-03 07:41:20,556] LMCache INFO:[0m Stored 256 tokens in 0.006 seconds [3m(gpu_transfer.py:513:lmcache.v1.multiprocess.modules.gpu_transfer)[0m
[32;20m[2026-06-03 07:41:20,779] LMCache INFO:[0m Stored 256 tokens in 0.004 seconds [3m(gpu_transfer.py:513:lmcache.v1.multiprocess.modules.gpu_transfer)[0m
[32;20m[2026-06-03 07:41:21,763] LMCache INFO:[0m Stored 256 tokens in 0.005 seconds [3m(gpu_transfer.py:513:lmcache.v1.multiprocess.modules.gpu_transfer)[0m
[32;20m[2026-06-03 07:41:21,928] LMCache INFO:[0m Stored 256 tokens in 0.003 seconds [3m(gpu_transfer.py:513:lmcache.v1.multiprocess.modules.gpu_transfer)[0m
[32;20m[2026-06-03 07:41:22,107] LMCache INFO:[0m Prefetch request completed (L1+L2): 369/369 retained keys (369 L1, 0 L2) in 1.3 ms (external_request_id=chatcmpl-86526df4-dd1a-4d99-8bb6-a704f6ea37a1-89a2c923, prefetch_request_id=-1) [3m(storage_manager.py:575:lmcache.v1.distributed.storage_manager)[0m
[32;20m[2026-06-03 07:41:22,278] LMCache INFO:[0m Stored 256 tokens in 0.003 seconds [3m(gpu_transfer.py:513:lmcache.v1.multiprocess.modules.gpu_transfer)[0m
[32;20m[2026-06-03 07:41:22,556] LMCache INFO:[0m Stored 256 tokens in 0.006 seconds [3m(gpu_transfer.py:513:lmcache.v1.multiprocess.modules.gpu_transfer)[0m
[32;20m[2026-06-03 07:41:23,466] LMCache INFO:[0m Stored 256 tokens in 0.005 seconds [3m(gpu_transfer.py:513:lmcache.v1.multiprocess.modules.gpu_transfer)[0m
[32;20m[2026-06-03 07:41:23,513] LMCache INFO:[0m Stored 256 tokens in 0.003 seconds [3m(gpu_transfer.py:513:lmcache.v1.multiprocess.modules.gpu_transfer)[0m
[32;20m[2026-06-03 07:41:23,935] LMCache INFO:[0m Stored 256 tokens in 0.003 seconds [3m(gpu_transfer.py:513:lmcache.v1.multiprocess.modules.gpu_transfer)[0m
[32;20m[2026-06-03 07:41:24,085] LMCache INFO:[0m Stored 256 tokens in 0.003 seconds [3m(gpu_transfer.py:513:lmcache.v1.multiprocess.modules.gpu_transfer)[0m
[32;20m[2026-06-03 07:41:24,485] LMCache INFO:[0m Prefetch request completed (L1+L2): 369/371 retained keys (369 L1, 0 L2) in 1.6 ms (external_request_id=chatcmpl-9719da0a-051c-4a76-b0a6-794641fc316d-9132219d, prefetch_request_id=-1) [3m(storage_manager.py:575:lmcache.v1.distributed.storage_manager)[0m
[32;20m[2026-06-03 07:41:24,686] LMCache INFO:[0m Stored 512 tokens in 0.012 seconds [3m(gpu_transfer.py:513:lmcache.v1.multiprocess.modules.gpu_transfer)[0m
[32;20m[2026-06-03 07:41:25,236] LMCache INFO:[0m Prefetch request completed (L1+L2): 249/258 retained keys (249 L1, 0 L2) in 1.3 ms (external_request_id=chatcmpl-485eb376-3705-4565-81cf-981f2df7c105-b57feb70, prefetch_request_id=-1) [3m(storage_manager.py:575:lmcache.v1.distributed.storage_manager)[0m
[32;20m[2026-06-03 07:41:25,480] LMCache INFO:[0m Stored 2304 tokens in 0.009 seconds [3m(gpu_transfer.py:513:lmcache.v1.multiprocess.modules.gpu_transfer)[0m
[32;20m[2026-06-03 07:41:26,048] LMCache INFO:[0m Prefetch request completed (L1+L2): 401/401 retained keys (401 L1, 0 L2) in 1.7 ms (external_request_id=chatcmpl-cc062dda-dc2f-4ad7-847d-2e1038f2fd6e-8d2caa1f, prefetch_request_id=-1) [3m(storage_manager.py:575:lmcache.v1.distributed.storage_manager)[0m
[32;20m[2026-06-03 07:41:26,201] LMCache INFO:[0m Stored 256 tokens in 0.065 seconds [3m(gpu_transfer.py:513:lmcache.v1.multiprocess.modules.gpu_transfer)[0m
[32;20m[2026-06-03 07:41:26,321] LMCache INFO:[0m Stored 256 tokens in 0.004 seconds [3m(gpu_transfer.py:513:lmcache.v1.multiprocess.modules.gpu_transfer)[0m
[32;20m[2026-06-03 07:41:26,471] LMCache INFO:[0m Stored 256 tokens in 0.004 seconds [3m(gpu_transfer.py:513:lmcache.v1.multiprocess.modules.gpu_transfer)[0m
[32;20m[2026-06-03 07:41:26,533] LMCache INFO:[0m Stored 256 tokens in 0.006 seconds [3m(gpu_transfer.py:513:lmcache.v1.multiprocess.modules.gpu_transfer)[0m
[32;20m[2026-06-03 07:41:27,079] LMCache INFO:[0m Prefetch request completed (L1+L2): 337/341 retained keys (337 L1, 0 L2) in 2.1 ms (external_request_id=chatcmpl-b38892ee-3400-4d14-889a-06121c9bc27a-a233ad8c, prefetch_request_id=-1) [3m(storage_manager.py:575:lmcache.v1.distributed.storage_manager)[0m
[32;20m[2026-06-03 07:41:27,234] LMCache INFO:[0m Prefetch request completed (L1+L2): 194/197 retained keys (194 L1, 0 L2) in 1.4 ms (external_request_id=chatcmpl-67f57d59-e48a-4f6d-a4e9-350faf1eadb6-818402d5, prefetch_request_id=-1) [3m(storage_manager.py:575:lmcache.v1.distributed.storage_manager)[0m
[32;20m[2026-06-03 07:41:27,258] LMCache INFO:[0m Retrieved 33792 tokens in 0.097 seconds [3m(gpu_transfer.py:728:lmcache.v1.multiprocess.modules.gpu_transfer)[0m
[32;20m[2026-06-03 07:41:27,259] LMCache INFO:[0m Retrieved 33792 tokens in 0.107 seconds [3m(gpu_transfer.py:728:lmcache.v1.multiprocess.modules.gpu_transfer)[0m
[32;20m[2026-06-03 07:41:27,274] LMCache INFO:[0m Retrieved 33792 tokens in 0.095 seconds [3m(gpu_transfer.py:728:lmcache.v1.multiprocess.modules.gpu_transfer)[0m
[32;20m[2026-06-03 07:41:27,342] LMCache INFO:[0m Retrieved 33792 tokens in 0.035 seconds [3m(gpu_transfer.py:728:lmcache.v1.multiprocess.modules.gpu_transfer)[0m
[32;20m[2026-06-03 07:41:27,401] LMCache INFO:[0m Stored 768 tokens in 0.007 seconds [3m(gpu_transfer.py:513:lmcache.v1.multiprocess.modules.gpu_transfer)[0m
[32;20m[2026-06-03 07:41:27,886] LMCache INFO:[0m Stored 1024 tokens in 0.014 seconds [3m(gpu_transfer.py:513:lmcache.v1.multiprocess.modules.gpu_transfer)[0m
[32;20m[2026-06-03 07:41:28,238] LMCache INFO:[0m Stored 256 tokens in 0.007 seconds [3m(gpu_transfer.py:513:lmcache.v1.multiprocess.modules.gpu_transfer)[0m
[32;20m[2026-06-03 07:41:28,277] LMCache INFO:[0m Stored 256 tokens in 0.003 seconds [3m(gpu_transfer.py:513:lmcache.v1.multiprocess.modules.gpu_transfer)[0m
[32;20m[2026-06-03 07:41:28,657] LMCache INFO:[0m Stored 256 tokens in 0.003 seconds [3m(gpu_transfer.py:513:lmcache.v1.multiprocess.modules.gpu_transfer)[0m
[32;20m[2026-06-03 07:41:28,854] LMCache INFO:[0m Stored 256 tokens in 0.003 seconds [3m(gpu_transfer.py:513:lmcache.v1.multiprocess.modules.gpu_transfer)[0m
[32;20m[2026-06-03 07:41:29,634] LMCache INFO:[0m Stored 256 tokens in 0.003 seconds [3m(gpu_transfer.py:513:lmcache.v1.multiprocess.modules.gpu_transfer)[0m
[32;20m[2026-06-03 07:41:29,692] LMCache INFO:[0m Stored 256 tokens in 0.002 seconds [3m(gpu_transfer.py:513:lmcache.v1.multiprocess.modules.gpu_transfer)[0m
[32;20m[2026-06-03 07:41:29,994] LMCache INFO:[0m Prefetch request completed (L1+L2): 506/506 retained keys (506 L1, 0 L2) in 1.9 ms (external_request_id=chatcmpl-df96453d-235f-40c5-882e-2ca391c2a4ae-8edff1ce, prefetch_request_id=-1) [3m(storage_manager.py:575:lmcache.v1.distributed.storage_manager)[0m
[32;20m[2026-06-03 07:41:30,169] LMCache INFO:[0m Stored 256 tokens in 0.071 seconds [3m(gpu_transfer.py:513:lmcache.v1.multiprocess.modules.gpu_transfer)[0m
[32;20m[2026-06-03 07:41:30,346] LMCache INFO:[0m Stored 256 tokens in 0.004 seconds [3m(gpu_transfer.py:513:lmcache.v1.multiprocess.modules.gpu_transfer)[0m
[32;20m[2026-06-03 07:41:30,522] LMCache INFO:[0m Prefetch request completed (L1+L2): 177/181 retained keys (177 L1, 0 L2) in 1.3 ms (external_request_id=chatcmpl-63e69631-01b0-409c-916d-05e5a63342fb-ad49fbb9, prefetch_request_id=-1) [3m(storage_manager.py:575:lmcache.v1.distributed.storage_manager)[0m
[32;20m[2026-06-03 07:41:30,695] LMCache INFO:[0m Stored 1024 tokens in 0.007 seconds [3m(gpu_transfer.py:513:lmcache.v1.multiprocess.modules.gpu_transfer)[0m
[32;20m[2026-06-03 07:41:30,893] LMCache INFO:[0m Stored 256 tokens in 0.014 seconds [3m(gpu_transfer.py:513:lmcache.v1.multiprocess.modules.gpu_transfer)[0m
[32;20m[2026-06-03 07:41:32,199] LMCache INFO:[0m Stored 256 tokens in 0.004 seconds [3m(gpu_transfer.py:513:lmcache.v1.multiprocess.modules.gpu_transfer)[0m
[32;20m[2026-06-03 07:41:32,706] LMCache INFO:[0m Prefetch request completed (L1+L2): 313/326 retained keys (313 L1, 0 L2) in 1.7 ms (external_request_id=chatcmpl-1115a1bf-e985-4259-b01d-14138767753c-9c3595dd, prefetch_request_id=-1) [3m(storage_manager.py:575:lmcache.v1.distributed.storage_manager)[0m
[32;20m[2026-06-03 07:41:33,005] LMCache INFO:[0m Stored 3328 tokens in 0.011 seconds [3m(gpu_transfer.py:513:lmcache.v1.multiprocess.modules.gpu_transfer)[0m
[32;20m[2026-06-03 07:41:33,817] LMCache INFO:[0m Stored 256 tokens in 0.006 seconds [3m(gpu_transfer.py:513:lmcache.v1.multiprocess.modules.gpu_transfer)[0m
[32;20m[2026-06-03 07:41:34,037] LMCache INFO:[0m Stored 256 tokens in 0.004 seconds [3m(gpu_transfer.py:513:lmcache.v1.multiprocess.modules.gpu_transfer)[0m
[32;20m[2026-06-03 07:41:34,273] LMCache INFO:[0m Stored 256 tokens in 0.003 seconds [3m(gpu_transfer.py:513:lmcache.v1.multiprocess.modules.gpu_transfer)[0m
[32;20m[2026-06-03 07:41:34,548] LMCache INFO:[0m Stored 256 tokens in 0.002 seconds [3m(gpu_transfer.py:513:lmcache.v1.multiprocess.modules.gpu_transfer)[0m
[32;20m[2026-06-03 07:41:35,165] LMCache INFO:[0m Stored 256 tokens in 0.004 seconds [3m(gpu_transfer.py:513:lmcache.v1.multiprocess.modules.gpu_transfer)[0m
[32;20m[2026-06-03 07:41:35,356] LMCache INFO:[0m Stored 256 tokens in 0.003 seconds [3m(gpu_transfer.py:513:lmcache.v1.multiprocess.modules.gpu_transfer)[0m
[32;20m[2026-06-03 07:41:35,595] LMCache INFO:[0m Stored 256 tokens in 0.003 seconds [3m(gpu_transfer.py:513:lmcache.v1.multiprocess.modules.gpu_transfer)[0m
[32;20m[2026-06-03 07:41:35,926] LMCache INFO:[0m Stored 256 tokens in 0.005 seconds [3m(gpu_transfer.py:513:lmcache.v1.multiprocess.modules.gpu_transfer)[0m
[32;20m[2026-06-03 07:41:36,622] LMCache INFO:[0m Prefetch request completed (L1+L2): 450/453 retained keys (450 L1, 0 L2) in 1.4 ms (external_request_id=chatcmpl-df09aa49-6489-477c-921a-415bc744acf8-a776fff1, prefetch_request_id=-1) [3m(storage_manager.py:575:lmcache.v1.distributed.storage_manager)[0m
[32;20m[2026-06-03 07:41:36,925] LMCache INFO:[0m Stored 768 tokens in 0.018 seconds [3m(gpu_transfer.py:513:lmcache.v1.multiprocess.modules.gpu_transfer)[0m
[32;20m[2026-06-03 07:41:37,382] LMCache INFO:[0m Stored 256 tokens in 0.003 seconds [3m(gpu_transfer.py:513:lmcache.v1.multiprocess.modules.gpu_transfer)[0m
[32;20m[2026-06-03 07:41:37,791] LMCache INFO:[0m Stored 256 tokens in 0.004 seconds [3m(gpu_transfer.py:513:lmcache.v1.multiprocess.modules.gpu_transfer)[0m
[32;20m[2026-06-03 07:41:37,851] LMCache INFO:[0m Stored 256 tokens in 0.003 seconds [3m(gpu_transfer.py:513:lmcache.v1.multiprocess.modules.gpu_transfer)[0m
[32;20m[2026-06-03 07:41:38,340] LMCache INFO:[0m Stored 256 tokens in 0.002 seconds [3m(gpu_transfer.py:513:lmcache.v1.multiprocess.modules.gpu_transfer)[0m
[32;20m[2026-06-03 07:41:38,512] LMCache INFO:[0m Stored 256 tokens in 0.002 seconds [3m(gpu_transfer.py:513:lmcache.v1.multiprocess.modules.gpu_transfer)[0m
[32;20m[2026-06-03 07:41:38,865] LMCache INFO:[0m Stored 256 tokens in 0.002 seconds [3m(gpu_transfer.py:513:lmcache.v1.multiprocess.modules.gpu_transfer)[0m
[32;20m[2026-06-03 07:41:39,226] LMCache INFO:[0m Prefetch request completed (L1+L2): 234/240 retained keys (234 L1, 0 L2) in 1.5 ms (external_request_id=chatcmpl-f2866c7b-42ab-44ac-81d5-7df4496038b9-b22b44f9, prefetch_request_id=-1) [3m(storage_manager.py:575:lmcache.v1.distributed.storage_manager)[0m
[32;20m[2026-06-03 07:41:39,457] LMCache INFO:[0m Stored 1536 tokens in 0.016 seconds [3m(gpu_transfer.py:513:lmcache.v1.multiprocess.modules.gpu_transfer)[0m
[32;20m[2026-06-03 07:41:39,720] LMCache INFO:[0m Stored 256 tokens in 0.004 seconds [3m(gpu_transfer.py:513:lmcache.v1.multiprocess.modules.gpu_transfer)[0m
[32;20m[2026-06-03 07:41:39,960] LMCache INFO:[0m Stored 256 tokens in 0.003 seconds [3m(gpu_transfer.py:513:lmcache.v1.multiprocess.modules.gpu_transfer)[0m
[32;20m[2026-06-03 07:41:40,119] LMCache INFO:[0m Stored 256 tokens in 0.003 seconds [3m(gpu_transfer.py:513:lmcache.v1.multiprocess.modules.gpu_transfer)[0m
[32;20m[2026-06-03 07:41:40,193] LMCache INFO:[0m Stored 256 tokens in 0.005 seconds [3m(gpu_transfer.py:513:lmcache.v1.multiprocess.modules.gpu_transfer)[0m
[32;20m[2026-06-03 07:41:40,818] LMCache INFO:[0m Stored 256 tokens in 0.003 seconds [3m(gpu_transfer.py:513:lmcache.v1.multiprocess.modules.gpu_transfer)[0m
[32;20m[2026-06-03 07:41:41,193] LMCache INFO:[0m Stored 256 tokens in 0.002 seconds [3m(gpu_transfer.py:513:lmcache.v1.multiprocess.modules.gpu_transfer)[0m
[32;20m[2026-06-03 07:41:41,342] LMCache INFO:[0m Prefetch request completed (L1+L2): 371/371 retained keys (371 L1, 0 L2) in 1.8 ms (external_request_id=chatcmpl-c0e862c8-3cc0-4c79-95c9-05f1f5ea0822-bbbf79bb, prefetch_request_id=-1) [3m(storage_manager.py:575:lmcache.v1.distributed.storage_manager)[0m
[32;20m[2026-06-03 07:41:42,281] LMCache INFO:[0m Stored 256 tokens in 0.002 seconds [3m(gpu_transfer.py:513:lmcache.v1.multiprocess.modules.gpu_transfer)[0m
[32;20m[2026-06-03 07:41:42,487] LMCache INFO:[0m Stored 256 tokens in 0.003 seconds [3m(gpu_transfer.py:513:lmcache.v1.multiprocess.modules.gpu_transfer)[0m
[32;20m[2026-06-03 07:41:42,849] LMCache INFO:[0m Prefetch request completed (L1+L2): 199/202 retained keys (199 L1, 0 L2) in 1.2 ms (external_request_id=chatcmpl-4d4983ec-ff23-43c7-b0ff-68ecdc0324b8-bd135e44, prefetch_request_id=-1) [3m(storage_manager.py:575:lmcache.v1.distributed.storage_manager)[0m
[32;20m[2026-06-03 07:41:43,055] LMCache INFO:[0m Retrieved 50176 tokens in 0.111 seconds [3m(gpu_transfer.py:728:lmcache.v1.multiprocess.modules.gpu_transfer)[0m
[32;20m[2026-06-03 07:41:43,070] LMCache INFO:[0m Retrieved 50176 tokens in 0.071 seconds [3m(gpu_transfer.py:728:lmcache.v1.multiprocess.modules.gpu_transfer)[0m
[32;20m[2026-06-03 07:41:43,070] LMCache INFO:[0m Retrieved 50176 tokens in 0.142 seconds [3m(gpu_transfer.py:728:lmcache.v1.multiprocess.modules.gpu_transfer)[0m
[32;20m[2026-06-03 07:41:43,082] LMCache INFO:[0m Stored 256 tokens in 0.023 seconds [3m(gpu_transfer.py:513:lmcache.v1.multiprocess.modules.gpu_transfer)[0m
[32;20m[2026-06-03 07:41:43,102] LMCache INFO:[0m Retrieved 50176 tokens in 0.030 seconds [3m(gpu_transfer.py:728:lmcache.v1.multiprocess.modules.gpu_transfer)[0m
[32;20m[2026-06-03 07:41:43,458] LMCache INFO:[0m Stored 768 tokens in 0.003 seconds [3m(gpu_transfer.py:513:lmcache.v1.multiprocess.modules.gpu_transfer)[0m
[32;20m[2026-06-03 07:41:44,187] LMCache INFO:[0m Prefetch request completed (L1+L2): 371/373 retained keys (371 L1, 0 L2) in 1.1 ms (external_request_id=chatcmpl-245989d4-e740-4512-92fc-65c5a39ce1ea-b1e3b6bd, prefetch_request_id=-1) [3m(storage_manager.py:575:lmcache.v1.distributed.storage_manager)[0m
[32;20m[2026-06-03 07:41:44,410] LMCache INFO:[0m Stored 512 tokens in 0.012 seconds [3m(gpu_transfer.py:513:lmcache.v1.multiprocess.modules.gpu_transfer)[0m
[32;20m[2026-06-03 07:41:45,285] LMCache INFO:[0m Stored 256 tokens in 0.004 seconds [3m(gpu_transfer.py:513:lmcache.v1.multiprocess.modules.gpu_transfer)[0m
[32;20m[2026-06-03 07:41:45,859] LMCache INFO:[0m Stored 256 tokens in 0.006 seconds [3m(gpu_transfer.py:513:lmcache.v1.multiprocess.modules.gpu_transfer)[0m
[32;20m[2026-06-03 07:41:46,039] LMCache INFO:[0m Stored 256 tokens in 0.003 seconds [3m(gpu_transfer.py:513:lmcache.v1.multiprocess.modules.gpu_transfer)[0m
[32;20m[2026-06-03 07:41:46,255] LMCache INFO:[0m Stored 256 tokens in 0.004 seconds [3m(gpu_transfer.py:513:lmcache.v1.multiprocess.modules.gpu_transfer)[0m
[32;20m[2026-06-03 07:41:46,379] LMCache INFO:[0m Stored 256 tokens in 0.004 seconds [3m(gpu_transfer.py:513:lmcache.v1.multiprocess.modules.gpu_transfer)[0m
[32;20m[2026-06-03 07:41:46,649] LMCache INFO:[0m Prefetch request completed (L1+L2): 197/198 retained keys (197 L1, 0 L2) in 1.1 ms (external_request_id=chatcmpl-63167afd-2148-4e63-a62d-f645536d1fbd-950a33e3, prefetch_request_id=-1) [3m(storage_manager.py:575:lmcache.v1.distributed.storage_manager)[0m
[32;20m[2026-06-03 07:41:46,839] LMCache INFO:[0m Stored 256 tokens in 0.007 seconds [3m(gpu_transfer.py:513:lmcache.v1.multiprocess.modules.gpu_transfer)[0m
[32;20m[2026-06-03 07:41:47,342] LMCache INFO:[0m Stored 256 tokens in 0.004 seconds [3m(gpu_transfer.py:513:lmcache.v1.multiprocess.modules.gpu_transfer)[0m
[32;20m[2026-06-03 07:41:47,510] LMCache INFO:[0m Stored 256 tokens in 0.004 seconds [3m(gpu_transfer.py:513:lmcache.v1.multiprocess.modules.gpu_transfer)[0m
[32;20m[2026-06-03 07:41:47,696] LMCache INFO:[0m Stored 256 tokens in 0.003 seconds [3m(gpu_transfer.py:513:lmcache.v1.multiprocess.modules.gpu_transfer)[0m
[32;20m[2026-06-03 07:41:47,971] LMCache INFO:[0m Stored 256 tokens in 0.007 seconds [3m(gpu_transfer.py:513:lmcache.v1.multiprocess.modules.gpu_transfer)[0m
[32;20m[2026-06-03 07:41:48,813] LMCache INFO:[0m Stored 256 tokens in 0.005 seconds [3m(gpu_transfer.py:513:lmcache.v1.multiprocess.modules.gpu_transfer)[0m
[32;20m[2026-06-03 07:41:48,869] LMCache INFO:[0m Stored 256 tokens in 0.003 seconds [3m(gpu_transfer.py:513:lmcache.v1.multiprocess.modules.gpu_transfer)[0m
[32;20m[2026-06-03 07:41:49,267] LMCache INFO:[0m Stored 256 tokens in 0.003 seconds [3m(gpu_transfer.py:513:lmcache.v1.multiprocess.modules.gpu_transfer)[0m
[32;20m[2026-06-03 07:41:49,401] LMCache INFO:[0m Stored 256 tokens in 0.003 seconds [3m(gpu_transfer.py:513:lmcache.v1.multiprocess.modules.gpu_transfer)[0m
[32;20m[2026-06-03 07:41:49,681] LMCache INFO:[0m Stored 256 tokens in 0.003 seconds [3m(gpu_transfer.py:513:lmcache.v1.multiprocess.modules.gpu_transfer)[0m
[32;20m[2026-06-03 07:41:49,913] LMCache INFO:[0m Stored 256 tokens in 0.005 seconds [3m(gpu_transfer.py:513:lmcache.v1.multiprocess.modules.gpu_transfer)[0m
[32;20m[2026-06-03 07:41:50,336] LMCache INFO:[0m Prefetch request completed (L1+L2): 240/248 retained keys (240 L1, 0 L2) in 1.1 ms (external_request_id=chatcmpl-0fe36570-8802-4c85-9c5f-8afd7c5089fe-bb169cd3, prefetch_request_id=-1) [3m(storage_manager.py:575:lmcache.v1.distributed.storage_manager)[0m
[32;20m[2026-06-03 07:41:50,526] LMCache INFO:[0m Stored 2048 tokens in 0.014 seconds [3m(gpu_transfer.py:513:lmcache.v1.multiprocess.modules.gpu_transfer)[0m
[32;20m[2026-06-03 07:41:50,838] LMCache INFO:[0m Stored 256 tokens in 0.004 seconds [3m(gpu_transfer.py:513:lmcache.v1.multiprocess.modules.gpu_transfer)[0m
[32;20m[2026-06-03 07:41:51,346] LMCache INFO:[0m Stored 256 tokens in 0.003 seconds [3m(gpu_transfer.py:513:lmcache.v1.multiprocess.modules.gpu_transfer)[0m
[32;20m[2026-06-03 07:41:51,657] LMCache INFO:[0m Stored 256 tokens in 0.003 seconds [3m(gpu_transfer.py:513:lmcache.v1.multiprocess.modules.gpu_transfer)[0m
[32;20m[2026-06-03 07:41:52,071] LMCache INFO:[0m Prefetch request completed (L1+L2): 462/464 retained keys (462 L1, 0 L2) in 1.9 ms (external_request_id=chatcmpl-23648b4a-c8aa-4e05-9866-a1a93f8f630c-bd35b563, prefetch_request_id=-1) [3m(storage_manager.py:575:lmcache.v1.distributed.storage_manager)[0m
[32;20m[2026-06-03 07:41:52,294] LMCache INFO:[0m Retrieved 56832 tokens in 0.043 seconds [3m(gpu_transfer.py:728:lmcache.v1.multiprocess.modules.gpu_transfer)[0m
[32;20m[2026-06-03 07:41:52,296] LMCache INFO:[0m Retrieved 56832 tokens in 0.098 seconds [3m(gpu_transfer.py:728:lmcache.v1.multiprocess.modules.gpu_transfer)[0m
[32;20m[2026-06-03 07:41:52,320] LMCache INFO:[0m Retrieved 56832 tokens in 0.143 seconds [3m(gpu_transfer.py:728:lmcache.v1.multiprocess.modules.gpu_transfer)[0m
[32;20m[2026-06-03 07:41:52,338] LMCache INFO:[0m Retrieved 56832 tokens in 0.016 seconds [3m(gpu_transfer.py:728:lmcache.v1.multiprocess.modules.gpu_transfer)[0m
[32;20m[2026-06-03 07:41:52,811] LMCache INFO:[0m Stored 512 tokens in 0.004 seconds [3m(gpu_transfer.py:513:lmcache.v1.multiprocess.modules.gpu_transfer)[0m
[32;20m[2026-06-03 07:41:53,556] LMCache INFO:[0m Stored 256 tokens in 0.004 seconds [3m(gpu_transfer.py:513:lmcache.v1.multiprocess.modules.gpu_transfer)[0m
[32;20m[2026-06-03 07:41:54,000] LMCache INFO:[0m Stored 256 tokens in 0.005 seconds [3m(gpu_transfer.py:513:lmcache.v1.multiprocess.modules.gpu_transfer)[0m
[32;20m[2026-06-03 07:41:55,025] LMCache INFO:[0m Stored 256 tokens in 0.003 seconds [3m(gpu_transfer.py:513:lmcache.v1.multiprocess.modules.gpu_transfer)[0m
[32;20m[2026-06-03 07:41:55,104] LMCache INFO:[0m Stored 256 tokens in 0.005 seconds [3m(gpu_transfer.py:513:lmcache.v1.multiprocess.modules.gpu_transfer)[0m
[32;20m[2026-06-03 07:41:55,597] LMCache INFO:[0m Prefetch request completed (L1+L2): 406/412 retained keys (406 L1, 0 L2) in 22.5 ms (external_request_id=chatcmpl-c567d7b3-2756-415a-bbd3-ec6318a8291f-87820675, prefetch_request_id=-1) [3m(storage_manager.py:575:lmcache.v1.distributed.storage_manager)[0m
[32;20m[2026-06-03 07:41:55,875] LMCache INFO:[0m Prefetch request completed (L1+L2): 341/344 retained keys (341 L1, 0 L2) in 12.2 ms (external_request_id=chatcmpl-d797142a-09b1-4ef7-84fd-673e5b73a56b-b2515696, prefetch_request_id=-1) [3m(storage_manager.py:575:lmcache.v1.distributed.storage_manager)[0m
[32;20m[2026-06-03 07:41:55,905] LMCache INFO:[0m Stored 1536 tokens in 0.013 seconds [3m(gpu_transfer.py:513:lmcache.v1.multiprocess.modules.gpu_transfer)[0m
[32;20m[2026-06-03 07:41:56,402] LMCache INFO:[0m Stored 768 tokens in 0.011 seconds [3m(gpu_transfer.py:513:lmcache.v1.multiprocess.modules.gpu_transfer)[0m
[32;20m[2026-06-03 07:41:57,081] LMCache INFO:[0m Stored 256 tokens in 0.005 seconds [3m(gpu_transfer.py:513:lmcache.v1.multiprocess.modules.gpu_transfer)[0m
[32;20m[2026-06-03 07:41:57,363] LMCache INFO:[0m Prefetch request completed (L1+L2): 326/329 retained keys (326 L1, 0 L2) in 1.6 ms (external_request_id=chatcmpl-46e6d412-fbbc-493c-a078-3d20ddce8fbd-87fd1e31, prefetch_request_id=-1) [3m(storage_manager.py:575:lmcache.v1.distributed.storage_manager)[0m
[32;20m[2026-06-03 07:41:57,685] LMCache INFO:[0m Stored 768 tokens in 0.011 seconds [3m(gpu_transfer.py:513:lmcache.v1.multiprocess.modules.gpu_transfer)[0m
[32;20m[2026-06-03 07:41:57,985] LMCache INFO:[0m Stored 256 tokens in 0.003 seconds [3m(gpu_transfer.py:513:lmcache.v1.multiprocess.modules.gpu_transfer)[0m
[32;20m[2026-06-03 07:41:58,373] LMCache INFO:[0m Prefetch request completed (L1+L2): 567/571 retained keys (567 L1, 0 L2) in 2.7 ms (external_request_id=chatcmpl-211f100b-d8c8-4eee-bf6e-38049a8c31b7-95f585b8, prefetch_request_id=-1) [3m(storage_manager.py:575:lmcache.v1.distributed.storage_manager)[0m
[32;20m[2026-06-03 07:41:58,607] LMCache INFO:[0m Prefetch request completed (L1+L2): 260/266 retained keys (260 L1, 0 L2) in 23.4 ms (external_request_id=chatcmpl-7cc80d7b-1832-408a-9852-39112026e99c-951f7285, prefetch_request_id=-1) [3m(storage_manager.py:575:lmcache.v1.distributed.storage_manager)[0m
[32;20m[2026-06-03 07:41:58,635] LMCache INFO:[0m Retrieved 59392 tokens in 0.072 seconds [3m(gpu_transfer.py:728:lmcache.v1.multiprocess.modules.gpu_transfer)[0m
[32;20m[2026-06-03 07:41:58,638] LMCache INFO:[0m Retrieved 59392 tokens in 0.157 seconds [3m(gpu_transfer.py:728:lmcache.v1.multiprocess.modules.gpu_transfer)[0m
[32;20m[2026-06-03 07:41:58,699] LMCache INFO:[0m Retrieved 59392 tokens in 0.108 seconds [3m(gpu_transfer.py:728:lmcache.v1.multiprocess.modules.gpu_transfer)[0m
[32;20m[2026-06-03 07:41:58,799] LMCache INFO:[0m Retrieved 59392 tokens in 0.147 seconds [3m(gpu_transfer.py:728:lmcache.v1.multiprocess.modules.gpu_transfer)[0m
[32;20m[2026-06-03 07:41:58,799] LMCache INFO:[0m Retrieved 54272 tokens in 0.080 seconds [3m(gpu_transfer.py:728:lmcache.v1.multiprocess.modules.gpu_transfer)[0m
[32;20m[2026-06-03 07:41:58,800] LMCache INFO:[0m Retrieved 54272 tokens in 0.070 seconds [3m(gpu_transfer.py:728:lmcache.v1.multiprocess.modules.gpu_transfer)[0m
[32;20m[2026-06-03 07:41:58,838] LMCache INFO:[0m Stored 256 tokens in 0.006 seconds [3m(gpu_transfer.py:513:lmcache.v1.multiprocess.modules.gpu_transfer)[0m
[32;20m[2026-06-03 07:41:58,844] LMCache INFO:[0m Retrieved 54272 tokens in 0.022 seconds [3m(gpu_transfer.py:728:lmcache.v1.multiprocess.modules.gpu_transfer)[0m
[32;20m[2026-06-03 07:41:58,901] LMCache INFO:[0m Retrieved 54272 tokens in 0.015 seconds [3m(gpu_transfer.py:728:lmcache.v1.multiprocess.modules.gpu_transfer)[0m
[32;20m[2026-06-03 07:41:59,346] LMCache INFO:[0m Stored 1024 tokens in 0.006 seconds [3m(gpu_transfer.py:513:lmcache.v1.multiprocess.modules.gpu_transfer)[0m
[32;20m[2026-06-03 07:42:00,089] LMCache INFO:[0m Prefetch request completed (L1+L2): 373/373 retained keys (373 L1, 0 L2) in 1.4 ms (external_request_id=chatcmpl-162a6096-0ddf-4435-9414-5f59297a652c-b9e7fc72, prefetch_request_id=-1) [3m(storage_manager.py:575:lmcache.v1.distributed.storage_manager)[0m
[32;20m[2026-06-03 07:42:00,369] LMCache INFO:[0m Stored 1536 tokens in 0.004 seconds [3m(gpu_transfer.py:513:lmcache.v1.multiprocess.modules.gpu_transfer)[0m
[32;20m[2026-06-03 07:42:00,717] LMCache INFO:[0m Prefetch request completed (L1+L2): 202/203 retained keys (202 L1, 0 L2) in 1.1 ms (external_request_id=chatcmpl-a3d73915-8172-4a36-8e4a-16f13c0f3408-8a93e20a, prefetch_request_id=-1) [3m(storage_manager.py:575:lmcache.v1.distributed.storage_manager)[0m
[32;20m[2026-06-03 07:42:00,889] LMCache INFO:[0m Stored 256 tokens in 0.007 seconds [3m(gpu_transfer.py:513:lmcache.v1.multiprocess.modules.gpu_transfer)[0m
[32;20m[2026-06-03 07:42:01,418] LMCache INFO:[0m Stored 7936 tokens in 0.006 seconds [3m(gpu_transfer.py:513:lmcache.v1.multiprocess.modules.gpu_transfer)[0m
[32;20m[2026-06-03 07:42:01,588] LMCache INFO:[0m Stored 256 tokens in 0.020 seconds [3m(gpu_transfer.py:513:lmcache.v1.multiprocess.modules.gpu_transfer)[0m
[32;20m[2026-06-03 07:42:01,997] LMCache INFO:[0m Stored 8192 tokens in 0.008 seconds [3m(gpu_transfer.py:513:lmcache.v1.multiprocess.modules.gpu_transfer)[0m
[32;20m[2026-06-03 07:42:02,120] LMCache INFO:[0m Stored 8192 tokens in 0.005 seconds [3m(gpu_transfer.py:513:lmcache.v1.multiprocess.modules.gpu_transfer)[0m
[32;20m[2026-06-03 07:42:02,663] LMCache INFO:[0m Stored 8192 tokens in 0.006 seconds [3m(gpu_transfer.py:513:lmcache.v1.multiprocess.modules.gpu_transfer)[0m
[32;20m[2026-06-03 07:42:03,375] LMCache INFO:[0m Stored 256 tokens in 0.004 seconds [3m(gpu_transfer.py:513:lmcache.v1.multiprocess.modules.gpu_transfer)[0m
[32;20m[2026-06-03 07:42:04,095] LMCache INFO:[0m Stored 8192 tokens in 0.007 seconds [3m(gpu_transfer.py:513:lmcache.v1.multiprocess.modules.gpu_transfer)[0m
[32;20m[2026-06-03 07:42:04,220] LMCache INFO:[0m Stored 8192 tokens in 0.006 seconds [3m(gpu_transfer.py:513:lmcache.v1.multiprocess.modules.gpu_transfer)[0m
[32;20m[2026-06-03 07:42:05,240] LMCache INFO:[0m Prefetch request completed (L1+L2): 657/667 retained keys (657 L1, 0 L2) in 2.9 ms (external_request_id=chatcmpl-a12a1d03-db0d-498a-b6dd-aa04dbc11042-bdb7a84e, prefetch_request_id=-1) [3m(storage_manager.py:575:lmcache.v1.distributed.storage_manager)[0m
[32;20m[2026-06-03 07:42:05,242] LMCache INFO:[0m Stored 8192 tokens in 0.013 seconds [3m(gpu_transfer.py:513:lmcache.v1.multiprocess.modules.gpu_transfer)[0m
[32;20m[2026-06-03 07:42:05,351] LMCache INFO:[0m Prefetch request completed (L1+L2): 345/352 retained keys (345 L1, 0 L2) in 1.7 ms (external_request_id=chatcmpl-7120578c-92eb-46c6-aec2-ab02a2ee7b99-b2776def, prefetch_request_id=-1) [3m(storage_manager.py:575:lmcache.v1.distributed.storage_manager)[0m
[32;20m[2026-06-03 07:42:06,434] LMCache INFO:[0m Prefetch request completed (L1+L2): 762/764 retained keys (762 L1, 0 L2) in 2.2 ms (external_request_id=chatcmpl-cd46a447-07e4-49c0-9b6e-4071824a76f3-81428627, prefetch_request_id=-1) [3m(storage_manager.py:575:lmcache.v1.distributed.storage_manager)[0m
[32;20m[2026-06-03 07:42:06,765] LMCache INFO:[0m Stored 2560 tokens in 0.160 seconds [3m(gpu_transfer.py:513:lmcache.v1.multiprocess.modules.gpu_transfer)[0m
[32;20m[2026-06-03 07:42:08,516] LMCache INFO:[0m Stored 1792 tokens in 0.011 seconds [3m(gpu_transfer.py:513:lmcache.v1.multiprocess.modules.gpu_transfer)[0m
[32;20m[2026-06-03 07:42:08,524] LMCache INFO:[0m Stored 2304 tokens in 0.005 seconds [3m(gpu_transfer.py:513:lmcache.v1.multiprocess.modules.gpu_transfer)[0m
[32;20m[2026-06-03 07:42:08,710] LMCache INFO:[0m Stored 512 tokens in 0.022 seconds [3m(gpu_transfer.py:513:lmcache.v1.multiprocess.modules.gpu_transfer)[0m
[32;20m[2026-06-03 07:42:09,474] LMCache INFO:[0m Stored 256 tokens in 0.003 seconds [3m(gpu_transfer.py:513:lmcache.v1.multiprocess.modules.gpu_transfer)[0m
[32;20m[2026-06-03 07:42:09,486] LMCache INFO:[0m Prefetch request completed (L1+L2): 93/93 retained keys (93 L1, 0 L2) in 0.9 ms (external_request_id=chatcmpl-7d4f1cb0-54c9-4d1f-a50d-37e065408086-904dfcbc, prefetch_request_id=-1) [3m(storage_manager.py:575:lmcache.v1.distributed.storage_manager)[0m
[32;20m[2026-06-03 07:42:09,677] LMCache INFO:[0m Stored 256 tokens in 0.003 seconds [3m(gpu_transfer.py:513:lmcache.v1.multiprocess.modules.gpu_transfer)[0m
[32;20m[2026-06-03 07:42:11,027] LMCache INFO:[0m Stored 256 tokens in 0.005 seconds [3m(gpu_transfer.py:513:lmcache.v1.multiprocess.modules.gpu_transfer)[0m
[32;20m[2026-06-03 07:42:11,106] LMCache INFO:[0m Stored 256 tokens in 0.003 seconds [3m(gpu_transfer.py:513:lmcache.v1.multiprocess.modules.gpu_transfer)[0m
[32;20m[2026-06-03 07:42:11,603] LMCache INFO:[0m Stored 256 tokens in 0.003 seconds [3m(gpu_transfer.py:513:lmcache.v1.multiprocess.modules.gpu_transfer)[0m
[32;20m[2026-06-03 07:42:11,777] LMCache INFO:[0m Stored 256 tokens in 0.003 seconds [3m(gpu_transfer.py:513:lmcache.v1.multiprocess.modules.gpu_transfer)[0m
[32;20m[2026-06-03 07:42:12,077] LMCache INFO:[0m Prefetch request completed (L1+L2): 357/365 retained keys (357 L1, 0 L2) in 1.7 ms (external_request_id=chatcmpl-7309a21e-a67d-4308-b6de-ceba02d322df-ae7d721e, prefetch_request_id=-1) [3m(storage_manager.py:575:lmcache.v1.distributed.storage_manager)[0m
[32;20m[2026-06-03 07:42:12,281] LMCache INFO:[0m Stored 2048 tokens in 0.011 seconds [3m(gpu_transfer.py:513:lmcache.v1.multiprocess.modules.gpu_transfer)[0m
[32;20m[2026-06-03 07:42:12,859] LMCache INFO:[0m Stored 256 tokens in 0.005 seconds [3m(gpu_transfer.py:513:lmcache.v1.multiprocess.modules.gpu_transfer)[0m
[32;20m[2026-06-03 07:42:12,900] LMCache INFO:[0m Stored 256 tokens in 0.002 seconds [3m(gpu_transfer.py:513:lmcache.v1.multiprocess.modules.gpu_transfer)[0m
[32;20m[2026-06-03 07:42:13,116] LMCache INFO:[0m Stored 256 tokens in 0.004 seconds [3m(gpu_transfer.py:513:lmcache.v1.multiprocess.modules.gpu_transfer)[0m
[32;20m[2026-06-03 07:42:13,283] LMCache INFO:[0m Stored 256 tokens in 0.005 seconds [3m(gpu_transfer.py:513:lmcache.v1.multiprocess.modules.gpu_transfer)[0m
[32;20m[2026-06-03 07:42:13,559] LMCache INFO:[0m Stored 256 tokens in 0.003 seconds [3m(gpu_transfer.py:513:lmcache.v1.multiprocess.modules.gpu_transfer)[0m
[32;20m[2026-06-03 07:42:14,113] LMCache INFO:[0m Stored 256 tokens in 0.003 seconds [3m(gpu_transfer.py:513:lmcache.v1.multiprocess.modules.gpu_transfer)[0m
[32;20m[2026-06-03 07:42:14,266] LMCache INFO:[0m Stored 256 tokens in 0.003 seconds [3m(gpu_transfer.py:513:lmcache.v1.multiprocess.modules.gpu_transfer)[0m
[32;20m[2026-06-03 07:42:14,655] LMCache INFO:[0m Stored 256 tokens in 0.003 seconds [3m(gpu_transfer.py:513:lmcache.v1.multiprocess.modules.gpu_transfer)[0m
[32;20m[2026-06-03 07:42:14,929] LMCache INFO:[0m Stored 256 tokens in 0.006 seconds [3m(gpu_transfer.py:513:lmcache.v1.multiprocess.modules.gpu_transfer)[0m
[32;20m[2026-06-03 07:42:14,994] LMCache INFO:[0m Stored 256 tokens in 0.003 seconds [3m(gpu_transfer.py:513:lmcache.v1.multiprocess.modules.gpu_transfer)[0m
[32;20m[2026-06-03 07:42:15,843] LMCache INFO:[0m Stored 256 tokens in 0.007 seconds [3m(gpu_transfer.py:513:lmcache.v1.multiprocess.modules.gpu_transfer)[0m
[32;20m[2026-06-03 07:42:15,948] LMCache INFO:[0m Prefetch request completed (L1+L2): 254/254 retained keys (254 L1, 0 L2) in 1.6 ms (external_request_id=chatcmpl-e63fd1ea-08ff-464d-95b2-d582759cde42-8f2f9120, prefetch_request_id=-1) [3m(storage_manager.py:575:lmcache.v1.distributed.storage_manager)[0m
[32;20m[2026-06-03 07:42:16,122] LMCache INFO:[0m Retrieved 65024 tokens in 0.089 seconds [3m(gpu_transfer.py:728:lmcache.v1.multiprocess.modules.gpu_transfer)[0m
[32;20m[2026-06-03 07:42:16,162] LMCache INFO:[0m Retrieved 65024 tokens in 0.127 seconds [3m(gpu_transfer.py:728:lmcache.v1.multiprocess.modules.gpu_transfer)[0m
[32;20m[2026-06-03 07:42:16,163] LMCache INFO:[0m Retrieved 65024 tokens in 0.147 seconds [3m(gpu_transfer.py:728:lmcache.v1.multiprocess.modules.gpu_transfer)[0m
[32;20m[2026-06-03 07:42:16,191] LMCache INFO:[0m Retrieved 65024 tokens in 0.025 seconds [3m(gpu_transfer.py:728:lmcache.v1.multiprocess.modules.gpu_transfer)[0m
[32;20m[2026-06-03 07:42:16,619] LMCache INFO:[0m Stored 256 tokens in 0.003 seconds [3m(gpu_transfer.py:513:lmcache.v1.multiprocess.modules.gpu_transfer)[0m
[32;20m[2026-06-03 07:42:16,819] LMCache INFO:[0m Stored 256 tokens in 0.004 seconds [3m(gpu_transfer.py:513:lmcache.v1.multiprocess.modules.gpu_transfer)[0m
[32;20m[2026-06-03 07:42:17,581] LMCache INFO:[0m Prefetch request completed (L1+L2): 955/968 retained keys (955 L1, 0 L2) in 33.0 ms (external_request_id=chatcmpl-67ef3f30-d369-4af2-a09e-dcd78b370b03-8d130601, prefetch_request_id=-1) [3m(storage_manager.py:575:lmcache.v1.distributed.storage_manager)[0m
[32;20m[2026-06-03 07:42:18,228] LMCache INFO:[0m Retrieved 124928 tokens in 0.209 seconds [3m(gpu_transfer.py:728:lmcache.v1.multiprocess.modules.gpu_transfer)[0m
[32;20m[2026-06-03 07:42:18,262] LMCache INFO:[0m Retrieved 124928 tokens in 0.225 seconds [3m(gpu_transfer.py:728:lmcache.v1.multiprocess.modules.gpu_transfer)[0m
[32;20m[2026-06-03 07:42:18,262] LMCache INFO:[0m Retrieved 124928 tokens in 0.282 seconds [3m(gpu_transfer.py:728:lmcache.v1.multiprocess.modules.gpu_transfer)[0m
[32;20m[2026-06-03 07:42:18,299] LMCache INFO:[0m Prefetch request completed (L1+L2): 373/375 retained keys (373 L1, 0 L2) in 43.4 ms (external_request_id=chatcmpl-77537e13-4e76-49f8-a0f8-ac5d90dddd2c-a7e9726b, prefetch_request_id=-1) [3m(storage_manager.py:575:lmcache.v1.distributed.storage_manager)[0m
[32;20m[2026-06-03 07:42:18,315] LMCache INFO:[0m Retrieved 124928 tokens in 0.038 seconds [3m(gpu_transfer.py:728:lmcache.v1.multiprocess.modules.gpu_transfer)[0m
[32;20m[2026-06-03 07:42:18,494] LMCache INFO:[0m Prefetch request completed (L1+L2): 232/232 retained keys (232 L1, 0 L2) in 23.2 ms (external_request_id=chatcmpl-66a3d44e-75bf-4b34-86b4-2f9642876fc5-b4f7fe05, prefetch_request_id=-1) [3m(storage_manager.py:575:lmcache.v1.distributed.storage_manager)[0m
[32;20m[2026-06-03 07:42:18,542] LMCache INFO:[0m Stored 512 tokens in 0.024 seconds [3m(gpu_transfer.py:513:lmcache.v1.multiprocess.modules.gpu_transfer)[0m
[32;20m[2026-06-03 07:42:18,548] LMCache INFO:[0m Prefetch request completed (L1+L2): 93/93 retained keys (93 L1, 0 L2) in 1.0 ms (external_request_id=chatcmpl-ab8d6547-4d08-4e90-bbe4-f65a41ebd61c-9cc2e7d4, prefetch_request_id=-1) [3m(storage_manager.py:575:lmcache.v1.distributed.storage_manager)[0m
[32;20m[2026-06-03 07:42:19,515] LMCache INFO:[0m Stored 3328 tokens in 0.006 seconds [3m(gpu_transfer.py:513:lmcache.v1.multiprocess.modules.gpu_transfer)[0m
[32;20m[2026-06-03 07:42:21,367] LMCache INFO:[0m Stored 256 tokens in 0.008 seconds [3m(gpu_transfer.py:513:lmcache.v1.multiprocess.modules.gpu_transfer)[0m
[32;20m[2026-06-03 07:42:21,498] LMCache INFO:[0m Stored 256 tokens in 0.004 seconds [3m(gpu_transfer.py:513:lmcache.v1.multiprocess.modules.gpu_transfer)[0m
[32;20m[2026-06-03 07:42:21,923] LMCache INFO:[0m Stored 256 tokens in 0.004 seconds [3m(gpu_transfer.py:513:lmcache.v1.multiprocess.modules.gpu_transfer)[0m
[32;20m[2026-06-03 07:42:22,474] LMCache INFO:[0m Prefetch request completed (L1+L2): 329/343 retained keys (329 L1, 0 L2) in 1.9 ms (external_request_id=chatcmpl-96c9d6f1-071e-4c27-8fcc-1b875028f8b8-9d9a1a07, prefetch_request_id=-1) [3m(storage_manager.py:575:lmcache.v1.distributed.storage_manager)[0m
[32;20m[2026-06-03 07:42:22,794] LMCache INFO:[0m Stored 3584 tokens in 0.012 seconds [3m(gpu_transfer.py:513:lmcache.v1.multiprocess.modules.gpu_transfer)[0m
[32;20m[2026-06-03 07:42:23,578] LMCache INFO:[0m Stored 256 tokens in 0.003 seconds [3m(gpu_transfer.py:513:lmcache.v1.multiprocess.modules.gpu_transfer)[0m
[32;20m[2026-06-03 07:42:23,826] LMCache INFO:[0m Stored 256 tokens in 0.003 seconds [3m(gpu_transfer.py:513:lmcache.v1.multiprocess.modules.gpu_transfer)[0m
[32;20m[2026-06-03 07:42:24,183] LMCache INFO:[0m Stored 256 tokens in 0.004 seconds [3m(gpu_transfer.py:513:lmcache.v1.multiprocess.modules.gpu_transfer)[0m
[32;20m[2026-06-03 07:42:24,830] LMCache INFO:[0m Stored 256 tokens in 0.004 seconds [3m(gpu_transfer.py:513:lmcache.v1.multiprocess.modules.gpu_transfer)[0m
[32;20m[2026-06-03 07:42:24,984] LMCache INFO:[0m Stored 256 tokens in 0.004 seconds [3m(gpu_transfer.py:513:lmcache.v1.multiprocess.modules.gpu_transfer)[0m
[32;20m[2026-06-03 07:42:25,189] LMCache INFO:[0m Stored 256 tokens in 0.001 seconds [3m(gpu_transfer.py:513:lmcache.v1.multiprocess.modules.gpu_transfer)[0m
[32;20m[2026-06-03 07:42:25,280] LMCache INFO:[0m Stored 256 tokens in 0.003 seconds [3m(gpu_transfer.py:513:lmcache.v1.multiprocess.modules.gpu_transfer)[0m
[32;20m[2026-06-03 07:42:25,514] LMCache INFO:[0m Stored 256 tokens in 0.003 seconds [3m(gpu_transfer.py:513:lmcache.v1.multiprocess.modules.gpu_transfer)[0m
[32;20m[2026-06-03 07:42:26,809] LMCache INFO:[0m Stored 256 tokens in 0.004 seconds [3m(gpu_transfer.py:513:lmcache.v1.multiprocess.modules.gpu_transfer)[0m
[32;20m[2026-06-03 07:42:27,200] LMCache INFO:[0m Prefetch request completed (L1+L2): 198/198 retained keys (198 L1, 0 L2) in 1.5 ms (external_request_id=chatcmpl-5cbabd31-3a9e-48a1-a3f9-0d83fbbf5df6-b245c6ff, prefetch_request_id=-1) [3m(storage_manager.py:575:lmcache.v1.distributed.storage_manager)[0m
[32;20m[2026-06-03 07:42:27,359] LMCache INFO:[0m Retrieved 50688 tokens in 0.080 seconds [3m(gpu_transfer.py:728:lmcache.v1.multiprocess.modules.gpu_transfer)[0m
[32;20m[2026-06-03 07:42:27,373] LMCache INFO:[0m Retrieved 50688 tokens in 0.089 seconds [3m(gpu_transfer.py:728:lmcache.v1.multiprocess.modules.gpu_transfer)[0m
[32;20m[2026-06-03 07:42:27,373] LMCache INFO:[0m Retrieved 50688 tokens in 0.096 seconds [3m(gpu_transfer.py:728:lmcache.v1.multiprocess.modules.gpu_transfer)[0m
[32;20m[2026-06-03 07:42:27,396] LMCache INFO:[0m Stored 256 tokens in 0.003 seconds [3m(gpu_transfer.py:513:lmcache.v1.multiprocess.modules.gpu_transfer)[0m
[32;20m[2026-06-03 07:42:27,459] LMCache INFO:[0m Retrieved 50688 tokens in 0.084 seconds [3m(gpu_transfer.py:728:lmcache.v1.multiprocess.modules.gpu_transfer)[0m
[32;20m[2026-06-03 07:42:27,803] LMCache INFO:[0m Stored 256 tokens in 0.007 seconds [3m(gpu_transfer.py:513:lmcache.v1.multiprocess.modules.gpu_transfer)[0m
[32;20m[2026-06-03 07:42:27,959] LMCache INFO:[0m Stored 256 tokens in 0.009 seconds [3m(gpu_transfer.py:513:lmcache.v1.multiprocess.modules.gpu_transfer)[0m
[32;20m[2026-06-03 07:42:27,960] LMCache INFO:[0m Prefetch request completed (L1+L2): 1/127 retained keys (1 L1, 0 L2) in 1.3 ms (external_request_id=chatcmpl-746382a4-97d4-4b37-b6bc-4d6bef1b05e5-8edd4ecd, prefetch_request_id=-1) [3m(storage_manager.py:575:lmcache.v1.distributed.storage_manager)[0m
[32;20m[2026-06-03 07:42:28,105] LMCache INFO:[0m Stored 8192 tokens in 0.005 seconds [3m(gpu_transfer.py:513:lmcache.v1.multiprocess.modules.gpu_transfer)[0m
[32;20m[2026-06-03 07:42:28,418] LMCache INFO:[0m Stored 8192 tokens in 0.005 seconds [3m(gpu_transfer.py:513:lmcache.v1.multiprocess.modules.gpu_transfer)[0m
[32;20m[2026-06-03 07:42:28,843] LMCache INFO:[0m Stored 8192 tokens in 0.005 seconds [3m(gpu_transfer.py:513:lmcache.v1.multiprocess.modules.gpu_transfer)[0m
[32;20m[2026-06-03 07:42:29,453] LMCache INFO:[0m Stored 7680 tokens in 0.005 seconds [3m(gpu_transfer.py:513:lmcache.v1.multiprocess.modules.gpu_transfer)[0m
[32;20m[2026-06-03 07:42:30,094] LMCache INFO:[0m Stored 256 tokens in 0.003 seconds [3m(gpu_transfer.py:513:lmcache.v1.multiprocess.modules.gpu_transfer)[0m
[32;20m[2026-06-03 07:42:30,197] LMCache INFO:[0m Prefetch request completed (L1+L2): 232/235 retained keys (232 L1, 0 L2) in 1.4 ms (external_request_id=chatcmpl-8941d681-3ec1-45da-9092-31299f93a814-9a87db5a, prefetch_request_id=-1) [3m(storage_manager.py:575:lmcache.v1.distributed.storage_manager)[0m
[32;20m[2026-06-03 07:42:30,369] LMCache INFO:[0m Stored 768 tokens in 0.010 seconds [3m(gpu_transfer.py:513:lmcache.v1.multiprocess.modules.gpu_transfer)[0m
[32;20m[2026-06-03 07:42:30,581] LMCache INFO:[0m Stored 256 tokens in 0.003 seconds [3m(gpu_transfer.py:513:lmcache.v1.multiprocess.modules.gpu_transfer)[0m
[32;20m[2026-06-03 07:42:30,753] LMCache INFO:[0m Stored 256 tokens in 0.004 seconds [3m(gpu_transfer.py:513:lmcache.v1.multiprocess.modules.gpu_transfer)[0m
[32;20m[2026-06-03 07:42:30,913] LMCache INFO:[0m Stored 256 tokens in 0.005 seconds [3m(gpu_transfer.py:513:lmcache.v1.multiprocess.modules.gpu_transfer)[0m
[32;20m[2026-06-03 07:42:31,175] LMCache INFO:[0m Stored 256 tokens in 0.004 seconds [3m(gpu_transfer.py:513:lmcache.v1.multiprocess.modules.gpu_transfer)[0m
[32;20m[2026-06-03 07:42:32,126] LMCache INFO:[0m Stored 256 tokens in 0.003 seconds [3m(gpu_transfer.py:513:lmcache.v1.multiprocess.modules.gpu_transfer)[0m
[32;20m[2026-06-03 07:42:32,190] LMCache INFO:[0m Stored 256 tokens in 0.005 seconds [3m(gpu_transfer.py:513:lmcache.v1.multiprocess.modules.gpu_transfer)[0m
[32;20m[2026-06-03 07:42:32,387] LMCache INFO:[0m Stored 256 tokens in 0.006 seconds [3m(gpu_transfer.py:513:lmcache.v1.multiprocess.modules.gpu_transfer)[0m
[32;20m[2026-06-03 07:42:32,442] LMCache INFO:[0m Stored 256 tokens in 0.003 seconds [3m(gpu_transfer.py:513:lmcache.v1.multiprocess.modules.gpu_transfer)[0m
[32;20m[2026-06-03 07:42:33,191] LMCache INFO:[0m Stored 256 tokens in 0.004 seconds [3m(gpu_transfer.py:513:lmcache.v1.multiprocess.modules.gpu_transfer)[0m
[32;20m[2026-06-03 07:42:33,512] LMCache INFO:[0m Prefetch request completed (L1+L2): 453/455 retained keys (453 L1, 0 L2) in 22.7 ms (external_request_id=chatcmpl-39901218-23c9-4511-b05d-e091d8a21175-8f87ee73, prefetch_request_id=-1) [3m(storage_manager.py:575:lmcache.v1.distributed.storage_manager)[0m
[32;20m[2026-06-03 07:42:33,790] LMCache INFO:[0m Prefetch request completed (L1+L2): 275/278 retained keys (275 L1, 0 L2) in 26.1 ms (external_request_id=chatcmpl-9e3e82bf-6cd9-49c7-8df9-93ce3f6088b5-9b5f7d1f, prefetch_request_id=-1) [3m(storage_manager.py:575:lmcache.v1.distributed.storage_manager)[0m
[32;20m[2026-06-03 07:42:33,932] LMCache INFO:[0m Stored 512 tokens in 0.023 seconds [3m(gpu_transfer.py:513:lmcache.v1.multiprocess.modules.gpu_transfer)[0m
[32;20m[2026-06-03 07:42:34,556] LMCache INFO:[0m Stored 768 tokens in 0.009 seconds [3m(gpu_transfer.py:513:lmcache.v1.multiprocess.modules.gpu_transfer)[0m
[32;20m[2026-06-03 07:42:35,048] LMCache INFO:[0m Prefetch request completed (L1+L2): 248/250 retained keys (248 L1, 0 L2) in 22.1 ms (external_request_id=chatcmpl-c1e1b722-d946-4260-be72-6887680c9d52-9b309e55, prefetch_request_id=-1) [3m(storage_manager.py:575:lmcache.v1.distributed.storage_manager)[0m
[32;20m[2026-06-03 07:42:35,286] LMCache INFO:[0m Stored 512 tokens in 0.008 seconds [3m(gpu_transfer.py:513:lmcache.v1.multiprocess.modules.gpu_transfer)[0m
[32;20m[2026-06-03 07:42:35,598] LMCache INFO:[0m Prefetch request completed (L1+L2): 360/364 retained keys (360 L1, 0 L2) in 1.3 ms (external_request_id=chatcmpl-d864b9db-f288-479e-b30c-9e84aac5760b-9e84c8ac, prefetch_request_id=-1) [3m(storage_manager.py:575:lmcache.v1.distributed.storage_manager)[0m
[32;20m[2026-06-03 07:42:35,706] LMCache INFO:[0m Prefetch request completed (L1+L2): 235/237 retained keys (235 L1, 0 L2) in 0.9 ms (external_request_id=chatcmpl-98f66662-9263-4860-bec1-3ad537584c7f-a23abcf0, prefetch_request_id=-1) [3m(storage_manager.py:575:lmcache.v1.distributed.storage_manager)[0m
[32;20m[2026-06-03 07:42:35,954] LMCache INFO:[0m Stored 1024 tokens in 0.014 seconds [3m(gpu_transfer.py:513:lmcache.v1.multiprocess.modules.gpu_transfer)[0m
[32;20m[2026-06-03 07:42:36,362] LMCache INFO:[0m Stored 512 tokens in 0.008 seconds [3m(gpu_transfer.py:513:lmcache.v1.multiprocess.modules.gpu_transfer)[0m
[32;20m[2026-06-03 07:42:36,519] LMCache INFO:[0m Prefetch request completed (L1+L2): 365/365 retained keys (365 L1, 0 L2) in 1.5 ms (external_request_id=chatcmpl-46412ecc-4e46-48a4-965a-fbbdf1719bfc-a5e711b2, prefetch_request_id=-1) [3m(storage_manager.py:575:lmcache.v1.distributed.storage_manager)[0m
[32;20m[2026-06-03 07:42:36,969] LMCache INFO:[0m Stored 256 tokens in 0.007 seconds [3m(gpu_transfer.py:513:lmcache.v1.multiprocess.modules.gpu_transfer)[0m
[32;20m[2026-06-03 07:42:37,201] LMCache INFO:[0m Prefetch request completed (L1+L2): 203/205 retained keys (203 L1, 0 L2) in 1.3 ms (external_request_id=chatcmpl-f864f89b-3e89-41bf-9e69-46f28b486368-b61e2e2b, prefetch_request_id=-1) [3m(storage_manager.py:575:lmcache.v1.distributed.storage_manager)[0m
[32;20m[2026-06-03 07:42:37,365] LMCache INFO:[0m Stored 512 tokens in 0.007 seconds [3m(gpu_transfer.py:513:lmcache.v1.multiprocess.modules.gpu_transfer)[0m
[32;20m[2026-06-03 07:42:37,669] LMCache INFO:[0m Stored 256 tokens in 0.003 seconds [3m(gpu_transfer.py:513:lmcache.v1.multiprocess.modules.gpu_transfer)[0m
[32;20m[2026-06-03 07:42:37,868] LMCache INFO:[0m Stored 256 tokens in 0.002 seconds [3m(gpu_transfer.py:513:lmcache.v1.multiprocess.modules.gpu_transfer)[0m
[32;20m[2026-06-03 07:42:38,046] LMCache INFO:[0m Stored 256 tokens in 0.004 seconds [3m(gpu_transfer.py:513:lmcache.v1.multiprocess.modules.gpu_transfer)[0m
[32;20m[2026-06-03 07:42:38,126] LMCache INFO:[0m Stored 256 tokens in 0.002 seconds [3m(gpu_transfer.py:513:lmcache.v1.multiprocess.modules.gpu_transfer)[0m
[32;20m[2026-06-03 07:42:38,476] LMCache INFO:[0m Stored 256 tokens in 0.003 seconds [3m(gpu_transfer.py:513:lmcache.v1.multiprocess.modules.gpu_transfer)[0m
[32;20m[2026-06-03 07:42:38,862] LMCache INFO:[0m Stored 256 tokens in 0.004 seconds [3m(gpu_transfer.py:513:lmcache.v1.multiprocess.modules.gpu_transfer)[0m
[32;20m[2026-06-03 07:42:39,131] LMCache INFO:[0m Stored 256 tokens in 0.003 seconds [3m(gpu_transfer.py:513:lmcache.v1.multiprocess.modules.gpu_transfer)[0m
[32;20m[2026-06-03 07:42:39,369] LMCache INFO:[0m Stored 256 tokens in 0.003 seconds [3m(gpu_transfer.py:513:lmcache.v1.multiprocess.modules.gpu_transfer)[0m
[32;20m[2026-06-03 07:42:40,329] LMCache INFO:[0m Stored 256 tokens in 0.004 seconds [3m(gpu_transfer.py:513:lmcache.v1.multiprocess.modules.gpu_transfer)[0m
[32;20m[2026-06-03 07:42:40,479] LMCache INFO:[0m Stored 256 tokens in 0.004 seconds [3m(gpu_transfer.py:513:lmcache.v1.multiprocess.modules.gpu_transfer)[0m
[32;20m[2026-06-03 07:42:40,636] LMCache INFO:[0m Stored 256 tokens in 0.003 seconds [3m(gpu_transfer.py:513:lmcache.v1.multiprocess.modules.gpu_transfer)[0m
[32;20m[2026-06-03 07:42:40,967] LMCache INFO:[0m Prefetch request completed (L1+L2): 967/975 retained keys (967 L1, 0 L2) in 14.3 ms (external_request_id=chatcmpl-dc88a799-6062-4bdd-a43d-974b8d5da347-b0f03b87, prefetch_request_id=-1) [3m(storage_manager.py:575:lmcache.v1.distributed.storage_manager)[0m
[32;20m[2026-06-03 07:42:41,445] LMCache INFO:[0m Prefetch request completed (L1+L2): 506/506 retained keys (506 L1, 0 L2) in 3.2 ms (external_request_id=chatcmpl-0af5b9d0-6c21-4824-a807-ed1a33941306-b220be45, prefetch_request_id=-1) [3m(storage_manager.py:575:lmcache.v1.distributed.storage_manager)[0m
[32;20m[2026-06-03 07:42:41,757] LMCache INFO:[0m Retrieved 225792 tokens in 0.375 seconds [3m(gpu_transfer.py:728:lmcache.v1.multiprocess.modules.gpu_transfer)[0m
[32;20m[2026-06-03 07:42:41,814] LMCache INFO:[0m Retrieved 225792 tokens in 0.535 seconds [3m(gpu_transfer.py:728:lmcache.v1.multiprocess.modules.gpu_transfer)[0m
[32;20m[2026-06-03 07:42:41,817] LMCache INFO:[0m Retrieved 225792 tokens in 0.576 seconds [3m(gpu_transfer.py:728:lmcache.v1.multiprocess.modules.gpu_transfer)[0m
[32;20m[2026-06-03 07:42:41,851] LMCache INFO:[0m Stored 256 tokens in 0.039 seconds [3m(gpu_transfer.py:513:lmcache.v1.multiprocess.modules.gpu_transfer)[0m
[32;20m[2026-06-03 07:42:41,905] LMCache INFO:[0m Retrieved 225792 tokens in 0.060 seconds [3m(gpu_transfer.py:728:lmcache.v1.multiprocess.modules.gpu_transfer)[0m
[32;20m[2026-06-03 07:42:42,101] LMCache INFO:[0m Stored 256 tokens in 0.045 seconds [3m(gpu_transfer.py:513:lmcache.v1.multiprocess.modules.gpu_transfer)[0m
[32;20m[2026-06-03 07:42:42,130] LMCache INFO:[0m Stored 256 tokens in 0.002 seconds [3m(gpu_transfer.py:513:lmcache.v1.multiprocess.modules.gpu_transfer)[0m
[32;20m[2026-06-03 07:42:42,470] LMCache INFO:[0m Prefetch request completed (L1+L2): 364/365 retained keys (364 L1, 0 L2) in 1.8 ms (external_request_id=chatcmpl-ce555d16-7a47-45b1-9e83-8062afef02b4-b79206be, prefetch_request_id=-1) [3m(storage_manager.py:575:lmcache.v1.distributed.storage_manager)[0m
[32;20m[2026-06-03 07:42:42,879] LMCache INFO:[0m Stored 2048 tokens in 0.009 seconds [3m(gpu_transfer.py:513:lmcache.v1.multiprocess.modules.gpu_transfer)[0m
[32;20m[2026-06-03 07:42:44,753] LMCache INFO:[0m Stored 256 tokens in 0.012 seconds [3m(gpu_transfer.py:513:lmcache.v1.multiprocess.modules.gpu_transfer)[0m
[32;20m[2026-06-03 07:42:44,796] LMCache INFO:[0m Prefetch request completed (L1+L2): 127/129 retained keys (127 L1, 0 L2) in 1.2 ms (external_request_id=chatcmpl-d0ade2ee-937a-444f-8342-ef36b3442622-8b04bd21, prefetch_request_id=-1) [3m(storage_manager.py:575:lmcache.v1.distributed.storage_manager)[0m
[32;20m[2026-06-03 07:42:44,996] LMCache INFO:[0m Prefetch request completed (L1+L2): 731/740 retained keys (731 L1, 0 L2) in 2.7 ms (external_request_id=chatcmpl-21dcaa14-f3d2-41e8-9d59-a112d2cc738f-a33d7682, prefetch_request_id=-1) [3m(storage_manager.py:575:lmcache.v1.distributed.storage_manager)[0m
[32;20m[2026-06-03 07:42:45,102] LMCache INFO:[0m Prefetch request completed (L1+L2): 258/261 retained keys (258 L1, 0 L2) in 1.0 ms (external_request_id=chatcmpl-fdad7d16-eb9a-413e-ba83-6aadf087b849-971fc076, prefetch_request_id=-1) [3m(storage_manager.py:575:lmcache.v1.distributed.storage_manager)[0m
[32;20m[2026-06-03 07:42:45,321] LMCache INFO:[0m Retrieved 1792 tokens in 0.038 seconds [3m(gpu_transfer.py:728:lmcache.v1.multiprocess.modules.gpu_transfer)[0m
[32;20m[2026-06-03 07:42:45,321] LMCache INFO:[0m Retrieved 1792 tokens in 0.034 seconds [3m(gpu_transfer.py:728:lmcache.v1.multiprocess.modules.gpu_transfer)[0m
[32;20m[2026-06-03 07:42:45,321] LMCache INFO:[0m Retrieved 1792 tokens in 0.032 seconds [3m(gpu_transfer.py:728:lmcache.v1.multiprocess.modules.gpu_transfer)[0m
[32;20m[2026-06-03 07:42:45,330] LMCache INFO:[0m Retrieved 1792 tokens in 0.005 seconds [3m(gpu_transfer.py:728:lmcache.v1.multiprocess.modules.gpu_transfer)[0m
[32;20m[2026-06-03 07:42:45,439] LMCache INFO:[0m Stored 512 tokens in 0.005 seconds [3m(gpu_transfer.py:513:lmcache.v1.multiprocess.modules.gpu_transfer)[0m
[32;20m[2026-06-03 07:42:45,740] LMCache INFO:[0m Stored 768 tokens in 0.009 seconds [3m(gpu_transfer.py:513:lmcache.v1.multiprocess.modules.gpu_transfer)[0m
[32;20m[2026-06-03 07:42:46,106] LMCache INFO:[0m Stored 256 tokens in 0.003 seconds [3m(gpu_transfer.py:513:lmcache.v1.multiprocess.modules.gpu_transfer)[0m
[32;20m[2026-06-03 07:42:46,324] LMCache INFO:[0m Stored 256 tokens in 0.004 seconds [3m(gpu_transfer.py:513:lmcache.v1.multiprocess.modules.gpu_transfer)[0m
[32;20m[2026-06-03 07:42:46,509] LMCache INFO:[0m Stored 256 tokens in 0.007 seconds [3m(gpu_transfer.py:513:lmcache.v1.multiprocess.modules.gpu_transfer)[0m
[32;20m[2026-06-03 07:42:46,929] LMCache INFO:[0m Stored 256 tokens in 0.002 seconds [3m(gpu_transfer.py:513:lmcache.v1.multiprocess.modules.gpu_transfer)[0m
[32;20m[2026-06-03 07:42:47,107] LMCache INFO:[0m Stored 256 tokens in 0.003 seconds [3m(gpu_transfer.py:513:lmcache.v1.multiprocess.modules.gpu_transfer)[0m
[32;20m[2026-06-03 07:42:47,196] LMCache INFO:[0m Stored 256 tokens in 0.003 seconds [3m(gpu_transfer.py:513:lmcache.v1.multiprocess.modules.gpu_transfer)[0m
[32;20m[2026-06-03 07:42:47,487] LMCache INFO:[0m Stored 256 tokens in 0.002 seconds [3m(gpu_transfer.py:513:lmcache.v1.multiprocess.modules.gpu_transfer)[0m
[32;20m[2026-06-03 07:42:47,910] LMCache INFO:[0m Stored 256 tokens in 0.005 seconds [3m(gpu_transfer.py:513:lmcache.v1.multiprocess.modules.gpu_transfer)[0m
[32;20m[2026-06-03 07:42:48,229] LMCache INFO:[0m Stored 256 tokens in 0.004 seconds [3m(gpu_transfer.py:513:lmcache.v1.multiprocess.modules.gpu_transfer)[0m
[32;20m[2026-06-03 07:42:48,323] LMCache INFO:[0m Stored 256 tokens in 0.004 seconds [3m(gpu_transfer.py:513:lmcache.v1.multiprocess.modules.gpu_transfer)[0m
[32;20m[2026-06-03 07:42:49,488] LMCache INFO:[0m Stored 2304 tokens in 0.005 seconds [3m(gpu_transfer.py:513:lmcache.v1.multiprocess.modules.gpu_transfer)[0m
[32;20m[2026-06-03 07:42:50,995] LMCache INFO:[0m Stored 256 tokens in 0.003 seconds [3m(gpu_transfer.py:513:lmcache.v1.multiprocess.modules.gpu_transfer)[0m
[32;20m[2026-06-03 07:42:51,096] LMCache INFO:[0m Stored 256 tokens in 0.003 seconds [3m(gpu_transfer.py:513:lmcache.v1.multiprocess.modules.gpu_transfer)[0m
[32;20m[2026-06-03 07:42:51,188] LMCache INFO:[0m Stored 256 tokens in 0.002 seconds [3m(gpu_transfer.py:513:lmcache.v1.multiprocess.modules.gpu_transfer)[0m
[32;20m[2026-06-03 07:42:51,421] LMCache INFO:[0m Stored 256 tokens in 0.006 seconds [3m(gpu_transfer.py:513:lmcache.v1.multiprocess.modules.gpu_transfer)[0m
[32;20m[2026-06-03 07:42:51,510] LMCache INFO:[0m Stored 256 tokens in 0.003 seconds [3m(gpu_transfer.py:513:lmcache.v1.multiprocess.modules.gpu_transfer)[0m
[32;20m[2026-06-03 07:42:51,784] LMCache INFO:[0m Prefetch request completed (L1+L2): 129/134 retained keys (129 L1, 0 L2) in 0.8 ms (external_request_id=chatcmpl-8fa5bde5-5863-48bc-8b37-c2b2faf66201-86e0a846, prefetch_request_id=-1) [3m(storage_manager.py:575:lmcache.v1.distributed.storage_manager)[0m
[32;20m[2026-06-03 07:42:51,963] LMCache INFO:[0m Stored 1280 tokens in 0.006 seconds [3m(gpu_transfer.py:513:lmcache.v1.multiprocess.modules.gpu_transfer)[0m
[32;20m[2026-06-03 07:42:52,677] LMCache INFO:[0m Stored 256 tokens in 0.004 seconds [3m(gpu_transfer.py:513:lmcache.v1.multiprocess.modules.gpu_transfer)[0m
[32;20m[2026-06-03 07:42:52,861] LMCache INFO:[0m Stored 256 tokens in 0.011 seconds [3m(gpu_transfer.py:513:lmcache.v1.multiprocess.modules.gpu_transfer)[0m
[32;20m[2026-06-03 07:42:53,523] LMCache INFO:[0m Stored 256 tokens in 0.008 seconds [3m(gpu_transfer.py:513:lmcache.v1.multiprocess.modules.gpu_transfer)[0m
[32;20m[2026-06-03 07:42:53,908] LMCache INFO:[0m Stored 256 tokens in 0.003 seconds [3m(gpu_transfer.py:513:lmcache.v1.multiprocess.modules.gpu_transfer)[0m
[32;20m[2026-06-03 07:42:54,293] LMCache INFO:[0m Stored 256 tokens in 0.005 seconds [3m(gpu_transfer.py:513:lmcache.v1.multiprocess.modules.gpu_transfer)[0m
[32;20m[2026-06-03 07:42:54,737] LMCache INFO:[0m Stored 256 tokens in 0.003 seconds [3m(gpu_transfer.py:513:lmcache.v1.multiprocess.modules.gpu_transfer)[0m
[32;20m[2026-06-03 07:42:55,150] LMCache INFO:[0m Stored 256 tokens in 0.004 seconds [3m(gpu_transfer.py:513:lmcache.v1.multiprocess.modules.gpu_transfer)[0m
[32;20m[2026-06-03 07:42:55,439] LMCache INFO:[0m Stored 256 tokens in 0.003 seconds [3m(gpu_transfer.py:513:lmcache.v1.multiprocess.modules.gpu_transfer)[0m
[32;20m[2026-06-03 07:42:55,701] LMCache INFO:[0m Stored 256 tokens in 0.004 seconds [3m(gpu_transfer.py:513:lmcache.v1.multiprocess.modules.gpu_transfer)[0m
[32;20m[2026-06-03 07:42:56,023] LMCache INFO:[0m Prefetch request completed (L1+L2): 250/252 retained keys (250 L1, 0 L2) in 1.1 ms (external_request_id=chatcmpl-7a2dcc36-29c6-405d-8dad-cd0da16ed49c-ae6f6450, prefetch_request_id=-1) [3m(storage_manager.py:575:lmcache.v1.distributed.storage_manager)[0m
[32;20m[2026-06-03 07:42:56,205] LMCache INFO:[0m Stored 512 tokens in 0.009 seconds [3m(gpu_transfer.py:513:lmcache.v1.multiprocess.modules.gpu_transfer)[0m
[32;20m[2026-06-03 07:42:57,144] LMCache INFO:[0m Prefetch request completed (L1+L2): 490/495 retained keys (490 L1, 0 L2) in 1.4 ms (external_request_id=chatcmpl-22ba6ee6-fbf5-413a-b166-2d93094d5a28-84e52bf1, prefetch_request_id=-1) [3m(storage_manager.py:575:lmcache.v1.distributed.storage_manager)[0m
[32;20m[2026-06-03 07:42:57,453] LMCache INFO:[0m Stored 1280 tokens in 0.015 seconds [3m(gpu_transfer.py:513:lmcache.v1.multiprocess.modules.gpu_transfer)[0m
[32;20m[2026-06-03 07:42:58,111] LMCache INFO:[0m Stored 256 tokens in 0.004 seconds [3m(gpu_transfer.py:513:lmcache.v1.multiprocess.modules.gpu_transfer)[0m
[32;20m[2026-06-03 07:42:58,289] LMCache INFO:[0m Stored 256 tokens in 0.004 seconds [3m(gpu_transfer.py:513:lmcache.v1.multiprocess.modules.gpu_transfer)[0m
[32;20m[2026-06-03 07:42:58,415] LMCache INFO:[0m Stored 256 tokens in 0.003 seconds [3m(gpu_transfer.py:513:lmcache.v1.multiprocess.modules.gpu_transfer)[0m
[32;20m[2026-06-03 07:42:58,719] LMCache INFO:[0m Stored 256 tokens in 0.003 seconds [3m(gpu_transfer.py:513:lmcache.v1.multiprocess.modules.gpu_transfer)[0m
[32;20m[2026-06-03 07:42:58,917] LMCache INFO:[0m Prefetch request completed (L1+L2): 200/200 retained keys (200 L1, 0 L2) in 1.2 ms (external_request_id=chatcmpl-9a563acb-c33d-4103-abb3-ba474ded400f-91ee2e3a, prefetch_request_id=-1) [3m(storage_manager.py:575:lmcache.v1.distributed.storage_manager)[0m
[32;20m[2026-06-03 07:42:58,987] LMCache INFO:[0m Retrieved 512 tokens in 0.033 seconds [3m(gpu_transfer.py:728:lmcache.v1.multiprocess.modules.gpu_transfer)[0m
[32;20m[2026-06-03 07:42:58,988] LMCache INFO:[0m Retrieved 512 tokens in 0.013 seconds [3m(gpu_transfer.py:728:lmcache.v1.multiprocess.modules.gpu_transfer)[0m
[32;20m[2026-06-03 07:42:58,988] LMCache INFO:[0m Retrieved 512 tokens in 0.019 seconds [3m(gpu_transfer.py:728:lmcache.v1.multiprocess.modules.gpu_transfer)[0m
[32;20m[2026-06-03 07:42:58,997] LMCache INFO:[0m Stored 256 tokens in 0.008 seconds [3m(gpu_transfer.py:513:lmcache.v1.multiprocess.modules.gpu_transfer)[0m
[32;20m[2026-06-03 07:42:58,997] LMCache INFO:[0m Retrieved 512 tokens in 0.003 seconds [3m(gpu_transfer.py:728:lmcache.v1.multiprocess.modules.gpu_transfer)[0m
[32;20m[2026-06-03 07:42:59,639] LMCache INFO:[0m Stored 256 tokens in 0.005 seconds [3m(gpu_transfer.py:513:lmcache.v1.multiprocess.modules.gpu_transfer)[0m
[32;20m[2026-06-03 07:42:59,727] LMCache INFO:[0m Stored 256 tokens in 0.002 seconds [3m(gpu_transfer.py:513:lmcache.v1.multiprocess.modules.gpu_transfer)[0m
[32;20m[2026-06-03 07:43:00,342] LMCache INFO:[0m Stored 256 tokens in 0.004 seconds [3m(gpu_transfer.py:513:lmcache.v1.multiprocess.modules.gpu_transfer)[0m
[32;20m[2026-06-03 07:43:00,552] LMCache INFO:[0m Stored 256 tokens in 0.004 seconds [3m(gpu_transfer.py:513:lmcache.v1.multiprocess.modules.gpu_transfer)[0m
[32;20m[2026-06-03 07:43:00,738] LMCache INFO:[0m Stored 256 tokens in 0.007 seconds [3m(gpu_transfer.py:513:lmcache.v1.multiprocess.modules.gpu_transfer)[0m
[32;20m[2026-06-03 07:43:01,156] LMCache INFO:[0m Stored 256 tokens in 0.003 seconds [3m(gpu_transfer.py:513:lmcache.v1.multiprocess.modules.gpu_transfer)[0m
[32;20m[2026-06-03 07:43:01,322] LMCache INFO:[0m Stored 256 tokens in 0.003 seconds [3m(gpu_transfer.py:513:lmcache.v1.multiprocess.modules.gpu_transfer)[0m
[32;20m[2026-06-03 07:43:02,064] LMCache INFO:[0m Stored 256 tokens in 0.006 seconds [3m(gpu_transfer.py:513:lmcache.v1.multiprocess.modules.gpu_transfer)[0m
[32;20m[2026-06-03 07:43:02,372] LMCache INFO:[0m Prefetch request completed (L1+L2): 261/264 retained keys (261 L1, 0 L2) in 1.5 ms (external_request_id=chatcmpl-e91c5033-27d9-425d-9ecd-5dc22409fedc-a5c3ddb2, prefetch_request_id=-1) [3m(storage_manager.py:575:lmcache.v1.distributed.storage_manager)[0m
[32;20m[2026-06-03 07:43:02,565] LMCache INFO:[0m Stored 768 tokens in 0.009 seconds [3m(gpu_transfer.py:513:lmcache.v1.multiprocess.modules.gpu_transfer)[0m
[32;20m[2026-06-03 07:43:02,825] LMCache INFO:[0m Stored 256 tokens in 0.004 seconds [3m(gpu_transfer.py:513:lmcache.v1.multiprocess.modules.gpu_transfer)[0m
[32;20m[2026-06-03 07:43:02,954] LMCache INFO:[0m Stored 256 tokens in 0.004 seconds [3m(gpu_transfer.py:513:lmcache.v1.multiprocess.modules.gpu_transfer)[0m
[32;20m[2026-06-03 07:43:03,372] LMCache INFO:[0m Stored 256 tokens in 0.002 seconds [3m(gpu_transfer.py:513:lmcache.v1.multiprocess.modules.gpu_transfer)[0m
[32;20m[2026-06-03 07:43:04,234] LMCache INFO:[0m Stored 256 tokens in 0.006 seconds [3m(gpu_transfer.py:513:lmcache.v1.multiprocess.modules.gpu_transfer)[0m
[32;20m[2026-06-03 07:43:04,307] LMCache INFO:[0m Stored 256 tokens in 0.003 seconds [3m(gpu_transfer.py:513:lmcache.v1.multiprocess.modules.gpu_transfer)[0m
[32;20m[2026-06-03 07:43:05,201] LMCache INFO:[0m Prefetch request completed (L1+L2): 278/282 retained keys (278 L1, 0 L2) in 1.3 ms (external_request_id=chatcmpl-0b972259-e935-48cc-bea6-0f4ee6988ea9-ad16a322, prefetch_request_id=-1) [3m(storage_manager.py:575:lmcache.v1.distributed.storage_manager)[0m
[32;20m[2026-06-03 07:43:05,444] LMCache INFO:[0m Stored 1024 tokens in 0.010 seconds [3m(gpu_transfer.py:513:lmcache.v1.multiprocess.modules.gpu_transfer)[0m
[32;20m[2026-06-03 07:43:06,505] LMCache INFO:[0m Stored 256 tokens in 0.008 seconds [3m(gpu_transfer.py:513:lmcache.v1.multiprocess.modules.gpu_transfer)[0m
[32;20m[2026-06-03 07:43:06,866] LMCache INFO:[0m Stored 256 tokens in 0.005 seconds [3m(gpu_transfer.py:513:lmcache.v1.multiprocess.modules.gpu_transfer)[0m
[32;20m[2026-06-03 07:43:07,414] LMCache INFO:[0m Prefetch request completed (L1+L2): 181/189 retained keys (181 L1, 0 L2) in 1.3 ms (external_request_id=chatcmpl-5bf65369-aa70-4c78-8388-88ae2422ad9d-85f2edb1, prefetch_request_id=-1) [3m(storage_manager.py:575:lmcache.v1.distributed.storage_manager)[0m
[32;20m[2026-06-03 07:43:07,576] LMCache INFO:[0m Stored 2048 tokens in 0.008 seconds [3m(gpu_transfer.py:513:lmcache.v1.multiprocess.modules.gpu_transfer)[0m
[32;20m[2026-06-03 07:43:07,964] LMCache INFO:[0m Stored 256 tokens in 0.003 seconds [3m(gpu_transfer.py:513:lmcache.v1.multiprocess.modules.gpu_transfer)[0m
[32;20m[2026-06-03 07:43:08,326] LMCache INFO:[0m Stored 256 tokens in 0.003 seconds [3m(gpu_transfer.py:513:lmcache.v1.multiprocess.modules.gpu_transfer)[0m
[32;20m[2026-06-03 07:43:08,574] LMCache INFO:[0m Stored 256 tokens in 0.003 seconds [3m(gpu_transfer.py:513:lmcache.v1.multiprocess.modules.gpu_transfer)[0m
[32;20m[2026-06-03 07:43:08,799] LMCache INFO:[0m Stored 256 tokens in 0.003 seconds [3m(gpu_transfer.py:513:lmcache.v1.multiprocess.modules.gpu_transfer)[0m
[32;20m[2026-06-03 07:43:09,491] LMCache INFO:[0m Prefetch request completed (L1+L2): 365/365 retained keys (365 L1, 0 L2) in 1.9 ms (external_request_id=chatcmpl-72a7bc20-b59e-4a09-88cd-f598fb571b6b-b8202b7d, prefetch_request_id=-1) [3m(storage_manager.py:575:lmcache.v1.distributed.storage_manager)[0m
[32;20m[2026-06-03 07:43:09,676] LMCache INFO:[0m Prefetch request completed (L1+L2): 257/269 retained keys (257 L1, 0 L2) in 10.3 ms (external_request_id=chatcmpl-5f4655fe-e51f-4148-bb30-2057e886341f-876fb906, prefetch_request_id=-1) [3m(storage_manager.py:575:lmcache.v1.distributed.storage_manager)[0m
[32;20m[2026-06-03 07:43:09,964] LMCache INFO:[0m Stored 3072 tokens in 0.010 seconds [3m(gpu_transfer.py:513:lmcache.v1.multiprocess.modules.gpu_transfer)[0m
[32;20m[2026-06-03 07:43:10,692] LMCache INFO:[0m Stored 7936 tokens in 0.006 seconds [3m(gpu_transfer.py:513:lmcache.v1.multiprocess.modules.gpu_transfer)[0m
[32;20m[2026-06-03 07:43:11,001] LMCache INFO:[0m Stored 8192 tokens in 0.006 seconds [3m(gpu_transfer.py:513:lmcache.v1.multiprocess.modules.gpu_transfer)[0m
[32;20m[2026-06-03 07:43:11,430] LMCache INFO:[0m Stored 8192 tokens in 0.009 seconds [3m(gpu_transfer.py:513:lmcache.v1.multiprocess.modules.gpu_transfer)[0m
[32;20m[2026-06-03 07:43:11,981] LMCache INFO:[0m Stored 8192 tokens in 0.006 seconds [3m(gpu_transfer.py:513:lmcache.v1.multiprocess.modules.gpu_transfer)[0m
[32;20m[2026-06-03 07:43:12,691] LMCache INFO:[0m Stored 8192 tokens in 0.007 seconds [3m(gpu_transfer.py:513:lmcache.v1.multiprocess.modules.gpu_transfer)[0m
[32;20m[2026-06-03 07:43:13,557] LMCache INFO:[0m Stored 8192 tokens in 0.006 seconds [3m(gpu_transfer.py:513:lmcache.v1.multiprocess.modules.gpu_transfer)[0m
[32;20m[2026-06-03 07:43:14,573] LMCache INFO:[0m Stored 8192 tokens in 0.007 seconds [3m(gpu_transfer.py:513:lmcache.v1.multiprocess.modules.gpu_transfer)[0m
[32;20m[2026-06-03 07:43:15,731] LMCache INFO:[0m Stored 8192 tokens in 0.007 seconds [3m(gpu_transfer.py:513:lmcache.v1.multiprocess.modules.gpu_transfer)[0m
[32;20m[2026-06-03 07:43:17,033] LMCache INFO:[0m Stored 8192 tokens in 0.006 seconds [3m(gpu_transfer.py:513:lmcache.v1.multiprocess.modules.gpu_transfer)[0m
[32;20m[2026-06-03 07:43:18,430] LMCache INFO:[0m Prefetch request completed (L1+L2): 365/368 retained keys (365 L1, 0 L2) in 1.5 ms (external_request_id=chatcmpl-aa1d5ca9-3bf2-44ea-8071-46eead3a8fc2-a5fc667e, prefetch_request_id=-1) [3m(storage_manager.py:575:lmcache.v1.distributed.storage_manager)[0m
[32;20m[2026-06-03 07:43:18,495] LMCache INFO:[0m Stored 8192 tokens in 0.007 seconds [3m(gpu_transfer.py:513:lmcache.v1.multiprocess.modules.gpu_transfer)[0m
[32;20m[2026-06-03 07:43:18,511] LMCache INFO:[0m Prefetch request completed (L1+L2): 252/256 retained keys (252 L1, 0 L2) in 1.3 ms (external_request_id=chatcmpl-0b65fc50-835b-45f1-8630-121a2657d39c-8ce6d56e, prefetch_request_id=-1) [3m(storage_manager.py:575:lmcache.v1.distributed.storage_manager)[0m
[32;20m[2026-06-03 07:43:18,582] LMCache INFO:[0m Prefetch request completed (L1+L2): 237/237 retained keys (237 L1, 0 L2) in 0.9 ms (external_request_id=chatcmpl-fd9b1c64-0e90-47d1-9cd8-71bd9cf67b98-b29d5e15, prefetch_request_id=-1) [3m(storage_manager.py:575:lmcache.v1.distributed.storage_manager)[0m
[32;20m[2026-06-03 07:43:20,261] LMCache INFO:[0m Stored 768 tokens in 0.012 seconds [3m(gpu_transfer.py:513:lmcache.v1.multiprocess.modules.gpu_transfer)[0m
[32;20m[2026-06-03 07:43:20,953] LMCache INFO:[0m Stored 1024 tokens in 0.009 seconds [3m(gpu_transfer.py:513:lmcache.v1.multiprocess.modules.gpu_transfer)[0m
[32;20m[2026-06-03 07:43:20,964] LMCache INFO:[0m Stored 768 tokens in 0.003 seconds [3m(gpu_transfer.py:513:lmcache.v1.multiprocess.modules.gpu_transfer)[0m
[32;20m[2026-06-03 07:43:20,970] LMCache INFO:[0m Stored 256 tokens in 0.003 seconds [3m(gpu_transfer.py:513:lmcache.v1.multiprocess.modules.gpu_transfer)[0m
[32;20m[2026-06-03 07:43:21,102] LMCache INFO:[0m Stored 256 tokens in 0.004 seconds [3m(gpu_transfer.py:513:lmcache.v1.multiprocess.modules.gpu_transfer)[0m
[32;20m[2026-06-03 07:43:21,680] LMCache INFO:[0m Stored 256 tokens in 0.009 seconds [3m(gpu_transfer.py:513:lmcache.v1.multiprocess.modules.gpu_transfer)[0m
[32;20m[2026-06-03 07:43:21,730] LMCache INFO:[0m Stored 256 tokens in 0.002 seconds [3m(gpu_transfer.py:513:lmcache.v1.multiprocess.modules.gpu_transfer)[0m
[32;20m[2026-06-03 07:43:22,115] LMCache INFO:[0m Prefetch request completed (L1+L2): 401/401 retained keys (401 L1, 0 L2) in 1.3 ms (external_request_id=chatcmpl-493f69dc-9dc3-443b-8adf-f351c4b1dacb-afd2a7c5, prefetch_request_id=-1) [3m(storage_manager.py:575:lmcache.v1.distributed.storage_manager)[0m
[32;20m[2026-06-03 07:43:22,287] LMCache INFO:[0m Stored 256 tokens in 0.041 seconds [3m(gpu_transfer.py:513:lmcache.v1.multiprocess.modules.gpu_transfer)[0m
[32;20m[2026-06-03 07:43:22,293] LMCache INFO:[0m Stored 256 tokens in 0.004 seconds [3m(gpu_transfer.py:513:lmcache.v1.multiprocess.modules.gpu_transfer)[0m
[32;20m[2026-06-03 07:43:22,941] LMCache INFO:[0m Stored 256 tokens in 0.003 seconds [3m(gpu_transfer.py:513:lmcache.v1.multiprocess.modules.gpu_transfer)[0m
[32;20m[2026-06-03 07:43:23,035] LMCache INFO:[0m Stored 256 tokens in 0.003 seconds [3m(gpu_transfer.py:513:lmcache.v1.multiprocess.modules.gpu_transfer)[0m
[32;20m[2026-06-03 07:43:23,133] LMCache INFO:[0m Stored 256 tokens in 0.004 seconds [3m(gpu_transfer.py:513:lmcache.v1.multiprocess.modules.gpu_transfer)[0m
[32;20m[2026-06-03 07:43:23,280] LMCache INFO:[0m Stored 256 tokens in 0.007 seconds [3m(gpu_transfer.py:513:lmcache.v1.multiprocess.modules.gpu_transfer)[0m
[32;20m[2026-06-03 07:43:23,625] LMCache INFO:[0m Prefetch request completed (L1+L2): 237/237 retained keys (237 L1, 0 L2) in 1.0 ms (external_request_id=chatcmpl-9d9fb165-41ac-416e-9c39-703b018c3dd0-b9f3eb55, prefetch_request_id=-1) [3m(storage_manager.py:575:lmcache.v1.distributed.storage_manager)[0m
[32;20m[2026-06-03 07:43:23,783] LMCache INFO:[0m Stored 256 tokens in 0.003 seconds [3m(gpu_transfer.py:513:lmcache.v1.multiprocess.modules.gpu_transfer)[0m
[32;20m[2026-06-03 07:43:23,959] LMCache INFO:[0m Stored 256 tokens in 0.003 seconds [3m(gpu_transfer.py:513:lmcache.v1.multiprocess.modules.gpu_transfer)[0m
[32;20m[2026-06-03 07:43:24,368] LMCache INFO:[0m Stored 256 tokens in 0.004 seconds [3m(gpu_transfer.py:513:lmcache.v1.multiprocess.modules.gpu_transfer)[0m
[32;20m[2026-06-03 07:43:24,747] LMCache INFO:[0m Stored 256 tokens in 0.005 seconds [3m(gpu_transfer.py:513:lmcache.v1.multiprocess.modules.gpu_transfer)[0m
[32;20m[2026-06-03 07:43:25,064] LMCache INFO:[0m Stored 256 tokens in 0.002 seconds [3m(gpu_transfer.py:513:lmcache.v1.multiprocess.modules.gpu_transfer)[0m
[32;20m[2026-06-03 07:43:25,185] LMCache INFO:[0m Stored 256 tokens in 0.004 seconds [3m(gpu_transfer.py:513:lmcache.v1.multiprocess.modules.gpu_transfer)[0m
[32;20m[2026-06-03 07:43:25,294] LMCache INFO:[0m Stored 256 tokens in 0.009 seconds [3m(gpu_transfer.py:513:lmcache.v1.multiprocess.modules.gpu_transfer)[0m
[32;20m[2026-06-03 07:43:25,369] LMCache INFO:[0m Stored 256 tokens in 0.012 seconds [3m(gpu_transfer.py:513:lmcache.v1.multiprocess.modules.gpu_transfer)[0m
[32;20m[2026-06-03 07:43:25,753] LMCache INFO:[0m Stored 256 tokens in 0.002 seconds [3m(gpu_transfer.py:513:lmcache.v1.multiprocess.modules.gpu_transfer)[0m
[32;20m[2026-06-03 07:43:26,619] LMCache INFO:[0m Stored 256 tokens in 0.006 seconds [3m(gpu_transfer.py:513:lmcache.v1.multiprocess.modules.gpu_transfer)[0m
[32;20m[2026-06-03 07:43:26,691] LMCache INFO:[0m Stored 256 tokens in 0.004 seconds [3m(gpu_transfer.py:513:lmcache.v1.multiprocess.modules.gpu_transfer)[0m
[32;20m[2026-06-03 07:43:27,724] LMCache INFO:[0m Prefetch request completed (L1+L2): 1/185 retained keys (1 L1, 0 L2) in 1.2 ms (external_request_id=chatcmpl-5d322137-0ebd-4297-af2d-48e0c7dd5ae4-b6f0ceb4, prefetch_request_id=-1) [3m(storage_manager.py:575:lmcache.v1.distributed.storage_manager)[0m
[32;20m[2026-06-03 07:43:27,929] LMCache INFO:[0m Stored 8192 tokens in 0.006 seconds [3m(gpu_transfer.py:513:lmcache.v1.multiprocess.modules.gpu_transfer)[0m
[32;20m[2026-06-03 07:43:28,094] LMCache INFO:[0m Stored 8192 tokens in 0.015 seconds [3m(gpu_transfer.py:513:lmcache.v1.multiprocess.modules.gpu_transfer)[0m
[32;20m[2026-06-03 07:43:28,646] LMCache INFO:[0m Stored 8192 tokens in 0.010 seconds [3m(gpu_transfer.py:513:lmcache.v1.multiprocess.modules.gpu_transfer)[0m
[32;20m[2026-06-03 07:43:29,201] LMCache INFO:[0m Stored 8192 tokens in 0.006 seconds [3m(gpu_transfer.py:513:lmcache.v1.multiprocess.modules.gpu_transfer)[0m
[32;20m[2026-06-03 07:43:29,856] LMCache INFO:[0m Prefetch request completed (L1+L2): 189/241 retained keys (189 L1, 0 L2) in 1.0 ms (external_request_id=chatcmpl-289efde9-bf53-4cea-9e8d-e14cbdd567ea-a7573f84, prefetch_request_id=-1) [3m(storage_manager.py:575:lmcache.v1.distributed.storage_manager)[0m
[32;20m[2026-06-03 07:43:29,950] LMCache INFO:[0m Stored 8192 tokens in 0.015 seconds [3m(gpu_transfer.py:513:lmcache.v1.multiprocess.modules.gpu_transfer)[0m
[32;20m[2026-06-03 07:43:30,806] LMCache INFO:[0m Stored 1792 tokens in 0.008 seconds [3m(gpu_transfer.py:513:lmcache.v1.multiprocess.modules.gpu_transfer)[0m
[32;20m[2026-06-03 07:43:31,745] LMCache INFO:[0m Stored 6144 tokens in 0.005 seconds [3m(gpu_transfer.py:513:lmcache.v1.multiprocess.modules.gpu_transfer)[0m
[32;20m[2026-06-03 07:43:31,829] LMCache INFO:[0m Prefetch request completed (L1+L2): 258/261 retained keys (258 L1, 0 L2) in 1.8 ms (external_request_id=chatcmpl-f0c37a85-9a32-43f1-8cef-9a704fd1fb8c-9e8ca9a3, prefetch_request_id=-1) [3m(storage_manager.py:575:lmcache.v1.distributed.storage_manager)[0m
[32;20m[2026-06-03 07:43:31,889] LMCache INFO:[0m Stored 8192 tokens in 0.007 seconds [3m(gpu_transfer.py:513:lmcache.v1.multiprocess.modules.gpu_transfer)[0m
[32;20m[2026-06-03 07:43:31,926] LMCache INFO:[0m Prefetch request completed (L1+L2): 366/367 retained keys (366 L1, 0 L2) in 1.6 ms (external_request_id=chatcmpl-a3f51052-6e61-41ba-8817-4f5646e73de6-b35fd8ba, prefetch_request_id=-1) [3m(storage_manager.py:575:lmcache.v1.distributed.storage_manager)[0m
[32;20m[2026-06-03 07:43:31,983] LMCache INFO:[0m Prefetch request completed (L1+L2): 134/140 retained keys (134 L1, 0 L2) in 1.0 ms (external_request_id=chatcmpl-6b5b2c6c-83f5-4c39-84e1-19506781d4c0-89a297f3, prefetch_request_id=-1) [3m(storage_manager.py:575:lmcache.v1.distributed.storage_manager)[0m
[32;20m[2026-06-03 07:43:33,027] LMCache INFO:[0m Prefetch request completed (L1+L2): 237/240 retained keys (237 L1, 0 L2) in 1.1 ms (external_request_id=chatcmpl-3e008831-75e1-4abc-901c-db7d2d6ede18-8758680b, prefetch_request_id=-1) [3m(storage_manager.py:575:lmcache.v1.distributed.storage_manager)[0m
[32;20m[2026-06-03 07:43:33,234] LMCache INFO:[0m Stored 768 tokens in 0.017 seconds [3m(gpu_transfer.py:513:lmcache.v1.multiprocess.modules.gpu_transfer)[0m
[32;20m[2026-06-03 07:43:34,333] LMCache INFO:[0m Stored 256 tokens in 0.012 seconds [3m(gpu_transfer.py:513:lmcache.v1.multiprocess.modules.gpu_transfer)[0m
[32;20m[2026-06-03 07:43:34,340] LMCache INFO:[0m Stored 1536 tokens in 0.005 seconds [3m(gpu_transfer.py:513:lmcache.v1.multiprocess.modules.gpu_transfer)[0m
[32;20m[2026-06-03 07:43:34,347] LMCache INFO:[0m Stored 3328 tokens in 0.004 seconds [3m(gpu_transfer.py:513:lmcache.v1.multiprocess.modules.gpu_transfer)[0m
[32;20m[2026-06-03 07:43:34,466] LMCache INFO:[0m Stored 768 tokens in 0.008 seconds [3m(gpu_transfer.py:513:lmcache.v1.multiprocess.modules.gpu_transfer)[0m
[32;20m[2026-06-03 07:43:35,301] LMCache INFO:[0m Stored 256 tokens in 0.005 seconds [3m(gpu_transfer.py:513:lmcache.v1.multiprocess.modules.gpu_transfer)[0m
[32;20m[2026-06-03 07:43:35,364] LMCache INFO:[0m Stored 256 tokens in 0.011 seconds [3m(gpu_transfer.py:513:lmcache.v1.multiprocess.modules.gpu_transfer)[0m
[32;20m[2026-06-03 07:43:36,035] LMCache INFO:[0m Stored 256 tokens in 0.004 seconds [3m(gpu_transfer.py:513:lmcache.v1.multiprocess.modules.gpu_transfer)[0m
[32;20m[2026-06-03 07:43:36,413] LMCache INFO:[0m Stored 256 tokens in 0.004 seconds [3m(gpu_transfer.py:513:lmcache.v1.multiprocess.modules.gpu_transfer)[0m
[32;20m[2026-06-03 07:43:36,679] LMCache INFO:[0m Stored 256 tokens in 0.003 seconds [3m(gpu_transfer.py:513:lmcache.v1.multiprocess.modules.gpu_transfer)[0m
[32;20m[2026-06-03 07:43:36,915] LMCache INFO:[0m Stored 256 tokens in 0.003 seconds [3m(gpu_transfer.py:513:lmcache.v1.multiprocess.modules.gpu_transfer)[0m
[32;20m[2026-06-03 07:43:37,740] LMCache INFO:[0m Prefetch request completed (L1+L2): 367/369 retained keys (367 L1, 0 L2) in 17.9 ms (external_request_id=chatcmpl-ae26328a-cf16-44ad-a906-a2488ba1d8a2-94e484d9, prefetch_request_id=-1) [3m(storage_manager.py:575:lmcache.v1.distributed.storage_manager)[0m
[32;20m[2026-06-03 07:43:38,021] LMCache INFO:[0m Prefetch request completed (L1+L2): 256/259 retained keys (256 L1, 0 L2) in 16.7 ms (external_request_id=chatcmpl-3a958938-fbb4-4fb6-b604-f90c2b89bd76-805f2a82, prefetch_request_id=-1) [3m(storage_manager.py:575:lmcache.v1.distributed.storage_manager)[0m
[32;20m[2026-06-03 07:43:38,051] LMCache INFO:[0m Stored 512 tokens in 0.012 seconds [3m(gpu_transfer.py:513:lmcache.v1.multiprocess.modules.gpu_transfer)[0m
[32;20m[2026-06-03 07:43:38,400] LMCache INFO:[0m Stored 768 tokens in 0.009 seconds [3m(gpu_transfer.py:513:lmcache.v1.multiprocess.modules.gpu_transfer)[0m
[32;20m[2026-06-03 07:43:39,181] LMCache INFO:[0m Stored 256 tokens in 0.006 seconds [3m(gpu_transfer.py:513:lmcache.v1.multiprocess.modules.gpu_transfer)[0m
[32;20m[2026-06-03 07:43:39,243] LMCache INFO:[0m Stored 256 tokens in 0.003 seconds [3m(gpu_transfer.py:513:lmcache.v1.multiprocess.modules.gpu_transfer)[0m
[32;20m[2026-06-03 07:43:39,404] LMCache INFO:[0m Stored 256 tokens in 0.004 seconds [3m(gpu_transfer.py:513:lmcache.v1.multiprocess.modules.gpu_transfer)[0m
[32;20m[2026-06-03 07:43:39,734] LMCache INFO:[0m Stored 256 tokens in 0.006 seconds [3m(gpu_transfer.py:513:lmcache.v1.multiprocess.modules.gpu_transfer)[0m
[32;20m[2026-06-03 07:43:40,086] LMCache INFO:[0m Stored 7936 tokens in 0.006 seconds [3m(gpu_transfer.py:513:lmcache.v1.multiprocess.modules.gpu_transfer)[0m
[32;20m[2026-06-03 07:43:40,274] LMCache INFO:[0m Stored 8192 tokens in 0.018 seconds [3m(gpu_transfer.py:513:lmcache.v1.multiprocess.modules.gpu_transfer)[0m
[32;20m[2026-06-03 07:43:40,819] LMCache INFO:[0m Stored 8192 tokens in 0.006 seconds [3m(gpu_transfer.py:513:lmcache.v1.multiprocess.modules.gpu_transfer)[0m
[32;20m[2026-06-03 07:43:41,372] LMCache INFO:[0m Stored 8192 tokens in 0.006 seconds [3m(gpu_transfer.py:513:lmcache.v1.multiprocess.modules.gpu_transfer)[0m
[32;20m[2026-06-03 07:43:42,082] LMCache INFO:[0m Stored 8192 tokens in 0.006 seconds [3m(gpu_transfer.py:513:lmcache.v1.multiprocess.modules.gpu_transfer)[0m
[32;20m[2026-06-03 07:43:42,946] LMCache INFO:[0m Stored 8192 tokens in 0.007 seconds [3m(gpu_transfer.py:513:lmcache.v1.multiprocess.modules.gpu_transfer)[0m
[32;20m[2026-06-03 07:43:43,968] LMCache INFO:[0m Stored 256 tokens in 0.005 seconds [3m(gpu_transfer.py:513:lmcache.v1.multiprocess.modules.gpu_transfer)[0m
[32;20m[2026-06-03 07:43:44,975] LMCache INFO:[0m Stored 256 tokens in 0.003 seconds [3m(gpu_transfer.py:513:lmcache.v1.multiprocess.modules.gpu_transfer)[0m
[32;20m[2026-06-03 07:43:44,984] LMCache INFO:[0m Stored 8192 tokens in 0.006 seconds [3m(gpu_transfer.py:513:lmcache.v1.multiprocess.modules.gpu_transfer)[0m
[32;20m[2026-06-03 07:43:45,081] LMCache INFO:[0m Prefetch request completed (L1+L2): 365/365 retained keys (365 L1, 0 L2) in 2.0 ms (external_request_id=chatcmpl-ff12f96e-ff12-45ab-9acc-093ae9818973-b95a33a9, prefetch_request_id=-1) [3m(storage_manager.py:575:lmcache.v1.distributed.storage_manager)[0m
[32;20m[2026-06-03 07:43:45,269] LMCache INFO:[0m Stored 8192 tokens in 0.164 seconds [3m(gpu_transfer.py:513:lmcache.v1.multiprocess.modules.gpu_transfer)[0m
[32;20m[2026-06-03 07:43:46,463] LMCache INFO:[0m Stored 7424 tokens in 0.005 seconds [3m(gpu_transfer.py:513:lmcache.v1.multiprocess.modules.gpu_transfer)[0m
[32;20m[2026-06-03 07:43:48,239] LMCache INFO:[0m Stored 256 tokens in 0.003 seconds [3m(gpu_transfer.py:513:lmcache.v1.multiprocess.modules.gpu_transfer)[0m
[32;20m[2026-06-03 07:43:48,316] LMCache INFO:[0m Stored 256 tokens in 0.004 seconds [3m(gpu_transfer.py:513:lmcache.v1.multiprocess.modules.gpu_transfer)[0m
[32;20m[2026-06-03 07:43:48,465] LMCache INFO:[0m Prefetch request completed (L1+L2): 93/93 retained keys (93 L1, 0 L2) in 1.1 ms (external_request_id=chatcmpl-f3a8eac9-fc09-4fe8-af26-c0ee7fa6480e-826a6b24, prefetch_request_id=-1) [3m(storage_manager.py:575:lmcache.v1.distributed.storage_manager)[0m
[32;20m[2026-06-03 07:43:48,537] LMCache INFO:[0m Retrieved 8704 tokens in 0.034 seconds [3m(gpu_transfer.py:728:lmcache.v1.multiprocess.modules.gpu_transfer)[0m
[32;20m[2026-06-03 07:43:48,537] LMCache INFO:[0m Retrieved 8704 tokens in 0.013 seconds [3m(gpu_transfer.py:728:lmcache.v1.multiprocess.modules.gpu_transfer)[0m
[32;20m[2026-06-03 07:43:48,537] LMCache INFO:[0m Retrieved 8704 tokens in 0.017 seconds [3m(gpu_transfer.py:728:lmcache.v1.multiprocess.modules.gpu_transfer)[0m
[32;20m[2026-06-03 07:43:48,552] LMCache INFO:[0m Stored 256 tokens in 0.010 seconds [3m(gpu_transfer.py:513:lmcache.v1.multiprocess.modules.gpu_transfer)[0m
[32;20m[2026-06-03 07:43:48,554] LMCache INFO:[0m Retrieved 8704 tokens in 0.007 seconds [3m(gpu_transfer.py:728:lmcache.v1.multiprocess.modules.gpu_transfer)[0m
[32;20m[2026-06-03 07:43:48,946] LMCache INFO:[0m Prefetch request completed (L1+L2): 240/241 retained keys (240 L1, 0 L2) in 1.6 ms (external_request_id=chatcmpl-bc183c14-03ff-4d99-808f-05399266e784-8e6ede80, prefetch_request_id=-1) [3m(storage_manager.py:575:lmcache.v1.distributed.storage_manager)[0m
[32;20m[2026-06-03 07:43:49,128] LMCache INFO:[0m Stored 256 tokens in 0.008 seconds [3m(gpu_transfer.py:513:lmcache.v1.multiprocess.modules.gpu_transfer)[0m
[32;20m[2026-06-03 07:43:49,400] LMCache INFO:[0m Stored 256 tokens in 0.002 seconds [3m(gpu_transfer.py:513:lmcache.v1.multiprocess.modules.gpu_transfer)[0m
[32;20m[2026-06-03 07:43:49,569] LMCache INFO:[0m Stored 256 tokens in 0.002 seconds [3m(gpu_transfer.py:513:lmcache.v1.multiprocess.modules.gpu_transfer)[0m
[32;20m[2026-06-03 07:43:50,296] LMCache INFO:[0m Stored 256 tokens in 0.005 seconds [3m(gpu_transfer.py:513:lmcache.v1.multiprocess.modules.gpu_transfer)[0m
[32;20m[2026-06-03 07:43:50,584] LMCache INFO:[0m Stored 256 tokens in 0.003 seconds [3m(gpu_transfer.py:513:lmcache.v1.multiprocess.modules.gpu_transfer)[0m
[32;20m[2026-06-03 07:43:50,679] LMCache INFO:[0m Stored 256 tokens in 0.009 seconds [3m(gpu_transfer.py:513:lmcache.v1.multiprocess.modules.gpu_transfer)[0m
[32;20m[2026-06-03 07:43:50,733] LMCache INFO:[0m Stored 256 tokens in 0.004 seconds [3m(gpu_transfer.py:513:lmcache.v1.multiprocess.modules.gpu_transfer)[0m
[32;20m[2026-06-03 07:43:52,151] LMCache INFO:[0m Prefetch request completed (L1+L2): 968/976 retained keys (968 L1, 0 L2) in 19.4 ms (external_request_id=chatcmpl-d768cbb1-5065-4126-b500-31e7d328a5cf-bb996c7d, prefetch_request_id=-1) [3m(storage_manager.py:575:lmcache.v1.distributed.storage_manager)[0m
[32;20m[2026-06-03 07:43:52,482] LMCache INFO:[0m Prefetch request completed (L1+L2): 185/185 retained keys (185 L1, 0 L2) in 36.1 ms (external_request_id=chatcmpl-2e8cb687-b74e-404d-9f89-56abe6eb2a14-a5adbb9d, prefetch_request_id=-1) [3m(storage_manager.py:575:lmcache.v1.distributed.storage_manager)[0m
[32;20m[2026-06-03 07:43:52,674] LMCache INFO:[0m Prefetch request completed (L1+L2): 259/275 retained keys (259 L1, 0 L2) in 43.0 ms (external_request_id=chatcmpl-75b8b6b5-9fda-4466-853e-283b91d49e62-9ec2f85a, prefetch_request_id=-1) [3m(storage_manager.py:575:lmcache.v1.distributed.storage_manager)[0m
[32;20m[2026-06-03 07:43:52,912] LMCache INFO:[0m Stored 2048 tokens in 0.260 seconds [3m(gpu_transfer.py:513:lmcache.v1.multiprocess.modules.gpu_transfer)[0m
[32;20m[2026-06-03 07:43:54,523] LMCache INFO:[0m Stored 4096 tokens in 0.010 seconds [3m(gpu_transfer.py:513:lmcache.v1.multiprocess.modules.gpu_transfer)[0m
[32;20m[2026-06-03 07:43:54,633] LMCache INFO:[0m Prefetch request completed (L1+L2): 369/369 retained keys (369 L1, 0 L2) in 1.3 ms (external_request_id=chatcmpl-6faf336d-7c1a-4770-8458-1b083a810a81-8a11c9a3, prefetch_request_id=-1) [3m(storage_manager.py:575:lmcache.v1.distributed.storage_manager)[0m
[32;20m[2026-06-03 07:43:55,734] LMCache INFO:[0m Stored 256 tokens in 0.006 seconds [3m(gpu_transfer.py:513:lmcache.v1.multiprocess.modules.gpu_transfer)[0m
[32;20m[2026-06-03 07:43:56,283] LMCache INFO:[0m Prefetch request completed (L1+L2): 412/416 retained keys (412 L1, 0 L2) in 22.7 ms (external_request_id=chatcmpl-c7a091f3-5c84-468d-bd69-aa2d079f3a78-b4018999, prefetch_request_id=-1) [3m(storage_manager.py:575:lmcache.v1.distributed.storage_manager)[0m
[32;20m[2026-06-03 07:43:56,519] LMCache INFO:[0m Prefetch request completed (L1+L2): 266/270 retained keys (266 L1, 0 L2) in 41.3 ms (external_request_id=chatcmpl-cc94b0fd-1c61-49e1-837b-6fc99bbf3315-ae7f737f, prefetch_request_id=-1) [3m(storage_manager.py:575:lmcache.v1.distributed.storage_manager)[0m
[32;20m[2026-06-03 07:43:56,670] LMCache INFO:[0m Stored 1024 tokens in 0.043 seconds [3m(gpu_transfer.py:513:lmcache.v1.multiprocess.modules.gpu_transfer)[0m
[32;20m[2026-06-03 07:43:57,081] LMCache INFO:[0m Stored 1024 tokens in 0.009 seconds [3m(gpu_transfer.py:513:lmcache.v1.multiprocess.modules.gpu_transfer)[0m
[32;20m[2026-06-03 07:43:59,249] LMCache INFO:[0m Stored 256 tokens in 0.004 seconds [3m(gpu_transfer.py:513:lmcache.v1.multiprocess.modules.gpu_transfer)[0m
[32;20m[2026-06-03 07:43:59,321] LMCache INFO:[0m Stored 256 tokens in 0.003 seconds [3m(gpu_transfer.py:513:lmcache.v1.multiprocess.modules.gpu_transfer)[0m
[32;20m[2026-06-03 07:44:00,032] LMCache INFO:[0m Stored 256 tokens in 0.003 seconds [3m(gpu_transfer.py:513:lmcache.v1.multiprocess.modules.gpu_transfer)[0m
[32;20m[2026-06-03 07:44:00,440] LMCache INFO:[0m Stored 256 tokens in 0.004 seconds [3m(gpu_transfer.py:513:lmcache.v1.multiprocess.modules.gpu_transfer)[0m
[32;20m[2026-06-03 07:44:00,630] LMCache INFO:[0m Prefetch request completed (L1+L2): 667/681 retained keys (667 L1, 0 L2) in 2.6 ms (external_request_id=chatcmpl-dba50353-ccae-41ff-98a9-9a47cd44500e-905e052a, prefetch_request_id=-1) [3m(storage_manager.py:575:lmcache.v1.distributed.storage_manager)[0m
[32;20m[2026-06-03 07:44:01,009] LMCache INFO:[0m Stored 3584 tokens in 0.021 seconds [3m(gpu_transfer.py:513:lmcache.v1.multiprocess.modules.gpu_transfer)[0m
[32;20m[2026-06-03 07:44:02,381] LMCache INFO:[0m Prefetch request completed (L1+L2): 241/269 retained keys (241 L1, 0 L2) in 1.7 ms (external_request_id=chatcmpl-410b599a-dde1-40ab-8e2f-f194766d108c-afae7607, prefetch_request_id=-1) [3m(storage_manager.py:575:lmcache.v1.distributed.storage_manager)[0m
[32;20m[2026-06-03 07:44:02,438] LMCache INFO:[0m Prefetch request completed (L1+L2): 205/208 retained keys (205 L1, 0 L2) in 1.3 ms (external_request_id=chatcmpl-f574a1bc-c927-4c13-a369-032e36bd6b9f-83ad7dd0, prefetch_request_id=-1) [3m(storage_manager.py:575:lmcache.v1.distributed.storage_manager)[0m
[32;20m[2026-06-03 07:44:02,653] LMCache INFO:[0m Retrieved 52480 tokens in 0.095 seconds [3m(gpu_transfer.py:728:lmcache.v1.multiprocess.modules.gpu_transfer)[0m
[32;20m[2026-06-03 07:44:02,654] LMCache INFO:[0m Retrieved 52480 tokens in 0.070 seconds [3m(gpu_transfer.py:728:lmcache.v1.multiprocess.modules.gpu_transfer)[0m
[32;20m[2026-06-03 07:44:02,694] LMCache INFO:[0m Retrieved 52480 tokens in 0.082 seconds [3m(gpu_transfer.py:728:lmcache.v1.multiprocess.modules.gpu_transfer)[0m
[32;20m[2026-06-03 07:44:02,701] LMCache INFO:[0m Stored 7168 tokens in 0.025 seconds [3m(gpu_transfer.py:513:lmcache.v1.multiprocess.modules.gpu_transfer)[0m
[32;20m[2026-06-03 07:44:03,812] LMCache INFO:[0m Retrieved 52480 tokens in 1.130 seconds [3m(gpu_transfer.py:728:lmcache.v1.multiprocess.modules.gpu_transfer)[0m
[32;20m[2026-06-03 07:44:04,159] LMCache INFO:[0m Stored 768 tokens in 0.003 seconds [3m(gpu_transfer.py:513:lmcache.v1.multiprocess.modules.gpu_transfer)[0m
[32;20m[2026-06-03 07:44:04,505] LMCache INFO:[0m Stored 256 tokens in 0.006 seconds [3m(gpu_transfer.py:513:lmcache.v1.multiprocess.modules.gpu_transfer)[0m
[32;20m[2026-06-03 07:44:04,547] LMCache INFO:[0m Stored 256 tokens in 0.003 seconds [3m(gpu_transfer.py:513:lmcache.v1.multiprocess.modules.gpu_transfer)[0m
[32;20m[2026-06-03 07:44:04,885] LMCache INFO:[0m Stored 256 tokens in 0.003 seconds [3m(gpu_transfer.py:513:lmcache.v1.multiprocess.modules.gpu_transfer)[0m
[32;20m[2026-06-03 07:44:05,055] LMCache INFO:[0m Stored 256 tokens in 0.003 seconds [3m(gpu_transfer.py:513:lmcache.v1.multiprocess.modules.gpu_transfer)[0m
[32;20m[2026-06-03 07:44:05,202] LMCache INFO:[0m Stored 256 tokens in 0.014 seconds [3m(gpu_transfer.py:513:lmcache.v1.multiprocess.modules.gpu_transfer)[0m
[32;20m[2026-06-03 07:44:05,231] LMCache INFO:[0m Stored 256 tokens in 0.004 seconds [3m(gpu_transfer.py:513:lmcache.v1.multiprocess.modules.gpu_transfer)[0m
[32;20m[2026-06-03 07:44:05,281] LMCache INFO:[0m Stored 256 tokens in 0.004 seconds [3m(gpu_transfer.py:513:lmcache.v1.multiprocess.modules.gpu_transfer)[0m
[32;20m[2026-06-03 07:44:05,459] LMCache INFO:[0m Stored 256 tokens in 0.002 seconds [3m(gpu_transfer.py:513:lmcache.v1.multiprocess.modules.gpu_transfer)[0m
[32;20m[2026-06-03 07:44:05,819] LMCache INFO:[0m Stored 256 tokens in 0.007 seconds [3m(gpu_transfer.py:513:lmcache.v1.multiprocess.modules.gpu_transfer)[0m
[32;20m[2026-06-03 07:44:05,892] LMCache INFO:[0m Stored 256 tokens in 0.002 seconds [3m(gpu_transfer.py:513:lmcache.v1.multiprocess.modules.gpu_transfer)[0m
[32;20m[2026-06-03 07:44:06,063] LMCache INFO:[0m Stored 256 tokens in 0.003 seconds [3m(gpu_transfer.py:513:lmcache.v1.multiprocess.modules.gpu_transfer)[0m
[32;20m[2026-06-03 07:44:06,418] LMCache INFO:[0m Stored 256 tokens in 0.005 seconds [3m(gpu_transfer.py:513:lmcache.v1.multiprocess.modules.gpu_transfer)[0m
[32;20m[2026-06-03 07:44:06,746] LMCache INFO:[0m Stored 256 tokens in 0.011 seconds [3m(gpu_transfer.py:513:lmcache.v1.multiprocess.modules.gpu_transfer)[0m
[32;20m[2026-06-03 07:44:06,921] LMCache INFO:[0m Stored 256 tokens in 0.009 seconds [3m(gpu_transfer.py:513:lmcache.v1.multiprocess.modules.gpu_transfer)[0m
[32;20m[2026-06-03 07:44:06,954] LMCache INFO:[0m Stored 256 tokens in 0.003 seconds [3m(gpu_transfer.py:513:lmcache.v1.multiprocess.modules.gpu_transfer)[0m
[32;20m[2026-06-03 07:44:07,719] LMCache INFO:[0m Stored 256 tokens in 0.003 seconds [3m(gpu_transfer.py:513:lmcache.v1.multiprocess.modules.gpu_transfer)[0m
[32;20m[2026-06-03 07:44:07,799] LMCache INFO:[0m Stored 256 tokens in 0.004 seconds [3m(gpu_transfer.py:513:lmcache.v1.multiprocess.modules.gpu_transfer)[0m
[32;20m[2026-06-03 07:44:07,957] LMCache INFO:[0m Stored 256 tokens in 0.006 seconds [3m(gpu_transfer.py:513:lmcache.v1.multiprocess.modules.gpu_transfer)[0m
[32;20m[2026-06-03 07:44:08,030] LMCache INFO:[0m Stored 256 tokens in 0.007 seconds [3m(gpu_transfer.py:513:lmcache.v1.multiprocess.modules.gpu_transfer)[0m
[32;20m[2026-06-03 07:44:08,322] LMCache INFO:[0m Stored 256 tokens in 0.002 seconds [3m(gpu_transfer.py:513:lmcache.v1.multiprocess.modules.gpu_transfer)[0m
[32;20m[2026-06-03 07:44:08,421] LMCache INFO:[0m Stored 256 tokens in 0.002 seconds [3m(gpu_transfer.py:513:lmcache.v1.multiprocess.modules.gpu_transfer)[0m
[32;20m[2026-06-03 07:44:08,603] LMCache INFO:[0m Stored 256 tokens in 0.003 seconds [3m(gpu_transfer.py:513:lmcache.v1.multiprocess.modules.gpu_transfer)[0m
[32;20m[2026-06-03 07:44:09,574] LMCache INFO:[0m Prefetch request completed (L1+L2): 571/574 retained keys (571 L1, 0 L2) in 2.6 ms (external_request_id=chatcmpl-5eab416e-f239-42ac-a44f-e278eaeaaa0e-9fb0768c, prefetch_request_id=-1) [3m(storage_manager.py:575:lmcache.v1.distributed.storage_manager)[0m
[32;20m[2026-06-03 07:44:09,707] LMCache INFO:[0m Retrieved 16640 tokens in 0.056 seconds [3m(gpu_transfer.py:728:lmcache.v1.multiprocess.modules.gpu_transfer)[0m
[32;20m[2026-06-03 07:44:09,708] LMCache INFO:[0m Retrieved 16640 tokens in 0.033 seconds [3m(gpu_transfer.py:728:lmcache.v1.multiprocess.modules.gpu_transfer)[0m
[32;20m[2026-06-03 07:44:09,708] LMCache INFO:[0m Retrieved 16640 tokens in 0.020 seconds [3m(gpu_transfer.py:728:lmcache.v1.multiprocess.modules.gpu_transfer)[0m
[32;20m[2026-06-03 07:44:09,722] LMCache INFO:[0m Retrieved 16640 tokens in 0.009 seconds [3m(gpu_transfer.py:728:lmcache.v1.multiprocess.modules.gpu_transfer)[0m
[32;20m[2026-06-03 07:44:09,838] LMCache INFO:[0m Stored 256 tokens in 0.004 seconds [3m(gpu_transfer.py:513:lmcache.v1.multiprocess.modules.gpu_transfer)[0m
[32;20m[2026-06-03 07:44:10,196] LMCache INFO:[0m Stored 768 tokens in 0.004 seconds [3m(gpu_transfer.py:513:lmcache.v1.multiprocess.modules.gpu_transfer)[0m
[32;20m[2026-06-03 07:44:10,849] LMCache INFO:[0m Stored 256 tokens in 0.008 seconds [3m(gpu_transfer.py:513:lmcache.v1.multiprocess.modules.gpu_transfer)[0m
[32;20m[2026-06-03 07:44:10,886] LMCache INFO:[0m Stored 256 tokens in 0.004 seconds [3m(gpu_transfer.py:513:lmcache.v1.multiprocess.modules.gpu_transfer)[0m
[32;20m[2026-06-03 07:44:10,902] LMCache INFO:[0m Stored 256 tokens in 0.005 seconds [3m(gpu_transfer.py:513:lmcache.v1.multiprocess.modules.gpu_transfer)[0m
[32;20m[2026-06-03 07:44:11,436] LMCache INFO:[0m Stored 256 tokens in 0.003 seconds [3m(gpu_transfer.py:513:lmcache.v1.multiprocess.modules.gpu_transfer)[0m
[32;20m[2026-06-03 07:44:12,209] LMCache INFO:[0m Stored 256 tokens in 0.006 seconds [3m(gpu_transfer.py:513:lmcache.v1.multiprocess.modules.gpu_transfer)[0m
[32;20m[2026-06-03 07:44:12,736] LMCache INFO:[0m Prefetch request completed (L1+L2): 344/348 retained keys (344 L1, 0 L2) in 22.5 ms (external_request_id=chatcmpl-86aea0e9-845e-47e5-82aa-d082eef3f21b-92707e22, prefetch_request_id=-1) [3m(storage_manager.py:575:lmcache.v1.distributed.storage_manager)[0m
[32;20m[2026-06-03 07:44:12,981] LMCache INFO:[0m Prefetch request completed (L1+L2): 275/281 retained keys (275 L1, 0 L2) in 16.9 ms (external_request_id=chatcmpl-f57640d6-7201-44eb-b41c-c48e4a3fbe04-b9d34c9e, prefetch_request_id=-1) [3m(storage_manager.py:575:lmcache.v1.distributed.storage_manager)[0m
[32;20m[2026-06-03 07:44:13,142] LMCache INFO:[0m Stored 1024 tokens in 0.032 seconds [3m(gpu_transfer.py:513:lmcache.v1.multiprocess.modules.gpu_transfer)[0m
[32;20m[2026-06-03 07:44:13,527] LMCache INFO:[0m Stored 1536 tokens in 0.013 seconds [3m(gpu_transfer.py:513:lmcache.v1.multiprocess.modules.gpu_transfer)[0m
[32;20m[2026-06-03 07:44:15,085] LMCache INFO:[0m Prefetch request completed (L1+L2): 261/265 retained keys (261 L1, 0 L2) in 1.5 ms (external_request_id=chatcmpl-32b62ada-2463-48cd-a258-05329ceef30d-83168562, prefetch_request_id=-1) [3m(storage_manager.py:575:lmcache.v1.distributed.storage_manager)[0m
[32;20m[2026-06-03 07:44:15,276] LMCache INFO:[0m Stored 1024 tokens in 0.009 seconds [3m(gpu_transfer.py:513:lmcache.v1.multiprocess.modules.gpu_transfer)[0m
[32;20m[2026-06-03 07:44:15,879] LMCache INFO:[0m Stored 256 tokens in 0.003 seconds [3m(gpu_transfer.py:513:lmcache.v1.multiprocess.modules.gpu_transfer)[0m
[32;20m[2026-06-03 07:44:16,301] LMCache INFO:[0m Stored 256 tokens in 0.005 seconds [3m(gpu_transfer.py:513:lmcache.v1.multiprocess.modules.gpu_transfer)[0m
[32;20m[2026-06-03 07:44:16,378] LMCache INFO:[0m Stored 256 tokens in 0.003 seconds [3m(gpu_transfer.py:513:lmcache.v1.multiprocess.modules.gpu_transfer)[0m
[32;20m[2026-06-03 07:44:17,119] LMCache INFO:[0m Stored 256 tokens in 0.003 seconds [3m(gpu_transfer.py:513:lmcache.v1.multiprocess.modules.gpu_transfer)[0m
[32;20m[2026-06-03 07:44:17,531] LMCache INFO:[0m Stored 256 tokens in 0.003 seconds [3m(gpu_transfer.py:513:lmcache.v1.multiprocess.modules.gpu_transfer)[0m
[32;20m[2026-06-03 07:44:17,778] LMCache INFO:[0m Prefetch request completed (L1+L2): 284/286 retained keys (284 L1, 0 L2) in 1.3 ms (external_request_id=chatcmpl-7c3f0dde-2cff-4a13-bfac-f036d611c5cc-94d5293a, prefetch_request_id=-1) [3m(storage_manager.py:575:lmcache.v1.distributed.storage_manager)[0m
[32;20m[2026-06-03 07:44:18,065] LMCache INFO:[0m Stored 512 tokens in 0.009 seconds [3m(gpu_transfer.py:513:lmcache.v1.multiprocess.modules.gpu_transfer)[0m
[32;20m[2026-06-03 07:44:18,574] LMCache INFO:[0m Stored 256 tokens in 0.006 seconds [3m(gpu_transfer.py:513:lmcache.v1.multiprocess.modules.gpu_transfer)[0m
[32;20m[2026-06-03 07:44:18,643] LMCache INFO:[0m Stored 256 tokens in 0.003 seconds [3m(gpu_transfer.py:513:lmcache.v1.multiprocess.modules.gpu_transfer)[0m
[32;20m[2026-06-03 07:44:18,978] LMCache INFO:[0m Stored 256 tokens in 0.003 seconds [3m(gpu_transfer.py:513:lmcache.v1.multiprocess.modules.gpu_transfer)[0m
[32;20m[2026-06-03 07:44:19,147] LMCache INFO:[0m Stored 256 tokens in 0.003 seconds [3m(gpu_transfer.py:513:lmcache.v1.multiprocess.modules.gpu_transfer)[0m
[32;20m[2026-06-03 07:44:19,281] LMCache INFO:[0m Stored 256 tokens in 0.003 seconds [3m(gpu_transfer.py:513:lmcache.v1.multiprocess.modules.gpu_transfer)[0m
[32;20m[2026-06-03 07:44:19,526] LMCache INFO:[0m Stored 256 tokens in 0.002 seconds [3m(gpu_transfer.py:513:lmcache.v1.multiprocess.modules.gpu_transfer)[0m
[32;20m[2026-06-03 07:44:19,879] LMCache INFO:[0m Stored 256 tokens in 0.005 seconds [3m(gpu_transfer.py:513:lmcache.v1.multiprocess.modules.gpu_transfer)[0m
[32;20m[2026-06-03 07:44:19,953] LMCache INFO:[0m Stored 256 tokens in 0.002 seconds [3m(gpu_transfer.py:513:lmcache.v1.multiprocess.modules.gpu_transfer)[0m
[32;20m[2026-06-03 07:44:20,452] LMCache INFO:[0m Stored 256 tokens in 0.005 seconds [3m(gpu_transfer.py:513:lmcache.v1.multiprocess.modules.gpu_transfer)[0m
[32;20m[2026-06-03 07:44:20,767] LMCache INFO:[0m Stored 256 tokens in 0.003 seconds [3m(gpu_transfer.py:513:lmcache.v1.multiprocess.modules.gpu_transfer)[0m
[32;20m[2026-06-03 07:44:20,938] LMCache INFO:[0m Stored 256 tokens in 0.003 seconds [3m(gpu_transfer.py:513:lmcache.v1.multiprocess.modules.gpu_transfer)[0m
[32;20m[2026-06-03 07:44:21,507] LMCache INFO:[0m Stored 256 tokens in 0.004 seconds [3m(gpu_transfer.py:513:lmcache.v1.multiprocess.modules.gpu_transfer)[0m
[32;20m[2026-06-03 07:44:21,752] LMCache INFO:[0m Stored 256 tokens in 0.003 seconds [3m(gpu_transfer.py:513:lmcache.v1.multiprocess.modules.gpu_transfer)[0m
[32;20m[2026-06-03 07:44:21,839] LMCache INFO:[0m Stored 256 tokens in 0.004 seconds [3m(gpu_transfer.py:513:lmcache.v1.multiprocess.modules.gpu_transfer)[0m
[32;20m[2026-06-03 07:44:22,007] LMCache INFO:[0m Stored 256 tokens in 0.007 seconds [3m(gpu_transfer.py:513:lmcache.v1.multiprocess.modules.gpu_transfer)[0m
[32;20m[2026-06-03 07:44:22,422] LMCache INFO:[0m Stored 256 tokens in 0.002 seconds [3m(gpu_transfer.py:513:lmcache.v1.multiprocess.modules.gpu_transfer)[0m
[32;20m[2026-06-03 07:44:22,601] LMCache INFO:[0m Stored 256 tokens in 0.003 seconds [3m(gpu_transfer.py:513:lmcache.v1.multiprocess.modules.gpu_transfer)[0m
[32;20m[2026-06-03 07:44:22,991] LMCache INFO:[0m Prefetch request completed (L1+L2): 185/185 retained keys (185 L1, 0 L2) in 1.2 ms (external_request_id=chatcmpl-6b1a8db3-6478-4a78-b7e1-4cd68da85205-b32e1347, prefetch_request_id=-1) [3m(storage_manager.py:575:lmcache.v1.distributed.storage_manager)[0m
[32;20m[2026-06-03 07:44:23,731] LMCache INFO:[0m Stored 256 tokens in 0.004 seconds [3m(gpu_transfer.py:513:lmcache.v1.multiprocess.modules.gpu_transfer)[0m
[32;20m[2026-06-03 07:44:23,835] LMCache INFO:[0m Stored 256 tokens in 0.004 seconds [3m(gpu_transfer.py:513:lmcache.v1.multiprocess.modules.gpu_transfer)[0m
[32;20m[2026-06-03 07:44:23,903] LMCache INFO:[0m Stored 256 tokens in 0.004 seconds [3m(gpu_transfer.py:513:lmcache.v1.multiprocess.modules.gpu_transfer)[0m
[32;20m[2026-06-03 07:44:23,920] LMCache INFO:[0m Stored 256 tokens in 0.005 seconds [3m(gpu_transfer.py:513:lmcache.v1.multiprocess.modules.gpu_transfer)[0m
[32;20m[2026-06-03 07:44:24,429] LMCache INFO:[0m Stored 256 tokens in 0.003 seconds [3m(gpu_transfer.py:513:lmcache.v1.multiprocess.modules.gpu_transfer)[0m
[32;20m[2026-06-03 07:44:24,917] LMCache INFO:[0m Stored 256 tokens in 0.003 seconds [3m(gpu_transfer.py:513:lmcache.v1.multiprocess.modules.gpu_transfer)[0m
[32;20m[2026-06-03 07:44:24,994] LMCache INFO:[0m Stored 256 tokens in 0.003 seconds [3m(gpu_transfer.py:513:lmcache.v1.multiprocess.modules.gpu_transfer)[0m
[32;20m[2026-06-03 07:44:25,066] LMCache INFO:[0m Prefetch request completed (L1+L2): 208/209 retained keys (208 L1, 0 L2) in 1.4 ms (external_request_id=chatcmpl-f8e8ec55-4f1b-46cd-abc1-19a3546b2fb6-b68dc333, prefetch_request_id=-1) [3m(storage_manager.py:575:lmcache.v1.distributed.storage_manager)[0m
[32;20m[2026-06-03 07:44:25,247] LMCache INFO:[0m Stored 256 tokens in 0.007 seconds [3m(gpu_transfer.py:513:lmcache.v1.multiprocess.modules.gpu_transfer)[0m
[32;20m[2026-06-03 07:44:25,555] LMCache INFO:[0m Stored 256 tokens in 0.006 seconds [3m(gpu_transfer.py:513:lmcache.v1.multiprocess.modules.gpu_transfer)[0m
[32;20m[2026-06-03 07:44:25,709] LMCache INFO:[0m Prefetch request completed (L1+L2): 269/273 retained keys (269 L1, 0 L2) in 1.7 ms (external_request_id=chatcmpl-c51eb3f6-75e3-40bf-8cee-eb6b25dd42b8-8aee61ab, prefetch_request_id=-1) [3m(storage_manager.py:575:lmcache.v1.distributed.storage_manager)[0m
[32;20m[2026-06-03 07:44:25,890] LMCache INFO:[0m Stored 1024 tokens in 0.009 seconds [3m(gpu_transfer.py:513:lmcache.v1.multiprocess.modules.gpu_transfer)[0m
[32;20m[2026-06-03 07:44:28,071] LMCache INFO:[0m Prefetch request completed (L1+L2): 506/510 retained keys (506 L1, 0 L2) in 2.6 ms (external_request_id=chatcmpl-452a6b88-43fc-4a2e-8f8f-99bb58d4beec-aadbbfd4, prefetch_request_id=-1) [3m(storage_manager.py:575:lmcache.v1.distributed.storage_manager)[0m
[32;20m[2026-06-03 07:44:28,294] LMCache INFO:[0m Prefetch request completed (L1+L2): 264/265 retained keys (264 L1, 0 L2) in 26.8 ms (external_request_id=chatcmpl-5128f5bd-a605-4b8c-a6d4-beecc41e00ee-a4e4aa90, prefetch_request_id=-1) [3m(storage_manager.py:575:lmcache.v1.distributed.storage_manager)[0m
[32;20m[2026-06-03 07:44:28,359] LMCache INFO:[0m Stored 1024 tokens in 0.016 seconds [3m(gpu_transfer.py:513:lmcache.v1.multiprocess.modules.gpu_transfer)[0m
[32;20m[2026-06-03 07:44:28,873] LMCache INFO:[0m Stored 256 tokens in 0.004 seconds [3m(gpu_transfer.py:513:lmcache.v1.multiprocess.modules.gpu_transfer)[0m
[32;20m[2026-06-03 07:44:28,884] LMCache INFO:[0m Stored 256 tokens in 0.009 seconds [3m(gpu_transfer.py:513:lmcache.v1.multiprocess.modules.gpu_transfer)[0m
[32;20m[2026-06-03 07:44:29,352] LMCache INFO:[0m Prefetch request completed (L1+L2): 369/371 retained keys (369 L1, 0 L2) in 2.3 ms (external_request_id=chatcmpl-8b07093b-e9ec-428b-b1c0-2e6a1ef171c8-ab8327db, prefetch_request_id=-1) [3m(storage_manager.py:575:lmcache.v1.distributed.storage_manager)[0m
[32;20m[2026-06-03 07:44:29,637] LMCache INFO:[0m Stored 512 tokens in 0.011 seconds [3m(gpu_transfer.py:513:lmcache.v1.multiprocess.modules.gpu_transfer)[0m
[32;20m[2026-06-03 07:44:30,289] LMCache INFO:[0m Stored 256 tokens in 0.004 seconds [3m(gpu_transfer.py:513:lmcache.v1.multiprocess.modules.gpu_transfer)[0m
[32;20m[2026-06-03 07:44:30,329] LMCache INFO:[0m Stored 256 tokens in 0.003 seconds [3m(gpu_transfer.py:513:lmcache.v1.multiprocess.modules.gpu_transfer)[0m
[32;20m[2026-06-03 07:44:30,426] LMCache INFO:[0m Prefetch request completed (L1+L2): 281/284 retained keys (281 L1, 0 L2) in 1.5 ms (external_request_id=chatcmpl-2e50af23-08ea-4706-bf4c-1060b476c940-9a2c3c6b, prefetch_request_id=-1) [3m(storage_manager.py:575:lmcache.v1.distributed.storage_manager)[0m
[32;20m[2026-06-03 07:44:30,609] LMCache INFO:[0m Stored 768 tokens in 0.009 seconds [3m(gpu_transfer.py:513:lmcache.v1.multiprocess.modules.gpu_transfer)[0m
[32;20m[2026-06-03 07:44:31,550] LMCache INFO:[0m Stored 256 tokens in 0.004 seconds [3m(gpu_transfer.py:513:lmcache.v1.multiprocess.modules.gpu_transfer)[0m
[32;20m[2026-06-03 07:44:31,722] LMCache INFO:[0m Stored 256 tokens in 0.002 seconds [3m(gpu_transfer.py:513:lmcache.v1.multiprocess.modules.gpu_transfer)[0m
[32;20m[2026-06-03 07:44:31,987] LMCache INFO:[0m Stored 256 tokens in 0.003 seconds [3m(gpu_transfer.py:513:lmcache.v1.multiprocess.modules.gpu_transfer)[0m
[32;20m[2026-06-03 07:44:32,455] LMCache INFO:[0m Stored 256 tokens in 0.007 seconds [3m(gpu_transfer.py:513:lmcache.v1.multiprocess.modules.gpu_transfer)[0m
[32;20m[2026-06-03 07:44:32,515] LMCache INFO:[0m Stored 256 tokens in 0.003 seconds [3m(gpu_transfer.py:513:lmcache.v1.multiprocess.modules.gpu_transfer)[0m
[32;20m[2026-06-03 07:44:32,565] LMCache INFO:[0m Stored 256 tokens in 0.003 seconds [3m(gpu_transfer.py:513:lmcache.v1.multiprocess.modules.gpu_transfer)[0m
[32;20m[2026-06-03 07:44:32,867] LMCache INFO:[0m Prefetch request completed (L1+L2): 140/141 retained keys (140 L1, 0 L2) in 1.1 ms (external_request_id=chatcmpl-3736c135-a55a-473c-b9dc-0530f1e9b242-af5ec89f, prefetch_request_id=-1) [3m(storage_manager.py:575:lmcache.v1.distributed.storage_manager)[0m
[32;20m[2026-06-03 07:44:33,050] LMCache INFO:[0m Stored 256 tokens in 0.005 seconds [3m(gpu_transfer.py:513:lmcache.v1.multiprocess.modules.gpu_transfer)[0m
[32;20m[2026-06-03 07:44:33,606] LMCache INFO:[0m Stored 256 tokens in 0.003 seconds [3m(gpu_transfer.py:513:lmcache.v1.multiprocess.modules.gpu_transfer)[0m
[32;20m[2026-06-03 07:44:33,825] LMCache INFO:[0m Stored 256 tokens in 0.002 seconds [3m(gpu_transfer.py:513:lmcache.v1.multiprocess.modules.gpu_transfer)[0m
[32;20m[2026-06-03 07:44:34,015] LMCache INFO:[0m Stored 256 tokens in 0.004 seconds [3m(gpu_transfer.py:513:lmcache.v1.multiprocess.modules.gpu_transfer)[0m
[32;20m[2026-06-03 07:44:34,186] LMCache INFO:[0m Stored 256 tokens in 0.006 seconds [3m(gpu_transfer.py:513:lmcache.v1.multiprocess.modules.gpu_transfer)[0m
[32;20m[2026-06-03 07:44:34,574] LMCache INFO:[0m Stored 256 tokens in 0.005 seconds [3m(gpu_transfer.py:513:lmcache.v1.multiprocess.modules.gpu_transfer)[0m
[32;20m[2026-06-03 07:44:34,894] LMCache INFO:[0m Stored 256 tokens in 0.003 seconds [3m(gpu_transfer.py:513:lmcache.v1.multiprocess.modules.gpu_transfer)[0m
[32;20m[2026-06-03 07:44:35,066] LMCache INFO:[0m Stored 256 tokens in 0.003 seconds [3m(gpu_transfer.py:513:lmcache.v1.multiprocess.modules.gpu_transfer)[0m
[32;20m[2026-06-03 07:44:35,640] LMCache INFO:[0m Stored 256 tokens in 0.004 seconds [3m(gpu_transfer.py:513:lmcache.v1.multiprocess.modules.gpu_transfer)[0m
[32;20m[2026-06-03 07:44:35,891] LMCache INFO:[0m Stored 256 tokens in 0.003 seconds [3m(gpu_transfer.py:513:lmcache.v1.multiprocess.modules.gpu_transfer)[0m
[32;20m[2026-06-03 07:44:35,975] LMCache INFO:[0m Stored 256 tokens in 0.005 seconds [3m(gpu_transfer.py:513:lmcache.v1.multiprocess.modules.gpu_transfer)[0m
[32;20m[2026-06-03 07:44:36,121] LMCache INFO:[0m Prefetch request completed (L1+L2): 285/285 retained keys (285 L1, 0 L2) in 1.6 ms (external_request_id=chatcmpl-f9fda1c4-0476-4758-bec5-a84f0e42c48d-a9c2dfee, prefetch_request_id=-1) [3m(storage_manager.py:575:lmcache.v1.distributed.storage_manager)[0m
[32;20m[2026-06-03 07:44:36,592] LMCache INFO:[0m Stored 256 tokens in 0.007 seconds [3m(gpu_transfer.py:513:lmcache.v1.multiprocess.modules.gpu_transfer)[0m
[32;20m[2026-06-03 07:44:36,758] LMCache INFO:[0m Stored 256 tokens in 0.004 seconds [3m(gpu_transfer.py:513:lmcache.v1.multiprocess.modules.gpu_transfer)[0m
[32;20m[2026-06-03 07:44:36,931] LMCache INFO:[0m Stored 256 tokens in 0.003 seconds [3m(gpu_transfer.py:513:lmcache.v1.multiprocess.modules.gpu_transfer)[0m
[32;20m[2026-06-03 07:44:37,110] LMCache INFO:[0m Stored 256 tokens in 0.002 seconds [3m(gpu_transfer.py:513:lmcache.v1.multiprocess.modules.gpu_transfer)[0m
[32;20m[2026-06-03 07:44:37,249] LMCache INFO:[0m Stored 256 tokens in 0.003 seconds [3m(gpu_transfer.py:513:lmcache.v1.multiprocess.modules.gpu_transfer)[0m
[32;20m[2026-06-03 07:44:38,347] LMCache INFO:[0m Stored 256 tokens in 0.004 seconds [3m(gpu_transfer.py:513:lmcache.v1.multiprocess.modules.gpu_transfer)[0m
[32;20m[2026-06-03 07:44:38,451] LMCache INFO:[0m Stored 256 tokens in 0.009 seconds [3m(gpu_transfer.py:513:lmcache.v1.multiprocess.modules.gpu_transfer)[0m
[32;20m[2026-06-03 07:44:38,517] LMCache INFO:[0m Stored 256 tokens in 0.004 seconds [3m(gpu_transfer.py:513:lmcache.v1.multiprocess.modules.gpu_transfer)[0m
[32;20m[2026-06-03 07:44:38,535] LMCache INFO:[0m Stored 256 tokens in 0.005 seconds [3m(gpu_transfer.py:513:lmcache.v1.multiprocess.modules.gpu_transfer)[0m
[32;20m[2026-06-03 07:44:39,059] LMCache INFO:[0m Stored 256 tokens in 0.004 seconds [3m(gpu_transfer.py:513:lmcache.v1.multiprocess.modules.gpu_transfer)[0m
[32;20m[2026-06-03 07:44:39,825] LMCache INFO:[0m Stored 256 tokens in 0.006 seconds [3m(gpu_transfer.py:513:lmcache.v1.multiprocess.modules.gpu_transfer)[0m
[32;20m[2026-06-03 07:44:40,818] LMCache INFO:[0m Prefetch request completed (L1+L2): 141/143 retained keys (141 L1, 0 L2) in 1.5 ms (external_request_id=chatcmpl-489223c1-11a3-41d4-a780-768086c8aa76-9328d2fc, prefetch_request_id=-1) [3m(storage_manager.py:575:lmcache.v1.distributed.storage_manager)[0m
[32;20m[2026-06-03 07:44:40,997] LMCache INFO:[0m Stored 512 tokens in 0.006 seconds [3m(gpu_transfer.py:513:lmcache.v1.multiprocess.modules.gpu_transfer)[0m
[32;20m[2026-06-03 07:44:41,775] LMCache INFO:[0m Stored 256 tokens in 0.003 seconds [3m(gpu_transfer.py:513:lmcache.v1.multiprocess.modules.gpu_transfer)[0m
[32;20m[2026-06-03 07:44:42,495] LMCache INFO:[0m Prefetch request completed (L1+L2): 416/418 retained keys (416 L1, 0 L2) in 20.1 ms (external_request_id=chatcmpl-695670db-9215-41a5-b68b-c82c31cdccd6-b1574e1c, prefetch_request_id=-1) [3m(storage_manager.py:575:lmcache.v1.distributed.storage_manager)[0m
[32;20m[2026-06-03 07:44:42,842] LMCache INFO:[0m Stored 512 tokens in 0.019 seconds [3m(gpu_transfer.py:513:lmcache.v1.multiprocess.modules.gpu_transfer)[0m
[32;20m[2026-06-03 07:44:42,888] LMCache INFO:[0m Prefetch request completed (L1+L2): 265/272 retained keys (265 L1, 0 L2) in 22.2 ms (external_request_id=chatcmpl-8643eccd-2a4a-469d-b39d-439ea257489d-bb90a372, prefetch_request_id=-1) [3m(storage_manager.py:575:lmcache.v1.distributed.storage_manager)[0m
[32;20m[2026-06-03 07:44:43,216] LMCache INFO:[0m Stored 256 tokens in 0.005 seconds [3m(gpu_transfer.py:513:lmcache.v1.multiprocess.modules.gpu_transfer)[0m
[32;20m[2026-06-03 07:44:43,272] LMCache INFO:[0m Stored 1792 tokens in 0.012 seconds [3m(gpu_transfer.py:513:lmcache.v1.multiprocess.modules.gpu_transfer)[0m
[32;20m[2026-06-03 07:44:43,332] LMCache INFO:[0m Prefetch request completed (L1+L2): 371/371 retained keys (371 L1, 0 L2) in 1.9 ms (external_request_id=chatcmpl-bf5e7627-7340-455c-8745-ad6f66897b61-9d93a80c, prefetch_request_id=-1) [3m(storage_manager.py:575:lmcache.v1.distributed.storage_manager)[0m
[32;20m[2026-06-03 07:44:43,452] LMCache INFO:[0m Prefetch request completed (L1+L2): 284/295 retained keys (284 L1, 0 L2) in 1.7 ms (external_request_id=chatcmpl-3787163f-b1d6-415e-b784-9604529a190a-8a827a7e, prefetch_request_id=-1) [3m(storage_manager.py:575:lmcache.v1.distributed.storage_manager)[0m
[32;20m[2026-06-03 07:44:43,731] LMCache INFO:[0m Stored 256 tokens in 0.004 seconds [3m(gpu_transfer.py:513:lmcache.v1.multiprocess.modules.gpu_transfer)[0m
[32;20m[2026-06-03 07:44:44,005] LMCache INFO:[0m Stored 2816 tokens in 0.010 seconds [3m(gpu_transfer.py:513:lmcache.v1.multiprocess.modules.gpu_transfer)[0m
[32;20m[2026-06-03 07:44:44,670] LMCache INFO:[0m Stored 256 tokens in 0.009 seconds [3m(gpu_transfer.py:513:lmcache.v1.multiprocess.modules.gpu_transfer)[0m
[32;20m[2026-06-03 07:44:44,754] LMCache INFO:[0m Stored 256 tokens in 0.003 seconds [3m(gpu_transfer.py:513:lmcache.v1.multiprocess.modules.gpu_transfer)[0m
[32;20m[2026-06-03 07:44:44,925] LMCache INFO:[0m Prefetch request completed (L1+L2): 209/210 retained keys (209 L1, 0 L2) in 1.3 ms (external_request_id=chatcmpl-3458104a-032d-4b5e-97ed-62d913215975-883f0918, prefetch_request_id=-1) [3m(storage_manager.py:575:lmcache.v1.distributed.storage_manager)[0m
[32;20m[2026-06-03 07:44:45,103] LMCache INFO:[0m Stored 256 tokens in 0.007 seconds [3m(gpu_transfer.py:513:lmcache.v1.multiprocess.modules.gpu_transfer)[0m
[32;20m[2026-06-03 07:44:45,600] LMCache INFO:[0m Stored 256 tokens in 0.004 seconds [3m(gpu_transfer.py:513:lmcache.v1.multiprocess.modules.gpu_transfer)[0m
[32;20m[2026-06-03 07:44:45,687] LMCache INFO:[0m Stored 256 tokens in 0.003 seconds [3m(gpu_transfer.py:513:lmcache.v1.multiprocess.modules.gpu_transfer)[0m
[32;20m[2026-06-03 07:44:46,032] LMCache INFO:[0m Stored 256 tokens in 0.003 seconds [3m(gpu_transfer.py:513:lmcache.v1.multiprocess.modules.gpu_transfer)[0m
[32;20m[2026-06-03 07:44:46,560] LMCache INFO:[0m Stored 256 tokens in 0.004 seconds [3m(gpu_transfer.py:513:lmcache.v1.multiprocess.modules.gpu_transfer)[0m
[32;20m[2026-06-03 07:44:47,212] LMCache INFO:[0m Prefetch request completed (L1+L2): 371/374 retained keys (371 L1, 0 L2) in 1.7 ms (external_request_id=chatcmpl-604c4526-c3b0-45b6-904f-ba29a82ce856-94090316, prefetch_request_id=-1) [3m(storage_manager.py:575:lmcache.v1.distributed.storage_manager)[0m
[32;20m[2026-06-03 07:44:47,423] LMCache INFO:[0m Stored 768 tokens in 0.012 seconds [3m(gpu_transfer.py:513:lmcache.v1.multiprocess.modules.gpu_transfer)[0m
[32;20m[2026-06-03 07:44:47,831] LMCache INFO:[0m Prefetch request completed (L1+L2): 185/185 retained keys (185 L1, 0 L2) in 1.2 ms (external_request_id=chatcmpl-e9d9380a-756d-46dc-a899-c8f68eb399f7-81e702dc, prefetch_request_id=-1) [3m(storage_manager.py:575:lmcache.v1.distributed.storage_manager)[0m
[32;20m[2026-06-03 07:44:48,012] LMCache INFO:[0m Stored 256 tokens in 0.002 seconds [3m(gpu_transfer.py:513:lmcache.v1.multiprocess.modules.gpu_transfer)[0m
[32;20m[2026-06-03 07:44:48,357] LMCache INFO:[0m Stored 256 tokens in 0.005 seconds [3m(gpu_transfer.py:513:lmcache.v1.multiprocess.modules.gpu_transfer)[0m
[32;20m[2026-06-03 07:44:48,909] LMCache INFO:[0m Stored 256 tokens in 0.006 seconds [3m(gpu_transfer.py:513:lmcache.v1.multiprocess.modules.gpu_transfer)[0m
[32;20m[2026-06-03 07:44:49,209] LMCache INFO:[0m Stored 256 tokens in 0.004 seconds [3m(gpu_transfer.py:513:lmcache.v1.multiprocess.modules.gpu_transfer)[0m
[32;20m[2026-06-03 07:44:49,373] LMCache INFO:[0m Stored 256 tokens in 0.004 seconds [3m(gpu_transfer.py:513:lmcache.v1.multiprocess.modules.gpu_transfer)[0m
[32;20m[2026-06-03 07:44:49,415] LMCache INFO:[0m Stored 256 tokens in 0.003 seconds [3m(gpu_transfer.py:513:lmcache.v1.multiprocess.modules.gpu_transfer)[0m
[32;20m[2026-06-03 07:44:49,935] LMCache INFO:[0m Stored 256 tokens in 0.005 seconds [3m(gpu_transfer.py:513:lmcache.v1.multiprocess.modules.gpu_transfer)[0m
[32;20m[2026-06-03 07:44:50,164] LMCache INFO:[0m Stored 256 tokens in 0.003 seconds [3m(gpu_transfer.py:513:lmcache.v1.multiprocess.modules.gpu_transfer)[0m
[32;20m[2026-06-03 07:44:50,247] LMCache INFO:[0m Stored 256 tokens in 0.004 seconds [3m(gpu_transfer.py:513:lmcache.v1.multiprocess.modules.gpu_transfer)[0m
[32;20m[2026-06-03 07:44:50,410] LMCache INFO:[0m Stored 256 tokens in 0.008 seconds [3m(gpu_transfer.py:513:lmcache.v1.multiprocess.modules.gpu_transfer)[0m
[32;20m[2026-06-03 07:44:50,554] LMCache INFO:[0m Stored 256 tokens in 0.005 seconds [3m(gpu_transfer.py:513:lmcache.v1.multiprocess.modules.gpu_transfer)[0m
[32;20m[2026-06-03 07:44:50,828] LMCache INFO:[0m Stored 256 tokens in 0.003 seconds [3m(gpu_transfer.py:513:lmcache.v1.multiprocess.modules.gpu_transfer)[0m
[32;20m[2026-06-03 07:44:51,001] LMCache INFO:[0m Stored 256 tokens in 0.003 seconds [3m(gpu_transfer.py:513:lmcache.v1.multiprocess.modules.gpu_transfer)[0m
[32;20m[2026-06-03 07:44:51,336] LMCache INFO:[0m Prefetch request completed (L1+L2): 143/150 retained keys (143 L1, 0 L2) in 1.4 ms (external_request_id=chatcmpl-3320ef14-cf9c-4f2f-a3b7-a2071278f838-92a1b954, prefetch_request_id=-1) [3m(storage_manager.py:575:lmcache.v1.distributed.storage_manager)[0m
[32;20m[2026-06-03 07:44:51,501] LMCache INFO:[0m Stored 1792 tokens in 0.006 seconds [3m(gpu_transfer.py:513:lmcache.v1.multiprocess.modules.gpu_transfer)[0m
[32;20m[2026-06-03 07:44:51,790] LMCache INFO:[0m Prefetch request completed (L1+L2): 285/287 retained keys (285 L1, 0 L2) in 1.9 ms (external_request_id=chatcmpl-93e84d61-54c0-4401-a5be-8bc6e6ab60c3-999de3ef, prefetch_request_id=-1) [3m(storage_manager.py:575:lmcache.v1.distributed.storage_manager)[0m
[32;20m[2026-06-03 07:44:52,097] LMCache INFO:[0m Stored 512 tokens in 0.010 seconds [3m(gpu_transfer.py:513:lmcache.v1.multiprocess.modules.gpu_transfer)[0m
[32;20m[2026-06-03 07:44:52,534] LMCache INFO:[0m Stored 256 tokens in 0.003 seconds [3m(gpu_transfer.py:513:lmcache.v1.multiprocess.modules.gpu_transfer)[0m
[32;20m[2026-06-03 07:44:53,020] LMCache INFO:[0m Stored 256 tokens in 0.004 seconds [3m(gpu_transfer.py:513:lmcache.v1.multiprocess.modules.gpu_transfer)[0m
[32;20m[2026-06-03 07:44:53,124] LMCache INFO:[0m Stored 256 tokens in 0.004 seconds [3m(gpu_transfer.py:513:lmcache.v1.multiprocess.modules.gpu_transfer)[0m
[32;20m[2026-06-03 07:44:53,202] LMCache INFO:[0m Stored 256 tokens in 0.005 seconds [3m(gpu_transfer.py:513:lmcache.v1.multiprocess.modules.gpu_transfer)[0m
[32;20m[2026-06-03 07:44:53,375] LMCache INFO:[0m Prefetch request completed (L1+L2): 265/266 retained keys (265 L1, 0 L2) in 1.6 ms (external_request_id=chatcmpl-e8015fd5-4a7a-4208-87a0-53f23ee963f4-85f03074, prefetch_request_id=-1) [3m(storage_manager.py:575:lmcache.v1.distributed.storage_manager)[0m
[32;20m[2026-06-03 07:44:53,578] LMCache INFO:[0m Stored 256 tokens in 0.009 seconds [3m(gpu_transfer.py:513:lmcache.v1.multiprocess.modules.gpu_transfer)[0m
[32;20m[2026-06-03 07:44:53,966] LMCache INFO:[0m Stored 256 tokens in 0.003 seconds [3m(gpu_transfer.py:513:lmcache.v1.multiprocess.modules.gpu_transfer)[0m
[32;20m[2026-06-03 07:44:54,178] LMCache INFO:[0m Stored 256 tokens in 0.003 seconds [3m(gpu_transfer.py:513:lmcache.v1.multiprocess.modules.gpu_transfer)[0m
[32;20m[2026-06-03 07:44:54,928] LMCache INFO:[0m Stored 256 tokens in 0.006 seconds [3m(gpu_transfer.py:513:lmcache.v1.multiprocess.modules.gpu_transfer)[0m
[32;20m[2026-06-03 07:44:55,235] LMCache INFO:[0m Stored 256 tokens in 0.002 seconds [3m(gpu_transfer.py:513:lmcache.v1.multiprocess.modules.gpu_transfer)[0m
[32;20m[2026-06-03 07:44:55,716] LMCache INFO:[0m Stored 256 tokens in 0.004 seconds [3m(gpu_transfer.py:513:lmcache.v1.multiprocess.modules.gpu_transfer)[0m
[32;20m[2026-06-03 07:44:56,667] LMCache INFO:[0m Stored 256 tokens in 0.004 seconds [3m(gpu_transfer.py:513:lmcache.v1.multiprocess.modules.gpu_transfer)[0m
[32;20m[2026-06-03 07:44:57,052] LMCache INFO:[0m Stored 256 tokens in 0.005 seconds [3m(gpu_transfer.py:513:lmcache.v1.multiprocess.modules.gpu_transfer)[0m
[32;20m[2026-06-03 07:44:57,117] LMCache INFO:[0m Stored 256 tokens in 0.003 seconds [3m(gpu_transfer.py:513:lmcache.v1.multiprocess.modules.gpu_transfer)[0m
[32;20m[2026-06-03 07:44:57,319] LMCache INFO:[0m Stored 256 tokens in 0.003 seconds [3m(gpu_transfer.py:513:lmcache.v1.multiprocess.modules.gpu_transfer)[0m
[32;20m[2026-06-03 07:44:57,809] LMCache INFO:[0m Stored 256 tokens in 0.003 seconds [3m(gpu_transfer.py:513:lmcache.v1.multiprocess.modules.gpu_transfer)[0m
[32;20m[2026-06-03 07:44:57,885] LMCache INFO:[0m Stored 256 tokens in 0.003 seconds [3m(gpu_transfer.py:513:lmcache.v1.multiprocess.modules.gpu_transfer)[0m
[32;20m[2026-06-03 07:44:58,200] LMCache INFO:[0m Stored 256 tokens in 0.003 seconds [3m(gpu_transfer.py:513:lmcache.v1.multiprocess.modules.gpu_transfer)[0m
[32;20m[2026-06-03 07:44:58,685] LMCache INFO:[0m Stored 256 tokens in 0.004 seconds [3m(gpu_transfer.py:513:lmcache.v1.multiprocess.modules.gpu_transfer)[0m
[32;20m[2026-06-03 07:44:59,403] LMCache INFO:[0m Stored 256 tokens in 0.002 seconds [3m(gpu_transfer.py:513:lmcache.v1.multiprocess.modules.gpu_transfer)[0m
[32;20m[2026-06-03 07:44:59,620] LMCache INFO:[0m Prefetch request completed (L1+L2): 185/185 retained keys (185 L1, 0 L2) in 1.7 ms (external_request_id=chatcmpl-48b3501d-47d3-4fd6-abd1-a8676640dcdd-92dfeec3, prefetch_request_id=-1) [3m(storage_manager.py:575:lmcache.v1.distributed.storage_manager)[0m
[32;20m[2026-06-03 07:45:00,287] LMCache INFO:[0m Stored 256 tokens in 0.006 seconds [3m(gpu_transfer.py:513:lmcache.v1.multiprocess.modules.gpu_transfer)[0m
[32;20m[2026-06-03 07:45:00,563] LMCache INFO:[0m Stored 256 tokens in 0.004 seconds [3m(gpu_transfer.py:513:lmcache.v1.multiprocess.modules.gpu_transfer)[0m
[32;20m[2026-06-03 07:45:00,980] LMCache INFO:[0m Prefetch request completed (L1+L2): 287/311 retained keys (287 L1, 0 L2) in 17.8 ms (external_request_id=chatcmpl-c1a26a8f-2b41-43b2-a0cd-feeb5ef808fd-87314435, prefetch_request_id=-1) [3m(storage_manager.py:575:lmcache.v1.distributed.storage_manager)[0m
[32;20m[2026-06-03 07:45:01,400] LMCache INFO:[0m Stored 6144 tokens in 0.012 seconds [3m(gpu_transfer.py:513:lmcache.v1.multiprocess.modules.gpu_transfer)[0m
[32;20m[2026-06-03 07:45:02,848] LMCache INFO:[0m Prefetch request completed (L1+L2): 401/401 retained keys (401 L1, 0 L2) in 17.6 ms (external_request_id=chatcmpl-2cdaead9-7bf0-4213-9744-f877694e3672-832da001, prefetch_request_id=-1) [3m(storage_manager.py:575:lmcache.v1.distributed.storage_manager)[0m
[32;20m[2026-06-03 07:45:03,016] LMCache INFO:[0m Prefetch request completed (L1+L2): 295/306 retained keys (295 L1, 0 L2) in 1.6 ms (external_request_id=chatcmpl-c4b29991-5cce-4cc3-a099-bcc4e68ac859-8ed2d486, prefetch_request_id=-1) [3m(storage_manager.py:575:lmcache.v1.distributed.storage_manager)[0m
[32;20m[2026-06-03 07:45:03,251] LMCache INFO:[0m Prefetch request completed (L1+L2): 374/374 retained keys (374 L1, 0 L2) in 31.2 ms (external_request_id=chatcmpl-dd1b54ae-c654-4813-b10b-ed6f23a39da0-b2bf125c, prefetch_request_id=-1) [3m(storage_manager.py:575:lmcache.v1.distributed.storage_manager)[0m
[32;20m[2026-06-03 07:45:03,430] LMCache INFO:[0m Stored 2816 tokens in 0.144 seconds [3m(gpu_transfer.py:513:lmcache.v1.multiprocess.modules.gpu_transfer)[0m
[32;20m[2026-06-03 07:45:04,375] LMCache INFO:[0m Stored 256 tokens in 0.003 seconds [3m(gpu_transfer.py:513:lmcache.v1.multiprocess.modules.gpu_transfer)[0m
[32;20m[2026-06-03 07:45:04,452] LMCache INFO:[0m Stored 256 tokens in 0.004 seconds [3m(gpu_transfer.py:513:lmcache.v1.multiprocess.modules.gpu_transfer)[0m
[32;20m[2026-06-03 07:45:04,613] LMCache INFO:[0m Stored 256 tokens in 0.008 seconds [3m(gpu_transfer.py:513:lmcache.v1.multiprocess.modules.gpu_transfer)[0m
[32;20m[2026-06-03 07:45:04,662] LMCache INFO:[0m Stored 256 tokens in 0.004 seconds [3m(gpu_transfer.py:513:lmcache.v1.multiprocess.modules.gpu_transfer)[0m
[32;20m[2026-06-03 07:45:04,787] LMCache INFO:[0m Stored 256 tokens in 0.004 seconds [3m(gpu_transfer.py:513:lmcache.v1.multiprocess.modules.gpu_transfer)[0m
[32;20m[2026-06-03 07:45:05,015] LMCache INFO:[0m Stored 256 tokens in 0.002 seconds [3m(gpu_transfer.py:513:lmcache.v1.multiprocess.modules.gpu_transfer)[0m
[32;20m[2026-06-03 07:45:05,184] LMCache INFO:[0m Stored 256 tokens in 0.003 seconds [3m(gpu_transfer.py:513:lmcache.v1.multiprocess.modules.gpu_transfer)[0m
[32;20m[2026-06-03 07:45:06,199] LMCache INFO:[0m Stored 256 tokens in 0.004 seconds [3m(gpu_transfer.py:513:lmcache.v1.multiprocess.modules.gpu_transfer)[0m
[32;20m[2026-06-03 07:45:06,287] LMCache INFO:[0m Stored 256 tokens in 0.004 seconds [3m(gpu_transfer.py:513:lmcache.v1.multiprocess.modules.gpu_transfer)[0m
[32;20m[2026-06-03 07:45:06,380] LMCache INFO:[0m Stored 256 tokens in 0.005 seconds [3m(gpu_transfer.py:513:lmcache.v1.multiprocess.modules.gpu_transfer)[0m
[32;20m[2026-06-03 07:45:06,585] LMCache INFO:[0m Stored 256 tokens in 0.012 seconds [3m(gpu_transfer.py:513:lmcache.v1.multiprocess.modules.gpu_transfer)[0m
[32;20m[2026-06-03 07:45:06,730] LMCache INFO:[0m Stored 256 tokens in 0.003 seconds [3m(gpu_transfer.py:513:lmcache.v1.multiprocess.modules.gpu_transfer)[0m
[32;20m[2026-06-03 07:45:06,892] LMCache INFO:[0m Stored 256 tokens in 0.003 seconds [3m(gpu_transfer.py:513:lmcache.v1.multiprocess.modules.gpu_transfer)[0m
[32;20m[2026-06-03 07:45:07,666] LMCache INFO:[0m Prefetch request completed (L1+L2): 574/574 retained keys (574 L1, 0 L2) in 2.5 ms (external_request_id=chatcmpl-18c50606-68a4-432f-b39c-e9353ef50cf5-a40481ac, prefetch_request_id=-1) [3m(storage_manager.py:575:lmcache.v1.distributed.storage_manager)[0m
[32;20m[2026-06-03 07:45:07,908] LMCache INFO:[0m Stored 256 tokens in 0.074 seconds [3m(gpu_transfer.py:513:lmcache.v1.multiprocess.modules.gpu_transfer)[0m
[32;20m[2026-06-03 07:45:08,097] LMCache INFO:[0m Stored 256 tokens in 0.002 seconds [3m(gpu_transfer.py:513:lmcache.v1.multiprocess.modules.gpu_transfer)[0m
[32;20m[2026-06-03 07:45:08,576] LMCache INFO:[0m Stored 256 tokens in 0.004 seconds [3m(gpu_transfer.py:513:lmcache.v1.multiprocess.modules.gpu_transfer)[0m
[32;20m[2026-06-03 07:45:08,894] LMCache INFO:[0m Stored 256 tokens in 0.003 seconds [3m(gpu_transfer.py:513:lmcache.v1.multiprocess.modules.gpu_transfer)[0m
[32;20m[2026-06-03 07:45:09,554] LMCache INFO:[0m Stored 256 tokens in 0.004 seconds [3m(gpu_transfer.py:513:lmcache.v1.multiprocess.modules.gpu_transfer)[0m
[32;20m[2026-06-03 07:45:10,043] LMCache INFO:[0m Prefetch request completed (L1+L2): 976/989 retained keys (976 L1, 0 L2) in 2.9 ms (external_request_id=chatcmpl-7bd1a61d-03ed-4393-b53b-311c0e3df657-80e53d6f, prefetch_request_id=-1) [3m(storage_manager.py:575:lmcache.v1.distributed.storage_manager)[0m
[32;20m[2026-06-03 07:45:10,458] LMCache INFO:[0m Stored 3328 tokens in 0.029 seconds [3m(gpu_transfer.py:513:lmcache.v1.multiprocess.modules.gpu_transfer)[0m
[32;20m[2026-06-03 07:45:12,429] LMCache INFO:[0m Prefetch request completed (L1+L2): 495/497 retained keys (495 L1, 0 L2) in 1.8 ms (external_request_id=chatcmpl-1eb98929-62a0-46f8-8456-4b97c2fb6e25-91d4c125, prefetch_request_id=-1) [3m(storage_manager.py:575:lmcache.v1.distributed.storage_manager)[0m
[32;20m[2026-06-03 07:45:12,635] LMCache INFO:[0m Stored 512 tokens in 0.015 seconds [3m(gpu_transfer.py:513:lmcache.v1.multiprocess.modules.gpu_transfer)[0m
[32;20m[2026-06-03 07:45:13,144] LMCache INFO:[0m Stored 256 tokens in 0.006 seconds [3m(gpu_transfer.py:513:lmcache.v1.multiprocess.modules.gpu_transfer)[0m
[32;20m[2026-06-03 07:45:13,235] LMCache INFO:[0m Stored 256 tokens in 0.003 seconds [3m(gpu_transfer.py:513:lmcache.v1.multiprocess.modules.gpu_transfer)[0m
[32;20m[2026-06-03 07:45:13,450] LMCache INFO:[0m Stored 256 tokens in 0.003 seconds [3m(gpu_transfer.py:513:lmcache.v1.multiprocess.modules.gpu_transfer)[0m
[32;20m[2026-06-03 07:45:13,990] LMCache INFO:[0m Stored 256 tokens in 0.003 seconds [3m(gpu_transfer.py:513:lmcache.v1.multiprocess.modules.gpu_transfer)[0m
[32;20m[2026-06-03 07:45:14,077] LMCache INFO:[0m Stored 256 tokens in 0.002 seconds [3m(gpu_transfer.py:513:lmcache.v1.multiprocess.modules.gpu_transfer)[0m
[32;20m[2026-06-03 07:45:14,421] LMCache INFO:[0m Stored 256 tokens in 0.004 seconds [3m(gpu_transfer.py:513:lmcache.v1.multiprocess.modules.gpu_transfer)[0m
[32;20m[2026-06-03 07:45:15,775] LMCache INFO:[0m Stored 256 tokens in 0.002 seconds [3m(gpu_transfer.py:513:lmcache.v1.multiprocess.modules.gpu_transfer)[0m
[32;20m[2026-06-03 07:45:16,169] LMCache INFO:[0m Stored 256 tokens in 0.011 seconds [3m(gpu_transfer.py:513:lmcache.v1.multiprocess.modules.gpu_transfer)[0m
[32;20m[2026-06-03 07:45:16,704] LMCache INFO:[0m Stored 256 tokens in 0.006 seconds [3m(gpu_transfer.py:513:lmcache.v1.multiprocess.modules.gpu_transfer)[0m
[32;20m[2026-06-03 07:45:17,027] LMCache INFO:[0m Stored 256 tokens in 0.004 seconds [3m(gpu_transfer.py:513:lmcache.v1.multiprocess.modules.gpu_transfer)[0m
[32;20m[2026-06-03 07:45:17,991] LMCache INFO:[0m Stored 256 tokens in 0.004 seconds [3m(gpu_transfer.py:513:lmcache.v1.multiprocess.modules.gpu_transfer)[0m
[32;20m[2026-06-03 07:45:18,077] LMCache INFO:[0m Stored 256 tokens in 0.005 seconds [3m(gpu_transfer.py:513:lmcache.v1.multiprocess.modules.gpu_transfer)[0m
[32;20m[2026-06-03 07:45:18,245] LMCache INFO:[0m Stored 256 tokens in 0.008 seconds [3m(gpu_transfer.py:513:lmcache.v1.multiprocess.modules.gpu_transfer)[0m
[32;20m[2026-06-03 07:45:18,301] LMCache INFO:[0m Stored 256 tokens in 0.003 seconds [3m(gpu_transfer.py:513:lmcache.v1.multiprocess.modules.gpu_transfer)[0m
[32;20m[2026-06-03 07:45:18,434] LMCache INFO:[0m Stored 256 tokens in 0.005 seconds [3m(gpu_transfer.py:513:lmcache.v1.multiprocess.modules.gpu_transfer)[0m
[32;20m[2026-06-03 07:45:18,677] LMCache INFO:[0m Stored 256 tokens in 0.002 seconds [3m(gpu_transfer.py:513:lmcache.v1.multiprocess.modules.gpu_transfer)[0m
[32;20m[2026-06-03 07:45:18,860] LMCache INFO:[0m Stored 256 tokens in 0.003 seconds [3m(gpu_transfer.py:513:lmcache.v1.multiprocess.modules.gpu_transfer)[0m
[32;20m[2026-06-03 07:45:19,145] LMCache INFO:[0m Stored 256 tokens in 0.017 seconds [3m(gpu_transfer.py:513:lmcache.v1.multiprocess.modules.gpu_transfer)[0m
[32;20m[2026-06-03 07:45:19,637] LMCache INFO:[0m Stored 256 tokens in 0.008 seconds [3m(gpu_transfer.py:513:lmcache.v1.multiprocess.modules.gpu_transfer)[0m
[32;20m[2026-06-03 07:45:19,977] LMCache INFO:[0m Stored 256 tokens in 0.004 seconds [3m(gpu_transfer.py:513:lmcache.v1.multiprocess.modules.gpu_transfer)[0m
[32;20m[2026-06-03 07:45:20,068] LMCache INFO:[0m Stored 256 tokens in 0.004 seconds [3m(gpu_transfer.py:513:lmcache.v1.multiprocess.modules.gpu_transfer)[0m
[32;20m[2026-06-03 07:45:20,168] LMCache INFO:[0m Stored 256 tokens in 0.005 seconds [3m(gpu_transfer.py:513:lmcache.v1.multiprocess.modules.gpu_transfer)[0m
[32;20m[2026-06-03 07:45:20,382] LMCache INFO:[0m Stored 256 tokens in 0.004 seconds [3m(gpu_transfer.py:513:lmcache.v1.multiprocess.modules.gpu_transfer)[0m
[32;20m[2026-06-03 07:45:20,547] LMCache INFO:[0m Stored 256 tokens in 0.003 seconds [3m(gpu_transfer.py:513:lmcache.v1.multiprocess.modules.gpu_transfer)[0m
[32;20m[2026-06-03 07:45:21,482] LMCache INFO:[0m Stored 256 tokens in 0.007 seconds [3m(gpu_transfer.py:513:lmcache.v1.multiprocess.modules.gpu_transfer)[0m
[32;20m[2026-06-03 07:45:21,779] LMCache INFO:[0m Stored 256 tokens in 0.002 seconds [3m(gpu_transfer.py:513:lmcache.v1.multiprocess.modules.gpu_transfer)[0m
[32;20m[2026-06-03 07:45:22,581] LMCache INFO:[0m Stored 256 tokens in 0.004 seconds [3m(gpu_transfer.py:513:lmcache.v1.multiprocess.modules.gpu_transfer)[0m
[32;20m[2026-06-03 07:45:23,207] LMCache INFO:[0m Stored 256 tokens in 0.005 seconds [3m(gpu_transfer.py:513:lmcache.v1.multiprocess.modules.gpu_transfer)[0m
[32;20m[2026-06-03 07:45:23,480] LMCache INFO:[0m Stored 256 tokens in 0.003 seconds [3m(gpu_transfer.py:513:lmcache.v1.multiprocess.modules.gpu_transfer)[0m
[32;20m[2026-06-03 07:45:23,566] LMCache INFO:[0m Stored 256 tokens in 0.003 seconds [3m(gpu_transfer.py:513:lmcache.v1.multiprocess.modules.gpu_transfer)[0m
[32;20m[2026-06-03 07:45:23,797] LMCache INFO:[0m Stored 256 tokens in 0.003 seconds [3m(gpu_transfer.py:513:lmcache.v1.multiprocess.modules.gpu_transfer)[0m
[32;20m[2026-06-03 07:45:24,267] LMCache INFO:[0m Stored 256 tokens in 0.003 seconds [3m(gpu_transfer.py:513:lmcache.v1.multiprocess.modules.gpu_transfer)[0m
[32;20m[2026-06-03 07:45:24,625] LMCache INFO:[0m Stored 256 tokens in 0.003 seconds [3m(gpu_transfer.py:513:lmcache.v1.multiprocess.modules.gpu_transfer)[0m
[32;20m[2026-06-03 07:45:25,786] LMCache INFO:[0m Stored 256 tokens in 0.002 seconds [3m(gpu_transfer.py:513:lmcache.v1.multiprocess.modules.gpu_transfer)[0m
[32;20m[2026-06-03 07:45:26,126] LMCache INFO:[0m Stored 256 tokens in 0.004 seconds [3m(gpu_transfer.py:513:lmcache.v1.multiprocess.modules.gpu_transfer)[0m
[32;20m[2026-06-03 07:45:26,598] LMCache INFO:[0m Stored 256 tokens in 0.006 seconds [3m(gpu_transfer.py:513:lmcache.v1.multiprocess.modules.gpu_transfer)[0m
[32;20m[2026-06-03 07:45:26,876] LMCache INFO:[0m Stored 256 tokens in 0.009 seconds [3m(gpu_transfer.py:513:lmcache.v1.multiprocess.modules.gpu_transfer)[0m
[32;20m[2026-06-03 07:45:27,301] LMCache INFO:[0m Stored 7936 tokens in 0.006 seconds [3m(gpu_transfer.py:513:lmcache.v1.multiprocess.modules.gpu_transfer)[0m
[32;20m[2026-06-03 07:45:27,472] LMCache INFO:[0m Stored 8192 tokens in 0.018 seconds [3m(gpu_transfer.py:513:lmcache.v1.multiprocess.modules.gpu_transfer)[0m
[32;20m[2026-06-03 07:45:28,027] LMCache INFO:[0m Stored 8192 tokens in 0.018 seconds [3m(gpu_transfer.py:513:lmcache.v1.multiprocess.modules.gpu_transfer)[0m
[32;20m[2026-06-03 07:45:28,569] LMCache INFO:[0m Stored 8192 tokens in 0.006 seconds [3m(gpu_transfer.py:513:lmcache.v1.multiprocess.modules.gpu_transfer)[0m
[32;20m[2026-06-03 07:45:29,276] LMCache INFO:[0m Stored 8192 tokens in 0.006 seconds [3m(gpu_transfer.py:513:lmcache.v1.multiprocess.modules.gpu_transfer)[0m
[32;20m[2026-06-03 07:45:30,135] LMCache INFO:[0m Stored 8192 tokens in 0.006 seconds [3m(gpu_transfer.py:513:lmcache.v1.multiprocess.modules.gpu_transfer)[0m
[32;20m[2026-06-03 07:45:31,147] LMCache INFO:[0m Stored 8192 tokens in 0.006 seconds [3m(gpu_transfer.py:513:lmcache.v1.multiprocess.modules.gpu_transfer)[0m
[32;20m[2026-06-03 07:45:32,289] LMCache INFO:[0m Prefetch request completed (L1+L2): 306/314 retained keys (306 L1, 0 L2) in 1.7 ms (external_request_id=chatcmpl-d9c15460-881a-42df-b128-de64941f22b3-a3825571, prefetch_request_id=-1) [3m(storage_manager.py:575:lmcache.v1.distributed.storage_manager)[0m
[32;20m[2026-06-03 07:45:32,301] LMCache INFO:[0m Stored 8192 tokens in 0.006 seconds [3m(gpu_transfer.py:513:lmcache.v1.multiprocess.modules.gpu_transfer)[0m
[32;20m[2026-06-03 07:45:32,395] LMCache INFO:[0m Prefetch request completed (L1+L2): 266/274 retained keys (266 L1, 0 L2) in 1.4 ms (external_request_id=chatcmpl-fe65fa52-44ff-47af-bf83-e9999e1d635e-bb1d6ff1, prefetch_request_id=-1) [3m(storage_manager.py:575:lmcache.v1.distributed.storage_manager)[0m
[32;20m[2026-06-03 07:45:32,545] LMCache INFO:[0m Prefetch request completed (L1+L2): 418/422 retained keys (418 L1, 0 L2) in 2.2 ms (external_request_id=chatcmpl-98399085-e104-4bd5-b5eb-e7a47856da8b-8bdb1f7f, prefetch_request_id=-1) [3m(storage_manager.py:575:lmcache.v1.distributed.storage_manager)[0m
[32;20m[2026-06-03 07:45:33,710] LMCache INFO:[0m Stored 2048 tokens in 0.022 seconds [3m(gpu_transfer.py:513:lmcache.v1.multiprocess.modules.gpu_transfer)[0m
[32;20m[2026-06-03 07:45:33,804] LMCache INFO:[0m Prefetch request completed (L1+L2): 507/523 retained keys (507 L1, 0 L2) in 10.9 ms (external_request_id=chatcmpl-fdb3cae4-b649-43b4-91f5-314f72cfee76-9fc02229, prefetch_request_id=-1) [3m(storage_manager.py:575:lmcache.v1.distributed.storage_manager)[0m
[32;20m[2026-06-03 07:45:35,342] LMCache INFO:[0m Retrieved 20224 tokens in 1.424 seconds [3m(gpu_transfer.py:728:lmcache.v1.multiprocess.modules.gpu_transfer)[0m
[32;20m[2026-06-03 07:45:35,346] LMCache INFO:[0m Retrieved 20224 tokens in 1.417 seconds [3m(gpu_transfer.py:728:lmcache.v1.multiprocess.modules.gpu_transfer)[0m
[32;20m[2026-06-03 07:45:35,374] LMCache INFO:[0m Stored 2048 tokens in 0.036 seconds [3m(gpu_transfer.py:513:lmcache.v1.multiprocess.modules.gpu_transfer)[0m
[32;20m[2026-06-03 07:45:35,382] LMCache INFO:[0m Retrieved 20224 tokens in 0.017 seconds [3m(gpu_transfer.py:728:lmcache.v1.multiprocess.modules.gpu_transfer)[0m
[32;20m[2026-06-03 07:45:35,390] LMCache INFO:[0m Stored 256 tokens in 0.013 seconds [3m(gpu_transfer.py:513:lmcache.v1.multiprocess.modules.gpu_transfer)[0m
[32;20m[2026-06-03 07:45:35,398] LMCache INFO:[0m Stored 4096 tokens in 0.005 seconds [3m(gpu_transfer.py:513:lmcache.v1.multiprocess.modules.gpu_transfer)[0m
[32;20m[2026-06-03 07:45:35,409] LMCache INFO:[0m Retrieved 20224 tokens in 0.007 seconds [3m(gpu_transfer.py:728:lmcache.v1.multiprocess.modules.gpu_transfer)[0m
[32;20m[2026-06-03 07:45:35,522] LMCache INFO:[0m Prefetch request completed (L1+L2): 681/692 retained keys (681 L1, 0 L2) in 32.5 ms (external_request_id=chatcmpl-0da5fc1b-3a6d-451f-b7da-4270526ac8a8-80da2ea3, prefetch_request_id=-1) [3m(storage_manager.py:575:lmcache.v1.distributed.storage_manager)[0m
[32;20m[2026-06-03 07:45:35,605] LMCache INFO:[0m Stored 768 tokens in 0.005 seconds [3m(gpu_transfer.py:513:lmcache.v1.multiprocess.modules.gpu_transfer)[0m
[32;20m[2026-06-03 07:45:35,777] LMCache INFO:[0m Prefetch request completed (L1+L2): 210/213 retained keys (210 L1, 0 L2) in 1.3 ms (external_request_id=chatcmpl-1465f493-7122-4421-be4c-de3e995c3bd5-8d0d6d07, prefetch_request_id=-1) [3m(storage_manager.py:575:lmcache.v1.distributed.storage_manager)[0m
[32;20m[2026-06-03 07:45:35,923] LMCache INFO:[0m Prefetch request completed (L1+L2): 497/499 retained keys (497 L1, 0 L2) in 1.8 ms (external_request_id=chatcmpl-5d8ce932-f80d-4fbb-9058-321ef35b570f-b890cf24, prefetch_request_id=-1) [3m(storage_manager.py:575:lmcache.v1.distributed.storage_manager)[0m
[32;20m[2026-06-03 07:45:36,167] LMCache INFO:[0m Prefetch request completed (L1+L2): 348/351 retained keys (348 L1, 0 L2) in 15.9 ms (external_request_id=chatcmpl-bccfc2ea-841a-4af3-9a5c-836458f9c366-91226509, prefetch_request_id=-1) [3m(storage_manager.py:575:lmcache.v1.distributed.storage_manager)[0m
[32;20m[2026-06-03 07:45:36,476] LMCache INFO:[0m Stored 2816 tokens in 0.062 seconds [3m(gpu_transfer.py:513:lmcache.v1.multiprocess.modules.gpu_transfer)[0m
[32;20m[2026-06-03 07:45:38,044] LMCache INFO:[0m Stored 768 tokens in 0.007 seconds [3m(gpu_transfer.py:513:lmcache.v1.multiprocess.modules.gpu_transfer)[0m
[32;20m[2026-06-03 07:45:38,061] LMCache INFO:[0m Stored 512 tokens in 0.015 seconds [3m(gpu_transfer.py:513:lmcache.v1.multiprocess.modules.gpu_transfer)[0m
[32;20m[2026-06-03 07:45:38,157] LMCache INFO:[0m Prefetch request completed (L1+L2): 374/375 retained keys (374 L1, 0 L2) in 1.5 ms (external_request_id=chatcmpl-ff1510e2-cb02-448b-aab3-9125d153c372-bc9654f0, prefetch_request_id=-1) [3m(storage_manager.py:575:lmcache.v1.distributed.storage_manager)[0m
[32;20m[2026-06-03 07:45:38,402] LMCache INFO:[0m Stored 768 tokens in 0.140 seconds [3m(gpu_transfer.py:513:lmcache.v1.multiprocess.modules.gpu_transfer)[0m
[32;20m[2026-06-03 07:45:38,908] LMCache INFO:[0m Stored 4096 tokens in 0.013 seconds [3m(gpu_transfer.py:513:lmcache.v1.multiprocess.modules.gpu_transfer)[0m
[32;20m[2026-06-03 07:45:40,479] LMCache INFO:[0m Stored 256 tokens in 0.012 seconds [3m(gpu_transfer.py:513:lmcache.v1.multiprocess.modules.gpu_transfer)[0m
[32;20m[2026-06-03 07:45:40,600] LMCache INFO:[0m Stored 256 tokens in 0.003 seconds [3m(gpu_transfer.py:513:lmcache.v1.multiprocess.modules.gpu_transfer)[0m
[32;20m[2026-06-03 07:45:40,696] LMCache INFO:[0m Stored 256 tokens in 0.004 seconds [3m(gpu_transfer.py:513:lmcache.v1.multiprocess.modules.gpu_transfer)[0m
[32;20m[2026-06-03 07:45:40,852] LMCache INFO:[0m Stored 256 tokens in 0.007 seconds [3m(gpu_transfer.py:513:lmcache.v1.multiprocess.modules.gpu_transfer)[0m
[32;20m[2026-06-03 07:45:41,017] LMCache INFO:[0m Stored 256 tokens in 0.004 seconds [3m(gpu_transfer.py:513:lmcache.v1.multiprocess.modules.gpu_transfer)[0m
[32;20m[2026-06-03 07:45:41,718] LMCache INFO:[0m Stored 256 tokens in 0.005 seconds [3m(gpu_transfer.py:513:lmcache.v1.multiprocess.modules.gpu_transfer)[0m
[32;20m[2026-06-03 07:45:41,781] LMCache INFO:[0m Stored 256 tokens in 0.003 seconds [3m(gpu_transfer.py:513:lmcache.v1.multiprocess.modules.gpu_transfer)[0m
[32;20m[2026-06-03 07:45:42,210] LMCache INFO:[0m Stored 256 tokens in 0.007 seconds [3m(gpu_transfer.py:513:lmcache.v1.multiprocess.modules.gpu_transfer)[0m
[32;20m[2026-06-03 07:45:42,564] LMCache INFO:[0m Stored 256 tokens in 0.004 seconds [3m(gpu_transfer.py:513:lmcache.v1.multiprocess.modules.gpu_transfer)[0m
[32;20m[2026-06-03 07:45:42,657] LMCache INFO:[0m Stored 256 tokens in 0.004 seconds [3m(gpu_transfer.py:513:lmcache.v1.multiprocess.modules.gpu_transfer)[0m
[32;20m[2026-06-03 07:45:42,952] LMCache INFO:[0m Stored 256 tokens in 0.004 seconds [3m(gpu_transfer.py:513:lmcache.v1.multiprocess.modules.gpu_transfer)[0m
[32;20m[2026-06-03 07:45:43,403] LMCache INFO:[0m Stored 256 tokens in 0.003 seconds [3m(gpu_transfer.py:513:lmcache.v1.multiprocess.modules.gpu_transfer)[0m
[32;20m[2026-06-03 07:45:43,780] LMCache INFO:[0m Stored 256 tokens in 0.004 seconds [3m(gpu_transfer.py:513:lmcache.v1.multiprocess.modules.gpu_transfer)[0m
[32;20m[2026-06-03 07:45:44,088] LMCache INFO:[0m Stored 256 tokens in 0.006 seconds [3m(gpu_transfer.py:513:lmcache.v1.multiprocess.modules.gpu_transfer)[0m
[32;20m[2026-06-03 07:45:44,403] LMCache INFO:[0m Stored 256 tokens in 0.002 seconds [3m(gpu_transfer.py:513:lmcache.v1.multiprocess.modules.gpu_transfer)[0m
[32;20m[2026-06-03 07:45:45,217] LMCache INFO:[0m Stored 256 tokens in 0.003 seconds [3m(gpu_transfer.py:513:lmcache.v1.multiprocess.modules.gpu_transfer)[0m
[32;20m[2026-06-03 07:45:45,600] LMCache INFO:[0m Stored 256 tokens in 0.005 seconds [3m(gpu_transfer.py:513:lmcache.v1.multiprocess.modules.gpu_transfer)[0m
[32;20m[2026-06-03 07:45:46,345] LMCache INFO:[0m Stored 256 tokens in 0.003 seconds [3m(gpu_transfer.py:513:lmcache.v1.multiprocess.modules.gpu_transfer)[0m
[32;20m[2026-06-03 07:45:46,597] LMCache INFO:[0m Stored 256 tokens in 0.003 seconds [3m(gpu_transfer.py:513:lmcache.v1.multiprocess.modules.gpu_transfer)[0m
[32;20m[2026-06-03 07:45:46,781] LMCache INFO:[0m Stored 256 tokens in 0.004 seconds [3m(gpu_transfer.py:513:lmcache.v1.multiprocess.modules.gpu_transfer)[0m
[32;20m[2026-06-03 07:45:47,158] LMCache INFO:[0m Stored 256 tokens in 0.007 seconds [3m(gpu_transfer.py:513:lmcache.v1.multiprocess.modules.gpu_transfer)[0m
[32;20m[2026-06-03 07:45:47,224] LMCache INFO:[0m Stored 256 tokens in 0.003 seconds [3m(gpu_transfer.py:513:lmcache.v1.multiprocess.modules.gpu_transfer)[0m
[32;20m[2026-06-03 07:45:47,576] LMCache INFO:[0m Stored 256 tokens in 0.004 seconds [3m(gpu_transfer.py:513:lmcache.v1.multiprocess.modules.gpu_transfer)[0m
[32;20m[2026-06-03 07:45:47,630] LMCache INFO:[0m Stored 256 tokens in 0.004 seconds [3m(gpu_transfer.py:513:lmcache.v1.multiprocess.modules.gpu_transfer)[0m
[32;20m[2026-06-03 07:45:48,412] LMCache INFO:[0m Stored 256 tokens in 0.003 seconds [3m(gpu_transfer.py:513:lmcache.v1.multiprocess.modules.gpu_transfer)[0m
[32;20m[2026-06-03 07:45:48,887] LMCache INFO:[0m Stored 256 tokens in 0.002 seconds [3m(gpu_transfer.py:513:lmcache.v1.multiprocess.modules.gpu_transfer)[0m
[32;20m[2026-06-03 07:45:49,782] LMCache INFO:[0m Stored 256 tokens in 0.007 seconds [3m(gpu_transfer.py:513:lmcache.v1.multiprocess.modules.gpu_transfer)[0m
[32;20m[2026-06-03 07:45:50,090] LMCache INFO:[0m Stored 256 tokens in 0.004 seconds [3m(gpu_transfer.py:513:lmcache.v1.multiprocess.modules.gpu_transfer)[0m
[32;20m[2026-06-03 07:45:50,493] LMCache INFO:[0m Stored 256 tokens in 0.003 seconds [3m(gpu_transfer.py:513:lmcache.v1.multiprocess.modules.gpu_transfer)[0m
[32;20m[2026-06-03 07:45:51,024] LMCache INFO:[0m Stored 256 tokens in 0.003 seconds [3m(gpu_transfer.py:513:lmcache.v1.multiprocess.modules.gpu_transfer)[0m
[32;20m[2026-06-03 07:45:51,104] LMCache INFO:[0m Stored 256 tokens in 0.004 seconds [3m(gpu_transfer.py:513:lmcache.v1.multiprocess.modules.gpu_transfer)[0m
[32;20m[2026-06-03 07:45:51,270] LMCache INFO:[0m Stored 256 tokens in 0.007 seconds [3m(gpu_transfer.py:513:lmcache.v1.multiprocess.modules.gpu_transfer)[0m
[32;20m[2026-06-03 07:45:51,424] LMCache INFO:[0m Stored 256 tokens in 0.004 seconds [3m(gpu_transfer.py:513:lmcache.v1.multiprocess.modules.gpu_transfer)[0m
[32;20m[2026-06-03 07:45:51,760] LMCache INFO:[0m Prefetch request completed (L1+L2): 367/370 retained keys (367 L1, 0 L2) in 2.3 ms (external_request_id=chatcmpl-e79c18ef-171f-4251-815c-4f2923200055-aab3b4ba, prefetch_request_id=-1) [3m(storage_manager.py:575:lmcache.v1.distributed.storage_manager)[0m
[32;20m[2026-06-03 07:45:52,067] LMCache INFO:[0m Stored 768 tokens in 0.011 seconds [3m(gpu_transfer.py:513:lmcache.v1.multiprocess.modules.gpu_transfer)[0m
[32;20m[2026-06-03 07:45:52,824] LMCache INFO:[0m Stored 256 tokens in 0.005 seconds [3m(gpu_transfer.py:513:lmcache.v1.multiprocess.modules.gpu_transfer)[0m
[32;20m[2026-06-03 07:45:52,880] LMCache INFO:[0m Stored 256 tokens in 0.003 seconds [3m(gpu_transfer.py:513:lmcache.v1.multiprocess.modules.gpu_transfer)[0m
[32;20m[2026-06-03 07:45:53,305] LMCache INFO:[0m Stored 256 tokens in 0.008 seconds [3m(gpu_transfer.py:513:lmcache.v1.multiprocess.modules.gpu_transfer)[0m
[32;20m[2026-06-03 07:45:53,647] LMCache INFO:[0m Stored 256 tokens in 0.004 seconds [3m(gpu_transfer.py:513:lmcache.v1.multiprocess.modules.gpu_transfer)[0m
[32;20m[2026-06-03 07:45:53,736] LMCache INFO:[0m Stored 256 tokens in 0.004 seconds [3m(gpu_transfer.py:513:lmcache.v1.multiprocess.modules.gpu_transfer)[0m
[32;20m[2026-06-03 07:45:54,023] LMCache INFO:[0m Stored 256 tokens in 0.004 seconds [3m(gpu_transfer.py:513:lmcache.v1.multiprocess.modules.gpu_transfer)[0m
[32;20m[2026-06-03 07:45:54,463] LMCache INFO:[0m Stored 256 tokens in 0.003 seconds [3m(gpu_transfer.py:513:lmcache.v1.multiprocess.modules.gpu_transfer)[0m
[32;20m[2026-06-03 07:45:54,831] LMCache INFO:[0m Stored 256 tokens in 0.004 seconds [3m(gpu_transfer.py:513:lmcache.v1.multiprocess.modules.gpu_transfer)[0m
[32;20m[2026-06-03 07:45:55,131] LMCache INFO:[0m Stored 256 tokens in 0.006 seconds [3m(gpu_transfer.py:513:lmcache.v1.multiprocess.modules.gpu_transfer)[0m
[32;20m[2026-06-03 07:45:56,213] LMCache INFO:[0m Stored 256 tokens in 0.004 seconds [3m(gpu_transfer.py:513:lmcache.v1.multiprocess.modules.gpu_transfer)[0m
[32;20m[2026-06-03 07:45:56,577] LMCache INFO:[0m Stored 256 tokens in 0.005 seconds [3m(gpu_transfer.py:513:lmcache.v1.multiprocess.modules.gpu_transfer)[0m
[32;20m[2026-06-03 07:45:57,532] LMCache INFO:[0m Stored 256 tokens in 0.003 seconds [3m(gpu_transfer.py:513:lmcache.v1.multiprocess.modules.gpu_transfer)[0m
[32;20m[2026-06-03 07:45:57,828] LMCache INFO:[0m Prefetch request completed (L1+L2): 322/327 retained keys (322 L1, 0 L2) in 2.2 ms (external_request_id=chatcmpl-b169fdb9-0efe-414e-9d12-e3abf1d5fc0f-a4db8f58, prefetch_request_id=-1) [3m(storage_manager.py:575:lmcache.v1.distributed.storage_manager)[0m
[32;20m[2026-06-03 07:45:58,008] LMCache INFO:[0m Prefetch request completed (L1+L2): 150/156 retained keys (150 L1, 0 L2) in 2.6 ms (external_request_id=chatcmpl-d6fc1415-816b-4c61-9bf8-71aeda6e9735-b5385046, prefetch_request_id=-1) [3m(storage_manager.py:575:lmcache.v1.distributed.storage_manager)[0m
[32;20m[2026-06-03 07:45:58,027] LMCache INFO:[0m Retrieved 39680 tokens in 0.081 seconds [3m(gpu_transfer.py:728:lmcache.v1.multiprocess.modules.gpu_transfer)[0m
[32;20m[2026-06-03 07:45:58,027] LMCache INFO:[0m Retrieved 39680 tokens in 0.107 seconds [3m(gpu_transfer.py:728:lmcache.v1.multiprocess.modules.gpu_transfer)[0m
[32;20m[2026-06-03 07:45:58,027] LMCache INFO:[0m Retrieved 39680 tokens in 0.078 seconds [3m(gpu_transfer.py:728:lmcache.v1.multiprocess.modules.gpu_transfer)[0m
[32;20m[2026-06-03 07:45:58,104] LMCache INFO:[0m Stored 256 tokens in 0.060 seconds [3m(gpu_transfer.py:513:lmcache.v1.multiprocess.modules.gpu_transfer)[0m
[32;20m[2026-06-03 07:45:58,113] LMCache INFO:[0m Retrieved 39680 tokens in 0.055 seconds [3m(gpu_transfer.py:728:lmcache.v1.multiprocess.modules.gpu_transfer)[0m
[32;20m[2026-06-03 07:45:58,175] LMCache INFO:[0m Stored 1536 tokens in 0.006 seconds [3m(gpu_transfer.py:513:lmcache.v1.multiprocess.modules.gpu_transfer)[0m
[32;20m[2026-06-03 07:45:58,658] LMCache INFO:[0m Stored 1280 tokens in 0.004 seconds [3m(gpu_transfer.py:513:lmcache.v1.multiprocess.modules.gpu_transfer)[0m
[32;20m[2026-06-03 07:45:59,202] LMCache INFO:[0m Stored 256 tokens in 0.006 seconds [3m(gpu_transfer.py:513:lmcache.v1.multiprocess.modules.gpu_transfer)[0m
[32;20m[2026-06-03 07:45:59,280] LMCache INFO:[0m Stored 256 tokens in 0.003 seconds [3m(gpu_transfer.py:513:lmcache.v1.multiprocess.modules.gpu_transfer)[0m
[32;20m[2026-06-03 07:45:59,632] LMCache INFO:[0m Stored 256 tokens in 0.004 seconds [3m(gpu_transfer.py:513:lmcache.v1.multiprocess.modules.gpu_transfer)[0m
[32;20m[2026-06-03 07:45:59,688] LMCache INFO:[0m Stored 256 tokens in 0.005 seconds [3m(gpu_transfer.py:513:lmcache.v1.multiprocess.modules.gpu_transfer)[0m
[32;20m[2026-06-03 07:46:00,162] LMCache INFO:[0m Prefetch request completed (L1+L2): 314/323 retained keys (314 L1, 0 L2) in 22.5 ms (external_request_id=chatcmpl-860f7640-dbdd-4407-a135-a43dd0d04bec-98781dc7, prefetch_request_id=-1) [3m(storage_manager.py:575:lmcache.v1.distributed.storage_manager)[0m
[32;20m[2026-06-03 07:46:00,355] LMCache INFO:[0m Prefetch request completed (L1+L2): 241/261 retained keys (241 L1, 0 L2) in 1.5 ms (external_request_id=chatcmpl-4dee8740-f6f7-43cb-aaa6-8d4abbba838d-a68ccce8, prefetch_request_id=-1) [3m(storage_manager.py:575:lmcache.v1.distributed.storage_manager)[0m
[32;20m[2026-06-03 07:46:00,491] LMCache INFO:[0m Stored 2304 tokens in 0.092 seconds [3m(gpu_transfer.py:513:lmcache.v1.multiprocess.modules.gpu_transfer)[0m
[32;20m[2026-06-03 07:46:01,040] LMCache INFO:[0m Stored 5120 tokens in 0.010 seconds [3m(gpu_transfer.py:513:lmcache.v1.multiprocess.modules.gpu_transfer)[0m
[32;20m[2026-06-03 07:46:02,397] LMCache INFO:[0m Stored 256 tokens in 0.003 seconds [3m(gpu_transfer.py:513:lmcache.v1.multiprocess.modules.gpu_transfer)[0m
[32;20m[2026-06-03 07:46:02,881] LMCache INFO:[0m Stored 256 tokens in 0.002 seconds [3m(gpu_transfer.py:513:lmcache.v1.multiprocess.modules.gpu_transfer)[0m
[32;20m[2026-06-03 07:46:02,967] LMCache INFO:[0m Stored 256 tokens in 0.002 seconds [3m(gpu_transfer.py:513:lmcache.v1.multiprocess.modules.gpu_transfer)[0m
[32;20m[2026-06-03 07:46:03,774] LMCache INFO:[0m Stored 256 tokens in 0.006 seconds [3m(gpu_transfer.py:513:lmcache.v1.multiprocess.modules.gpu_transfer)[0m
[32;20m[2026-06-03 07:46:04,166] LMCache INFO:[0m Stored 256 tokens in 0.003 seconds [3m(gpu_transfer.py:513:lmcache.v1.multiprocess.modules.gpu_transfer)[0m
[32;20m[2026-06-03 07:46:04,256] LMCache INFO:[0m Stored 256 tokens in 0.003 seconds [3m(gpu_transfer.py:513:lmcache.v1.multiprocess.modules.gpu_transfer)[0m
[32;20m[2026-06-03 07:46:04,471] LMCache INFO:[0m Stored 256 tokens in 0.003 seconds [3m(gpu_transfer.py:513:lmcache.v1.multiprocess.modules.gpu_transfer)[0m
[32;20m[2026-06-03 07:46:05,072] LMCache INFO:[0m Stored 256 tokens in 0.003 seconds [3m(gpu_transfer.py:513:lmcache.v1.multiprocess.modules.gpu_transfer)[0m
[32;20m[2026-06-03 07:46:05,154] LMCache INFO:[0m Stored 256 tokens in 0.004 seconds [3m(gpu_transfer.py:513:lmcache.v1.multiprocess.modules.gpu_transfer)[0m
[32;20m[2026-06-03 07:46:05,346] LMCache INFO:[0m Stored 256 tokens in 0.008 seconds [3m(gpu_transfer.py:513:lmcache.v1.multiprocess.modules.gpu_transfer)[0m
[32;20m[2026-06-03 07:46:05,546] LMCache INFO:[0m Prefetch request completed (L1+L2): 271/274 retained keys (271 L1, 0 L2) in 1.7 ms (external_request_id=chatcmpl-6fdf08f5-3071-4ce2-9f6a-8e2f68d7e162-acdce1ac, prefetch_request_id=-1) [3m(storage_manager.py:575:lmcache.v1.distributed.storage_manager)[0m
[32;20m[2026-06-03 07:46:05,748] LMCache INFO:[0m Stored 768 tokens in 0.009 seconds [3m(gpu_transfer.py:513:lmcache.v1.multiprocess.modules.gpu_transfer)[0m
[32;20m[2026-06-03 07:46:06,010] LMCache INFO:[0m Stored 256 tokens in 0.005 seconds [3m(gpu_transfer.py:513:lmcache.v1.multiprocess.modules.gpu_transfer)[0m
[32;20m[2026-06-03 07:46:06,619] LMCache INFO:[0m Stored 256 tokens in 0.010 seconds [3m(gpu_transfer.py:513:lmcache.v1.multiprocess.modules.gpu_transfer)[0m
[32;20m[2026-06-03 07:46:06,674] LMCache INFO:[0m Stored 256 tokens in 0.003 seconds [3m(gpu_transfer.py:513:lmcache.v1.multiprocess.modules.gpu_transfer)[0m
[32;20m[2026-06-03 07:46:07,095] LMCache INFO:[0m Stored 256 tokens in 0.008 seconds [3m(gpu_transfer.py:513:lmcache.v1.multiprocess.modules.gpu_transfer)[0m
[32;20m[2026-06-03 07:46:07,434] LMCache INFO:[0m Stored 256 tokens in 0.004 seconds [3m(gpu_transfer.py:513:lmcache.v1.multiprocess.modules.gpu_transfer)[0m
[32;20m[2026-06-03 07:46:07,524] LMCache INFO:[0m Stored 256 tokens in 0.004 seconds [3m(gpu_transfer.py:513:lmcache.v1.multiprocess.modules.gpu_transfer)[0m
[32;20m[2026-06-03 07:46:07,813] LMCache INFO:[0m Stored 256 tokens in 0.004 seconds [3m(gpu_transfer.py:513:lmcache.v1.multiprocess.modules.gpu_transfer)[0m
[32;20m[2026-06-03 07:46:07,948] LMCache INFO:[0m Prefetch request completed (L1+L2): 365/365 retained keys (365 L1, 0 L2) in 2.2 ms (external_request_id=chatcmpl-bdf309dc-3102-4726-bf4d-7c0431db7c13-a204fd20, prefetch_request_id=-1) [3m(storage_manager.py:575:lmcache.v1.distributed.storage_manager)[0m
[32;20m[2026-06-03 07:46:08,205] LMCache INFO:[0m Stored 256 tokens in 0.003 seconds [3m(gpu_transfer.py:513:lmcache.v1.multiprocess.modules.gpu_transfer)[0m
[32;20m[2026-06-03 07:46:08,732] LMCache INFO:[0m Stored 256 tokens in 0.004 seconds [3m(gpu_transfer.py:513:lmcache.v1.multiprocess.modules.gpu_transfer)[0m
[32;20m[2026-06-03 07:46:09,032] LMCache INFO:[0m Stored 256 tokens in 0.006 seconds [3m(gpu_transfer.py:513:lmcache.v1.multiprocess.modules.gpu_transfer)[0m
[32;20m[2026-06-03 07:46:10,107] LMCache INFO:[0m Stored 256 tokens in 0.004 seconds [3m(gpu_transfer.py:513:lmcache.v1.multiprocess.modules.gpu_transfer)[0m
[32;20m[2026-06-03 07:46:10,495] LMCache INFO:[0m Stored 256 tokens in 0.007 seconds [3m(gpu_transfer.py:513:lmcache.v1.multiprocess.modules.gpu_transfer)[0m
[32;20m[2026-06-03 07:46:10,593] LMCache INFO:[0m Prefetch request completed (L1+L2): 156/162 retained keys (156 L1, 0 L2) in 1.1 ms (external_request_id=chatcmpl-6358e5de-77f5-49ca-b72d-ad4792e0f947-96d1c0af, prefetch_request_id=-1) [3m(storage_manager.py:575:lmcache.v1.distributed.storage_manager)[0m
[32;20m[2026-06-03 07:46:10,815] LMCache INFO:[0m Stored 1536 tokens in 0.007 seconds [3m(gpu_transfer.py:513:lmcache.v1.multiprocess.modules.gpu_transfer)[0m
[32;20m[2026-06-03 07:46:11,083] LMCache INFO:[0m Prefetch request completed (L1+L2): 274/325 retained keys (274 L1, 0 L2) in 1.7 ms (external_request_id=chatcmpl-60bc21e7-bdbc-40fb-b3ef-0114ec9dd398-a2b94d51, prefetch_request_id=-1) [3m(storage_manager.py:575:lmcache.v1.distributed.storage_manager)[0m
[32;20m[2026-06-03 07:46:11,281] LMCache INFO:[0m Stored 7936 tokens in 0.012 seconds [3m(gpu_transfer.py:513:lmcache.v1.multiprocess.modules.gpu_transfer)[0m
[32;20m[2026-06-03 07:46:12,674] LMCache INFO:[0m Stored 5120 tokens in 0.006 seconds [3m(gpu_transfer.py:513:lmcache.v1.multiprocess.modules.gpu_transfer)[0m
[32;20m[2026-06-03 07:46:14,437] LMCache INFO:[0m Stored 256 tokens in 0.003 seconds [3m(gpu_transfer.py:513:lmcache.v1.multiprocess.modules.gpu_transfer)[0m
[32;20m[2026-06-03 07:46:14,613] LMCache INFO:[0m Stored 256 tokens in 0.005 seconds [3m(gpu_transfer.py:513:lmcache.v1.multiprocess.modules.gpu_transfer)[0m
[32;20m[2026-06-03 07:46:14,967] LMCache INFO:[0m Stored 256 tokens in 0.004 seconds [3m(gpu_transfer.py:513:lmcache.v1.multiprocess.modules.gpu_transfer)[0m
[32;20m[2026-06-03 07:46:15,135] LMCache INFO:[0m Stored 256 tokens in 0.003 seconds [3m(gpu_transfer.py:513:lmcache.v1.multiprocess.modules.gpu_transfer)[0m
[32;20m[2026-06-03 07:46:15,398] LMCache INFO:[0m Stored 256 tokens in 0.009 seconds [3m(gpu_transfer.py:513:lmcache.v1.multiprocess.modules.gpu_transfer)[0m
[32;20m[2026-06-03 07:46:15,461] LMCache INFO:[0m Stored 256 tokens in 0.004 seconds [3m(gpu_transfer.py:513:lmcache.v1.multiprocess.modules.gpu_transfer)[0m
[32;20m[2026-06-03 07:46:16,668] LMCache INFO:[0m Stored 256 tokens in 0.002 seconds [3m(gpu_transfer.py:513:lmcache.v1.multiprocess.modules.gpu_transfer)[0m
[32;20m[2026-06-03 07:46:17,250] LMCache INFO:[0m Prefetch request completed (L1+L2): 510/510 retained keys (510 L1, 0 L2) in 1.6 ms (external_request_id=chatcmpl-32e58c3c-19d0-45d4-928c-5314e92165a5-a944b50c, prefetch_request_id=-1) [3m(storage_manager.py:575:lmcache.v1.distributed.storage_manager)[0m
[32;20m[2026-06-03 07:46:17,707] LMCache INFO:[0m Stored 256 tokens in 0.006 seconds [3m(gpu_transfer.py:513:lmcache.v1.multiprocess.modules.gpu_transfer)[0m
[32;20m[2026-06-03 07:46:18,089] LMCache INFO:[0m Stored 256 tokens in 0.004 seconds [3m(gpu_transfer.py:513:lmcache.v1.multiprocess.modules.gpu_transfer)[0m
[32;20m[2026-06-03 07:46:18,175] LMCache INFO:[0m Stored 256 tokens in 0.003 seconds [3m(gpu_transfer.py:513:lmcache.v1.multiprocess.modules.gpu_transfer)[0m
[32;20m[2026-06-03 07:46:18,612] LMCache INFO:[0m Stored 256 tokens in 0.003 seconds [3m(gpu_transfer.py:513:lmcache.v1.multiprocess.modules.gpu_transfer)[0m
[32;20m[2026-06-03 07:46:18,967] LMCache INFO:[0m Stored 256 tokens in 0.003 seconds [3m(gpu_transfer.py:513:lmcache.v1.multiprocess.modules.gpu_transfer)[0m
[32;20m[2026-06-03 07:46:19,042] LMCache INFO:[0m Stored 256 tokens in 0.004 seconds [3m(gpu_transfer.py:513:lmcache.v1.multiprocess.modules.gpu_transfer)[0m
[32;20m[2026-06-03 07:46:19,205] LMCache INFO:[0m Stored 256 tokens in 0.007 seconds [3m(gpu_transfer.py:513:lmcache.v1.multiprocess.modules.gpu_transfer)[0m
[32;20m[2026-06-03 07:46:19,964] LMCache INFO:[0m Stored 256 tokens in 0.010 seconds [3m(gpu_transfer.py:513:lmcache.v1.multiprocess.modules.gpu_transfer)[0m
[32;20m[2026-06-03 07:46:19,983] LMCache INFO:[0m Stored 256 tokens in 0.003 seconds [3m(gpu_transfer.py:513:lmcache.v1.multiprocess.modules.gpu_transfer)[0m
[32;20m[2026-06-03 07:46:20,148] LMCache INFO:[0m Prefetch request completed (L1+L2): 270/275 retained keys (270 L1, 0 L2) in 1.9 ms (external_request_id=chatcmpl-b7e31e07-1adb-4440-a07c-44cd97968198-8df8c757, prefetch_request_id=-1) [3m(storage_manager.py:575:lmcache.v1.distributed.storage_manager)[0m
[32;20m[2026-06-03 07:46:20,446] LMCache INFO:[0m Stored 1280 tokens in 0.009 seconds [3m(gpu_transfer.py:513:lmcache.v1.multiprocess.modules.gpu_transfer)[0m
[32;20m[2026-06-03 07:46:21,141] LMCache INFO:[0m Prefetch request completed (L1+L2): 274/276 retained keys (274 L1, 0 L2) in 1.5 ms (external_request_id=chatcmpl-61be78fb-8b8d-4d8a-9270-6d5c614a5d8b-90c10a43, prefetch_request_id=-1) [3m(storage_manager.py:575:lmcache.v1.distributed.storage_manager)[0m
[32;20m[2026-06-03 07:46:21,321] LMCache INFO:[0m Stored 512 tokens in 0.008 seconds [3m(gpu_transfer.py:513:lmcache.v1.multiprocess.modules.gpu_transfer)[0m
[32;20m[2026-06-03 07:46:21,789] LMCache INFO:[0m Stored 256 tokens in 0.003 seconds [3m(gpu_transfer.py:513:lmcache.v1.multiprocess.modules.gpu_transfer)[0m
[32;20m[2026-06-03 07:46:21,880] LMCache INFO:[0m Stored 256 tokens in 0.004 seconds [3m(gpu_transfer.py:513:lmcache.v1.multiprocess.modules.gpu_transfer)[0m
[32;20m[2026-06-03 07:46:22,010] LMCache INFO:[0m Stored 256 tokens in 0.011 seconds [3m(gpu_transfer.py:513:lmcache.v1.multiprocess.modules.gpu_transfer)[0m
[32;20m[2026-06-03 07:46:22,170] LMCache INFO:[0m Stored 256 tokens in 0.007 seconds [3m(gpu_transfer.py:513:lmcache.v1.multiprocess.modules.gpu_transfer)[0m
[32;20m[2026-06-03 07:46:22,209] LMCache INFO:[0m Stored 256 tokens in 0.003 seconds [3m(gpu_transfer.py:513:lmcache.v1.multiprocess.modules.gpu_transfer)[0m
[32;20m[2026-06-03 07:46:22,459] LMCache INFO:[0m Stored 256 tokens in 0.003 seconds [3m(gpu_transfer.py:513:lmcache.v1.multiprocess.modules.gpu_transfer)[0m
[32;20m[2026-06-03 07:46:22,792] LMCache INFO:[0m Prefetch request completed (L1+L2): 323/332 retained keys (323 L1, 0 L2) in 1.9 ms (external_request_id=chatcmpl-55d1b88e-0db0-4ba5-8c2d-21b02a317f3b-9f412b72, prefetch_request_id=-1) [3m(storage_manager.py:575:lmcache.v1.distributed.storage_manager)[0m
[32;20m[2026-06-03 07:46:23,106] LMCache INFO:[0m Stored 2304 tokens in 0.010 seconds [3m(gpu_transfer.py:513:lmcache.v1.multiprocess.modules.gpu_transfer)[0m
[32;20m[2026-06-03 07:46:23,779] LMCache INFO:[0m Prefetch request completed (L1+L2): 154/174 retained keys (154 L1, 0 L2) in 1.4 ms (external_request_id=chatcmpl-d6a0e08d-fabd-4e54-beb6-8495ae71aeda-9a51d34d, prefetch_request_id=-1) [3m(storage_manager.py:575:lmcache.v1.distributed.storage_manager)[0m
[32;20m[2026-06-03 07:46:23,987] LMCache INFO:[0m Stored 5120 tokens in 0.007 seconds [3m(gpu_transfer.py:513:lmcache.v1.multiprocess.modules.gpu_transfer)[0m
[32;20m[2026-06-03 07:46:24,913] LMCache INFO:[0m Stored 256 tokens in 0.005 seconds [3m(gpu_transfer.py:513:lmcache.v1.multiprocess.modules.gpu_transfer)[0m
[32;20m[2026-06-03 07:46:25,339] LMCache INFO:[0m Stored 256 tokens in 0.014 seconds [3m(gpu_transfer.py:513:lmcache.v1.multiprocess.modules.gpu_transfer)[0m
[32;20m[2026-06-03 07:46:25,626] LMCache INFO:[0m Stored 256 tokens in 0.002 seconds [3m(gpu_transfer.py:513:lmcache.v1.multiprocess.modules.gpu_transfer)[0m
[32;20m[2026-06-03 07:46:26,334] LMCache INFO:[0m Stored 256 tokens in 0.005 seconds [3m(gpu_transfer.py:513:lmcache.v1.multiprocess.modules.gpu_transfer)[0m
[32;20m[2026-06-03 07:46:27,249] LMCache INFO:[0m Stored 256 tokens in 0.003 seconds [3m(gpu_transfer.py:513:lmcache.v1.multiprocess.modules.gpu_transfer)[0m
[32;20m[2026-06-03 07:46:27,420] LMCache INFO:[0m Stored 256 tokens in 0.004 seconds [3m(gpu_transfer.py:513:lmcache.v1.multiprocess.modules.gpu_transfer)[0m
[32;20m[2026-06-03 07:46:27,765] LMCache INFO:[0m Stored 256 tokens in 0.003 seconds [3m(gpu_transfer.py:513:lmcache.v1.multiprocess.modules.gpu_transfer)[0m
[32;20m[2026-06-03 07:46:28,170] LMCache INFO:[0m Stored 256 tokens in 0.010 seconds [3m(gpu_transfer.py:513:lmcache.v1.multiprocess.modules.gpu_transfer)[0m
[32;20m[2026-06-03 07:46:28,223] LMCache INFO:[0m Stored 256 tokens in 0.004 seconds [3m(gpu_transfer.py:513:lmcache.v1.multiprocess.modules.gpu_transfer)[0m
[32;20m[2026-06-03 07:46:28,746] LMCache INFO:[0m Prefetch request completed (L1+L2): 311/313 retained keys (311 L1, 0 L2) in 1.2 ms (external_request_id=chatcmpl-ea1c6b23-717b-4241-9592-b50d7d4b5bb3-8efcf115, prefetch_request_id=-1) [3m(storage_manager.py:575:lmcache.v1.distributed.storage_manager)[0m
[32;20m[2026-06-03 07:46:29,062] LMCache INFO:[0m Stored 512 tokens in 0.010 seconds [3m(gpu_transfer.py:513:lmcache.v1.multiprocess.modules.gpu_transfer)[0m
[32;20m[2026-06-03 07:46:29,709] LMCache INFO:[0m Prefetch request completed (L1+L2): 422/426 retained keys (422 L1, 0 L2) in 1.2 ms (external_request_id=chatcmpl-5cd6e814-41a5-40cc-9f30-af77ee49f7a2-94c5bc72, prefetch_request_id=-1) [3m(storage_manager.py:575:lmcache.v1.distributed.storage_manager)[0m
[32;20m[2026-06-03 07:46:30,016] LMCache INFO:[0m Stored 1024 tokens in 0.013 seconds [3m(gpu_transfer.py:513:lmcache.v1.multiprocess.modules.gpu_transfer)[0m
[32;20m[2026-06-03 07:46:30,496] LMCache INFO:[0m Stored 256 tokens in 0.003 seconds [3m(gpu_transfer.py:513:lmcache.v1.multiprocess.modules.gpu_transfer)[0m
[32;20m[2026-06-03 07:46:30,884] LMCache INFO:[0m Stored 256 tokens in 0.002 seconds [3m(gpu_transfer.py:513:lmcache.v1.multiprocess.modules.gpu_transfer)[0m
[32;20m[2026-06-03 07:46:31,747] LMCache INFO:[0m Stored 256 tokens in 0.005 seconds [3m(gpu_transfer.py:513:lmcache.v1.multiprocess.modules.gpu_transfer)[0m
[32;20m[2026-06-03 07:46:32,187] LMCache INFO:[0m Stored 256 tokens in 0.003 seconds [3m(gpu_transfer.py:513:lmcache.v1.multiprocess.modules.gpu_transfer)[0m
[32;20m[2026-06-03 07:46:32,606] LMCache INFO:[0m Stored 256 tokens in 0.003 seconds [3m(gpu_transfer.py:513:lmcache.v1.multiprocess.modules.gpu_transfer)[0m
[32;20m[2026-06-03 07:46:32,958] LMCache INFO:[0m Stored 256 tokens in 0.003 seconds [3m(gpu_transfer.py:513:lmcache.v1.multiprocess.modules.gpu_transfer)[0m
[32;20m[2026-06-03 07:46:33,037] LMCache INFO:[0m Stored 256 tokens in 0.004 seconds [3m(gpu_transfer.py:513:lmcache.v1.multiprocess.modules.gpu_transfer)[0m
[32;20m[2026-06-03 07:46:33,202] LMCache INFO:[0m Stored 256 tokens in 0.007 seconds [3m(gpu_transfer.py:513:lmcache.v1.multiprocess.modules.gpu_transfer)[0m
[32;20m[2026-06-03 07:46:33,343] LMCache INFO:[0m Stored 256 tokens in 0.003 seconds [3m(gpu_transfer.py:513:lmcache.v1.multiprocess.modules.gpu_transfer)[0m
[32;20m[2026-06-03 07:46:33,972] LMCache INFO:[0m Stored 256 tokens in 0.009 seconds [3m(gpu_transfer.py:513:lmcache.v1.multiprocess.modules.gpu_transfer)[0m
[32;20m[2026-06-03 07:46:34,014] LMCache INFO:[0m Stored 256 tokens in 0.003 seconds [3m(gpu_transfer.py:513:lmcache.v1.multiprocess.modules.gpu_transfer)[0m
[32;20m[2026-06-03 07:46:34,692] LMCache INFO:[0m Stored 256 tokens in 0.004 seconds [3m(gpu_transfer.py:513:lmcache.v1.multiprocess.modules.gpu_transfer)[0m
[32;20m[2026-06-03 07:46:34,809] LMCache INFO:[0m Prefetch request completed (L1+L2): 185/188 retained keys (185 L1, 0 L2) in 1.4 ms (external_request_id=chatcmpl-a1a061ec-484c-4f69-adc7-74888ffca763-be1a39b1, prefetch_request_id=-1) [3m(storage_manager.py:575:lmcache.v1.distributed.storage_manager)[0m
[32;20m[2026-06-03 07:46:35,034] LMCache INFO:[0m Stored 768 tokens in 0.006 seconds [3m(gpu_transfer.py:513:lmcache.v1.multiprocess.modules.gpu_transfer)[0m
[32;20m[2026-06-03 07:46:35,269] LMCache INFO:[0m Stored 256 tokens in 0.003 seconds [3m(gpu_transfer.py:513:lmcache.v1.multiprocess.modules.gpu_transfer)[0m
[32;20m[2026-06-03 07:46:35,425] LMCache INFO:[0m Stored 256 tokens in 0.003 seconds [3m(gpu_transfer.py:513:lmcache.v1.multiprocess.modules.gpu_transfer)[0m
[32;20m[2026-06-03 07:46:35,778] LMCache INFO:[0m Prefetch request completed (L1+L2): 313/351 retained keys (313 L1, 0 L2) in 17.2 ms (external_request_id=chatcmpl-03e1afc4-ce93-4db0-b763-6d454383dfef-9502cfe4, prefetch_request_id=-1) [3m(storage_manager.py:575:lmcache.v1.distributed.storage_manager)[0m
[32;20m[2026-06-03 07:46:36,134] LMCache INFO:[0m Stored 8192 tokens in 0.013 seconds [3m(gpu_transfer.py:513:lmcache.v1.multiprocess.modules.gpu_transfer)[0m
[32;20m[2026-06-03 07:46:37,688] LMCache INFO:[0m Stored 1536 tokens in 0.004 seconds [3m(gpu_transfer.py:513:lmcache.v1.multiprocess.modules.gpu_transfer)[0m
[32;20m[2026-06-03 07:46:37,791] LMCache INFO:[0m Prefetch request completed (L1+L2): 370/370 retained keys (370 L1, 0 L2) in 2.2 ms (external_request_id=chatcmpl-35d4eb21-17b5-47ff-a5d5-4e8845fce9c9-b8f099de, prefetch_request_id=-1) [3m(storage_manager.py:575:lmcache.v1.distributed.storage_manager)[0m
[32;20m[2026-06-03 07:46:38,914] LMCache INFO:[0m Stored 256 tokens in 0.003 seconds [3m(gpu_transfer.py:513:lmcache.v1.multiprocess.modules.gpu_transfer)[0m
[32;20m[2026-06-03 07:46:39,625] LMCache INFO:[0m Stored 256 tokens in 0.011 seconds [3m(gpu_transfer.py:513:lmcache.v1.multiprocess.modules.gpu_transfer)[0m
[32;20m[2026-06-03 07:46:39,719] LMCache INFO:[0m Stored 256 tokens in 0.005 seconds [3m(gpu_transfer.py:513:lmcache.v1.multiprocess.modules.gpu_transfer)[0m
[32;20m[2026-06-03 07:46:40,145] LMCache INFO:[0m Stored 256 tokens in 0.004 seconds [3m(gpu_transfer.py:513:lmcache.v1.multiprocess.modules.gpu_transfer)[0m
[32;20m[2026-06-03 07:46:40,449] LMCache INFO:[0m Stored 256 tokens in 0.002 seconds [3m(gpu_transfer.py:513:lmcache.v1.multiprocess.modules.gpu_transfer)[0m
[32;20m[2026-06-03 07:46:41,156] LMCache INFO:[0m Stored 256 tokens in 0.005 seconds [3m(gpu_transfer.py:513:lmcache.v1.multiprocess.modules.gpu_transfer)[0m
[32;20m[2026-06-03 07:46:42,090] LMCache INFO:[0m Stored 256 tokens in 0.003 seconds [3m(gpu_transfer.py:513:lmcache.v1.multiprocess.modules.gpu_transfer)[0m
[32;20m[2026-06-03 07:46:42,270] LMCache INFO:[0m Stored 256 tokens in 0.004 seconds [3m(gpu_transfer.py:513:lmcache.v1.multiprocess.modules.gpu_transfer)[0m
[32;20m[2026-06-03 07:46:42,614] LMCache INFO:[0m Stored 256 tokens in 0.003 seconds [3m(gpu_transfer.py:513:lmcache.v1.multiprocess.modules.gpu_transfer)[0m
[32;20m[2026-06-03 07:46:42,906] LMCache INFO:[0m Prefetch request completed (L1+L2): 989/1000 retained keys (989 L1, 0 L2) in 3.4 ms (external_request_id=chatcmpl-cc059e81-ad38-4484-8681-83d5c410e1ac-8de75d47, prefetch_request_id=-1) [3m(storage_manager.py:575:lmcache.v1.distributed.storage_manager)[0m
[32;20m[2026-06-03 07:46:43,313] LMCache INFO:[0m Stored 2816 tokens in 0.028 seconds [3m(gpu_transfer.py:513:lmcache.v1.multiprocess.modules.gpu_transfer)[0m
[32;20m[2026-06-03 07:46:45,267] LMCache INFO:[0m Prefetch request completed (L1+L2): 276/306 retained keys (276 L1, 0 L2) in 1.6 ms (external_request_id=chatcmpl-e5b99462-f3d9-4115-b780-9a805292bbde-9fc5c05e, prefetch_request_id=-1) [3m(storage_manager.py:575:lmcache.v1.distributed.storage_manager)[0m
[32;20m[2026-06-03 07:46:45,553] LMCache INFO:[0m Stored 7680 tokens in 0.012 seconds [3m(gpu_transfer.py:513:lmcache.v1.multiprocess.modules.gpu_transfer)[0m
[32;20m[2026-06-03 07:46:46,992] LMCache INFO:[0m Stored 256 tokens in 0.010 seconds [3m(gpu_transfer.py:513:lmcache.v1.multiprocess.modules.gpu_transfer)[0m
[32;20m[2026-06-03 07:46:47,069] LMCache INFO:[0m Stored 256 tokens in 0.008 seconds [3m(gpu_transfer.py:513:lmcache.v1.multiprocess.modules.gpu_transfer)[0m
[32;20m[2026-06-03 07:46:47,314] LMCache INFO:[0m Stored 256 tokens in 0.003 seconds [3m(gpu_transfer.py:513:lmcache.v1.multiprocess.modules.gpu_transfer)[0m
[32;20m[2026-06-03 07:46:47,411] LMCache INFO:[0m Stored 256 tokens in 0.003 seconds [3m(gpu_transfer.py:513:lmcache.v1.multiprocess.modules.gpu_transfer)[0m
[32;20m[2026-06-03 07:46:47,976] LMCache INFO:[0m Stored 256 tokens in 0.003 seconds [3m(gpu_transfer.py:513:lmcache.v1.multiprocess.modules.gpu_transfer)[0m
[32;20m[2026-06-03 07:46:48,375] LMCache INFO:[0m Stored 256 tokens in 0.002 seconds [3m(gpu_transfer.py:513:lmcache.v1.multiprocess.modules.gpu_transfer)[0m
[32;20m[2026-06-03 07:46:49,264] LMCache INFO:[0m Stored 256 tokens in 0.005 seconds [3m(gpu_transfer.py:513:lmcache.v1.multiprocess.modules.gpu_transfer)[0m
[32;20m[2026-06-03 07:46:49,730] LMCache INFO:[0m Stored 256 tokens in 0.003 seconds [3m(gpu_transfer.py:513:lmcache.v1.multiprocess.modules.gpu_transfer)[0m
[32;20m[2026-06-03 07:46:50,156] LMCache INFO:[0m Stored 256 tokens in 0.007 seconds [3m(gpu_transfer.py:513:lmcache.v1.multiprocess.modules.gpu_transfer)[0m
[32;20m[2026-06-03 07:46:50,207] LMCache INFO:[0m Stored 256 tokens in 0.003 seconds [3m(gpu_transfer.py:513:lmcache.v1.multiprocess.modules.gpu_transfer)[0m
[32;20m[2026-06-03 07:46:50,549] LMCache INFO:[0m Stored 256 tokens in 0.003 seconds [3m(gpu_transfer.py:513:lmcache.v1.multiprocess.modules.gpu_transfer)[0m
[32;20m[2026-06-03 07:46:50,622] LMCache INFO:[0m Stored 256 tokens in 0.004 seconds [3m(gpu_transfer.py:513:lmcache.v1.multiprocess.modules.gpu_transfer)[0m
[32;20m[2026-06-03 07:46:50,876] LMCache INFO:[0m Prefetch request completed (L1+L2): 455/465 retained keys (455 L1, 0 L2) in 12.7 ms (external_request_id=chatcmpl-c0bb57bf-307c-4e21-a6a9-41ebf0d943fe-a9e033a0, prefetch_request_id=-1) [3m(storage_manager.py:575:lmcache.v1.distributed.storage_manager)[0m
[32;20m[2026-06-03 07:46:51,061] LMCache INFO:[0m Prefetch request completed (L1+L2): 188/188 retained keys (188 L1, 0 L2) in 16.6 ms (external_request_id=chatcmpl-25643d94-d7da-4569-bb93-542b6c018f0e-88961e08, prefetch_request_id=-1) [3m(storage_manager.py:575:lmcache.v1.distributed.storage_manager)[0m
[32;20m[2026-06-03 07:46:51,231] LMCache INFO:[0m Stored 2560 tokens in 0.014 seconds [3m(gpu_transfer.py:513:lmcache.v1.multiprocess.modules.gpu_transfer)[0m
[32;20m[2026-06-03 07:46:52,237] LMCache INFO:[0m Prefetch request completed (L1+L2): 261/276 retained keys (261 L1, 0 L2) in 1.5 ms (external_request_id=chatcmpl-5c4db9bc-b203-416a-ba56-276296618bca-ba4b64cf, prefetch_request_id=-1) [3m(storage_manager.py:575:lmcache.v1.distributed.storage_manager)[0m
[32;20m[2026-06-03 07:46:52,547] LMCache INFO:[0m Stored 3840 tokens in 0.020 seconds [3m(gpu_transfer.py:513:lmcache.v1.multiprocess.modules.gpu_transfer)[0m
[32;20m[2026-06-03 07:46:53,284] LMCache INFO:[0m Stored 256 tokens in 0.007 seconds [3m(gpu_transfer.py:513:lmcache.v1.multiprocess.modules.gpu_transfer)[0m
[32;20m[2026-06-03 07:46:53,411] LMCache INFO:[0m Stored 256 tokens in 0.003 seconds [3m(gpu_transfer.py:513:lmcache.v1.multiprocess.modules.gpu_transfer)[0m
[32;20m[2026-06-03 07:46:53,506] LMCache INFO:[0m Stored 256 tokens in 0.002 seconds [3m(gpu_transfer.py:513:lmcache.v1.multiprocess.modules.gpu_transfer)[0m
[32;20m[2026-06-03 07:46:54,145] LMCache INFO:[0m Stored 256 tokens in 0.004 seconds [3m(gpu_transfer.py:513:lmcache.v1.multiprocess.modules.gpu_transfer)[0m
[32;20m[2026-06-03 07:46:54,214] LMCache INFO:[0m Stored 256 tokens in 0.003 seconds [3m(gpu_transfer.py:513:lmcache.v1.multiprocess.modules.gpu_transfer)[0m
[32;20m[2026-06-03 07:46:54,982] LMCache INFO:[0m Stored 256 tokens in 0.004 seconds [3m(gpu_transfer.py:513:lmcache.v1.multiprocess.modules.gpu_transfer)[0m
[32;20m[2026-06-03 07:46:55,200] LMCache INFO:[0m Stored 256 tokens in 0.003 seconds [3m(gpu_transfer.py:513:lmcache.v1.multiprocess.modules.gpu_transfer)[0m
[32;20m[2026-06-03 07:46:55,692] LMCache INFO:[0m Stored 256 tokens in 0.004 seconds [3m(gpu_transfer.py:513:lmcache.v1.multiprocess.modules.gpu_transfer)[0m
[32;20m[2026-06-03 07:46:56,379] LMCache INFO:[0m Stored 256 tokens in 0.003 seconds [3m(gpu_transfer.py:513:lmcache.v1.multiprocess.modules.gpu_transfer)[0m
[32;20m[2026-06-03 07:46:56,489] LMCache INFO:[0m Stored 256 tokens in 0.006 seconds [3m(gpu_transfer.py:513:lmcache.v1.multiprocess.modules.gpu_transfer)[0m
[32;20m[2026-06-03 07:46:56,950] LMCache INFO:[0m Stored 256 tokens in 0.004 seconds [3m(gpu_transfer.py:513:lmcache.v1.multiprocess.modules.gpu_transfer)[0m
[32;20m[2026-06-03 07:46:57,154] LMCache INFO:[0m Prefetch request completed (L1+L2): 332/336 retained keys (332 L1, 0 L2) in 1.7 ms (external_request_id=chatcmpl-53013527-e48a-4e48-acff-a702012d359f-be86e454, prefetch_request_id=-1) [3m(storage_manager.py:575:lmcache.v1.distributed.storage_manager)[0m
[32;20m[2026-06-03 07:46:57,350] LMCache INFO:[0m Stored 1024 tokens in 0.010 seconds [3m(gpu_transfer.py:513:lmcache.v1.multiprocess.modules.gpu_transfer)[0m
[32;20m[2026-06-03 07:46:57,816] LMCache INFO:[0m Stored 256 tokens in 0.002 seconds [3m(gpu_transfer.py:513:lmcache.v1.multiprocess.modules.gpu_transfer)[0m
[32;20m[2026-06-03 07:46:58,567] LMCache INFO:[0m Stored 256 tokens in 0.005 seconds [3m(gpu_transfer.py:513:lmcache.v1.multiprocess.modules.gpu_transfer)[0m
[32;20m[2026-06-03 07:46:59,540] LMCache INFO:[0m Stored 256 tokens in 0.003 seconds [3m(gpu_transfer.py:513:lmcache.v1.multiprocess.modules.gpu_transfer)[0m
[32;20m[2026-06-03 07:46:59,720] LMCache INFO:[0m Stored 256 tokens in 0.004 seconds [3m(gpu_transfer.py:513:lmcache.v1.multiprocess.modules.gpu_transfer)[0m
[32;20m[2026-06-03 07:47:00,083] LMCache INFO:[0m Stored 256 tokens in 0.003 seconds [3m(gpu_transfer.py:513:lmcache.v1.multiprocess.modules.gpu_transfer)[0m
[32;20m[2026-06-03 07:47:00,509] LMCache INFO:[0m Stored 256 tokens in 0.003 seconds [3m(gpu_transfer.py:513:lmcache.v1.multiprocess.modules.gpu_transfer)[0m
[32;20m[2026-06-03 07:47:00,565] LMCache INFO:[0m Stored 256 tokens in 0.004 seconds [3m(gpu_transfer.py:513:lmcache.v1.multiprocess.modules.gpu_transfer)[0m
[32;20m[2026-06-03 07:47:00,813] LMCache INFO:[0m Stored 256 tokens in 0.003 seconds [3m(gpu_transfer.py:513:lmcache.v1.multiprocess.modules.gpu_transfer)[0m
[32;20m[2026-06-03 07:47:00,906] LMCache INFO:[0m Stored 256 tokens in 0.003 seconds [3m(gpu_transfer.py:513:lmcache.v1.multiprocess.modules.gpu_transfer)[0m
[32;20m[2026-06-03 07:47:01,846] LMCache INFO:[0m Stored 256 tokens in 0.002 seconds [3m(gpu_transfer.py:513:lmcache.v1.multiprocess.modules.gpu_transfer)[0m
[32;20m[2026-06-03 07:47:02,184] LMCache INFO:[0m Prefetch request completed (L1+L2): 465/468 retained keys (465 L1, 0 L2) in 1.9 ms (external_request_id=chatcmpl-5342a134-acf1-4f63-8faa-3611e3965557-80d906ac, prefetch_request_id=-1) [3m(storage_manager.py:575:lmcache.v1.distributed.storage_manager)[0m
[32;20m[2026-06-03 07:47:02,411] LMCache INFO:[0m Stored 768 tokens in 0.015 seconds [3m(gpu_transfer.py:513:lmcache.v1.multiprocess.modules.gpu_transfer)[0m
[32;20m[2026-06-03 07:47:03,470] LMCache INFO:[0m Stored 256 tokens in 0.005 seconds [3m(gpu_transfer.py:513:lmcache.v1.multiprocess.modules.gpu_transfer)[0m
[32;20m[2026-06-03 07:47:03,941] LMCache INFO:[0m Stored 256 tokens in 0.003 seconds [3m(gpu_transfer.py:513:lmcache.v1.multiprocess.modules.gpu_transfer)[0m
[32;20m[2026-06-03 07:47:04,372] LMCache INFO:[0m Stored 256 tokens in 0.008 seconds [3m(gpu_transfer.py:513:lmcache.v1.multiprocess.modules.gpu_transfer)[0m
[32;20m[2026-06-03 07:47:04,423] LMCache INFO:[0m Stored 256 tokens in 0.003 seconds [3m(gpu_transfer.py:513:lmcache.v1.multiprocess.modules.gpu_transfer)[0m
[32;20m[2026-06-03 07:47:04,519] LMCache INFO:[0m Stored 256 tokens in 0.006 seconds [3m(gpu_transfer.py:513:lmcache.v1.multiprocess.modules.gpu_transfer)[0m
[32;20m[2026-06-03 07:47:04,771] LMCache INFO:[0m Stored 256 tokens in 0.003 seconds [3m(gpu_transfer.py:513:lmcache.v1.multiprocess.modules.gpu_transfer)[0m
[32;20m[2026-06-03 07:47:04,860] LMCache INFO:[0m Stored 256 tokens in 0.004 seconds [3m(gpu_transfer.py:513:lmcache.v1.multiprocess.modules.gpu_transfer)[0m
[32;20m[2026-06-03 07:47:05,020] LMCache INFO:[0m Stored 256 tokens in 0.006 seconds [3m(gpu_transfer.py:513:lmcache.v1.multiprocess.modules.gpu_transfer)[0m
[32;20m[2026-06-03 07:47:05,328] LMCache INFO:[0m Prefetch request completed (L1+L2): 213/216 retained keys (213 L1, 0 L2) in 1.3 ms (external_request_id=chatcmpl-e20c3a2b-b3c9-4248-83a8-10931eb0bc05-bf43d572, prefetch_request_id=-1) [3m(storage_manager.py:575:lmcache.v1.distributed.storage_manager)[0m
[32;20m[2026-06-03 07:47:05,562] LMCache INFO:[0m Stored 768 tokens in 0.007 seconds [3m(gpu_transfer.py:513:lmcache.v1.multiprocess.modules.gpu_transfer)[0m
[32;20m[2026-06-03 07:47:05,768] LMCache INFO:[0m Stored 256 tokens in 0.004 seconds [3m(gpu_transfer.py:513:lmcache.v1.multiprocess.modules.gpu_transfer)[0m
[32;20m[2026-06-03 07:47:05,988] LMCache INFO:[0m Stored 256 tokens in 0.003 seconds [3m(gpu_transfer.py:513:lmcache.v1.multiprocess.modules.gpu_transfer)[0m
[32;20m[2026-06-03 07:47:06,188] LMCache INFO:[0m Prefetch request completed (L1+L2): 426/429 retained keys (426 L1, 0 L2) in 2.1 ms (external_request_id=chatcmpl-c014bf19-9daa-4134-aee7-22ba18952de1-b7df7857, prefetch_request_id=-1) [3m(storage_manager.py:575:lmcache.v1.distributed.storage_manager)[0m
[32;20m[2026-06-03 07:47:06,431] LMCache INFO:[0m Stored 768 tokens in 0.013 seconds [3m(gpu_transfer.py:513:lmcache.v1.multiprocess.modules.gpu_transfer)[0m
[32;20m[2026-06-03 07:47:07,061] LMCache INFO:[0m Stored 256 tokens in 0.005 seconds [3m(gpu_transfer.py:513:lmcache.v1.multiprocess.modules.gpu_transfer)[0m
[32;20m[2026-06-03 07:47:07,132] LMCache INFO:[0m Stored 256 tokens in 0.003 seconds [3m(gpu_transfer.py:513:lmcache.v1.multiprocess.modules.gpu_transfer)[0m
[32;20m[2026-06-03 07:47:07,918] LMCache INFO:[0m Stored 256 tokens in 0.004 seconds [3m(gpu_transfer.py:513:lmcache.v1.multiprocess.modules.gpu_transfer)[0m
[32;20m[2026-06-03 07:47:09,237] LMCache INFO:[0m Stored 256 tokens in 0.003 seconds [3m(gpu_transfer.py:513:lmcache.v1.multiprocess.modules.gpu_transfer)[0m
[32;20m[2026-06-03 07:47:09,346] LMCache INFO:[0m Stored 256 tokens in 0.006 seconds [3m(gpu_transfer.py:513:lmcache.v1.multiprocess.modules.gpu_transfer)[0m
[32;20m[2026-06-03 07:47:09,784] LMCache INFO:[0m Stored 256 tokens in 0.004 seconds [3m(gpu_transfer.py:513:lmcache.v1.multiprocess.modules.gpu_transfer)[0m
[32;20m[2026-06-03 07:47:10,105] LMCache INFO:[0m Stored 256 tokens in 0.002 seconds [3m(gpu_transfer.py:513:lmcache.v1.multiprocess.modules.gpu_transfer)[0m
[32;20m[2026-06-03 07:47:10,846] LMCache INFO:[0m Stored 256 tokens in 0.005 seconds [3m(gpu_transfer.py:513:lmcache.v1.multiprocess.modules.gpu_transfer)[0m
[32;20m[2026-06-03 07:47:11,816] LMCache INFO:[0m Stored 256 tokens in 0.003 seconds [3m(gpu_transfer.py:513:lmcache.v1.multiprocess.modules.gpu_transfer)[0m
[32;20m[2026-06-03 07:47:12,004] LMCache INFO:[0m Prefetch request completed (L1+L2): 306/332 retained keys (306 L1, 0 L2) in 1.6 ms (external_request_id=chatcmpl-7d857389-8865-4f5f-a537-8e9707e988b6-9404d0b8, prefetch_request_id=-1) [3m(storage_manager.py:575:lmcache.v1.distributed.storage_manager)[0m
[32;20m[2026-06-03 07:47:12,310] LMCache INFO:[0m Stored 6656 tokens in 0.012 seconds [3m(gpu_transfer.py:513:lmcache.v1.multiprocess.modules.gpu_transfer)[0m
[32;20m[2026-06-03 07:47:13,606] LMCache INFO:[0m Stored 256 tokens in 0.004 seconds [3m(gpu_transfer.py:513:lmcache.v1.multiprocess.modules.gpu_transfer)[0m
[32;20m[2026-06-03 07:47:13,934] LMCache INFO:[0m Stored 256 tokens in 0.003 seconds [3m(gpu_transfer.py:513:lmcache.v1.multiprocess.modules.gpu_transfer)[0m
[32;20m[2026-06-03 07:47:14,362] LMCache INFO:[0m Stored 256 tokens in 0.003 seconds [3m(gpu_transfer.py:513:lmcache.v1.multiprocess.modules.gpu_transfer)[0m
[32;20m[2026-06-03 07:47:14,431] LMCache INFO:[0m Stored 256 tokens in 0.004 seconds [3m(gpu_transfer.py:513:lmcache.v1.multiprocess.modules.gpu_transfer)[0m
[32;20m[2026-06-03 07:47:14,760] LMCache INFO:[0m Stored 256 tokens in 0.003 seconds [3m(gpu_transfer.py:513:lmcache.v1.multiprocess.modules.gpu_transfer)[0m
[32;20m[2026-06-03 07:47:15,442] LMCache INFO:[0m Stored 256 tokens in 0.004 seconds [3m(gpu_transfer.py:513:lmcache.v1.multiprocess.modules.gpu_transfer)[0m
[32;20m[2026-06-03 07:47:15,719] LMCache INFO:[0m Stored 256 tokens in 0.002 seconds [3m(gpu_transfer.py:513:lmcache.v1.multiprocess.modules.gpu_transfer)[0m
[32;20m[2026-06-03 07:47:16,138] LMCache INFO:[0m Stored 256 tokens in 0.003 seconds [3m(gpu_transfer.py:513:lmcache.v1.multiprocess.modules.gpu_transfer)[0m
[32;20m[2026-06-03 07:47:16,303] LMCache INFO:[0m Stored 256 tokens in 0.003 seconds [3m(gpu_transfer.py:513:lmcache.v1.multiprocess.modules.gpu_transfer)[0m
[32;20m[2026-06-03 07:47:16,630] LMCache INFO:[0m Stored 256 tokens in 0.006 seconds [3m(gpu_transfer.py:513:lmcache.v1.multiprocess.modules.gpu_transfer)[0m
[32;20m[2026-06-03 07:47:17,042] LMCache INFO:[0m Stored 256 tokens in 0.004 seconds [3m(gpu_transfer.py:513:lmcache.v1.multiprocess.modules.gpu_transfer)[0m
[32;20m[2026-06-03 07:47:17,434] LMCache INFO:[0m Stored 256 tokens in 0.007 seconds [3m(gpu_transfer.py:513:lmcache.v1.multiprocess.modules.gpu_transfer)[0m
[32;20m[2026-06-03 07:47:17,469] LMCache INFO:[0m Stored 256 tokens in 0.003 seconds [3m(gpu_transfer.py:513:lmcache.v1.multiprocess.modules.gpu_transfer)[0m
[32;20m[2026-06-03 07:47:17,662] LMCache INFO:[0m Prefetch request completed (L1+L2): 188/188 retained keys (188 L1, 0 L2) in 1.2 ms (external_request_id=chatcmpl-f0a44716-7003-4d71-8363-1ebd74de9153-b7dd86af, prefetch_request_id=-1) [3m(storage_manager.py:575:lmcache.v1.distributed.storage_manager)[0m
[32;20m[2026-06-03 07:47:17,846] LMCache INFO:[0m Stored 256 tokens in 0.003 seconds [3m(gpu_transfer.py:513:lmcache.v1.multiprocess.modules.gpu_transfer)[0m
[32;20m[2026-06-03 07:47:17,922] LMCache INFO:[0m Stored 256 tokens in 0.004 seconds [3m(gpu_transfer.py:513:lmcache.v1.multiprocess.modules.gpu_transfer)[0m
[32;20m[2026-06-03 07:47:18,084] LMCache INFO:[0m Stored 256 tokens in 0.007 seconds [3m(gpu_transfer.py:513:lmcache.v1.multiprocess.modules.gpu_transfer)[0m
[32;20m[2026-06-03 07:47:18,267] LMCache INFO:[0m Stored 256 tokens in 0.003 seconds [3m(gpu_transfer.py:513:lmcache.v1.multiprocess.modules.gpu_transfer)[0m
[32;20m[2026-06-03 07:47:18,806] LMCache INFO:[0m Stored 256 tokens in 0.004 seconds [3m(gpu_transfer.py:513:lmcache.v1.multiprocess.modules.gpu_transfer)[0m
[32;20m[2026-06-03 07:47:19,529] LMCache INFO:[0m Stored 256 tokens in 0.004 seconds [3m(gpu_transfer.py:513:lmcache.v1.multiprocess.modules.gpu_transfer)[0m
[32;20m[2026-06-03 07:47:20,782] LMCache INFO:[0m Stored 256 tokens in 0.006 seconds [3m(gpu_transfer.py:513:lmcache.v1.multiprocess.modules.gpu_transfer)[0m
[32;20m[2026-06-03 07:47:21,989] LMCache INFO:[0m Stored 256 tokens in 0.006 seconds [3m(gpu_transfer.py:513:lmcache.v1.multiprocess.modules.gpu_transfer)[0m
[32;20m[2026-06-03 07:47:22,795] LMCache INFO:[0m Stored 256 tokens in 0.003 seconds [3m(gpu_transfer.py:513:lmcache.v1.multiprocess.modules.gpu_transfer)[0m
[32;20m[2026-06-03 07:47:22,955] LMCache INFO:[0m Stored 256 tokens in 0.004 seconds [3m(gpu_transfer.py:513:lmcache.v1.multiprocess.modules.gpu_transfer)[0m
[32;20m[2026-06-03 07:47:23,228] LMCache INFO:[0m Stored 7936 tokens in 0.005 seconds [3m(gpu_transfer.py:513:lmcache.v1.multiprocess.modules.gpu_transfer)[0m
[32;20m[2026-06-03 07:47:23,400] LMCache INFO:[0m Stored 8192 tokens in 0.006 seconds [3m(gpu_transfer.py:513:lmcache.v1.multiprocess.modules.gpu_transfer)[0m
[32;20m[2026-06-03 07:47:23,974] LMCache INFO:[0m Stored 8192 tokens in 0.032 seconds [3m(gpu_transfer.py:513:lmcache.v1.multiprocess.modules.gpu_transfer)[0m
[32;20m[2026-06-03 07:47:24,501] LMCache INFO:[0m Stored 8192 tokens in 0.006 seconds [3m(gpu_transfer.py:513:lmcache.v1.multiprocess.modules.gpu_transfer)[0m
[32;20m[2026-06-03 07:47:25,209] LMCache INFO:[0m Stored 8192 tokens in 0.007 seconds [3m(gpu_transfer.py:513:lmcache.v1.multiprocess.modules.gpu_transfer)[0m
[32;20m[2026-06-03 07:47:26,070] LMCache INFO:[0m Stored 8192 tokens in 0.006 seconds [3m(gpu_transfer.py:513:lmcache.v1.multiprocess.modules.gpu_transfer)[0m
[32;20m[2026-06-03 07:47:27,082] LMCache INFO:[0m Stored 256 tokens in 0.006 seconds [3m(gpu_transfer.py:513:lmcache.v1.multiprocess.modules.gpu_transfer)[0m
[32;20m[2026-06-03 07:47:28,111] LMCache INFO:[0m Stored 8192 tokens in 0.007 seconds [3m(gpu_transfer.py:513:lmcache.v1.multiprocess.modules.gpu_transfer)[0m
[32;20m[2026-06-03 07:47:28,250] LMCache INFO:[0m Prefetch request completed (L1+L2): 370/373 retained keys (370 L1, 0 L2) in 1.6 ms (external_request_id=chatcmpl-15aaa3dc-418e-41c9-aef4-9a260c06f513-a1945d51, prefetch_request_id=-1) [3m(storage_manager.py:575:lmcache.v1.distributed.storage_manager)[0m
[32;20m[2026-06-03 07:47:28,251] LMCache INFO:[0m Stored 8192 tokens in 0.009 seconds [3m(gpu_transfer.py:513:lmcache.v1.multiprocess.modules.gpu_transfer)[0m
[32;20m[2026-06-03 07:47:28,314] LMCache INFO:[0m Prefetch request completed (L1+L2): 2/230 retained keys (2 L1, 0 L2) in 1.3 ms (external_request_id=chatcmpl-42dbd97d-40ba-44c3-8c9a-a8dfdd01dfdf-9270b022, prefetch_request_id=-1) [3m(storage_manager.py:575:lmcache.v1.distributed.storage_manager)[0m
[32;20m[2026-06-03 07:47:29,617] LMCache INFO:[0m Stored 768 tokens in 0.012 seconds [3m(gpu_transfer.py:513:lmcache.v1.multiprocess.modules.gpu_transfer)[0m
[32;20m[2026-06-03 07:47:30,618] LMCache INFO:[0m Stored 3584 tokens in 0.004 seconds [3m(gpu_transfer.py:513:lmcache.v1.multiprocess.modules.gpu_transfer)[0m
[32;20m[2026-06-03 07:47:30,626] LMCache INFO:[0m Stored 3840 tokens in 0.004 seconds [3m(gpu_transfer.py:513:lmcache.v1.multiprocess.modules.gpu_transfer)[0m
[32;20m[2026-06-03 07:47:30,750] LMCache INFO:[0m Stored 8192 tokens in 0.005 seconds [3m(gpu_transfer.py:513:lmcache.v1.multiprocess.modules.gpu_transfer)[0m
[32;20m[2026-06-03 07:47:31,113] LMCache INFO:[0m Stored 8192 tokens in 0.005 seconds [3m(gpu_transfer.py:513:lmcache.v1.multiprocess.modules.gpu_transfer)[0m
[32;20m[2026-06-03 07:47:31,601] LMCache INFO:[0m Stored 8192 tokens in 0.006 seconds [3m(gpu_transfer.py:513:lmcache.v1.multiprocess.modules.gpu_transfer)[0m
[32;20m[2026-06-03 07:47:32,224] LMCache INFO:[0m Stored 8192 tokens in 0.005 seconds [3m(gpu_transfer.py:513:lmcache.v1.multiprocess.modules.gpu_transfer)[0m
[32;20m[2026-06-03 07:47:33,009] LMCache INFO:[0m Stored 7936 tokens in 0.006 seconds [3m(gpu_transfer.py:513:lmcache.v1.multiprocess.modules.gpu_transfer)[0m
[32;20m[2026-06-03 07:47:33,957] LMCache INFO:[0m Stored 8192 tokens in 0.006 seconds [3m(gpu_transfer.py:513:lmcache.v1.multiprocess.modules.gpu_transfer)[0m
[32;20m[2026-06-03 07:47:33,981] LMCache INFO:[0m Prefetch request completed (L1+L2): 332/334 retained keys (332 L1, 0 L2) in 32.8 ms (external_request_id=chatcmpl-3bbf3451-029b-4649-897f-3e547dcb36d1-8a1d792c, prefetch_request_id=-1) [3m(storage_manager.py:575:lmcache.v1.distributed.storage_manager)[0m
[32;20m[2026-06-03 07:47:34,215] LMCache INFO:[0m Prefetch request completed (L1+L2): 162/164 retained keys (162 L1, 0 L2) in 21.6 ms (external_request_id=chatcmpl-a5bac59d-262c-4a96-b96f-5563dea5f19c-ae773ab3, prefetch_request_id=-1) [3m(storage_manager.py:575:lmcache.v1.distributed.storage_manager)[0m
[32;20m[2026-06-03 07:47:34,450] LMCache INFO:[0m Prefetch request completed (L1+L2): 468/470 retained keys (468 L1, 0 L2) in 0.9 ms (external_request_id=chatcmpl-86afb3e6-2165-4c3a-a8a3-8f9ed4ce30b6-b2752d16, prefetch_request_id=-1) [3m(storage_manager.py:575:lmcache.v1.distributed.storage_manager)[0m
[32;20m[2026-06-03 07:47:34,536] LMCache INFO:[0m Prefetch request completed (L1+L2): 274/277 retained keys (274 L1, 0 L2) in 1.3 ms (external_request_id=chatcmpl-6f9b38a1-5ddc-40a1-8c17-a6d7c9970b1b-b450a4b7, prefetch_request_id=-1) [3m(storage_manager.py:575:lmcache.v1.distributed.storage_manager)[0m
[32;20m[2026-06-03 07:47:34,694] LMCache INFO:[0m Prefetch request completed (L1+L2): 351/354 retained keys (351 L1, 0 L2) in 1.6 ms (external_request_id=chatcmpl-3cd14702-51c1-459a-b1a8-6e95798b18be-b062cfe7, prefetch_request_id=-1) [3m(storage_manager.py:575:lmcache.v1.distributed.storage_manager)[0m
[32;20m[2026-06-03 07:47:34,817] LMCache INFO:[0m Prefetch request completed (L1+L2): 336/338 retained keys (336 L1, 0 L2) in 1.4 ms (external_request_id=chatcmpl-ab838951-0fdd-4856-bb0d-57d152c680d6-bbf3d789, prefetch_request_id=-1) [3m(storage_manager.py:575:lmcache.v1.distributed.storage_manager)[0m
[32;20m[2026-06-03 07:47:35,119] LMCache INFO:[0m Prefetch request completed (L1+L2): 351/355 retained keys (351 L1, 0 L2) in 76.6 ms (external_request_id=chatcmpl-7a0efaae-f973-4a09-a3ed-f1262bb82c1c-a8e10fb9, prefetch_request_id=-1) [3m(storage_manager.py:575:lmcache.v1.distributed.storage_manager)[0m
[32;20m[2026-06-03 07:47:35,383] LMCache INFO:[0m Prefetch request completed (L1+L2): 216/217 retained keys (216 L1, 0 L2) in 93.4 ms (external_request_id=chatcmpl-0114b08d-216f-49cf-8f1c-59f67a5160df-abd49f12, prefetch_request_id=-1) [3m(storage_manager.py:575:lmcache.v1.distributed.storage_manager)[0m
[32;20m[2026-06-03 07:47:35,535] LMCache INFO:[0m Prefetch request completed (L1+L2): 401/407 retained keys (401 L1, 0 L2) in 2.1 ms (external_request_id=chatcmpl-dcb58b46-9d19-416f-9b6f-442efc171dca-a87301a7, prefetch_request_id=-1) [3m(storage_manager.py:575:lmcache.v1.distributed.storage_manager)[0m
[32;20m[2026-06-03 07:47:35,556] LMCache INFO:[0m Retrieved 50944 tokens in 0.574 seconds [3m(gpu_transfer.py:728:lmcache.v1.multiprocess.modules.gpu_transfer)[0m
[32;20m[2026-06-03 07:47:35,557] LMCache INFO:[0m Retrieved 50944 tokens in 0.507 seconds [3m(gpu_transfer.py:728:lmcache.v1.multiprocess.modules.gpu_transfer)[0m
[32;20m[2026-06-03 07:47:35,592] LMCache INFO:[0m Retrieved 50944 tokens in 0.604 seconds [3m(gpu_transfer.py:728:lmcache.v1.multiprocess.modules.gpu_transfer)[0m
[32;20m[2026-06-03 07:47:35,611] LMCache INFO:[0m Stored 512 tokens in 0.042 seconds [3m(gpu_transfer.py:513:lmcache.v1.multiprocess.modules.gpu_transfer)[0m
[32;20m[2026-06-03 07:47:36,862] LMCache INFO:[0m Retrieved 50944 tokens in 1.265 seconds [3m(gpu_transfer.py:728:lmcache.v1.multiprocess.modules.gpu_transfer)[0m
[32;20m[2026-06-03 07:47:36,900] LMCache INFO:[0m Stored 512 tokens in 0.044 seconds [3m(gpu_transfer.py:513:lmcache.v1.multiprocess.modules.gpu_transfer)[0m
[32;20m[2026-06-03 07:47:36,941] LMCache INFO:[0m Stored 512 tokens in 0.014 seconds [3m(gpu_transfer.py:513:lmcache.v1.multiprocess.modules.gpu_transfer)[0m
[32;20m[2026-06-03 07:47:36,956] LMCache INFO:[0m Stored 768 tokens in 0.012 seconds [3m(gpu_transfer.py:513:lmcache.v1.multiprocess.modules.gpu_transfer)[0m
[32;20m[2026-06-03 07:47:36,969] LMCache INFO:[0m Stored 256 tokens in 0.011 seconds [3m(gpu_transfer.py:513:lmcache.v1.multiprocess.modules.gpu_transfer)[0m
[32;20m[2026-06-03 07:47:36,980] LMCache INFO:[0m Stored 5888 tokens in 0.009 seconds [3m(gpu_transfer.py:513:lmcache.v1.multiprocess.modules.gpu_transfer)[0m
[32;20m[2026-06-03 07:47:36,992] LMCache INFO:[0m Retrieved 50944 tokens in 0.106 seconds [3m(gpu_transfer.py:728:lmcache.v1.multiprocess.modules.gpu_transfer)[0m
[32;20m[2026-06-03 07:47:36,996] LMCache INFO:[0m Retrieved 50944 tokens in 0.118 seconds [3m(gpu_transfer.py:728:lmcache.v1.multiprocess.modules.gpu_transfer)[0m
[32;20m[2026-06-03 07:47:37,018] LMCache INFO:[0m Retrieved 50944 tokens in 0.036 seconds [3m(gpu_transfer.py:728:lmcache.v1.multiprocess.modules.gpu_transfer)[0m
[32;20m[2026-06-03 07:47:37,019] LMCache INFO:[0m Retrieved 50944 tokens in 0.019 seconds [3m(gpu_transfer.py:728:lmcache.v1.multiprocess.modules.gpu_transfer)[0m
[32;20m[2026-06-03 07:47:37,209] LMCache INFO:[0m Stored 1024 tokens in 0.011 seconds [3m(gpu_transfer.py:513:lmcache.v1.multiprocess.modules.gpu_transfer)[0m
[32;20m[2026-06-03 07:47:37,672] LMCache INFO:[0m Stored 256 tokens in 0.007 seconds [3m(gpu_transfer.py:513:lmcache.v1.multiprocess.modules.gpu_transfer)[0m
[32;20m[2026-06-03 07:47:37,678] LMCache INFO:[0m Stored 256 tokens in 0.004 seconds [3m(gpu_transfer.py:513:lmcache.v1.multiprocess.modules.gpu_transfer)[0m
[32;20m[2026-06-03 07:47:37,685] LMCache INFO:[0m Stored 256 tokens in 0.004 seconds [3m(gpu_transfer.py:513:lmcache.v1.multiprocess.modules.gpu_transfer)[0m
[32;20m[2026-06-03 07:47:37,691] LMCache INFO:[0m Stored 256 tokens in 0.003 seconds [3m(gpu_transfer.py:513:lmcache.v1.multiprocess.modules.gpu_transfer)[0m
[32;20m[2026-06-03 07:47:37,987] LMCache INFO:[0m Stored 768 tokens in 0.043 seconds [3m(gpu_transfer.py:513:lmcache.v1.multiprocess.modules.gpu_transfer)[0m
[32;20m[2026-06-03 07:47:38,669] LMCache INFO:[0m Stored 1536 tokens in 0.004 seconds [3m(gpu_transfer.py:513:lmcache.v1.multiprocess.modules.gpu_transfer)[0m
[32;20m[2026-06-03 07:47:38,853] LMCache INFO:[0m Stored 256 tokens in 0.003 seconds [3m(gpu_transfer.py:513:lmcache.v1.multiprocess.modules.gpu_transfer)[0m
[32;20m[2026-06-03 07:47:40,312] LMCache INFO:[0m Stored 256 tokens in 0.004 seconds [3m(gpu_transfer.py:513:lmcache.v1.multiprocess.modules.gpu_transfer)[0m
[32;20m[2026-06-03 07:47:40,815] LMCache INFO:[0m Stored 256 tokens in 0.005 seconds [3m(gpu_transfer.py:513:lmcache.v1.multiprocess.modules.gpu_transfer)[0m
[32;20m[2026-06-03 07:47:41,303] LMCache INFO:[0m Stored 256 tokens in 0.003 seconds [3m(gpu_transfer.py:513:lmcache.v1.multiprocess.modules.gpu_transfer)[0m
[32;20m[2026-06-03 07:47:41,498] LMCache INFO:[0m Stored 256 tokens in 0.006 seconds [3m(gpu_transfer.py:513:lmcache.v1.multiprocess.modules.gpu_transfer)[0m
[32;20m[2026-06-03 07:47:41,759] LMCache INFO:[0m Stored 256 tokens in 0.010 seconds [3m(gpu_transfer.py:513:lmcache.v1.multiprocess.modules.gpu_transfer)[0m
[32;20m[2026-06-03 07:47:41,785] LMCache INFO:[0m Stored 256 tokens in 0.003 seconds [3m(gpu_transfer.py:513:lmcache.v1.multiprocess.modules.gpu_transfer)[0m
[32;20m[2026-06-03 07:47:42,358] LMCache INFO:[0m Prefetch request completed (L1+L2): 510/510 retained keys (510 L1, 0 L2) in 22.7 ms (external_request_id=chatcmpl-0b7a2b1e-c530-47b1-b13a-e18b89d4dba3-8189f86a, prefetch_request_id=-1) [3m(storage_manager.py:575:lmcache.v1.distributed.storage_manager)[0m
[32;20m[2026-06-03 07:47:42,604] LMCache INFO:[0m Prefetch request completed (L1+L2): 371/371 retained keys (371 L1, 0 L2) in 20.9 ms (external_request_id=chatcmpl-3a73d871-d643-49f1-9270-be0c5d327174-98efdc21, prefetch_request_id=-1) [3m(storage_manager.py:575:lmcache.v1.distributed.storage_manager)[0m
[32;20m[2026-06-03 07:47:43,174] LMCache INFO:[0m Stored 256 tokens in 0.003 seconds [3m(gpu_transfer.py:513:lmcache.v1.multiprocess.modules.gpu_transfer)[0m
[32;20m[2026-06-03 07:47:43,258] LMCache INFO:[0m Stored 256 tokens in 0.004 seconds [3m(gpu_transfer.py:513:lmcache.v1.multiprocess.modules.gpu_transfer)[0m
[32;20m[2026-06-03 07:47:43,308] LMCache INFO:[0m Stored 256 tokens in 0.003 seconds [3m(gpu_transfer.py:513:lmcache.v1.multiprocess.modules.gpu_transfer)[0m
[32;20m[2026-06-03 07:47:43,497] LMCache INFO:[0m Prefetch request completed (L1+L2): 354/391 retained keys (354 L1, 0 L2) in 1.9 ms (external_request_id=chatcmpl-5ce1dd13-5444-4b57-acbf-6259b956d975-a1f7aa6e, prefetch_request_id=-1) [3m(storage_manager.py:575:lmcache.v1.distributed.storage_manager)[0m
[32;20m[2026-06-03 07:47:43,727] LMCache INFO:[0m Stored 7936 tokens in 0.014 seconds [3m(gpu_transfer.py:513:lmcache.v1.multiprocess.modules.gpu_transfer)[0m
[32;20m[2026-06-03 07:47:45,449] LMCache INFO:[0m Stored 256 tokens in 0.002 seconds [3m(gpu_transfer.py:513:lmcache.v1.multiprocess.modules.gpu_transfer)[0m
[32;20m[2026-06-03 07:47:45,548] LMCache INFO:[0m Prefetch request completed (L1+L2): 371/373 retained keys (371 L1, 0 L2) in 1.9 ms (external_request_id=chatcmpl-b85e55e4-3f2f-4819-80c8-da8252c74363-ab5c4780, prefetch_request_id=-1) [3m(storage_manager.py:575:lmcache.v1.distributed.storage_manager)[0m
[32;20m[2026-06-03 07:47:46,115] LMCache INFO:[0m Stored 256 tokens in 0.008 seconds [3m(gpu_transfer.py:513:lmcache.v1.multiprocess.modules.gpu_transfer)[0m
[32;20m[2026-06-03 07:47:46,123] LMCache INFO:[0m Stored 1536 tokens in 0.005 seconds [3m(gpu_transfer.py:513:lmcache.v1.multiprocess.modules.gpu_transfer)[0m
[32;20m[2026-06-03 07:47:46,266] LMCache INFO:[0m Stored 512 tokens in 0.011 seconds [3m(gpu_transfer.py:513:lmcache.v1.multiprocess.modules.gpu_transfer)[0m
[32;20m[2026-06-03 07:47:46,773] LMCache INFO:[0m Stored 256 tokens in 0.003 seconds [3m(gpu_transfer.py:513:lmcache.v1.multiprocess.modules.gpu_transfer)[0m
[32;20m[2026-06-03 07:47:48,187] LMCache INFO:[0m Stored 256 tokens in 0.004 seconds [3m(gpu_transfer.py:513:lmcache.v1.multiprocess.modules.gpu_transfer)[0m
[32;20m[2026-06-03 07:47:48,843] LMCache INFO:[0m Stored 256 tokens in 0.004 seconds [3m(gpu_transfer.py:513:lmcache.v1.multiprocess.modules.gpu_transfer)[0m
[32;20m[2026-06-03 07:47:49,281] LMCache INFO:[0m Prefetch request completed (L1+L2): 1/240 retained keys (1 L1, 0 L2) in 1.5 ms (external_request_id=chatcmpl-5e857de4-4865-4c5f-a420-f1ae20ad1429-962e6480, prefetch_request_id=-1) [3m(storage_manager.py:575:lmcache.v1.distributed.storage_manager)[0m
[32;20m[2026-06-03 07:47:49,478] LMCache INFO:[0m Stored 8192 tokens in 0.006 seconds [3m(gpu_transfer.py:513:lmcache.v1.multiprocess.modules.gpu_transfer)[0m
[32;20m[2026-06-03 07:47:49,653] LMCache INFO:[0m Stored 8192 tokens in 0.019 seconds [3m(gpu_transfer.py:513:lmcache.v1.multiprocess.modules.gpu_transfer)[0m
[32;20m[2026-06-03 07:47:50,205] LMCache INFO:[0m Stored 256 tokens in 0.004 seconds [3m(gpu_transfer.py:513:lmcache.v1.multiprocess.modules.gpu_transfer)[0m
[32;20m[2026-06-03 07:47:50,633] LMCache INFO:[0m Stored 8192 tokens in 0.006 seconds [3m(gpu_transfer.py:513:lmcache.v1.multiprocess.modules.gpu_transfer)[0m
[32;20m[2026-06-03 07:47:50,759] LMCache INFO:[0m Stored 8192 tokens in 0.005 seconds [3m(gpu_transfer.py:513:lmcache.v1.multiprocess.modules.gpu_transfer)[0m
[32;20m[2026-06-03 07:47:51,476] LMCache INFO:[0m Stored 8192 tokens in 0.006 seconds [3m(gpu_transfer.py:513:lmcache.v1.multiprocess.modules.gpu_transfer)[0m
[32;20m[2026-06-03 07:47:52,344] LMCache INFO:[0m Stored 7936 tokens in 0.005 seconds [3m(gpu_transfer.py:513:lmcache.v1.multiprocess.modules.gpu_transfer)[0m
[32;20m[2026-06-03 07:47:53,280] LMCache INFO:[0m Prefetch request completed (L1+L2): 164/166 retained keys (164 L1, 0 L2) in 1.1 ms (external_request_id=chatcmpl-7f0e2c56-fe17-467a-86b4-f504452435ea-85131b1a, prefetch_request_id=-1) [3m(storage_manager.py:575:lmcache.v1.distributed.storage_manager)[0m
[32;20m[2026-06-03 07:47:53,389] LMCache INFO:[0m Prefetch request completed (L1+L2): 334/335 retained keys (334 L1, 0 L2) in 13.4 ms (external_request_id=chatcmpl-d52f87db-159f-4b67-8be0-cddc6dd28961-98e9b884, prefetch_request_id=-1) [3m(storage_manager.py:575:lmcache.v1.distributed.storage_manager)[0m
[32;20m[2026-06-03 07:47:53,390] LMCache INFO:[0m Stored 256 tokens in 0.014 seconds [3m(gpu_transfer.py:513:lmcache.v1.multiprocess.modules.gpu_transfer)[0m
[32;20m[2026-06-03 07:47:54,390] LMCache INFO:[0m Stored 256 tokens in 0.005 seconds [3m(gpu_transfer.py:513:lmcache.v1.multiprocess.modules.gpu_transfer)[0m
[32;20m[2026-06-03 07:47:54,398] LMCache INFO:[0m Stored 8192 tokens in 0.006 seconds [3m(gpu_transfer.py:513:lmcache.v1.multiprocess.modules.gpu_transfer)[0m
[32;20m[2026-06-03 07:47:54,478] LMCache INFO:[0m Prefetch request completed (L1+L2): 188/188 retained keys (188 L1, 0 L2) in 1.3 ms (external_request_id=chatcmpl-4317c932-c718-40bf-af0f-d49deb95320d-a12eeb34, prefetch_request_id=-1) [3m(storage_manager.py:575:lmcache.v1.distributed.storage_manager)[0m
[32;20m[2026-06-03 07:47:54,680] LMCache INFO:[0m Stored 512 tokens in 0.009 seconds [3m(gpu_transfer.py:513:lmcache.v1.multiprocess.modules.gpu_transfer)[0m
[32;20m[2026-06-03 07:47:55,528] LMCache INFO:[0m Stored 256 tokens in 0.011 seconds [3m(gpu_transfer.py:513:lmcache.v1.multiprocess.modules.gpu_transfer)[0m
[32;20m[2026-06-03 07:47:55,534] LMCache INFO:[0m Stored 4096 tokens in 0.004 seconds [3m(gpu_transfer.py:513:lmcache.v1.multiprocess.modules.gpu_transfer)[0m
[32;20m[2026-06-03 07:47:55,698] LMCache INFO:[0m Stored 256 tokens in 0.003 seconds [3m(gpu_transfer.py:513:lmcache.v1.multiprocess.modules.gpu_transfer)[0m
[32;20m[2026-06-03 07:47:56,537] LMCache INFO:[0m Stored 256 tokens in 0.004 seconds [3m(gpu_transfer.py:513:lmcache.v1.multiprocess.modules.gpu_transfer)[0m
[32;20m[2026-06-03 07:47:56,910] LMCache INFO:[0m Stored 256 tokens in 0.005 seconds [3m(gpu_transfer.py:513:lmcache.v1.multiprocess.modules.gpu_transfer)[0m
[32;20m[2026-06-03 07:47:57,424] LMCache INFO:[0m Stored 256 tokens in 0.014 seconds [3m(gpu_transfer.py:513:lmcache.v1.multiprocess.modules.gpu_transfer)[0m
[32;20m[2026-06-03 07:47:57,876] LMCache INFO:[0m Stored 256 tokens in 0.003 seconds [3m(gpu_transfer.py:513:lmcache.v1.multiprocess.modules.gpu_transfer)[0m
[32;20m[2026-06-03 07:47:58,053] LMCache INFO:[0m Stored 256 tokens in 0.004 seconds [3m(gpu_transfer.py:513:lmcache.v1.multiprocess.modules.gpu_transfer)[0m
[32;20m[2026-06-03 07:47:58,412] LMCache INFO:[0m Stored 256 tokens in 0.003 seconds [3m(gpu_transfer.py:513:lmcache.v1.multiprocess.modules.gpu_transfer)[0m
[32;20m[2026-06-03 07:47:58,814] LMCache INFO:[0m Stored 256 tokens in 0.003 seconds [3m(gpu_transfer.py:513:lmcache.v1.multiprocess.modules.gpu_transfer)[0m
[32;20m[2026-06-03 07:47:59,093] LMCache INFO:[0m Stored 256 tokens in 0.002 seconds [3m(gpu_transfer.py:513:lmcache.v1.multiprocess.modules.gpu_transfer)[0m
[32;20m[2026-06-03 07:47:59,179] LMCache INFO:[0m Stored 256 tokens in 0.003 seconds [3m(gpu_transfer.py:513:lmcache.v1.multiprocess.modules.gpu_transfer)[0m
[32;20m[2026-06-03 07:48:00,459] LMCache INFO:[0m Stored 256 tokens in 0.005 seconds [3m(gpu_transfer.py:513:lmcache.v1.multiprocess.modules.gpu_transfer)[0m
[32;20m[2026-06-03 07:48:00,726] LMCache INFO:[0m Prefetch request completed (L1+L2): 338/339 retained keys (338 L1, 0 L2) in 1.8 ms (external_request_id=chatcmpl-58e8db60-b08a-4f6c-a667-f19645cea20b-96393e78, prefetch_request_id=-1) [3m(storage_manager.py:575:lmcache.v1.distributed.storage_manager)[0m
[32;20m[2026-06-03 07:48:00,935] LMCache INFO:[0m Stored 256 tokens in 0.011 seconds [3m(gpu_transfer.py:513:lmcache.v1.multiprocess.modules.gpu_transfer)[0m
[32;20m[2026-06-03 07:48:01,434] LMCache INFO:[0m Stored 256 tokens in 0.005 seconds [3m(gpu_transfer.py:513:lmcache.v1.multiprocess.modules.gpu_transfer)[0m
[32;20m[2026-06-03 07:48:01,640] LMCache INFO:[0m Prefetch request completed (L1+L2): 372/372 retained keys (372 L1, 0 L2) in 2.3 ms (external_request_id=chatcmpl-7fee15a5-e7dc-430c-9e17-a3d3ab923fcc-b5529e9b, prefetch_request_id=-1) [3m(storage_manager.py:575:lmcache.v1.distributed.storage_manager)[0m
[32;20m[2026-06-03 07:48:02,175] LMCache INFO:[0m Prefetch request completed (L1+L2): 217/218 retained keys (217 L1, 0 L2) in 1.3 ms (external_request_id=chatcmpl-ece6d771-1e85-4972-ab77-637ef94153af-b007abf1, prefetch_request_id=-1) [3m(storage_manager.py:575:lmcache.v1.distributed.storage_manager)[0m
[32;20m[2026-06-03 07:48:02,348] LMCache INFO:[0m Stored 256 tokens in 0.008 seconds [3m(gpu_transfer.py:513:lmcache.v1.multiprocess.modules.gpu_transfer)[0m
[32;20m[2026-06-03 07:48:02,673] LMCache INFO:[0m Stored 256 tokens in 0.003 seconds [3m(gpu_transfer.py:513:lmcache.v1.multiprocess.modules.gpu_transfer)[0m
[32;20m[2026-06-03 07:48:03,097] LMCache INFO:[0m Stored 256 tokens in 0.003 seconds [3m(gpu_transfer.py:513:lmcache.v1.multiprocess.modules.gpu_transfer)[0m
[32;20m[2026-06-03 07:48:03,483] LMCache INFO:[0m Stored 256 tokens in 0.003 seconds [3m(gpu_transfer.py:513:lmcache.v1.multiprocess.modules.gpu_transfer)[0m
[32;20m[2026-06-03 07:48:03,549] LMCache INFO:[0m Stored 256 tokens in 0.004 seconds [3m(gpu_transfer.py:513:lmcache.v1.multiprocess.modules.gpu_transfer)[0m
[32;20m[2026-06-03 07:48:03,593] LMCache INFO:[0m Stored 256 tokens in 0.003 seconds [3m(gpu_transfer.py:513:lmcache.v1.multiprocess.modules.gpu_transfer)[0m
[32;20m[2026-06-03 07:48:03,871] LMCache INFO:[0m Prefetch request completed (L1+L2): 391/393 retained keys (391 L1, 0 L2) in 17.7 ms (external_request_id=chatcmpl-7aad77da-2096-4710-8efc-b84c09cccb52-84b3bd52, prefetch_request_id=-1) [3m(storage_manager.py:575:lmcache.v1.distributed.storage_manager)[0m
[32;20m[2026-06-03 07:48:04,208] LMCache INFO:[0m Stored 512 tokens in 0.012 seconds [3m(gpu_transfer.py:513:lmcache.v1.multiprocess.modules.gpu_transfer)[0m
[32;20m[2026-06-03 07:48:04,660] LMCache INFO:[0m Prefetch request completed (L1+L2): 499/502 retained keys (499 L1, 0 L2) in 1.8 ms (external_request_id=chatcmpl-d8a2e466-cdc2-4884-8486-69d846c57ed2-9ad5c3e2, prefetch_request_id=-1) [3m(storage_manager.py:575:lmcache.v1.distributed.storage_manager)[0m
[32;20m[2026-06-03 07:48:04,757] LMCache INFO:[0m Prefetch request completed (L1+L2): 335/336 retained keys (335 L1, 0 L2) in 1.7 ms (external_request_id=chatcmpl-2baa69a9-ff63-4a68-a023-0351277a4083-a1935a78, prefetch_request_id=-1) [3m(storage_manager.py:575:lmcache.v1.distributed.storage_manager)[0m
[32;20m[2026-06-03 07:48:05,125] LMCache INFO:[0m Stored 768 tokens in 0.031 seconds [3m(gpu_transfer.py:513:lmcache.v1.multiprocess.modules.gpu_transfer)[0m
[32;20m[2026-06-03 07:48:05,735] LMCache INFO:[0m Stored 256 tokens in 0.012 seconds [3m(gpu_transfer.py:513:lmcache.v1.multiprocess.modules.gpu_transfer)[0m
[32;20m[2026-06-03 07:48:05,744] LMCache INFO:[0m Stored 256 tokens in 0.007 seconds [3m(gpu_transfer.py:513:lmcache.v1.multiprocess.modules.gpu_transfer)[0m
[32;20m[2026-06-03 07:48:05,891] LMCache INFO:[0m Stored 256 tokens in 0.003 seconds [3m(gpu_transfer.py:513:lmcache.v1.multiprocess.modules.gpu_transfer)[0m
[32;20m[2026-06-03 07:48:06,436] LMCache INFO:[0m Stored 256 tokens in 0.003 seconds [3m(gpu_transfer.py:513:lmcache.v1.multiprocess.modules.gpu_transfer)[0m
[32;20m[2026-06-03 07:48:07,127] LMCache INFO:[0m Stored 256 tokens in 0.003 seconds [3m(gpu_transfer.py:513:lmcache.v1.multiprocess.modules.gpu_transfer)[0m
[32;20m[2026-06-03 07:48:07,303] LMCache INFO:[0m Stored 256 tokens in 0.012 seconds [3m(gpu_transfer.py:513:lmcache.v1.multiprocess.modules.gpu_transfer)[0m
[32;20m[2026-06-03 07:48:07,331] LMCache INFO:[0m Stored 256 tokens in 0.004 seconds [3m(gpu_transfer.py:513:lmcache.v1.multiprocess.modules.gpu_transfer)[0m
[32;20m[2026-06-03 07:48:07,578] LMCache INFO:[0m Stored 256 tokens in 0.003 seconds [3m(gpu_transfer.py:513:lmcache.v1.multiprocess.modules.gpu_transfer)[0m
[32;20m[2026-06-03 07:48:08,001] LMCache INFO:[0m Stored 256 tokens in 0.003 seconds [3m(gpu_transfer.py:513:lmcache.v1.multiprocess.modules.gpu_transfer)[0m
[32;20m[2026-06-03 07:48:08,501] LMCache INFO:[0m Prefetch request completed (L1+L2): 365/371 retained keys (365 L1, 0 L2) in 1.9 ms (external_request_id=chatcmpl-446ac88e-d816-4df8-954c-bc66b88517ee-8bb3dca2, prefetch_request_id=-1) [3m(storage_manager.py:575:lmcache.v1.distributed.storage_manager)[0m
[32;20m[2026-06-03 07:48:08,752] LMCache INFO:[0m Retrieved 93440 tokens in 0.088 seconds [3m(gpu_transfer.py:728:lmcache.v1.multiprocess.modules.gpu_transfer)[0m
[32;20m[2026-06-03 07:48:08,830] LMCache INFO:[0m Retrieved 93440 tokens in 0.197 seconds [3m(gpu_transfer.py:728:lmcache.v1.multiprocess.modules.gpu_transfer)[0m
[32;20m[2026-06-03 07:48:08,830] LMCache INFO:[0m Retrieved 93440 tokens in 0.224 seconds [3m(gpu_transfer.py:728:lmcache.v1.multiprocess.modules.gpu_transfer)[0m
[32;20m[2026-06-03 07:48:08,847] LMCache INFO:[0m Stored 256 tokens in 0.007 seconds [3m(gpu_transfer.py:513:lmcache.v1.multiprocess.modules.gpu_transfer)[0m
[32;20m[2026-06-03 07:48:08,855] LMCache INFO:[0m Stored 256 tokens in 0.005 seconds [3m(gpu_transfer.py:513:lmcache.v1.multiprocess.modules.gpu_transfer)[0m
[32;20m[2026-06-03 07:48:08,863] LMCache INFO:[0m Retrieved 93440 tokens in 0.055 seconds [3m(gpu_transfer.py:728:lmcache.v1.multiprocess.modules.gpu_transfer)[0m
[32;20m[2026-06-03 07:48:09,341] LMCache INFO:[0m Stored 1536 tokens in 0.004 seconds [3m(gpu_transfer.py:513:lmcache.v1.multiprocess.modules.gpu_transfer)[0m
[32;20m[2026-06-03 07:48:09,886] LMCache INFO:[0m Stored 256 tokens in 0.011 seconds [3m(gpu_transfer.py:513:lmcache.v1.multiprocess.modules.gpu_transfer)[0m
[32;20m[2026-06-03 07:48:09,955] LMCache INFO:[0m Prefetch request completed (L1+L2): 574/574 retained keys (574 L1, 0 L2) in 2.2 ms (external_request_id=chatcmpl-b927686b-4f5b-446a-87c7-2a81beeaf194-af1bd533, prefetch_request_id=-1) [3m(storage_manager.py:575:lmcache.v1.distributed.storage_manager)[0m
[32;20m[2026-06-03 07:48:10,229] LMCache INFO:[0m Retrieved 100864 tokens in 0.167 seconds [3m(gpu_transfer.py:728:lmcache.v1.multiprocess.modules.gpu_transfer)[0m
[32;20m[2026-06-03 07:48:10,267] LMCache INFO:[0m Retrieved 100864 tokens in 0.170 seconds [3m(gpu_transfer.py:728:lmcache.v1.multiprocess.modules.gpu_transfer)[0m
[32;20m[2026-06-03 07:48:10,267] LMCache INFO:[0m Retrieved 100864 tokens in 0.135 seconds [3m(gpu_transfer.py:728:lmcache.v1.multiprocess.modules.gpu_transfer)[0m
[32;20m[2026-06-03 07:48:10,305] LMCache INFO:[0m Retrieved 100864 tokens in 0.043 seconds [3m(gpu_transfer.py:728:lmcache.v1.multiprocess.modules.gpu_transfer)[0m
[32;20m[2026-06-03 07:48:12,122] LMCache INFO:[0m Prefetch request completed (L1+L2): 240/247 retained keys (240 L1, 0 L2) in 5.6 ms (external_request_id=chatcmpl-8b061d45-36ae-4e9d-afaf-dc5913cad5c2-83d88ed0, prefetch_request_id=-1) [3m(storage_manager.py:575:lmcache.v1.distributed.storage_manager)[0m
[32;20m[2026-06-03 07:48:12,271] LMCache INFO:[0m Prefetch request completed (L1+L2): 188/188 retained keys (188 L1, 0 L2) in 3.9 ms (external_request_id=chatcmpl-4ce73e32-c9ef-4cea-b22d-b14283ab07ab-ab1f56cf, prefetch_request_id=-1) [3m(storage_manager.py:575:lmcache.v1.distributed.storage_manager)[0m
[32;20m[2026-06-03 07:48:12,382] LMCache INFO:[0m Stored 1792 tokens in 0.078 seconds [3m(gpu_transfer.py:513:lmcache.v1.multiprocess.modules.gpu_transfer)[0m
[32;20m[2026-06-03 07:48:12,907] LMCache INFO:[0m Stored 256 tokens in 0.004 seconds [3m(gpu_transfer.py:513:lmcache.v1.multiprocess.modules.gpu_transfer)[0m
[32;20m[2026-06-03 07:48:13,263] LMCache INFO:[0m Stored 256 tokens in 0.003 seconds [3m(gpu_transfer.py:513:lmcache.v1.multiprocess.modules.gpu_transfer)[0m
[32;20m[2026-06-03 07:48:13,427] LMCache INFO:[0m Stored 256 tokens in 0.003 seconds [3m(gpu_transfer.py:513:lmcache.v1.multiprocess.modules.gpu_transfer)[0m
[32;20m[2026-06-03 07:48:13,571] LMCache INFO:[0m Stored 256 tokens in 0.004 seconds [3m(gpu_transfer.py:513:lmcache.v1.multiprocess.modules.gpu_transfer)[0m
[32;20m[2026-06-03 07:48:13,906] LMCache INFO:[0m Stored 256 tokens in 0.003 seconds [3m(gpu_transfer.py:513:lmcache.v1.multiprocess.modules.gpu_transfer)[0m
[32;20m[2026-06-03 07:48:14,296] LMCache INFO:[0m Stored 256 tokens in 0.003 seconds [3m(gpu_transfer.py:513:lmcache.v1.multiprocess.modules.gpu_transfer)[0m
[32;20m[2026-06-03 07:48:14,565] LMCache INFO:[0m Stored 256 tokens in 0.002 seconds [3m(gpu_transfer.py:513:lmcache.v1.multiprocess.modules.gpu_transfer)[0m
[32;20m[2026-06-03 07:48:14,649] LMCache INFO:[0m Stored 256 tokens in 0.003 seconds [3m(gpu_transfer.py:513:lmcache.v1.multiprocess.modules.gpu_transfer)[0m
[32;20m[2026-06-03 07:48:14,897] LMCache INFO:[0m Stored 256 tokens in 0.003 seconds [3m(gpu_transfer.py:513:lmcache.v1.multiprocess.modules.gpu_transfer)[0m
[32;20m[2026-06-03 07:48:16,252] LMCache INFO:[0m Prefetch request completed (L1+L2): 339/340 retained keys (339 L1, 0 L2) in 1.9 ms (external_request_id=chatcmpl-94620c09-6a2b-4680-a75e-06ca41a3c890-ad001e78, prefetch_request_id=-1) [3m(storage_manager.py:575:lmcache.v1.distributed.storage_manager)[0m
[32;20m[2026-06-03 07:48:16,466] LMCache INFO:[0m Stored 256 tokens in 0.011 seconds [3m(gpu_transfer.py:513:lmcache.v1.multiprocess.modules.gpu_transfer)[0m
[32;20m[2026-06-03 07:48:16,832] LMCache INFO:[0m Prefetch request completed (L1+L2): 429/434 retained keys (429 L1, 0 L2) in 1.3 ms (external_request_id=chatcmpl-599169f0-954c-4fda-82fb-b1f4e1c55ffd-9815c707, prefetch_request_id=-1) [3m(storage_manager.py:575:lmcache.v1.distributed.storage_manager)[0m
[32;20m[2026-06-03 07:48:17,027] LMCache INFO:[0m Stored 1280 tokens in 0.013 seconds [3m(gpu_transfer.py:513:lmcache.v1.multiprocess.modules.gpu_transfer)[0m
[32;20m[2026-06-03 07:48:17,606] LMCache INFO:[0m Stored 256 tokens in 0.006 seconds [3m(gpu_transfer.py:513:lmcache.v1.multiprocess.modules.gpu_transfer)[0m
[32;20m[2026-06-03 07:48:17,759] LMCache INFO:[0m Stored 256 tokens in 0.003 seconds [3m(gpu_transfer.py:513:lmcache.v1.multiprocess.modules.gpu_transfer)[0m
[32;20m[2026-06-03 07:48:18,067] LMCache INFO:[0m Stored 256 tokens in 0.003 seconds [3m(gpu_transfer.py:513:lmcache.v1.multiprocess.modules.gpu_transfer)[0m
[32;20m[2026-06-03 07:48:18,480] LMCache INFO:[0m Stored 256 tokens in 0.003 seconds [3m(gpu_transfer.py:513:lmcache.v1.multiprocess.modules.gpu_transfer)[0m
[32;20m[2026-06-03 07:48:18,828] LMCache INFO:[0m Stored 256 tokens in 0.003 seconds [3m(gpu_transfer.py:513:lmcache.v1.multiprocess.modules.gpu_transfer)[0m
[32;20m[2026-06-03 07:48:18,898] LMCache INFO:[0m Stored 256 tokens in 0.004 seconds [3m(gpu_transfer.py:513:lmcache.v1.multiprocess.modules.gpu_transfer)[0m
[32;20m[2026-06-03 07:48:18,940] LMCache INFO:[0m Stored 256 tokens in 0.003 seconds [3m(gpu_transfer.py:513:lmcache.v1.multiprocess.modules.gpu_transfer)[0m
[32;20m[2026-06-03 07:48:19,258] LMCache INFO:[0m Stored 256 tokens in 0.003 seconds [3m(gpu_transfer.py:513:lmcache.v1.multiprocess.modules.gpu_transfer)[0m
[32;20m[2026-06-03 07:48:19,941] LMCache INFO:[0m Prefetch request completed (L1+L2): 692/695 retained keys (692 L1, 0 L2) in 3.1 ms (external_request_id=chatcmpl-cc56003a-7055-4763-83e4-620fa2d8d89c-a68bbab0, prefetch_request_id=-1) [3m(storage_manager.py:575:lmcache.v1.distributed.storage_manager)[0m
[32;20m[2026-06-03 07:48:20,180] LMCache INFO:[0m Prefetch request completed (L1+L2): 336/340 retained keys (336 L1, 0 L2) in 15.8 ms (external_request_id=chatcmpl-935929ec-6fa9-4524-b1f1-eb4c334b3b92-b62ee6c2, prefetch_request_id=-1) [3m(storage_manager.py:575:lmcache.v1.distributed.storage_manager)[0m
[32;20m[2026-06-03 07:48:20,438] LMCache INFO:[0m Stored 768 tokens in 0.212 seconds [3m(gpu_transfer.py:513:lmcache.v1.multiprocess.modules.gpu_transfer)[0m
[32;20m[2026-06-03 07:48:20,955] LMCache INFO:[0m Stored 1024 tokens in 0.011 seconds [3m(gpu_transfer.py:513:lmcache.v1.multiprocess.modules.gpu_transfer)[0m
[32;20m[2026-06-03 07:48:22,434] LMCache INFO:[0m Stored 256 tokens in 0.005 seconds [3m(gpu_transfer.py:513:lmcache.v1.multiprocess.modules.gpu_transfer)[0m
[32;20m[2026-06-03 07:48:22,507] LMCache INFO:[0m Stored 256 tokens in 0.004 seconds [3m(gpu_transfer.py:513:lmcache.v1.multiprocess.modules.gpu_transfer)[0m
[32;20m[2026-06-03 07:48:22,686] LMCache INFO:[0m Stored 256 tokens in 0.004 seconds [3m(gpu_transfer.py:513:lmcache.v1.multiprocess.modules.gpu_transfer)[0m
[32;20m[2026-06-03 07:48:23,177] LMCache INFO:[0m Stored 256 tokens in 0.004 seconds [3m(gpu_transfer.py:513:lmcache.v1.multiprocess.modules.gpu_transfer)[0m
[32;20m[2026-06-03 07:48:23,873] LMCache INFO:[0m Stored 256 tokens in 0.006 seconds [3m(gpu_transfer.py:513:lmcache.v1.multiprocess.modules.gpu_transfer)[0m
[32;20m[2026-06-03 07:48:24,245] LMCache INFO:[0m Stored 256 tokens in 0.004 seconds [3m(gpu_transfer.py:513:lmcache.v1.multiprocess.modules.gpu_transfer)[0m
[32;20m[2026-06-03 07:48:25,067] LMCache INFO:[0m Stored 256 tokens in 0.007 seconds [3m(gpu_transfer.py:513:lmcache.v1.multiprocess.modules.gpu_transfer)[0m
[32;20m[2026-06-03 07:48:25,769] LMCache INFO:[0m Stored 256 tokens in 0.005 seconds [3m(gpu_transfer.py:513:lmcache.v1.multiprocess.modules.gpu_transfer)[0m
[32;20m[2026-06-03 07:48:26,134] LMCache INFO:[0m Prefetch request completed (L1+L2): 470/474 retained keys (470 L1, 0 L2) in 2.3 ms (external_request_id=chatcmpl-4c8b8eb9-c612-465a-948d-fb987993e585-adc40920, prefetch_request_id=-1) [3m(storage_manager.py:575:lmcache.v1.distributed.storage_manager)[0m
[32;20m[2026-06-03 07:48:26,343] LMCache INFO:[0m Stored 1024 tokens in 0.014 seconds [3m(gpu_transfer.py:513:lmcache.v1.multiprocess.modules.gpu_transfer)[0m
[32;20m[2026-06-03 07:48:26,856] LMCache INFO:[0m Stored 256 tokens in 0.003 seconds [3m(gpu_transfer.py:513:lmcache.v1.multiprocess.modules.gpu_transfer)[0m
[32;20m[2026-06-03 07:48:27,148] LMCache INFO:[0m Stored 256 tokens in 0.005 seconds [3m(gpu_transfer.py:513:lmcache.v1.multiprocess.modules.gpu_transfer)[0m
[32;20m[2026-06-03 07:48:27,495] LMCache INFO:[0m Stored 256 tokens in 0.004 seconds [3m(gpu_transfer.py:513:lmcache.v1.multiprocess.modules.gpu_transfer)[0m
[32;20m[2026-06-03 07:48:27,824] LMCache INFO:[0m Stored 256 tokens in 0.004 seconds [3m(gpu_transfer.py:513:lmcache.v1.multiprocess.modules.gpu_transfer)[0m
[32;20m[2026-06-03 07:48:28,061] LMCache INFO:[0m Stored 256 tokens in 0.003 seconds [3m(gpu_transfer.py:513:lmcache.v1.multiprocess.modules.gpu_transfer)[0m
[32;20m[2026-06-03 07:48:28,134] LMCache INFO:[0m Stored 256 tokens in 0.004 seconds [3m(gpu_transfer.py:513:lmcache.v1.multiprocess.modules.gpu_transfer)[0m
[32;20m[2026-06-03 07:48:28,176] LMCache INFO:[0m Stored 256 tokens in 0.003 seconds [3m(gpu_transfer.py:513:lmcache.v1.multiprocess.modules.gpu_transfer)[0m
[32;20m[2026-06-03 07:48:28,368] LMCache INFO:[0m Stored 256 tokens in 0.003 seconds [3m(gpu_transfer.py:513:lmcache.v1.multiprocess.modules.gpu_transfer)[0m
[32;20m[2026-06-03 07:48:28,920] LMCache INFO:[0m Stored 7936 tokens in 0.005 seconds [3m(gpu_transfer.py:513:lmcache.v1.multiprocess.modules.gpu_transfer)[0m
[32;20m[2026-06-03 07:48:29,094] LMCache INFO:[0m Stored 8192 tokens in 0.017 seconds [3m(gpu_transfer.py:513:lmcache.v1.multiprocess.modules.gpu_transfer)[0m
[32;20m[2026-06-03 07:48:29,628] LMCache INFO:[0m Stored 8192 tokens in 0.005 seconds [3m(gpu_transfer.py:513:lmcache.v1.multiprocess.modules.gpu_transfer)[0m
[32;20m[2026-06-03 07:48:30,144] LMCache INFO:[0m Prefetch request completed (L1+L2): 340/349 retained keys (340 L1, 0 L2) in 1.9 ms (external_request_id=chatcmpl-204059dc-2b54-4fcb-b396-8da591e3b8d1-9e53ea10, prefetch_request_id=-1) [3m(storage_manager.py:575:lmcache.v1.distributed.storage_manager)[0m
[32;20m[2026-06-03 07:48:30,174] LMCache INFO:[0m Stored 8192 tokens in 0.005 seconds [3m(gpu_transfer.py:513:lmcache.v1.multiprocess.modules.gpu_transfer)[0m
[32;20m[2026-06-03 07:48:31,034] LMCache INFO:[0m Stored 2304 tokens in 0.014 seconds [3m(gpu_transfer.py:513:lmcache.v1.multiprocess.modules.gpu_transfer)[0m
[32;20m[2026-06-03 07:48:31,716] LMCache INFO:[0m Stored 768 tokens in 0.003 seconds [3m(gpu_transfer.py:513:lmcache.v1.multiprocess.modules.gpu_transfer)[0m
[32;20m[2026-06-03 07:48:31,797] LMCache INFO:[0m Prefetch request completed (L1+L2): 363/477 retained keys (363 L1, 0 L2) in 1.7 ms (external_request_id=chatcmpl-6ca402c2-4a55-45e2-be06-152975d6e94d-a2e3f286, prefetch_request_id=-1) [3m(storage_manager.py:575:lmcache.v1.distributed.storage_manager)[0m
[32;20m[2026-06-03 07:48:32,038] LMCache INFO:[0m Stored 8192 tokens in 0.049 seconds [3m(gpu_transfer.py:513:lmcache.v1.multiprocess.modules.gpu_transfer)[0m
[32;20m[2026-06-03 07:48:33,923] LMCache INFO:[0m Stored 8192 tokens in 0.010 seconds [3m(gpu_transfer.py:513:lmcache.v1.multiprocess.modules.gpu_transfer)[0m
[32;20m[2026-06-03 07:48:35,948] LMCache INFO:[0m Prefetch request completed (L1+L2): 393/394 retained keys (393 L1, 0 L2) in 1.9 ms (external_request_id=chatcmpl-bf36ed34-d132-495b-b002-3dc0e3e4cad2-aa4de2a6, prefetch_request_id=-1) [3m(storage_manager.py:575:lmcache.v1.distributed.storage_manager)[0m
[32;20m[2026-06-03 07:48:35,982] LMCache INFO:[0m Stored 8192 tokens in 0.008 seconds [3m(gpu_transfer.py:513:lmcache.v1.multiprocess.modules.gpu_transfer)[0m
[32;20m[2026-06-03 07:48:38,343] LMCache INFO:[0m Stored 256 tokens in 0.018 seconds [3m(gpu_transfer.py:513:lmcache.v1.multiprocess.modules.gpu_transfer)[0m
[32;20m[2026-06-03 07:48:39,721] LMCache INFO:[0m Stored 4608 tokens in 0.006 seconds [3m(gpu_transfer.py:513:lmcache.v1.multiprocess.modules.gpu_transfer)[0m
[32;20m[2026-06-03 07:48:39,969] LMCache INFO:[0m Stored 256 tokens in 0.004 seconds [3m(gpu_transfer.py:513:lmcache.v1.multiprocess.modules.gpu_transfer)[0m
[32;20m[2026-06-03 07:48:40,470] LMCache INFO:[0m Stored 256 tokens in 0.007 seconds [3m(gpu_transfer.py:513:lmcache.v1.multiprocess.modules.gpu_transfer)[0m
[32;20m[2026-06-03 07:48:40,899] LMCache INFO:[0m Stored 256 tokens in 0.005 seconds [3m(gpu_transfer.py:513:lmcache.v1.multiprocess.modules.gpu_transfer)[0m
[32;20m[2026-06-03 07:48:41,272] LMCache INFO:[0m Stored 256 tokens in 0.004 seconds [3m(gpu_transfer.py:513:lmcache.v1.multiprocess.modules.gpu_transfer)[0m
[32;20m[2026-06-03 07:48:41,629] LMCache INFO:[0m Stored 256 tokens in 0.005 seconds [3m(gpu_transfer.py:513:lmcache.v1.multiprocess.modules.gpu_transfer)[0m
[32;20m[2026-06-03 07:48:41,689] LMCache INFO:[0m Stored 256 tokens in 0.004 seconds [3m(gpu_transfer.py:513:lmcache.v1.multiprocess.modules.gpu_transfer)[0m
[32;20m[2026-06-03 07:48:42,003] LMCache INFO:[0m Stored 256 tokens in 0.013 seconds [3m(gpu_transfer.py:513:lmcache.v1.multiprocess.modules.gpu_transfer)[0m
[32;20m[2026-06-03 07:48:42,047] LMCache INFO:[0m Stored 256 tokens in 0.006 seconds [3m(gpu_transfer.py:513:lmcache.v1.multiprocess.modules.gpu_transfer)[0m
[32;20m[2026-06-03 07:48:43,152] LMCache INFO:[0m Stored 256 tokens in 0.005 seconds [3m(gpu_transfer.py:513:lmcache.v1.multiprocess.modules.gpu_transfer)[0m
[32;20m[2026-06-03 07:48:43,234] LMCache INFO:[0m Stored 256 tokens in 0.029 seconds [3m(gpu_transfer.py:513:lmcache.v1.multiprocess.modules.gpu_transfer)[0m
[32;20m[2026-06-03 07:48:43,368] LMCache INFO:[0m Stored 256 tokens in 0.005 seconds [3m(gpu_transfer.py:513:lmcache.v1.multiprocess.modules.gpu_transfer)[0m
[32;20m[2026-06-03 07:48:43,788] LMCache INFO:[0m Stored 256 tokens in 0.003 seconds [3m(gpu_transfer.py:513:lmcache.v1.multiprocess.modules.gpu_transfer)[0m
[32;20m[2026-06-03 07:48:44,391] LMCache INFO:[0m Stored 256 tokens in 0.007 seconds [3m(gpu_transfer.py:513:lmcache.v1.multiprocess.modules.gpu_transfer)[0m
[32;20m[2026-06-03 07:48:44,702] LMCache INFO:[0m Stored 256 tokens in 0.004 seconds [3m(gpu_transfer.py:513:lmcache.v1.multiprocess.modules.gpu_transfer)[0m
[32;20m[2026-06-03 07:48:45,106] LMCache INFO:[0m Prefetch request completed (L1+L2): 327/327 retained keys (327 L1, 0 L2) in 2.1 ms (external_request_id=chatcmpl-e0bf4bbe-8abb-49ef-8aaf-71c01967474c-aae35c89, prefetch_request_id=-1) [3m(storage_manager.py:575:lmcache.v1.distributed.storage_manager)[0m
[32;20m[2026-06-03 07:48:45,548] LMCache INFO:[0m Stored 256 tokens in 0.003 seconds [3m(gpu_transfer.py:513:lmcache.v1.multiprocess.modules.gpu_transfer)[0m
[32;20m[2026-06-03 07:48:46,170] LMCache INFO:[0m Prefetch request completed (L1+L2): 247/250 retained keys (247 L1, 0 L2) in 1.7 ms (external_request_id=chatcmpl-fe0b7a65-f5db-4c71-9832-e5a01abb138c-b03adbcd, prefetch_request_id=-1) [3m(storage_manager.py:575:lmcache.v1.distributed.storage_manager)[0m
[32;20m[2026-06-03 07:48:46,364] LMCache INFO:[0m Stored 768 tokens in 0.009 seconds [3m(gpu_transfer.py:513:lmcache.v1.multiprocess.modules.gpu_transfer)[0m
[32;20m[2026-06-03 07:48:46,728] LMCache INFO:[0m Prefetch request completed (L1+L2): 394/399 retained keys (394 L1, 0 L2) in 1.6 ms (external_request_id=chatcmpl-b99d77a4-30b9-4b6a-a01a-adc8fe1611dd-af05f32e, prefetch_request_id=-1) [3m(storage_manager.py:575:lmcache.v1.distributed.storage_manager)[0m
[32;20m[2026-06-03 07:48:46,799] LMCache INFO:[0m Prefetch request completed (L1+L2): 166/170 retained keys (166 L1, 0 L2) in 1.2 ms (external_request_id=chatcmpl-b2189e07-422c-4cba-a22b-a3ae9e0cc363-ac02d54d, prefetch_request_id=-1) [3m(storage_manager.py:575:lmcache.v1.distributed.storage_manager)[0m
[32;20m[2026-06-03 07:48:47,149] LMCache INFO:[0m Stored 1280 tokens in 0.013 seconds [3m(gpu_transfer.py:513:lmcache.v1.multiprocess.modules.gpu_transfer)[0m
[32;20m[2026-06-03 07:48:47,738] LMCache INFO:[0m Stored 1024 tokens in 0.007 seconds [3m(gpu_transfer.py:513:lmcache.v1.multiprocess.modules.gpu_transfer)[0m
[32;20m[2026-06-03 07:48:47,746] LMCache INFO:[0m Stored 256 tokens in 0.004 seconds [3m(gpu_transfer.py:513:lmcache.v1.multiprocess.modules.gpu_transfer)[0m
[32;20m[2026-06-03 07:48:48,007] LMCache INFO:[0m Stored 7936 tokens in 0.007 seconds [3m(gpu_transfer.py:513:lmcache.v1.multiprocess.modules.gpu_transfer)[0m
[32;20m[2026-06-03 07:48:48,210] LMCache INFO:[0m Stored 8192 tokens in 0.022 seconds [3m(gpu_transfer.py:513:lmcache.v1.multiprocess.modules.gpu_transfer)[0m
[32;20m[2026-06-03 07:48:48,750] LMCache INFO:[0m Stored 8192 tokens in 0.007 seconds [3m(gpu_transfer.py:513:lmcache.v1.multiprocess.modules.gpu_transfer)[0m
[32;20m[2026-06-03 07:48:49,298] LMCache INFO:[0m Stored 8192 tokens in 0.007 seconds [3m(gpu_transfer.py:513:lmcache.v1.multiprocess.modules.gpu_transfer)[0m
[32;20m[2026-06-03 07:48:50,004] LMCache INFO:[0m Stored 8192 tokens in 0.007 seconds [3m(gpu_transfer.py:513:lmcache.v1.multiprocess.modules.gpu_transfer)[0m
[32;20m[2026-06-03 07:48:50,864] LMCache INFO:[0m Stored 256 tokens in 0.009 seconds [3m(gpu_transfer.py:513:lmcache.v1.multiprocess.modules.gpu_transfer)[0m
[32;20m[2026-06-03 07:48:51,744] LMCache INFO:[0m Stored 8192 tokens in 0.010 seconds [3m(gpu_transfer.py:513:lmcache.v1.multiprocess.modules.gpu_transfer)[0m
[32;20m[2026-06-03 07:48:51,875] LMCache INFO:[0m Stored 8192 tokens in 0.007 seconds [3m(gpu_transfer.py:513:lmcache.v1.multiprocess.modules.gpu_transfer)[0m
[32;20m[2026-06-03 07:48:53,026] LMCache INFO:[0m Stored 8192 tokens in 0.007 seconds [3m(gpu_transfer.py:513:lmcache.v1.multiprocess.modules.gpu_transfer)[0m
[32;20m[2026-06-03 07:48:54,326] LMCache INFO:[0m Stored 8192 tokens in 0.007 seconds [3m(gpu_transfer.py:513:lmcache.v1.multiprocess.modules.gpu_transfer)[0m
[32;20m[2026-06-03 07:48:55,783] LMCache INFO:[0m Stored 7936 tokens in 0.007 seconds [3m(gpu_transfer.py:513:lmcache.v1.multiprocess.modules.gpu_transfer)[0m
[32;20m[2026-06-03 07:48:57,357] LMCache INFO:[0m Stored 8192 tokens in 0.009 seconds [3m(gpu_transfer.py:513:lmcache.v1.multiprocess.modules.gpu_transfer)[0m
[32;20m[2026-06-03 07:48:59,064] LMCache INFO:[0m Stored 8192 tokens in 0.007 seconds [3m(gpu_transfer.py:513:lmcache.v1.multiprocess.modules.gpu_transfer)[0m
[32;20m[2026-06-03 07:49:00,867] LMCache INFO:[0m Prefetch request completed (L1+L2): 269/347 retained keys (269 L1, 0 L2) in 2.0 ms (external_request_id=chatcmpl-9b8fc1c4-9d65-426b-90ee-2e58d75b211d-8b8c7be9, prefetch_request_id=-1) [3m(storage_manager.py:575:lmcache.v1.distributed.storage_manager)[0m
[32;20m[2026-06-03 07:49:00,995] LMCache INFO:[0m Stored 256 tokens in 0.061 seconds [3m(gpu_transfer.py:513:lmcache.v1.multiprocess.modules.gpu_transfer)[0m
[32;20m[2026-06-03 07:49:02,790] LMCache INFO:[0m Stored 8192 tokens in 0.007 seconds [3m(gpu_transfer.py:513:lmcache.v1.multiprocess.modules.gpu_transfer)[0m
[32;20m[2026-06-03 07:49:02,970] LMCache INFO:[0m Stored 2816 tokens in 0.016 seconds [3m(gpu_transfer.py:513:lmcache.v1.multiprocess.modules.gpu_transfer)[0m
[32;20m[2026-06-03 07:49:04,713] LMCache INFO:[0m Stored 5632 tokens in 0.006 seconds [3m(gpu_transfer.py:513:lmcache.v1.multiprocess.modules.gpu_transfer)[0m
[32;20m[2026-06-03 07:49:04,855] LMCache INFO:[0m Stored 8192 tokens in 0.007 seconds [3m(gpu_transfer.py:513:lmcache.v1.multiprocess.modules.gpu_transfer)[0m
[32;20m[2026-06-03 07:49:06,410] LMCache INFO:[0m Stored 256 tokens in 0.004 seconds [3m(gpu_transfer.py:513:lmcache.v1.multiprocess.modules.gpu_transfer)[0m
[32;20m[2026-06-03 07:49:07,953] LMCache INFO:[0m Stored 7936 tokens in 0.009 seconds [3m(gpu_transfer.py:513:lmcache.v1.multiprocess.modules.gpu_transfer)[0m
[32;20m[2026-06-03 07:49:08,193] LMCache INFO:[0m Stored 1024 tokens in 0.003 seconds [3m(gpu_transfer.py:513:lmcache.v1.multiprocess.modules.gpu_transfer)[0m
[32;20m[2026-06-03 07:49:08,669] LMCache INFO:[0m Stored 256 tokens in 0.003 seconds [3m(gpu_transfer.py:513:lmcache.v1.multiprocess.modules.gpu_transfer)[0m
[32;20m[2026-06-03 07:49:09,065] LMCache INFO:[0m Stored 256 tokens in 0.003 seconds [3m(gpu_transfer.py:513:lmcache.v1.multiprocess.modules.gpu_transfer)[0m
[32;20m[2026-06-03 07:49:09,415] LMCache INFO:[0m Stored 256 tokens in 0.004 seconds [3m(gpu_transfer.py:513:lmcache.v1.multiprocess.modules.gpu_transfer)[0m
[32;20m[2026-06-03 07:49:09,770] LMCache INFO:[0m Stored 256 tokens in 0.010 seconds [3m(gpu_transfer.py:513:lmcache.v1.multiprocess.modules.gpu_transfer)[0m
[32;20m[2026-06-03 07:49:10,031] LMCache INFO:[0m Stored 256 tokens in 0.002 seconds [3m(gpu_transfer.py:513:lmcache.v1.multiprocess.modules.gpu_transfer)[0m
[32;20m[2026-06-03 07:49:10,723] LMCache INFO:[0m Stored 256 tokens in 0.004 seconds [3m(gpu_transfer.py:513:lmcache.v1.multiprocess.modules.gpu_transfer)[0m
[32;20m[2026-06-03 07:49:10,815] LMCache INFO:[0m Stored 256 tokens in 0.003 seconds [3m(gpu_transfer.py:513:lmcache.v1.multiprocess.modules.gpu_transfer)[0m
[32;20m[2026-06-03 07:49:10,885] LMCache INFO:[0m Stored 256 tokens in 0.002 seconds [3m(gpu_transfer.py:513:lmcache.v1.multiprocess.modules.gpu_transfer)[0m
[32;20m[2026-06-03 07:49:11,682] LMCache INFO:[0m Stored 256 tokens in 0.004 seconds [3m(gpu_transfer.py:513:lmcache.v1.multiprocess.modules.gpu_transfer)[0m
[32;20m[2026-06-03 07:49:12,099] LMCache INFO:[0m Stored 256 tokens in 0.003 seconds [3m(gpu_transfer.py:513:lmcache.v1.multiprocess.modules.gpu_transfer)[0m
[32;20m[2026-06-03 07:49:12,488] LMCache INFO:[0m Stored 256 tokens in 0.004 seconds [3m(gpu_transfer.py:513:lmcache.v1.multiprocess.modules.gpu_transfer)[0m
[32;20m[2026-06-03 07:49:12,556] LMCache INFO:[0m Stored 256 tokens in 0.003 seconds [3m(gpu_transfer.py:513:lmcache.v1.multiprocess.modules.gpu_transfer)[0m
[32;20m[2026-06-03 07:49:12,895] LMCache INFO:[0m Stored 256 tokens in 0.003 seconds [3m(gpu_transfer.py:513:lmcache.v1.multiprocess.modules.gpu_transfer)[0m
[32;20m[2026-06-03 07:49:12,950] LMCache INFO:[0m Stored 256 tokens in 0.006 seconds [3m(gpu_transfer.py:513:lmcache.v1.multiprocess.modules.gpu_transfer)[0m
[32;20m[2026-06-03 07:49:14,198] LMCache INFO:[0m Stored 256 tokens in 0.004 seconds [3m(gpu_transfer.py:513:lmcache.v1.multiprocess.modules.gpu_transfer)[0m
[32;20m[2026-06-03 07:49:14,237] LMCache INFO:[0m Stored 256 tokens in 0.004 seconds [3m(gpu_transfer.py:513:lmcache.v1.multiprocess.modules.gpu_transfer)[0m
[32;20m[2026-06-03 07:49:14,301] LMCache INFO:[0m Prefetch request completed (L1+L2): 1/390 retained keys (1 L1, 0 L2) in 2.3 ms (external_request_id=chatcmpl-8970bcb7-591b-4519-a102-19059f3ecd78-8a1415c8, prefetch_request_id=-1) [3m(storage_manager.py:575:lmcache.v1.distributed.storage_manager)[0m
[32;20m[2026-06-03 07:49:14,469] LMCache INFO:[0m Stored 8192 tokens in 0.006 seconds [3m(gpu_transfer.py:513:lmcache.v1.multiprocess.modules.gpu_transfer)[0m
[32;20m[2026-06-03 07:49:14,786] LMCache INFO:[0m Stored 8192 tokens in 0.006 seconds [3m(gpu_transfer.py:513:lmcache.v1.multiprocess.modules.gpu_transfer)[0m
[32;20m[2026-06-03 07:49:15,222] LMCache INFO:[0m Stored 8192 tokens in 0.007 seconds [3m(gpu_transfer.py:513:lmcache.v1.multiprocess.modules.gpu_transfer)[0m
[32;20m[2026-06-03 07:49:15,791] LMCache INFO:[0m Stored 256 tokens in 0.005 seconds [3m(gpu_transfer.py:513:lmcache.v1.multiprocess.modules.gpu_transfer)[0m
[32;20m[2026-06-03 07:49:16,370] LMCache INFO:[0m Stored 8192 tokens in 0.007 seconds [3m(gpu_transfer.py:513:lmcache.v1.multiprocess.modules.gpu_transfer)[0m
[32;20m[2026-06-03 07:49:16,502] LMCache INFO:[0m Stored 8192 tokens in 0.006 seconds [3m(gpu_transfer.py:513:lmcache.v1.multiprocess.modules.gpu_transfer)[0m
[32;20m[2026-06-03 07:49:17,369] LMCache INFO:[0m Stored 8192 tokens in 0.006 seconds [3m(gpu_transfer.py:513:lmcache.v1.multiprocess.modules.gpu_transfer)[0m
[32;20m[2026-06-03 07:49:18,381] LMCache INFO:[0m Stored 8192 tokens in 0.006 seconds [3m(gpu_transfer.py:513:lmcache.v1.multiprocess.modules.gpu_transfer)[0m
[32;20m[2026-06-03 07:49:19,542] LMCache INFO:[0m Stored 7936 tokens in 0.006 seconds [3m(gpu_transfer.py:513:lmcache.v1.multiprocess.modules.gpu_transfer)[0m
[32;20m[2026-06-03 07:49:20,861] LMCache INFO:[0m Stored 8192 tokens in 0.006 seconds [3m(gpu_transfer.py:513:lmcache.v1.multiprocess.modules.gpu_transfer)[0m
[32;20m[2026-06-03 07:49:22,320] LMCache INFO:[0m Stored 8192 tokens in 0.006 seconds [3m(gpu_transfer.py:513:lmcache.v1.multiprocess.modules.gpu_transfer)[0m
[32;20m[2026-06-03 07:49:23,899] LMCache INFO:[0m Stored 8192 tokens in 0.007 seconds [3m(gpu_transfer.py:513:lmcache.v1.multiprocess.modules.gpu_transfer)[0m
[32;20m[2026-06-03 07:49:25,540] LMCache INFO:[0m Prefetch request completed (L1+L2): 250/257 retained keys (250 L1, 0 L2) in 1.5 ms (external_request_id=chatcmpl-4a3add28-8dbc-43df-b3a3-a8209f9e279b-b60281cd, prefetch_request_id=-1) [3m(storage_manager.py:575:lmcache.v1.distributed.storage_manager)[0m
[32;20m[2026-06-03 07:49:25,601] LMCache INFO:[0m Prefetch request completed (L1+L2): 170/173 retained keys (170 L1, 0 L2) in 1.1 ms (external_request_id=chatcmpl-31e015b0-b755-45ac-afec-19f6a1250bf3-8ac9b12e, prefetch_request_id=-1) [3m(storage_manager.py:575:lmcache.v1.distributed.storage_manager)[0m
[32;20m[2026-06-03 07:49:25,614] LMCache INFO:[0m Stored 8192 tokens in 0.006 seconds [3m(gpu_transfer.py:513:lmcache.v1.multiprocess.modules.gpu_transfer)[0m
[32;20m[2026-06-03 07:49:25,678] LMCache INFO:[0m Prefetch request completed (L1+L2): 85/950 retained keys (85 L1, 0 L2) in 2.6 ms (external_request_id=chatcmpl-58e50dab-9a2d-4caf-a991-17030cd341cd-ab7691b6, prefetch_request_id=-1) [3m(storage_manager.py:575:lmcache.v1.distributed.storage_manager)[0m
[32;20m[2026-06-03 07:49:27,584] LMCache INFO:[0m Stored 1792 tokens in 0.027 seconds [3m(gpu_transfer.py:513:lmcache.v1.multiprocess.modules.gpu_transfer)[0m
[32;20m[2026-06-03 07:49:28,673] LMCache INFO:[0m Stored 768 tokens in 0.011 seconds [3m(gpu_transfer.py:513:lmcache.v1.multiprocess.modules.gpu_transfer)[0m
[32;20m[2026-06-03 07:49:28,687] LMCache INFO:[0m Stored 4096 tokens in 0.011 seconds [3m(gpu_transfer.py:513:lmcache.v1.multiprocess.modules.gpu_transfer)[0m
[32;20m[2026-06-03 07:49:28,708] LMCache INFO:[0m Stored 1536 tokens in 0.015 seconds [3m(gpu_transfer.py:513:lmcache.v1.multiprocess.modules.gpu_transfer)[0m
[32;20m[2026-06-03 07:49:28,815] LMCache INFO:[0m Stored 8192 tokens in 0.009 seconds [3m(gpu_transfer.py:513:lmcache.v1.multiprocess.modules.gpu_transfer)[0m
[32;20m[2026-06-03 07:49:29,547] LMCache INFO:[0m Stored 8192 tokens in 0.008 seconds [3m(gpu_transfer.py:513:lmcache.v1.multiprocess.modules.gpu_transfer)[0m
[32;20m[2026-06-03 07:49:30,430] LMCache INFO:[0m Stored 8192 tokens in 0.009 seconds [3m(gpu_transfer.py:513:lmcache.v1.multiprocess.modules.gpu_transfer)[0m
[32;20m[2026-06-03 07:49:31,467] LMCache INFO:[0m Stored 256 tokens in 0.013 seconds [3m(gpu_transfer.py:513:lmcache.v1.multiprocess.modules.gpu_transfer)[0m
[32;20m[2026-06-03 07:49:32,524] LMCache INFO:[0m Stored 8192 tokens in 0.009 seconds [3m(gpu_transfer.py:513:lmcache.v1.multiprocess.modules.gpu_transfer)[0m
[32;20m[2026-06-03 07:49:32,671] LMCache INFO:[0m Stored 8192 tokens in 0.012 seconds [3m(gpu_transfer.py:513:lmcache.v1.multiprocess.modules.gpu_transfer)[0m
[32;20m[2026-06-03 07:49:34,019] LMCache INFO:[0m Stored 7936 tokens in 0.009 seconds [3m(gpu_transfer.py:513:lmcache.v1.multiprocess.modules.gpu_transfer)[0m
[32;20m[2026-06-03 07:49:35,501] LMCache INFO:[0m Stored 8192 tokens in 0.010 seconds [3m(gpu_transfer.py:513:lmcache.v1.multiprocess.modules.gpu_transfer)[0m
[32;20m[2026-06-03 07:49:37,105] LMCache INFO:[0m Stored 8192 tokens in 0.009 seconds [3m(gpu_transfer.py:513:lmcache.v1.multiprocess.modules.gpu_transfer)[0m
[32;20m[2026-06-03 07:49:38,838] LMCache INFO:[0m Stored 8192 tokens in 0.009 seconds [3m(gpu_transfer.py:513:lmcache.v1.multiprocess.modules.gpu_transfer)[0m
[32;20m[2026-06-03 07:49:40,747] LMCache INFO:[0m Stored 8192 tokens in 0.013 seconds [3m(gpu_transfer.py:513:lmcache.v1.multiprocess.modules.gpu_transfer)[0m
[32;20m[2026-06-03 07:49:42,794] LMCache INFO:[0m Stored 8192 tokens in 0.010 seconds [3m(gpu_transfer.py:513:lmcache.v1.multiprocess.modules.gpu_transfer)[0m
[32;20m[2026-06-03 07:49:44,991] LMCache INFO:[0m Stored 8192 tokens in 0.010 seconds [3m(gpu_transfer.py:513:lmcache.v1.multiprocess.modules.gpu_transfer)[0m
[32;20m[2026-06-03 07:49:47,334] LMCache INFO:[0m Stored 8192 tokens in 0.010 seconds [3m(gpu_transfer.py:513:lmcache.v1.multiprocess.modules.gpu_transfer)[0m
[32;20m[2026-06-03 07:49:49,840] LMCache INFO:[0m Stored 8192 tokens in 0.009 seconds [3m(gpu_transfer.py:513:lmcache.v1.multiprocess.modules.gpu_transfer)[0m
[32;20m[2026-06-03 07:49:52,486] LMCache INFO:[0m Stored 7936 tokens in 0.018 seconds [3m(gpu_transfer.py:513:lmcache.v1.multiprocess.modules.gpu_transfer)[0m
[32;20m[2026-06-03 07:49:55,252] LMCache INFO:[0m Stored 8192 tokens in 0.009 seconds [3m(gpu_transfer.py:513:lmcache.v1.multiprocess.modules.gpu_transfer)[0m
[33;20m[2026-06-03 07:49:58,137] LMCache WARNING:[0m Session chatcmpl-36a5a23d-1230-40dd-9b33-95f0bdd6c82e-834cc25f not found, skipping touch [3m(lookup.py:430:lmcache.v1.multiprocess.modules.lookup)[0m
[33;20m[2026-06-03 07:49:58,155] LMCache WARNING:[0m Session chatcmpl-d749a080-5518-4468-a7ad-1c2836c442d4-a5867b20 not found, skipping touch [3m(lookup.py:430:lmcache.v1.multiprocess.modules.lookup)[0m
[32;20m[2026-06-03 07:49:58,307] LMCache INFO:[0m Stored 8192 tokens in 0.088 seconds [3m(gpu_transfer.py:513:lmcache.v1.multiprocess.modules.gpu_transfer)[0m
INFO:     Shutting down
INFO:     Waiting for application shutdown.
[32;20m[2026-06-03 07:50:25,537] LMCache INFO:[0m Shutting down LMCache HTTP server... [3m(http_server.py:102:lmcache.v1.multiprocess.http_server)[0m
[32;20m[2026-06-03 07:50:25,957] LMCache INFO:[0m LMCache HTTP server stopped [3m(http_server.py:109:lmcache.v1.multiprocess.http_server)[0m
INFO:     Application shutdown complete.
INFO:     Finished server process [1064684]
