[32;20m[2026-06-03 07:09:12,077] LMCache INFO:[0m  torch_dev=<module 'torch.cuda' from '/usr/local/lib/python3.12/dist-packages/torch/cuda/__init__.py'>, torch_device_type=cuda [3m(__init__.py:59:lmcache)[0m
[32;20m[2026-06-03 07:09:12,356] LMCache INFO:[0m Skipping backend lmcache.xpu_ops: predicate returned False [3m(__init__.py:91:lmcache)[0m
[32;20m[2026-06-03 07:09:12,358] LMCache INFO:[0m Using backend: lmcache.c_ops [3m(__init__.py:109:lmcache)[0m
[32;20m[2026-06-03 07:09:14,961] LMCache INFO:[0m Discovered API module: cache_api [3m(router_discovery.py:53:lmcache.v1.utils.router_discovery)[0m
[32;20m[2026-06-03 07:09:14,963] LMCache INFO:[0m Discovered API module: env_api [3m(router_discovery.py:53:lmcache.v1.utils.router_discovery)[0m
[32;20m[2026-06-03 07:09:14,964] LMCache INFO:[0m Discovered API module: loglevel_api [3m(router_discovery.py:53:lmcache.v1.utils.router_discovery)[0m
[32;20m[2026-06-03 07:09:14,964] LMCache INFO:[0m Discovered API module: metrics_api [3m(router_discovery.py:53:lmcache.v1.utils.router_discovery)[0m
[32;20m[2026-06-03 07:09:14,966] LMCache INFO:[0m Discovered API module: periodic_thread_api [3m(router_discovery.py:53:lmcache.v1.utils.router_discovery)[0m
[32;20m[2026-06-03 07:09:14,967] LMCache INFO:[0m Discovered API module: run_script_api [3m(router_discovery.py:53:lmcache.v1.utils.router_discovery)[0m
[32;20m[2026-06-03 07:09:14,968] LMCache INFO:[0m Discovered API module: thread_api [3m(router_discovery.py:53:lmcache.v1.utils.router_discovery)[0m
[32;20m[2026-06-03 07:09:15,156] LMCache INFO:[0m Discovered API module: common_api [3m(router_discovery.py:53:lmcache.v1.utils.router_discovery)[0m
[32;20m[2026-06-03 07:09:15,157] LMCache INFO:[0m Discovered API module: conf_api [3m(router_discovery.py:53:lmcache.v1.utils.router_discovery)[0m
[32;20m[2026-06-03 07:09:15,158] LMCache INFO:[0m Discovered API module: healthcheck_api [3m(router_discovery.py:53:lmcache.v1.utils.router_discovery)[0m
[32;20m[2026-06-03 07:09:15,160] LMCache INFO:[0m Discovered API module: quota_api [3m(router_discovery.py:53:lmcache.v1.utils.router_discovery)[0m
[32;20m[2026-06-03 07:09:15,160] LMCache INFO:[0m Discovered API module: root_api [3m(router_discovery.py:53:lmcache.v1.utils.router_discovery)[0m
[32;20m[2026-06-03 07:09:15,161] LMCache INFO:[0m Discovered API module: status_api [3m(router_discovery.py:53:lmcache.v1.utils.router_discovery)[0m
[32;20m[2026-06-03 07:09:15,243] LMCache INFO:[0m Discovered API module: version_api [3m(router_discovery.py:53:lmcache.v1.utils.router_discovery)[0m
[32;20m[2026-06-03 07:09:15,252] LMCache INFO:[0m Starting LMCache HTTP server on http://127.0.0.1:8080 [3m(http_server.py:149:lmcache.v1.multiprocess.http_server)[0m
INFO:     Started server process [3771520]
INFO:     Waiting for application startup.
[32;20m[2026-06-03 07:09:15,261] LMCache INFO:[0m Starting LMCache HTTP server... (accelerator available: True) [3m(http_server.py:60:lmcache.v1.multiprocess.http_server)[0m
[32;20m[2026-06-03 07:09:15,270] LMCache INFO:[0m OTel MeterProvider initialised with Prometheus fallback (standalone metrics HTTP server disabled; /metrics must be exposed by the caller), resource={'telemetry.sdk.language': 'python', 'telemetry.sdk.name': 'opentelemetry', 'telemetry.sdk.version': '1.40.0', 'service.instance.id': '8fbd1da3-40ba-475a-b290-aecbaccd0f84', 'service.name': 'unknown_service'} [3m(otel_init.py:114:lmcache.v1.mp_observability.otel_init)[0m
[32;20m[2026-06-03 07:09:15,270] LMCache INFO:[0m Checking if shm capacity is larger than L1 request [3m(server.py:236:lmcache.v1.multiprocess.server)[0m
[32;20m[2026-06-03 07:09:18,141] LMCache INFO:[0m Starting L1EvictionController... [3m(eviction_controller.py:53:lmcache.v1.distributed.storage_controllers.eviction_controller)[0m
[32;20m[2026-06-03 07:09:18,152] LMCache INFO:[0m Starting L2EvictionController... [3m(eviction_controller.py:229:lmcache.v1.distributed.storage_controllers.eviction_controller)[0m
[32;20m[2026-06-03 07:09:18,153] LMCache INFO:[0m Starting StoreController... [3m(store_controller.py:274:lmcache.v1.distributed.storage_controllers.store_controller)[0m
[32;20m[2026-06-03 07:09:18,153] LMCache INFO:[0m Starting PrefetchController... [3m(prefetch_controller.py:449:lmcache.v1.distributed.storage_controllers.prefetch_controller)[0m
[32;20m[2026-06-03 07:09:18,153] LMCache INFO:[0m Using blake3 hash function [3m(token_hasher.py:79:lmcache.v1.multiprocess.token_hasher)[0m
[32;20m[2026-06-03 07:09:18,154] LMCache INFO:[0m Computed NONE_HASH=b"~>\xff\x9e\xf7a:P4\x0e\xb1&w\xee\x03\xb8:\xc7Y\xfc\xba\x9b\xb3'\x05\xf0rH\xd5mG;" using hash function [3m(token_hasher.py:172:lmcache.v1.multiprocess.token_hasher)[0m
[32;20m[2026-06-03 07:09:18,155] LMCache INFO:[0m TokenHasher initialized: chunk_size=256, hash_algorithm=blake3 [3m(token_hasher.py:67:lmcache.v1.multiprocess.token_hasher)[0m
[32;20m[2026-06-03 07:09:18,155] LMCache INFO:[0m Supported transfer mode: auto [3m(server.py:184:lmcache.v1.multiprocess.server)[0m
[32;20m[2026-06-03 07:09:18,158] LMCache INFO:[0m LMCache ZMQ cache server is running on tcp://127.0.0.1:5555 [3m(server.py:291:lmcache.v1.multiprocess.server)[0m
[32;20m[2026-06-03 07:09:18,158] LMCache INFO:[0m LMCache cache server is running... [3m(server.py:306:lmcache.v1.multiprocess.server)[0m
[32;20m[2026-06-03 07:09:18,158] LMCache INFO:[0m LMCache HTTP server initialized [3m(http_server.py:97:lmcache.v1.multiprocess.http_server)[0m
INFO:     Application startup complete.
INFO:     Uvicorn running on http://127.0.0.1:8080 (Press CTRL+C to quit)
INFO:     127.0.0.1:45736 - "GET /healthcheck HTTP/1.1" 200 OK
[32;20m[2026-06-03 07:09:19,337] LMCache INFO:[0m LazyMemoryAllocator: Expanded 10240 MB pinned memory, now total is 30720 MB / 1536000 MB (2.0%) [3m(lazy_memory_allocator.py:259:lmcache.v1.lazy_memory_allocator)[0m
[32;20m[2026-06-03 07:09:20,461] LMCache INFO:[0m LazyMemoryAllocator: Expanded 10240 MB pinned memory, now total is 40960 MB / 1536000 MB (2.7%) [3m(lazy_memory_allocator.py:259:lmcache.v1.lazy_memory_allocator)[0m
[32;20m[2026-06-03 07:09:21,577] LMCache INFO:[0m LazyMemoryAllocator: Expanded 10240 MB pinned memory, now total is 51200 MB / 1536000 MB (3.3%) [3m(lazy_memory_allocator.py:259:lmcache.v1.lazy_memory_allocator)[0m
[32;20m[2026-06-03 07:09:22,665] LMCache INFO:[0m LazyMemoryAllocator: Expanded 10240 MB pinned memory, now total is 61440 MB / 1536000 MB (4.0%) [3m(lazy_memory_allocator.py:259:lmcache.v1.lazy_memory_allocator)[0m
[32;20m[2026-06-03 07:09:23,788] LMCache INFO:[0m LazyMemoryAllocator: Expanded 10240 MB pinned memory, now total is 71680 MB / 1536000 MB (4.7%) [3m(lazy_memory_allocator.py:259:lmcache.v1.lazy_memory_allocator)[0m
[32;20m[2026-06-03 07:09:24,890] LMCache INFO:[0m LazyMemoryAllocator: Expanded 10240 MB pinned memory, now total is 81920 MB / 1536000 MB (5.3%) [3m(lazy_memory_allocator.py:259:lmcache.v1.lazy_memory_allocator)[0m
[32;20m[2026-06-03 07:09:25,990] LMCache INFO:[0m LazyMemoryAllocator: Expanded 10240 MB pinned memory, now total is 92160 MB / 1536000 MB (6.0%) [3m(lazy_memory_allocator.py:259:lmcache.v1.lazy_memory_allocator)[0m
[32;20m[2026-06-03 07:09:27,076] LMCache INFO:[0m LazyMemoryAllocator: Expanded 10240 MB pinned memory, now total is 102400 MB / 1536000 MB (6.7%) [3m(lazy_memory_allocator.py:259:lmcache.v1.lazy_memory_allocator)[0m
[32;20m[2026-06-03 07:09:28,183] LMCache INFO:[0m LazyMemoryAllocator: Expanded 10240 MB pinned memory, now total is 112640 MB / 1536000 MB (7.3%) [3m(lazy_memory_allocator.py:259:lmcache.v1.lazy_memory_allocator)[0m
[32;20m[2026-06-03 07:09:29,278] LMCache INFO:[0m LazyMemoryAllocator: Expanded 10240 MB pinned memory, now total is 122880 MB / 1536000 MB (8.0%) [3m(lazy_memory_allocator.py:259:lmcache.v1.lazy_memory_allocator)[0m
[32;20m[2026-06-03 07:09:30,351] LMCache INFO:[0m LazyMemoryAllocator: Expanded 10240 MB pinned memory, now total is 133120 MB / 1536000 MB (8.7%) [3m(lazy_memory_allocator.py:259:lmcache.v1.lazy_memory_allocator)[0m
[32;20m[2026-06-03 07:09:31,443] LMCache INFO:[0m LazyMemoryAllocator: Expanded 10240 MB pinned memory, now total is 143360 MB / 1536000 MB (9.3%) [3m(lazy_memory_allocator.py:259:lmcache.v1.lazy_memory_allocator)[0m
[32;20m[2026-06-03 07:09:32,548] LMCache INFO:[0m LazyMemoryAllocator: Expanded 10240 MB pinned memory, now total is 153600 MB / 1536000 MB (10.0%) [3m(lazy_memory_allocator.py:259:lmcache.v1.lazy_memory_allocator)[0m
[32;20m[2026-06-03 07:09:33,691] LMCache INFO:[0m LazyMemoryAllocator: Expanded 10240 MB pinned memory, now total is 163840 MB / 1536000 MB (10.7%) [3m(lazy_memory_allocator.py:259:lmcache.v1.lazy_memory_allocator)[0m
[32;20m[2026-06-03 07:09:34,829] LMCache INFO:[0m LazyMemoryAllocator: Expanded 10240 MB pinned memory, now total is 174080 MB / 1536000 MB (11.3%) [3m(lazy_memory_allocator.py:259:lmcache.v1.lazy_memory_allocator)[0m
[32;20m[2026-06-03 07:09:35,930] LMCache INFO:[0m LazyMemoryAllocator: Expanded 10240 MB pinned memory, now total is 184320 MB / 1536000 MB (12.0%) [3m(lazy_memory_allocator.py:259:lmcache.v1.lazy_memory_allocator)[0m
[32;20m[2026-06-03 07:09:37,027] LMCache INFO:[0m LazyMemoryAllocator: Expanded 10240 MB pinned memory, now total is 194560 MB / 1536000 MB (12.7%) [3m(lazy_memory_allocator.py:259:lmcache.v1.lazy_memory_allocator)[0m
[32;20m[2026-06-03 07:09:38,114] LMCache INFO:[0m LazyMemoryAllocator: Expanded 10240 MB pinned memory, now total is 204800 MB / 1536000 MB (13.3%) [3m(lazy_memory_allocator.py:259:lmcache.v1.lazy_memory_allocator)[0m
[32;20m[2026-06-03 07:09:39,189] LMCache INFO:[0m LazyMemoryAllocator: Expanded 10240 MB pinned memory, now total is 215040 MB / 1536000 MB (14.0%) [3m(lazy_memory_allocator.py:259:lmcache.v1.lazy_memory_allocator)[0m
[32;20m[2026-06-03 07:09:40,285] LMCache INFO:[0m LazyMemoryAllocator: Expanded 10240 MB pinned memory, now total is 225280 MB / 1536000 MB (14.7%) [3m(lazy_memory_allocator.py:259:lmcache.v1.lazy_memory_allocator)[0m
[32;20m[2026-06-03 07:09:41,383] LMCache INFO:[0m LazyMemoryAllocator: Expanded 10240 MB pinned memory, now total is 235520 MB / 1536000 MB (15.3%) [3m(lazy_memory_allocator.py:259:lmcache.v1.lazy_memory_allocator)[0m
[32;20m[2026-06-03 07:09:42,467] LMCache INFO:[0m LazyMemoryAllocator: Expanded 10240 MB pinned memory, now total is 245760 MB / 1536000 MB (16.0%) [3m(lazy_memory_allocator.py:259:lmcache.v1.lazy_memory_allocator)[0m
[32;20m[2026-06-03 07:09:43,549] LMCache INFO:[0m LazyMemoryAllocator: Expanded 10240 MB pinned memory, now total is 256000 MB / 1536000 MB (16.7%) [3m(lazy_memory_allocator.py:259:lmcache.v1.lazy_memory_allocator)[0m
[32;20m[2026-06-03 07:09:44,631] LMCache INFO:[0m LazyMemoryAllocator: Expanded 10240 MB pinned memory, now total is 266240 MB / 1536000 MB (17.3%) [3m(lazy_memory_allocator.py:259:lmcache.v1.lazy_memory_allocator)[0m
[32;20m[2026-06-03 07:09:45,712] LMCache INFO:[0m LazyMemoryAllocator: Expanded 10240 MB pinned memory, now total is 276480 MB / 1536000 MB (18.0%) [3m(lazy_memory_allocator.py:259:lmcache.v1.lazy_memory_allocator)[0m
[32;20m[2026-06-03 07:09:46,794] LMCache INFO:[0m LazyMemoryAllocator: Expanded 10240 MB pinned memory, now total is 286720 MB / 1536000 MB (18.7%) [3m(lazy_memory_allocator.py:259:lmcache.v1.lazy_memory_allocator)[0m
[32;20m[2026-06-03 07:09:47,872] LMCache INFO:[0m LazyMemoryAllocator: Expanded 10240 MB pinned memory, now total is 296960 MB / 1536000 MB (19.3%) [3m(lazy_memory_allocator.py:259:lmcache.v1.lazy_memory_allocator)[0m
[32;20m[2026-06-03 07:09:48,952] LMCache INFO:[0m LazyMemoryAllocator: Expanded 10240 MB pinned memory, now total is 307200 MB / 1536000 MB (20.0%) [3m(lazy_memory_allocator.py:259:lmcache.v1.lazy_memory_allocator)[0m
[32;20m[2026-06-03 07:09:50,026] LMCache INFO:[0m LazyMemoryAllocator: Expanded 10240 MB pinned memory, now total is 317440 MB / 1536000 MB (20.7%) [3m(lazy_memory_allocator.py:259:lmcache.v1.lazy_memory_allocator)[0m
[32;20m[2026-06-03 07:09:51,100] LMCache INFO:[0m LazyMemoryAllocator: Expanded 10240 MB pinned memory, now total is 327680 MB / 1536000 MB (21.3%) [3m(lazy_memory_allocator.py:259:lmcache.v1.lazy_memory_allocator)[0m
[32;20m[2026-06-03 07:09:52,182] LMCache INFO:[0m LazyMemoryAllocator: Expanded 10240 MB pinned memory, now total is 337920 MB / 1536000 MB (22.0%) [3m(lazy_memory_allocator.py:259:lmcache.v1.lazy_memory_allocator)[0m
[32;20m[2026-06-03 07:09:53,273] LMCache INFO:[0m LazyMemoryAllocator: Expanded 10240 MB pinned memory, now total is 348160 MB / 1536000 MB (22.7%) [3m(lazy_memory_allocator.py:259:lmcache.v1.lazy_memory_allocator)[0m
[32;20m[2026-06-03 07:09:54,374] LMCache INFO:[0m LazyMemoryAllocator: Expanded 10240 MB pinned memory, now total is 358400 MB / 1536000 MB (23.3%) [3m(lazy_memory_allocator.py:259:lmcache.v1.lazy_memory_allocator)[0m
[32;20m[2026-06-03 07:09:55,475] LMCache INFO:[0m LazyMemoryAllocator: Expanded 10240 MB pinned memory, now total is 368640 MB / 1536000 MB (24.0%) [3m(lazy_memory_allocator.py:259:lmcache.v1.lazy_memory_allocator)[0m
[32;20m[2026-06-03 07:09:56,567] LMCache INFO:[0m LazyMemoryAllocator: Expanded 10240 MB pinned memory, now total is 378880 MB / 1536000 MB (24.7%) [3m(lazy_memory_allocator.py:259:lmcache.v1.lazy_memory_allocator)[0m
[32;20m[2026-06-03 07:09:57,655] LMCache INFO:[0m LazyMemoryAllocator: Expanded 10240 MB pinned memory, now total is 389120 MB / 1536000 MB (25.3%) [3m(lazy_memory_allocator.py:259:lmcache.v1.lazy_memory_allocator)[0m
[32;20m[2026-06-03 07:09:58,743] LMCache INFO:[0m LazyMemoryAllocator: Expanded 10240 MB pinned memory, now total is 399360 MB / 1536000 MB (26.0%) [3m(lazy_memory_allocator.py:259:lmcache.v1.lazy_memory_allocator)[0m
[32;20m[2026-06-03 07:09:59,844] LMCache INFO:[0m LazyMemoryAllocator: Expanded 10240 MB pinned memory, now total is 409600 MB / 1536000 MB (26.7%) [3m(lazy_memory_allocator.py:259:lmcache.v1.lazy_memory_allocator)[0m
[32;20m[2026-06-03 07:10:00,941] LMCache INFO:[0m LazyMemoryAllocator: Expanded 10240 MB pinned memory, now total is 419840 MB / 1536000 MB (27.3%) [3m(lazy_memory_allocator.py:259:lmcache.v1.lazy_memory_allocator)[0m
[32;20m[2026-06-03 07:10:02,033] LMCache INFO:[0m LazyMemoryAllocator: Expanded 10240 MB pinned memory, now total is 430080 MB / 1536000 MB (28.0%) [3m(lazy_memory_allocator.py:259:lmcache.v1.lazy_memory_allocator)[0m
[32;20m[2026-06-03 07:10:03,167] LMCache INFO:[0m LazyMemoryAllocator: Expanded 10240 MB pinned memory, now total is 440320 MB / 1536000 MB (28.7%) [3m(lazy_memory_allocator.py:259:lmcache.v1.lazy_memory_allocator)[0m
[32;20m[2026-06-03 07:10:04,296] LMCache INFO:[0m LazyMemoryAllocator: Expanded 10240 MB pinned memory, now total is 450560 MB / 1536000 MB (29.3%) [3m(lazy_memory_allocator.py:259:lmcache.v1.lazy_memory_allocator)[0m
[32;20m[2026-06-03 07:10:05,402] LMCache INFO:[0m LazyMemoryAllocator: Expanded 10240 MB pinned memory, now total is 460800 MB / 1536000 MB (30.0%) [3m(lazy_memory_allocator.py:259:lmcache.v1.lazy_memory_allocator)[0m
[32;20m[2026-06-03 07:10:06,555] LMCache INFO:[0m LazyMemoryAllocator: Expanded 10240 MB pinned memory, now total is 471040 MB / 1536000 MB (30.7%) [3m(lazy_memory_allocator.py:259:lmcache.v1.lazy_memory_allocator)[0m
[32;20m[2026-06-03 07:10:07,764] LMCache INFO:[0m LazyMemoryAllocator: Expanded 10240 MB pinned memory, now total is 481280 MB / 1536000 MB (31.3%) [3m(lazy_memory_allocator.py:259:lmcache.v1.lazy_memory_allocator)[0m
[32;20m[2026-06-03 07:10:08,963] LMCache INFO:[0m LazyMemoryAllocator: Expanded 10240 MB pinned memory, now total is 491520 MB / 1536000 MB (32.0%) [3m(lazy_memory_allocator.py:259:lmcache.v1.lazy_memory_allocator)[0m
[32;20m[2026-06-03 07:10:10,284] LMCache INFO:[0m LazyMemoryAllocator: Expanded 10240 MB pinned memory, now total is 501760 MB / 1536000 MB (32.7%) [3m(lazy_memory_allocator.py:259:lmcache.v1.lazy_memory_allocator)[0m
[32;20m[2026-06-03 07:10:11,458] LMCache INFO:[0m LazyMemoryAllocator: Expanded 10240 MB pinned memory, now total is 512000 MB / 1536000 MB (33.3%) [3m(lazy_memory_allocator.py:259:lmcache.v1.lazy_memory_allocator)[0m
[32;20m[2026-06-03 07:10:12,568] LMCache INFO:[0m LazyMemoryAllocator: Expanded 10240 MB pinned memory, now total is 522240 MB / 1536000 MB (34.0%) [3m(lazy_memory_allocator.py:259:lmcache.v1.lazy_memory_allocator)[0m
[32;20m[2026-06-03 07:10:13,688] LMCache INFO:[0m LazyMemoryAllocator: Expanded 10240 MB pinned memory, now total is 532480 MB / 1536000 MB (34.7%) [3m(lazy_memory_allocator.py:259:lmcache.v1.lazy_memory_allocator)[0m
[32;20m[2026-06-03 07:10:14,885] LMCache INFO:[0m LazyMemoryAllocator: Expanded 10240 MB pinned memory, now total is 542720 MB / 1536000 MB (35.3%) [3m(lazy_memory_allocator.py:259:lmcache.v1.lazy_memory_allocator)[0m
[32;20m[2026-06-03 07:10:16,084] LMCache INFO:[0m LazyMemoryAllocator: Expanded 10240 MB pinned memory, now total is 552960 MB / 1536000 MB (36.0%) [3m(lazy_memory_allocator.py:259:lmcache.v1.lazy_memory_allocator)[0m
[32;20m[2026-06-03 07:10:17,328] LMCache INFO:[0m LazyMemoryAllocator: Expanded 10240 MB pinned memory, now total is 563200 MB / 1536000 MB (36.7%) [3m(lazy_memory_allocator.py:259:lmcache.v1.lazy_memory_allocator)[0m
[32;20m[2026-06-03 07:10:18,570] LMCache INFO:[0m LazyMemoryAllocator: Expanded 10240 MB pinned memory, now total is 573440 MB / 1536000 MB (37.3%) [3m(lazy_memory_allocator.py:259:lmcache.v1.lazy_memory_allocator)[0m
[32;20m[2026-06-03 07:10:19,830] LMCache INFO:[0m LazyMemoryAllocator: Expanded 10240 MB pinned memory, now total is 583680 MB / 1536000 MB (38.0%) [3m(lazy_memory_allocator.py:259:lmcache.v1.lazy_memory_allocator)[0m
[32;20m[2026-06-03 07:10:21,019] LMCache INFO:[0m LazyMemoryAllocator: Expanded 10240 MB pinned memory, now total is 593920 MB / 1536000 MB (38.7%) [3m(lazy_memory_allocator.py:259:lmcache.v1.lazy_memory_allocator)[0m
[32;20m[2026-06-03 07:10:22,226] LMCache INFO:[0m LazyMemoryAllocator: Expanded 10240 MB pinned memory, now total is 604160 MB / 1536000 MB (39.3%) [3m(lazy_memory_allocator.py:259:lmcache.v1.lazy_memory_allocator)[0m
[32;20m[2026-06-03 07:10:23,444] LMCache INFO:[0m LazyMemoryAllocator: Expanded 10240 MB pinned memory, now total is 614400 MB / 1536000 MB (40.0%) [3m(lazy_memory_allocator.py:259:lmcache.v1.lazy_memory_allocator)[0m
[32;20m[2026-06-03 07:10:24,696] LMCache INFO:[0m LazyMemoryAllocator: Expanded 10240 MB pinned memory, now total is 624640 MB / 1536000 MB (40.7%) [3m(lazy_memory_allocator.py:259:lmcache.v1.lazy_memory_allocator)[0m
[32;20m[2026-06-03 07:10:25,921] LMCache INFO:[0m LazyMemoryAllocator: Expanded 10240 MB pinned memory, now total is 634880 MB / 1536000 MB (41.3%) [3m(lazy_memory_allocator.py:259:lmcache.v1.lazy_memory_allocator)[0m
[32;20m[2026-06-03 07:10:27,130] LMCache INFO:[0m LazyMemoryAllocator: Expanded 10240 MB pinned memory, now total is 645120 MB / 1536000 MB (42.0%) [3m(lazy_memory_allocator.py:259:lmcache.v1.lazy_memory_allocator)[0m
[32;20m[2026-06-03 07:10:28,352] LMCache INFO:[0m LazyMemoryAllocator: Expanded 10240 MB pinned memory, now total is 655360 MB / 1536000 MB (42.7%) [3m(lazy_memory_allocator.py:259:lmcache.v1.lazy_memory_allocator)[0m
[32;20m[2026-06-03 07:10:29,568] LMCache INFO:[0m LazyMemoryAllocator: Expanded 10240 MB pinned memory, now total is 665600 MB / 1536000 MB (43.3%) [3m(lazy_memory_allocator.py:259:lmcache.v1.lazy_memory_allocator)[0m
[32;20m[2026-06-03 07:10:30,806] LMCache INFO:[0m LazyMemoryAllocator: Expanded 10240 MB pinned memory, now total is 675840 MB / 1536000 MB (44.0%) [3m(lazy_memory_allocator.py:259:lmcache.v1.lazy_memory_allocator)[0m
[32;20m[2026-06-03 07:10:32,030] LMCache INFO:[0m LazyMemoryAllocator: Expanded 10240 MB pinned memory, now total is 686080 MB / 1536000 MB (44.7%) [3m(lazy_memory_allocator.py:259:lmcache.v1.lazy_memory_allocator)[0m
[32;20m[2026-06-03 07:10:33,244] LMCache INFO:[0m LazyMemoryAllocator: Expanded 10240 MB pinned memory, now total is 696320 MB / 1536000 MB (45.3%) [3m(lazy_memory_allocator.py:259:lmcache.v1.lazy_memory_allocator)[0m
[32;20m[2026-06-03 07:10:34,458] LMCache INFO:[0m LazyMemoryAllocator: Expanded 10240 MB pinned memory, now total is 706560 MB / 1536000 MB (46.0%) [3m(lazy_memory_allocator.py:259:lmcache.v1.lazy_memory_allocator)[0m
[32;20m[2026-06-03 07:10:35,675] LMCache INFO:[0m LazyMemoryAllocator: Expanded 10240 MB pinned memory, now total is 716800 MB / 1536000 MB (46.7%) [3m(lazy_memory_allocator.py:259:lmcache.v1.lazy_memory_allocator)[0m
[32;20m[2026-06-03 07:10:36,928] LMCache INFO:[0m LazyMemoryAllocator: Expanded 10240 MB pinned memory, now total is 727040 MB / 1536000 MB (47.3%) [3m(lazy_memory_allocator.py:259:lmcache.v1.lazy_memory_allocator)[0m
[32;20m[2026-06-03 07:10:38,160] LMCache INFO:[0m LazyMemoryAllocator: Expanded 10240 MB pinned memory, now total is 737280 MB / 1536000 MB (48.0%) [3m(lazy_memory_allocator.py:259:lmcache.v1.lazy_memory_allocator)[0m
[32;20m[2026-06-03 07:10:39,411] LMCache INFO:[0m LazyMemoryAllocator: Expanded 10240 MB pinned memory, now total is 747520 MB / 1536000 MB (48.7%) [3m(lazy_memory_allocator.py:259:lmcache.v1.lazy_memory_allocator)[0m
[32;20m[2026-06-03 07:10:40,653] LMCache INFO:[0m LazyMemoryAllocator: Expanded 10240 MB pinned memory, now total is 757760 MB / 1536000 MB (49.3%) [3m(lazy_memory_allocator.py:259:lmcache.v1.lazy_memory_allocator)[0m
[32;20m[2026-06-03 07:10:41,869] LMCache INFO:[0m LazyMemoryAllocator: Expanded 10240 MB pinned memory, now total is 768000 MB / 1536000 MB (50.0%) [3m(lazy_memory_allocator.py:259:lmcache.v1.lazy_memory_allocator)[0m
[32;20m[2026-06-03 07:10:43,096] LMCache INFO:[0m LazyMemoryAllocator: Expanded 10240 MB pinned memory, now total is 778240 MB / 1536000 MB (50.7%) [3m(lazy_memory_allocator.py:259:lmcache.v1.lazy_memory_allocator)[0m
[32;20m[2026-06-03 07:10:44,313] LMCache INFO:[0m LazyMemoryAllocator: Expanded 10240 MB pinned memory, now total is 788480 MB / 1536000 MB (51.3%) [3m(lazy_memory_allocator.py:259:lmcache.v1.lazy_memory_allocator)[0m
[32;20m[2026-06-03 07:10:45,527] LMCache INFO:[0m LazyMemoryAllocator: Expanded 10240 MB pinned memory, now total is 798720 MB / 1536000 MB (52.0%) [3m(lazy_memory_allocator.py:259:lmcache.v1.lazy_memory_allocator)[0m
[32;20m[2026-06-03 07:10:46,742] LMCache INFO:[0m LazyMemoryAllocator: Expanded 10240 MB pinned memory, now total is 808960 MB / 1536000 MB (52.7%) [3m(lazy_memory_allocator.py:259:lmcache.v1.lazy_memory_allocator)[0m
[32;20m[2026-06-03 07:10:47,983] LMCache INFO:[0m LazyMemoryAllocator: Expanded 10240 MB pinned memory, now total is 819200 MB / 1536000 MB (53.3%) [3m(lazy_memory_allocator.py:259:lmcache.v1.lazy_memory_allocator)[0m
[32;20m[2026-06-03 07:10:49,204] LMCache INFO:[0m LazyMemoryAllocator: Expanded 10240 MB pinned memory, now total is 829440 MB / 1536000 MB (54.0%) [3m(lazy_memory_allocator.py:259:lmcache.v1.lazy_memory_allocator)[0m
[32;20m[2026-06-03 07:10:50,452] LMCache INFO:[0m LazyMemoryAllocator: Expanded 10240 MB pinned memory, now total is 839680 MB / 1536000 MB (54.7%) [3m(lazy_memory_allocator.py:259:lmcache.v1.lazy_memory_allocator)[0m
[32;20m[2026-06-03 07:10:51,682] LMCache INFO:[0m LazyMemoryAllocator: Expanded 10240 MB pinned memory, now total is 849920 MB / 1536000 MB (55.3%) [3m(lazy_memory_allocator.py:259:lmcache.v1.lazy_memory_allocator)[0m
[32;20m[2026-06-03 07:10:52,873] LMCache INFO:[0m LazyMemoryAllocator: Expanded 10240 MB pinned memory, now total is 860160 MB / 1536000 MB (56.0%) [3m(lazy_memory_allocator.py:259:lmcache.v1.lazy_memory_allocator)[0m
[32;20m[2026-06-03 07:10:54,074] LMCache INFO:[0m LazyMemoryAllocator: Expanded 10240 MB pinned memory, now total is 870400 MB / 1536000 MB (56.7%) [3m(lazy_memory_allocator.py:259:lmcache.v1.lazy_memory_allocator)[0m
[32;20m[2026-06-03 07:10:55,295] LMCache INFO:[0m LazyMemoryAllocator: Expanded 10240 MB pinned memory, now total is 880640 MB / 1536000 MB (57.3%) [3m(lazy_memory_allocator.py:259:lmcache.v1.lazy_memory_allocator)[0m
[32;20m[2026-06-03 07:10:56,507] LMCache INFO:[0m LazyMemoryAllocator: Expanded 10240 MB pinned memory, now total is 890880 MB / 1536000 MB (58.0%) [3m(lazy_memory_allocator.py:259:lmcache.v1.lazy_memory_allocator)[0m
[32;20m[2026-06-03 07:10:57,740] LMCache INFO:[0m LazyMemoryAllocator: Expanded 10240 MB pinned memory, now total is 901120 MB / 1536000 MB (58.7%) [3m(lazy_memory_allocator.py:259:lmcache.v1.lazy_memory_allocator)[0m
[32;20m[2026-06-03 07:10:59,529] LMCache INFO:[0m LazyMemoryAllocator: Expanded 10240 MB pinned memory, now total is 911360 MB / 1536000 MB (59.3%) [3m(lazy_memory_allocator.py:259:lmcache.v1.lazy_memory_allocator)[0m
[32;20m[2026-06-03 07:11:02,841] LMCache INFO:[0m LazyMemoryAllocator: Expanded 10240 MB pinned memory, now total is 921600 MB / 1536000 MB (60.0%) [3m(lazy_memory_allocator.py:259:lmcache.v1.lazy_memory_allocator)[0m
[32;20m[2026-06-03 07:11:05,860] LMCache INFO:[0m LazyMemoryAllocator: Expanded 10240 MB pinned memory, now total is 931840 MB / 1536000 MB (60.7%) [3m(lazy_memory_allocator.py:259:lmcache.v1.lazy_memory_allocator)[0m
[32;20m[2026-06-03 07:11:08,748] LMCache INFO:[0m LazyMemoryAllocator: Expanded 10240 MB pinned memory, now total is 942080 MB / 1536000 MB (61.3%) [3m(lazy_memory_allocator.py:259:lmcache.v1.lazy_memory_allocator)[0m
[32;20m[2026-06-03 07:11:11,626] LMCache INFO:[0m LazyMemoryAllocator: Expanded 10240 MB pinned memory, now total is 952320 MB / 1536000 MB (62.0%) [3m(lazy_memory_allocator.py:259:lmcache.v1.lazy_memory_allocator)[0m
[32;20m[2026-06-03 07:11:14,351] LMCache INFO:[0m LazyMemoryAllocator: Expanded 10240 MB pinned memory, now total is 962560 MB / 1536000 MB (62.7%) [3m(lazy_memory_allocator.py:259:lmcache.v1.lazy_memory_allocator)[0m
[32;20m[2026-06-03 07:11:17,063] LMCache INFO:[0m LazyMemoryAllocator: Expanded 10240 MB pinned memory, now total is 972800 MB / 1536000 MB (63.3%) [3m(lazy_memory_allocator.py:259:lmcache.v1.lazy_memory_allocator)[0m
[32;20m[2026-06-03 07:11:19,704] LMCache INFO:[0m LazyMemoryAllocator: Expanded 10240 MB pinned memory, now total is 983040 MB / 1536000 MB (64.0%) [3m(lazy_memory_allocator.py:259:lmcache.v1.lazy_memory_allocator)[0m
[32;20m[2026-06-03 07:11:22,314] LMCache INFO:[0m LazyMemoryAllocator: Expanded 10240 MB pinned memory, now total is 993280 MB / 1536000 MB (64.7%) [3m(lazy_memory_allocator.py:259:lmcache.v1.lazy_memory_allocator)[0m
[32;20m[2026-06-03 07:11:24,982] LMCache INFO:[0m LazyMemoryAllocator: Expanded 10240 MB pinned memory, now total is 1003520 MB / 1536000 MB (65.3%) [3m(lazy_memory_allocator.py:259:lmcache.v1.lazy_memory_allocator)[0m
[32;20m[2026-06-03 07:11:27,667] LMCache INFO:[0m LazyMemoryAllocator: Expanded 10240 MB pinned memory, now total is 1013760 MB / 1536000 MB (66.0%) [3m(lazy_memory_allocator.py:259:lmcache.v1.lazy_memory_allocator)[0m
[32;20m[2026-06-03 07:11:30,300] LMCache INFO:[0m LazyMemoryAllocator: Expanded 10240 MB pinned memory, now total is 1024000 MB / 1536000 MB (66.7%) [3m(lazy_memory_allocator.py:259:lmcache.v1.lazy_memory_allocator)[0m
[32;20m[2026-06-03 07:11:32,932] LMCache INFO:[0m LazyMemoryAllocator: Expanded 10240 MB pinned memory, now total is 1034240 MB / 1536000 MB (67.3%) [3m(lazy_memory_allocator.py:259:lmcache.v1.lazy_memory_allocator)[0m
[32;20m[2026-06-03 07:11:35,527] LMCache INFO:[0m LazyMemoryAllocator: Expanded 10240 MB pinned memory, now total is 1044480 MB / 1536000 MB (68.0%) [3m(lazy_memory_allocator.py:259:lmcache.v1.lazy_memory_allocator)[0m
[32;20m[2026-06-03 07:11:38,039] LMCache INFO:[0m LazyMemoryAllocator: Expanded 10240 MB pinned memory, now total is 1054720 MB / 1536000 MB (68.7%) [3m(lazy_memory_allocator.py:259:lmcache.v1.lazy_memory_allocator)[0m
[32;20m[2026-06-03 07:11:40,559] LMCache INFO:[0m LazyMemoryAllocator: Expanded 10240 MB pinned memory, now total is 1064960 MB / 1536000 MB (69.3%) [3m(lazy_memory_allocator.py:259:lmcache.v1.lazy_memory_allocator)[0m
[32;20m[2026-06-03 07:11:43,114] LMCache INFO:[0m LazyMemoryAllocator: Expanded 10240 MB pinned memory, now total is 1075200 MB / 1536000 MB (70.0%) [3m(lazy_memory_allocator.py:259:lmcache.v1.lazy_memory_allocator)[0m
[32;20m[2026-06-03 07:11:45,717] LMCache INFO:[0m LazyMemoryAllocator: Expanded 10240 MB pinned memory, now total is 1085440 MB / 1536000 MB (70.7%) [3m(lazy_memory_allocator.py:259:lmcache.v1.lazy_memory_allocator)[0m
[32;20m[2026-06-03 07:11:48,324] LMCache INFO:[0m LazyMemoryAllocator: Expanded 10240 MB pinned memory, now total is 1095680 MB / 1536000 MB (71.3%) [3m(lazy_memory_allocator.py:259:lmcache.v1.lazy_memory_allocator)[0m
[32;20m[2026-06-03 07:11:50,874] LMCache INFO:[0m LazyMemoryAllocator: Expanded 10240 MB pinned memory, now total is 1105920 MB / 1536000 MB (72.0%) [3m(lazy_memory_allocator.py:259:lmcache.v1.lazy_memory_allocator)[0m
[32;20m[2026-06-03 07:11:53,402] LMCache INFO:[0m LazyMemoryAllocator: Expanded 10240 MB pinned memory, now total is 1116160 MB / 1536000 MB (72.7%) [3m(lazy_memory_allocator.py:259:lmcache.v1.lazy_memory_allocator)[0m
[32;20m[2026-06-03 07:11:55,997] LMCache INFO:[0m LazyMemoryAllocator: Expanded 10240 MB pinned memory, now total is 1126400 MB / 1536000 MB (73.3%) [3m(lazy_memory_allocator.py:259:lmcache.v1.lazy_memory_allocator)[0m
[32;20m[2026-06-03 07:11:58,565] LMCache INFO:[0m LazyMemoryAllocator: Expanded 10240 MB pinned memory, now total is 1136640 MB / 1536000 MB (74.0%) [3m(lazy_memory_allocator.py:259:lmcache.v1.lazy_memory_allocator)[0m
[32;20m[2026-06-03 07:12:01,191] LMCache INFO:[0m LazyMemoryAllocator: Expanded 10240 MB pinned memory, now total is 1146880 MB / 1536000 MB (74.7%) [3m(lazy_memory_allocator.py:259:lmcache.v1.lazy_memory_allocator)[0m
[32;20m[2026-06-03 07:12:03,762] LMCache INFO:[0m LazyMemoryAllocator: Expanded 10240 MB pinned memory, now total is 1157120 MB / 1536000 MB (75.3%) [3m(lazy_memory_allocator.py:259:lmcache.v1.lazy_memory_allocator)[0m
[32;20m[2026-06-03 07:12:06,385] LMCache INFO:[0m LazyMemoryAllocator: Expanded 10240 MB pinned memory, now total is 1167360 MB / 1536000 MB (76.0%) [3m(lazy_memory_allocator.py:259:lmcache.v1.lazy_memory_allocator)[0m
[32;20m[2026-06-03 07:12:09,158] LMCache INFO:[0m LazyMemoryAllocator: Expanded 10240 MB pinned memory, now total is 1177600 MB / 1536000 MB (76.7%) [3m(lazy_memory_allocator.py:259:lmcache.v1.lazy_memory_allocator)[0m
[32;20m[2026-06-03 07:12:11,859] LMCache INFO:[0m LazyMemoryAllocator: Expanded 10240 MB pinned memory, now total is 1187840 MB / 1536000 MB (77.3%) [3m(lazy_memory_allocator.py:259:lmcache.v1.lazy_memory_allocator)[0m
[32;20m[2026-06-03 07:12:14,526] LMCache INFO:[0m LazyMemoryAllocator: Expanded 10240 MB pinned memory, now total is 1198080 MB / 1536000 MB (78.0%) [3m(lazy_memory_allocator.py:259:lmcache.v1.lazy_memory_allocator)[0m
[32;20m[2026-06-03 07:12:17,160] LMCache INFO:[0m LazyMemoryAllocator: Expanded 10240 MB pinned memory, now total is 1208320 MB / 1536000 MB (78.7%) [3m(lazy_memory_allocator.py:259:lmcache.v1.lazy_memory_allocator)[0m
[32;20m[2026-06-03 07:12:19,811] LMCache INFO:[0m LazyMemoryAllocator: Expanded 10240 MB pinned memory, now total is 1218560 MB / 1536000 MB (79.3%) [3m(lazy_memory_allocator.py:259:lmcache.v1.lazy_memory_allocator)[0m
[32;20m[2026-06-03 07:12:22,481] LMCache INFO:[0m LazyMemoryAllocator: Expanded 10240 MB pinned memory, now total is 1228800 MB / 1536000 MB (80.0%) [3m(lazy_memory_allocator.py:259:lmcache.v1.lazy_memory_allocator)[0m
[32;20m[2026-06-03 07:12:25,145] LMCache INFO:[0m LazyMemoryAllocator: Expanded 10240 MB pinned memory, now total is 1239040 MB / 1536000 MB (80.7%) [3m(lazy_memory_allocator.py:259:lmcache.v1.lazy_memory_allocator)[0m
[32;20m[2026-06-03 07:12:27,849] LMCache INFO:[0m LazyMemoryAllocator: Expanded 10240 MB pinned memory, now total is 1249280 MB / 1536000 MB (81.3%) [3m(lazy_memory_allocator.py:259:lmcache.v1.lazy_memory_allocator)[0m
[32;20m[2026-06-03 07:12:30,576] LMCache INFO:[0m LazyMemoryAllocator: Expanded 10240 MB pinned memory, now total is 1259520 MB / 1536000 MB (82.0%) [3m(lazy_memory_allocator.py:259:lmcache.v1.lazy_memory_allocator)[0m
[32;20m[2026-06-03 07:12:33,169] LMCache INFO:[0m LazyMemoryAllocator: Expanded 10240 MB pinned memory, now total is 1269760 MB / 1536000 MB (82.7%) [3m(lazy_memory_allocator.py:259:lmcache.v1.lazy_memory_allocator)[0m
[32;20m[2026-06-03 07:12:35,815] LMCache INFO:[0m LazyMemoryAllocator: Expanded 10240 MB pinned memory, now total is 1280000 MB / 1536000 MB (83.3%) [3m(lazy_memory_allocator.py:259:lmcache.v1.lazy_memory_allocator)[0m
[32;20m[2026-06-03 07:12:38,494] LMCache INFO:[0m LazyMemoryAllocator: Expanded 10240 MB pinned memory, now total is 1290240 MB / 1536000 MB (84.0%) [3m(lazy_memory_allocator.py:259:lmcache.v1.lazy_memory_allocator)[0m
[32;20m[2026-06-03 07:12:40,846] LMCache INFO:[0m LazyMemoryAllocator: Expanded 10240 MB pinned memory, now total is 1300480 MB / 1536000 MB (84.7%) [3m(lazy_memory_allocator.py:259:lmcache.v1.lazy_memory_allocator)[0m
[32;20m[2026-06-03 07:12:42,729] LMCache INFO:[0m LazyMemoryAllocator: Expanded 10240 MB pinned memory, now total is 1310720 MB / 1536000 MB (85.3%) [3m(lazy_memory_allocator.py:259:lmcache.v1.lazy_memory_allocator)[0m
[32;20m[2026-06-03 07:12:44,368] LMCache INFO:[0m LazyMemoryAllocator: Expanded 10240 MB pinned memory, now total is 1320960 MB / 1536000 MB (86.0%) [3m(lazy_memory_allocator.py:259:lmcache.v1.lazy_memory_allocator)[0m
[32;20m[2026-06-03 07:12:45,759] LMCache INFO:[0m LazyMemoryAllocator: Expanded 10240 MB pinned memory, now total is 1331200 MB / 1536000 MB (86.7%) [3m(lazy_memory_allocator.py:259:lmcache.v1.lazy_memory_allocator)[0m
[32;20m[2026-06-03 07:12:47,171] LMCache INFO:[0m LazyMemoryAllocator: Expanded 10240 MB pinned memory, now total is 1341440 MB / 1536000 MB (87.3%) [3m(lazy_memory_allocator.py:259:lmcache.v1.lazy_memory_allocator)[0m
[32;20m[2026-06-03 07:12:48,571] LMCache INFO:[0m LazyMemoryAllocator: Expanded 10240 MB pinned memory, now total is 1351680 MB / 1536000 MB (88.0%) [3m(lazy_memory_allocator.py:259:lmcache.v1.lazy_memory_allocator)[0m
[32;20m[2026-06-03 07:12:49,972] LMCache INFO:[0m LazyMemoryAllocator: Expanded 10240 MB pinned memory, now total is 1361920 MB / 1536000 MB (88.7%) [3m(lazy_memory_allocator.py:259:lmcache.v1.lazy_memory_allocator)[0m
[32;20m[2026-06-03 07:12:51,384] LMCache INFO:[0m LazyMemoryAllocator: Expanded 10240 MB pinned memory, now total is 1372160 MB / 1536000 MB (89.3%) [3m(lazy_memory_allocator.py:259:lmcache.v1.lazy_memory_allocator)[0m
[32;20m[2026-06-03 07:12:52,777] LMCache INFO:[0m LazyMemoryAllocator: Expanded 10240 MB pinned memory, now total is 1382400 MB / 1536000 MB (90.0%) [3m(lazy_memory_allocator.py:259:lmcache.v1.lazy_memory_allocator)[0m
[32;20m[2026-06-03 07:12:54,180] LMCache INFO:[0m LazyMemoryAllocator: Expanded 10240 MB pinned memory, now total is 1392640 MB / 1536000 MB (90.7%) [3m(lazy_memory_allocator.py:259:lmcache.v1.lazy_memory_allocator)[0m
[32;20m[2026-06-03 07:12:55,600] LMCache INFO:[0m LazyMemoryAllocator: Expanded 10240 MB pinned memory, now total is 1402880 MB / 1536000 MB (91.3%) [3m(lazy_memory_allocator.py:259:lmcache.v1.lazy_memory_allocator)[0m
[32;20m[2026-06-03 07:12:57,031] LMCache INFO:[0m LazyMemoryAllocator: Expanded 10240 MB pinned memory, now total is 1413120 MB / 1536000 MB (92.0%) [3m(lazy_memory_allocator.py:259:lmcache.v1.lazy_memory_allocator)[0m
[32;20m[2026-06-03 07:12:58,460] LMCache INFO:[0m LazyMemoryAllocator: Expanded 10240 MB pinned memory, now total is 1423360 MB / 1536000 MB (92.7%) [3m(lazy_memory_allocator.py:259:lmcache.v1.lazy_memory_allocator)[0m
[32;20m[2026-06-03 07:12:59,928] LMCache INFO:[0m LazyMemoryAllocator: Expanded 10240 MB pinned memory, now total is 1433600 MB / 1536000 MB (93.3%) [3m(lazy_memory_allocator.py:259:lmcache.v1.lazy_memory_allocator)[0m
[32;20m[2026-06-03 07:13:01,360] LMCache INFO:[0m LazyMemoryAllocator: Expanded 10240 MB pinned memory, now total is 1443840 MB / 1536000 MB (94.0%) [3m(lazy_memory_allocator.py:259:lmcache.v1.lazy_memory_allocator)[0m
[32;20m[2026-06-03 07:13:02,792] LMCache INFO:[0m LazyMemoryAllocator: Expanded 10240 MB pinned memory, now total is 1454080 MB / 1536000 MB (94.7%) [3m(lazy_memory_allocator.py:259:lmcache.v1.lazy_memory_allocator)[0m
[32;20m[2026-06-03 07:13:04,200] LMCache INFO:[0m LazyMemoryAllocator: Expanded 10240 MB pinned memory, now total is 1464320 MB / 1536000 MB (95.3%) [3m(lazy_memory_allocator.py:259:lmcache.v1.lazy_memory_allocator)[0m
[32;20m[2026-06-03 07:13:05,629] LMCache INFO:[0m LazyMemoryAllocator: Expanded 10240 MB pinned memory, now total is 1474560 MB / 1536000 MB (96.0%) [3m(lazy_memory_allocator.py:259:lmcache.v1.lazy_memory_allocator)[0m
[32;20m[2026-06-03 07:13:07,046] LMCache INFO:[0m LazyMemoryAllocator: Expanded 10240 MB pinned memory, now total is 1484800 MB / 1536000 MB (96.7%) [3m(lazy_memory_allocator.py:259:lmcache.v1.lazy_memory_allocator)[0m
[32;20m[2026-06-03 07:13:08,440] LMCache INFO:[0m LazyMemoryAllocator: Expanded 10240 MB pinned memory, now total is 1495040 MB / 1536000 MB (97.3%) [3m(lazy_memory_allocator.py:259:lmcache.v1.lazy_memory_allocator)[0m
[32;20m[2026-06-03 07:13:09,857] LMCache INFO:[0m LazyMemoryAllocator: Expanded 10240 MB pinned memory, now total is 1505280 MB / 1536000 MB (98.0%) [3m(lazy_memory_allocator.py:259:lmcache.v1.lazy_memory_allocator)[0m
[32;20m[2026-06-03 07:13:11,244] LMCache INFO:[0m LazyMemoryAllocator: Expanded 10240 MB pinned memory, now total is 1515520 MB / 1536000 MB (98.7%) [3m(lazy_memory_allocator.py:259:lmcache.v1.lazy_memory_allocator)[0m
[32;20m[2026-06-03 07:13:12,626] LMCache INFO:[0m LazyMemoryAllocator: Expanded 10240 MB pinned memory, now total is 1525760 MB / 1536000 MB (99.3%) [3m(lazy_memory_allocator.py:259:lmcache.v1.lazy_memory_allocator)[0m
[32;20m[2026-06-03 07:13:14,019] LMCache INFO:[0m LazyMemoryAllocator: Expanded 10240 MB pinned memory, now total is 1536000 MB / 1536000 MB (100.0%) [3m(lazy_memory_allocator.py:259:lmcache.v1.lazy_memory_allocator)[0m
[32;20m[2026-06-03 07:21:07,826] LMCache INFO:[0m list_depth: 1, tensor_dim: 3 [3m(utils.py:566:lmcache.v1.gpu_connector.utils)[0m
[32;20m[2026-06-03 07:21:07,826] LMCache INFO:[0m GPU KV Cache Dimensions: [61][3652793, 1, 576] [3m(utils.py:577:lmcache.v1.gpu_connector.utils)[0m
[32;20m[2026-06-03 07:21:07,826] LMCache INFO:[0m vLLM KV cache layout: NHD [3m(utils.py:598:lmcache.v1.gpu_connector.utils)[0m
[32;20m[2026-06-03 07:21:07,827] LMCache INFO:[0m GPU KV Format: NL x [NB, BS, HS] [3m(utils.py:428:lmcache.v1.gpu_connector.utils)[0m
[32;20m[2026-06-03 07:21:07,827] LMCache INFO:[0m Currently used by:
  - vLLM MLA [3m(utils.py:429:lmcache.v1.gpu_connector.utils)[0m
[32;20m[2026-06-03 07:21:07,827] LMCache INFO:[0m Group 0 first-layer tensor: layer_idx=0 shape=(3652793, 1, 576) stride=(576, 576, 1) is_contiguous=True dtype=torch.uint8 device=cuda:0 storage_offset=0 numel=2104008768 storage_nbytes=2104008768 padding_per_block=0 [3m(utils.py:1302:lmcache.v1.gpu_connector.utils)[0m
[32;20m[2026-06-03 07:21:07,827] LMCache INFO:[0m KV layer groups: [KVLayerGroupInfo(layers=61, indices=0-60, shape_desc=(kv=1, nl=61, nb=3652793, bs=1, nh=1, hs=576, element_size=1, block_stride_elems=576), dtype=torch.uint8, compress_ratio=1, physical_chunk_size=256, engine_group_idx=0)] [3m(kv_layer_groups.py:338:lmcache.v1.kv_layer_groups)[0m
[32;20m[2026-06-03 07:21:07,982] LMCache INFO:[0m Registered KV cache for GPU ID 3772513 with 61 layers [3m(gpu_transfer.py:279:lmcache.v1.multiprocess.modules.gpu_transfer)[0m
[32;20m[2026-06-03 07:21:07,982] LMCache INFO:[0m Initialized cuda stream on device cuda:0 [3m(gpu_context.py:169:lmcache.v1.multiprocess.gpu_context)[0m
[32;20m[2026-06-03 07:21:07,993] LMCache INFO:[0m list_depth: 1, tensor_dim: 3 [3m(utils.py:566:lmcache.v1.gpu_connector.utils)[0m
[32;20m[2026-06-03 07:21:07,993] LMCache INFO:[0m GPU KV Cache Dimensions: [61][3652793, 1, 576] [3m(utils.py:577:lmcache.v1.gpu_connector.utils)[0m
[32;20m[2026-06-03 07:21:07,993] LMCache INFO:[0m vLLM KV cache layout: NHD [3m(utils.py:598:lmcache.v1.gpu_connector.utils)[0m
[32;20m[2026-06-03 07:21:07,993] LMCache INFO:[0m GPU KV Format: NL x [NB, BS, HS] [3m(utils.py:428:lmcache.v1.gpu_connector.utils)[0m
[32;20m[2026-06-03 07:21:07,993] LMCache INFO:[0m Currently used by:
  - vLLM MLA [3m(utils.py:429:lmcache.v1.gpu_connector.utils)[0m
[32;20m[2026-06-03 07:21:07,993] LMCache INFO:[0m Group 0 first-layer tensor: layer_idx=0 shape=(3652793, 1, 576) stride=(576, 576, 1) is_contiguous=True dtype=torch.uint8 device=cuda:3 storage_offset=0 numel=2104008768 storage_nbytes=2104008768 padding_per_block=0 [3m(utils.py:1302:lmcache.v1.gpu_connector.utils)[0m
[32;20m[2026-06-03 07:21:07,994] LMCache INFO:[0m KV layer groups: [KVLayerGroupInfo(layers=61, indices=0-60, shape_desc=(kv=1, nl=61, nb=3652793, bs=1, nh=1, hs=576, element_size=1, block_stride_elems=576), dtype=torch.uint8, compress_ratio=1, physical_chunk_size=256, engine_group_idx=0)] [3m(kv_layer_groups.py:338:lmcache.v1.kv_layer_groups)[0m
[32;20m[2026-06-03 07:21:08,046] LMCache INFO:[0m Registered KV cache for GPU ID 3772516 with 61 layers [3m(gpu_transfer.py:279:lmcache.v1.multiprocess.modules.gpu_transfer)[0m
[32;20m[2026-06-03 07:21:08,047] LMCache INFO:[0m Initialized cuda stream on device cuda:3 [3m(gpu_context.py:169:lmcache.v1.multiprocess.gpu_context)[0m
[32;20m[2026-06-03 07:21:08,057] LMCache INFO:[0m list_depth: 1, tensor_dim: 3 [3m(utils.py:566:lmcache.v1.gpu_connector.utils)[0m
[32;20m[2026-06-03 07:21:08,057] LMCache INFO:[0m GPU KV Cache Dimensions: [61][3652793, 1, 576] [3m(utils.py:577:lmcache.v1.gpu_connector.utils)[0m
[32;20m[2026-06-03 07:21:08,057] LMCache INFO:[0m vLLM KV cache layout: NHD [3m(utils.py:598:lmcache.v1.gpu_connector.utils)[0m
[32;20m[2026-06-03 07:21:08,057] LMCache INFO:[0m GPU KV Format: NL x [NB, BS, HS] [3m(utils.py:428:lmcache.v1.gpu_connector.utils)[0m
[32;20m[2026-06-03 07:21:08,057] LMCache INFO:[0m Currently used by:
  - vLLM MLA [3m(utils.py:429:lmcache.v1.gpu_connector.utils)[0m
[32;20m[2026-06-03 07:21:08,058] LMCache INFO:[0m Group 0 first-layer tensor: layer_idx=0 shape=(3652793, 1, 576) stride=(576, 576, 1) is_contiguous=True dtype=torch.uint8 device=cuda:1 storage_offset=0 numel=2104008768 storage_nbytes=2104008768 padding_per_block=0 [3m(utils.py:1302:lmcache.v1.gpu_connector.utils)[0m
[32;20m[2026-06-03 07:21:08,058] LMCache INFO:[0m KV layer groups: [KVLayerGroupInfo(layers=61, indices=0-60, shape_desc=(kv=1, nl=61, nb=3652793, bs=1, nh=1, hs=576, element_size=1, block_stride_elems=576), dtype=torch.uint8, compress_ratio=1, physical_chunk_size=256, engine_group_idx=0)] [3m(kv_layer_groups.py:338:lmcache.v1.kv_layer_groups)[0m
[32;20m[2026-06-03 07:21:08,110] LMCache INFO:[0m Registered KV cache for GPU ID 3772514 with 61 layers [3m(gpu_transfer.py:279:lmcache.v1.multiprocess.modules.gpu_transfer)[0m
[32;20m[2026-06-03 07:21:08,110] LMCache INFO:[0m Initialized cuda stream on device cuda:1 [3m(gpu_context.py:169:lmcache.v1.multiprocess.gpu_context)[0m
[32;20m[2026-06-03 07:21:08,121] LMCache INFO:[0m list_depth: 1, tensor_dim: 3 [3m(utils.py:566:lmcache.v1.gpu_connector.utils)[0m
[32;20m[2026-06-03 07:21:08,121] LMCache INFO:[0m GPU KV Cache Dimensions: [61][3652793, 1, 576] [3m(utils.py:577:lmcache.v1.gpu_connector.utils)[0m
[32;20m[2026-06-03 07:21:08,121] LMCache INFO:[0m vLLM KV cache layout: NHD [3m(utils.py:598:lmcache.v1.gpu_connector.utils)[0m
[32;20m[2026-06-03 07:21:08,121] LMCache INFO:[0m GPU KV Format: NL x [NB, BS, HS] [3m(utils.py:428:lmcache.v1.gpu_connector.utils)[0m
[32;20m[2026-06-03 07:21:08,121] LMCache INFO:[0m Currently used by:
  - vLLM MLA [3m(utils.py:429:lmcache.v1.gpu_connector.utils)[0m
[32;20m[2026-06-03 07:21:08,121] LMCache INFO:[0m Group 0 first-layer tensor: layer_idx=0 shape=(3652793, 1, 576) stride=(576, 576, 1) is_contiguous=True dtype=torch.uint8 device=cuda:2 storage_offset=0 numel=2104008768 storage_nbytes=2104008768 padding_per_block=0 [3m(utils.py:1302:lmcache.v1.gpu_connector.utils)[0m
[32;20m[2026-06-03 07:21:08,121] LMCache INFO:[0m KV layer groups: [KVLayerGroupInfo(layers=61, indices=0-60, shape_desc=(kv=1, nl=61, nb=3652793, bs=1, nh=1, hs=576, element_size=1, block_stride_elems=576), dtype=torch.uint8, compress_ratio=1, physical_chunk_size=256, engine_group_idx=0)] [3m(kv_layer_groups.py:338:lmcache.v1.kv_layer_groups)[0m
[32;20m[2026-06-03 07:21:08,173] LMCache INFO:[0m Registered KV cache for GPU ID 3772515 with 61 layers [3m(gpu_transfer.py:279:lmcache.v1.multiprocess.modules.gpu_transfer)[0m
[32;20m[2026-06-03 07:21:08,173] LMCache INFO:[0m Initialized cuda stream on device cuda:2 [3m(gpu_context.py:169:lmcache.v1.multiprocess.gpu_context)[0m
[32;20m[2026-06-03 07:21:38,837] LMCache INFO:[0m Stored 8192 tokens in 0.036 seconds [3m(gpu_transfer.py:513:lmcache.v1.multiprocess.modules.gpu_transfer)[0m
[32;20m[2026-06-03 07:21:39,072] LMCache INFO:[0m Stored 8192 tokens in 0.005 seconds [3m(gpu_transfer.py:513:lmcache.v1.multiprocess.modules.gpu_transfer)[0m
[32;20m[2026-06-03 07:21:39,505] LMCache INFO:[0m Stored 8192 tokens in 0.006 seconds [3m(gpu_transfer.py:513:lmcache.v1.multiprocess.modules.gpu_transfer)[0m
[32;20m[2026-06-03 07:21:40,036] LMCache INFO:[0m Stored 8192 tokens in 0.006 seconds [3m(gpu_transfer.py:513:lmcache.v1.multiprocess.modules.gpu_transfer)[0m
[32;20m[2026-06-03 07:21:40,719] LMCache INFO:[0m Stored 8192 tokens in 0.005 seconds [3m(gpu_transfer.py:513:lmcache.v1.multiprocess.modules.gpu_transfer)[0m
[32;20m[2026-06-03 07:21:41,617] LMCache INFO:[0m Stored 2560 tokens in 0.004 seconds [3m(gpu_transfer.py:513:lmcache.v1.multiprocess.modules.gpu_transfer)[0m
[32;20m[2026-06-03 07:21:42,243] LMCache INFO:[0m Stored 5376 tokens in 0.038 seconds [3m(gpu_transfer.py:513:lmcache.v1.multiprocess.modules.gpu_transfer)[0m
[32;20m[2026-06-03 07:21:42,392] LMCache INFO:[0m Stored 8192 tokens in 0.007 seconds [3m(gpu_transfer.py:513:lmcache.v1.multiprocess.modules.gpu_transfer)[0m
[32;20m[2026-06-03 07:21:42,714] LMCache INFO:[0m Stored 8192 tokens in 0.007 seconds [3m(gpu_transfer.py:513:lmcache.v1.multiprocess.modules.gpu_transfer)[0m
[32;20m[2026-06-03 07:21:43,156] LMCache INFO:[0m Stored 8192 tokens in 0.005 seconds [3m(gpu_transfer.py:513:lmcache.v1.multiprocess.modules.gpu_transfer)[0m
[32;20m[2026-06-03 07:21:43,736] LMCache INFO:[0m Stored 8192 tokens in 0.005 seconds [3m(gpu_transfer.py:513:lmcache.v1.multiprocess.modules.gpu_transfer)[0m
[32;20m[2026-06-03 07:21:44,470] LMCache INFO:[0m Stored 8192 tokens in 0.007 seconds [3m(gpu_transfer.py:513:lmcache.v1.multiprocess.modules.gpu_transfer)[0m
[32;20m[2026-06-03 07:21:45,354] LMCache INFO:[0m Stored 8192 tokens in 0.005 seconds [3m(gpu_transfer.py:513:lmcache.v1.multiprocess.modules.gpu_transfer)[0m
[32;20m[2026-06-03 07:21:46,383] LMCache INFO:[0m Stored 8192 tokens in 0.007 seconds [3m(gpu_transfer.py:513:lmcache.v1.multiprocess.modules.gpu_transfer)[0m
[32;20m[2026-06-03 07:21:47,560] LMCache INFO:[0m Stored 8192 tokens in 0.007 seconds [3m(gpu_transfer.py:513:lmcache.v1.multiprocess.modules.gpu_transfer)[0m
[32;20m[2026-06-03 07:21:49,073] LMCache INFO:[0m Stored 2816 tokens in 0.003 seconds [3m(gpu_transfer.py:513:lmcache.v1.multiprocess.modules.gpu_transfer)[0m
[32;20m[2026-06-03 07:21:49,925] LMCache INFO:[0m Stored 5376 tokens in 0.006 seconds [3m(gpu_transfer.py:513:lmcache.v1.multiprocess.modules.gpu_transfer)[0m
[32;20m[2026-06-03 07:21:50,117] LMCache INFO:[0m Stored 8192 tokens in 0.006 seconds [3m(gpu_transfer.py:513:lmcache.v1.multiprocess.modules.gpu_transfer)[0m
[32;20m[2026-06-03 07:21:50,443] LMCache INFO:[0m Stored 8192 tokens in 0.006 seconds [3m(gpu_transfer.py:513:lmcache.v1.multiprocess.modules.gpu_transfer)[0m
[32;20m[2026-06-03 07:21:50,879] LMCache INFO:[0m Stored 8192 tokens in 0.005 seconds [3m(gpu_transfer.py:513:lmcache.v1.multiprocess.modules.gpu_transfer)[0m
[32;20m[2026-06-03 07:21:51,461] LMCache INFO:[0m Stored 8192 tokens in 0.005 seconds [3m(gpu_transfer.py:513:lmcache.v1.multiprocess.modules.gpu_transfer)[0m
[32;20m[2026-06-03 07:21:52,193] LMCache INFO:[0m Stored 8192 tokens in 0.006 seconds [3m(gpu_transfer.py:513:lmcache.v1.multiprocess.modules.gpu_transfer)[0m
[32;20m[2026-06-03 07:21:53,071] LMCache INFO:[0m Stored 8192 tokens in 0.005 seconds [3m(gpu_transfer.py:513:lmcache.v1.multiprocess.modules.gpu_transfer)[0m
[32;20m[2026-06-03 07:21:54,099] LMCache INFO:[0m Stored 8192 tokens in 0.006 seconds [3m(gpu_transfer.py:513:lmcache.v1.multiprocess.modules.gpu_transfer)[0m
[32;20m[2026-06-03 07:21:55,351] LMCache INFO:[0m Stored 4352 tokens in 0.007 seconds [3m(gpu_transfer.py:513:lmcache.v1.multiprocess.modules.gpu_transfer)[0m
[32;20m[2026-06-03 07:21:55,906] LMCache INFO:[0m Stored 3584 tokens in 0.004 seconds [3m(gpu_transfer.py:513:lmcache.v1.multiprocess.modules.gpu_transfer)[0m
[32;20m[2026-06-03 07:21:56,093] LMCache INFO:[0m Stored 8192 tokens in 0.006 seconds [3m(gpu_transfer.py:513:lmcache.v1.multiprocess.modules.gpu_transfer)[0m
[32;20m[2026-06-03 07:21:56,437] LMCache INFO:[0m Stored 8192 tokens in 0.006 seconds [3m(gpu_transfer.py:513:lmcache.v1.multiprocess.modules.gpu_transfer)[0m
[32;20m[2026-06-03 07:21:56,905] LMCache INFO:[0m Stored 8192 tokens in 0.005 seconds [3m(gpu_transfer.py:513:lmcache.v1.multiprocess.modules.gpu_transfer)[0m
[32;20m[2026-06-03 07:21:57,515] LMCache INFO:[0m Stored 8192 tokens in 0.005 seconds [3m(gpu_transfer.py:513:lmcache.v1.multiprocess.modules.gpu_transfer)[0m
[32;20m[2026-06-03 07:21:58,281] LMCache INFO:[0m Stored 8192 tokens in 0.007 seconds [3m(gpu_transfer.py:513:lmcache.v1.multiprocess.modules.gpu_transfer)[0m
[32;20m[2026-06-03 07:21:59,187] LMCache INFO:[0m Stored 8192 tokens in 0.005 seconds [3m(gpu_transfer.py:513:lmcache.v1.multiprocess.modules.gpu_transfer)[0m
[32;20m[2026-06-03 07:22:00,256] LMCache INFO:[0m Stored 8192 tokens in 0.007 seconds [3m(gpu_transfer.py:513:lmcache.v1.multiprocess.modules.gpu_transfer)[0m
[32;20m[2026-06-03 07:22:01,460] LMCache INFO:[0m Stored 8192 tokens in 0.006 seconds [3m(gpu_transfer.py:513:lmcache.v1.multiprocess.modules.gpu_transfer)[0m
[32;20m[2026-06-03 07:22:02,869] LMCache INFO:[0m Stored 8192 tokens in 0.007 seconds [3m(gpu_transfer.py:513:lmcache.v1.multiprocess.modules.gpu_transfer)[0m
[32;20m[2026-06-03 07:22:05,407] LMCache INFO:[0m Stored 5888 tokens in 0.005 seconds [3m(gpu_transfer.py:513:lmcache.v1.multiprocess.modules.gpu_transfer)[0m
[32;20m[2026-06-03 07:22:06,787] LMCache INFO:[0m Stored 256 tokens in 0.002 seconds [3m(gpu_transfer.py:513:lmcache.v1.multiprocess.modules.gpu_transfer)[0m
[32;20m[2026-06-03 07:22:12,808] LMCache INFO:[0m Prefetch request completed (L1+L2): 249/249 retained keys (249 L1, 0 L2) in 1.5 ms (external_request_id=chatcmpl-187a3c77-8cb7-476a-8abd-883dbddd9d63-a37a9115, prefetch_request_id=-1) [3m(storage_manager.py:575:lmcache.v1.distributed.storage_manager)[0m
[32;20m[2026-06-03 07:22:13,102] LMCache INFO:[0m Prefetch request completed (L1+L2): 181/181 retained keys (181 L1, 0 L2) in 1.0 ms (external_request_id=chatcmpl-ae1c03ee-3bff-478f-aa3f-6784d7335fb7-b3556797, prefetch_request_id=-1) [3m(storage_manager.py:575:lmcache.v1.distributed.storage_manager)[0m
[32;20m[2026-06-03 07:22:13,897] LMCache INFO:[0m Stored 256 tokens in 0.007 seconds [3m(gpu_transfer.py:513:lmcache.v1.multiprocess.modules.gpu_transfer)[0m
[32;20m[2026-06-03 07:22:23,292] LMCache INFO:[0m Prefetch request completed (L1+L2): 328/328 retained keys (328 L1, 0 L2) in 1.4 ms (external_request_id=chatcmpl-a84a05f3-925d-4b9f-b70a-96fd64f36142-8b8b5e4e, prefetch_request_id=-1) [3m(storage_manager.py:575:lmcache.v1.distributed.storage_manager)[0m
[32;20m[2026-06-03 07:22:41,679] LMCache INFO:[0m Prefetch request completed (L1+L2): 181/184 retained keys (181 L1, 0 L2) in 1.3 ms (external_request_id=chatcmpl-c66f8618-f6e3-4354-a287-ae0fd67ed8ae-9b9176f0, prefetch_request_id=-1) [3m(storage_manager.py:575:lmcache.v1.distributed.storage_manager)[0m
[32;20m[2026-06-03 07:22:42,137] LMCache INFO:[0m Stored 768 tokens in 0.007 seconds [3m(gpu_transfer.py:513:lmcache.v1.multiprocess.modules.gpu_transfer)[0m
[32;20m[2026-06-03 07:22:43,749] LMCache INFO:[0m Stored 256 tokens in 0.002 seconds [3m(gpu_transfer.py:513:lmcache.v1.multiprocess.modules.gpu_transfer)[0m
[32;20m[2026-06-03 07:22:46,112] LMCache INFO:[0m Prefetch request completed (L1+L2): 287/287 retained keys (287 L1, 0 L2) in 1.7 ms (external_request_id=chatcmpl-94e24e30-e233-492e-91eb-6c6cf40fafe9-9a349222, prefetch_request_id=-1) [3m(storage_manager.py:575:lmcache.v1.distributed.storage_manager)[0m
[32;20m[2026-06-03 07:22:52,063] LMCache INFO:[0m Prefetch request completed (L1+L2): 287/289 retained keys (287 L1, 0 L2) in 1.7 ms (external_request_id=chatcmpl-770f4278-c1c9-4af4-a29f-e3f2e8d95176-97efb752, prefetch_request_id=-1) [3m(storage_manager.py:575:lmcache.v1.distributed.storage_manager)[0m
[32;20m[2026-06-03 07:22:52,300] LMCache INFO:[0m Stored 512 tokens in 0.009 seconds [3m(gpu_transfer.py:513:lmcache.v1.multiprocess.modules.gpu_transfer)[0m
[32;20m[2026-06-03 07:22:55,169] LMCache INFO:[0m Stored 256 tokens in 0.003 seconds [3m(gpu_transfer.py:513:lmcache.v1.multiprocess.modules.gpu_transfer)[0m
[32;20m[2026-06-03 07:22:58,036] LMCache INFO:[0m Stored 256 tokens in 0.003 seconds [3m(gpu_transfer.py:513:lmcache.v1.multiprocess.modules.gpu_transfer)[0m
[32;20m[2026-06-03 07:23:00,909] LMCache INFO:[0m Stored 256 tokens in 0.004 seconds [3m(gpu_transfer.py:513:lmcache.v1.multiprocess.modules.gpu_transfer)[0m
[32;20m[2026-06-03 07:23:02,620] LMCache INFO:[0m Prefetch request completed (L1+L2): 328/328 retained keys (328 L1, 0 L2) in 1.7 ms (external_request_id=chatcmpl-4c66a26e-9226-49b8-af1c-81a44c6c0e7a-b9daa1d7, prefetch_request_id=-1) [3m(storage_manager.py:575:lmcache.v1.distributed.storage_manager)[0m
[32;20m[2026-06-03 07:23:04,838] LMCache INFO:[0m Stored 256 tokens in 0.011 seconds [3m(gpu_transfer.py:513:lmcache.v1.multiprocess.modules.gpu_transfer)[0m
[32;20m[2026-06-03 07:23:05,213] LMCache INFO:[0m Stored 256 tokens in 0.003 seconds [3m(gpu_transfer.py:513:lmcache.v1.multiprocess.modules.gpu_transfer)[0m
[32;20m[2026-06-03 07:23:07,760] LMCache INFO:[0m Stored 256 tokens in 0.003 seconds [3m(gpu_transfer.py:513:lmcache.v1.multiprocess.modules.gpu_transfer)[0m
[32;20m[2026-06-03 07:23:08,490] LMCache INFO:[0m Prefetch request completed (L1+L2): 184/192 retained keys (184 L1, 0 L2) in 1.0 ms (external_request_id=chatcmpl-0f011ba1-d108-4fd6-a531-b1f0da016c41-a438ff4c, prefetch_request_id=-1) [3m(storage_manager.py:575:lmcache.v1.distributed.storage_manager)[0m
[32;20m[2026-06-03 07:23:08,835] LMCache INFO:[0m Stored 2048 tokens in 0.007 seconds [3m(gpu_transfer.py:513:lmcache.v1.multiprocess.modules.gpu_transfer)[0m
[32;20m[2026-06-03 07:23:11,673] LMCache INFO:[0m Stored 256 tokens in 0.003 seconds [3m(gpu_transfer.py:513:lmcache.v1.multiprocess.modules.gpu_transfer)[0m
[32;20m[2026-06-03 07:23:12,192] LMCache INFO:[0m Prefetch request completed (L1+L2): 328/329 retained keys (328 L1, 0 L2) in 1.7 ms (external_request_id=chatcmpl-b00d1e02-db19-4092-ad45-0b0adf0e5cab-a665f9ec, prefetch_request_id=-1) [3m(storage_manager.py:575:lmcache.v1.distributed.storage_manager)[0m
[32;20m[2026-06-03 07:23:13,015] LMCache INFO:[0m Stored 256 tokens in 0.010 seconds [3m(gpu_transfer.py:513:lmcache.v1.multiprocess.modules.gpu_transfer)[0m
[32;20m[2026-06-03 07:23:13,463] LMCache INFO:[0m Stored 256 tokens in 0.003 seconds [3m(gpu_transfer.py:513:lmcache.v1.multiprocess.modules.gpu_transfer)[0m
[32;20m[2026-06-03 07:23:14,186] LMCache INFO:[0m Prefetch request completed (L1+L2): 249/250 retained keys (249 L1, 0 L2) in 1.4 ms (external_request_id=chatcmpl-3588e5a9-a5a7-4217-b77e-ef74fad45a46-a2f203ba, prefetch_request_id=-1) [3m(storage_manager.py:575:lmcache.v1.distributed.storage_manager)[0m
[32;20m[2026-06-03 07:23:14,423] LMCache INFO:[0m Stored 256 tokens in 0.008 seconds [3m(gpu_transfer.py:513:lmcache.v1.multiprocess.modules.gpu_transfer)[0m
[32;20m[2026-06-03 07:23:15,484] LMCache INFO:[0m Prefetch request completed (L1+L2): 289/290 retained keys (289 L1, 0 L2) in 1.6 ms (external_request_id=chatcmpl-6e5ba705-fe7a-4c2a-a712-f95d49c483e4-baae5143, prefetch_request_id=-1) [3m(storage_manager.py:575:lmcache.v1.distributed.storage_manager)[0m
[32;20m[2026-06-03 07:23:15,785] LMCache INFO:[0m Stored 256 tokens in 0.009 seconds [3m(gpu_transfer.py:513:lmcache.v1.multiprocess.modules.gpu_transfer)[0m
[32;20m[2026-06-03 07:23:17,112] LMCache INFO:[0m Stored 256 tokens in 0.004 seconds [3m(gpu_transfer.py:513:lmcache.v1.multiprocess.modules.gpu_transfer)[0m
[32;20m[2026-06-03 07:23:18,363] LMCache INFO:[0m Prefetch request completed (L1+L2): 192/194 retained keys (192 L1, 0 L2) in 1.3 ms (external_request_id=chatcmpl-db6e55b0-514f-4eaf-8777-ca275416be65-82bba49a, prefetch_request_id=-1) [3m(storage_manager.py:575:lmcache.v1.distributed.storage_manager)[0m
[32;20m[2026-06-03 07:23:18,529] LMCache INFO:[0m Stored 512 tokens in 0.006 seconds [3m(gpu_transfer.py:513:lmcache.v1.multiprocess.modules.gpu_transfer)[0m
[32;20m[2026-06-03 07:23:19,080] LMCache INFO:[0m Prefetch request completed (L1+L2): 329/331 retained keys (329 L1, 0 L2) in 1.6 ms (external_request_id=chatcmpl-092d365f-edad-4ff6-bcc5-effe12bdb745-b31847ce, prefetch_request_id=-1) [3m(storage_manager.py:575:lmcache.v1.distributed.storage_manager)[0m
[32;20m[2026-06-03 07:23:19,384] LMCache INFO:[0m Stored 512 tokens in 0.010 seconds [3m(gpu_transfer.py:513:lmcache.v1.multiprocess.modules.gpu_transfer)[0m
[32;20m[2026-06-03 07:23:19,762] LMCache INFO:[0m Stored 256 tokens in 0.002 seconds [3m(gpu_transfer.py:513:lmcache.v1.multiprocess.modules.gpu_transfer)[0m
[32;20m[2026-06-03 07:23:23,377] LMCache INFO:[0m Prefetch request completed (L1+L2): 290/309 retained keys (290 L1, 0 L2) in 1.0 ms (external_request_id=chatcmpl-2f2a87ba-b6df-4cf6-89d7-26adcaac72b5-81076b87, prefetch_request_id=-1) [3m(storage_manager.py:575:lmcache.v1.distributed.storage_manager)[0m
[32;20m[2026-06-03 07:23:23,629] LMCache INFO:[0m Stored 4864 tokens in 0.011 seconds [3m(gpu_transfer.py:513:lmcache.v1.multiprocess.modules.gpu_transfer)[0m
[32;20m[2026-06-03 07:23:24,515] LMCache INFO:[0m Prefetch request completed (L1+L2): 250/250 retained keys (250 L1, 0 L2) in 1.4 ms (external_request_id=chatcmpl-571f935e-eb85-40b4-add8-58c0b3556651-a6a9d01d, prefetch_request_id=-1) [3m(storage_manager.py:575:lmcache.v1.distributed.storage_manager)[0m
[32;20m[2026-06-03 07:23:26,746] LMCache INFO:[0m Stored 256 tokens in 0.004 seconds [3m(gpu_transfer.py:513:lmcache.v1.multiprocess.modules.gpu_transfer)[0m
[32;20m[2026-06-03 07:23:43,928] LMCache INFO:[0m Prefetch request completed (L1+L2): 250/251 retained keys (250 L1, 0 L2) in 1.6 ms (external_request_id=chatcmpl-83e145ee-bcef-437e-a705-07723b9cce3e-8df0952f, prefetch_request_id=-1) [3m(storage_manager.py:575:lmcache.v1.distributed.storage_manager)[0m
[32;20m[2026-06-03 07:23:44,176] LMCache INFO:[0m Stored 256 tokens in 0.008 seconds [3m(gpu_transfer.py:513:lmcache.v1.multiprocess.modules.gpu_transfer)[0m
[32;20m[2026-06-03 07:23:46,912] LMCache INFO:[0m Prefetch request completed (L1+L2): 194/196 retained keys (194 L1, 0 L2) in 1.0 ms (external_request_id=chatcmpl-d209daf1-fdc0-4467-993e-58139cb30177-842c50a7, prefetch_request_id=-1) [3m(storage_manager.py:575:lmcache.v1.distributed.storage_manager)[0m
[32;20m[2026-06-03 07:23:47,084] LMCache INFO:[0m Stored 512 tokens in 0.007 seconds [3m(gpu_transfer.py:513:lmcache.v1.multiprocess.modules.gpu_transfer)[0m
[32;20m[2026-06-03 07:23:47,288] LMCache INFO:[0m Prefetch request completed (L1+L2): 251/253 retained keys (251 L1, 0 L2) in 1.3 ms (external_request_id=chatcmpl-3dc76d6c-cfdb-4415-a323-2cebe3e0e38a-b205b50f, prefetch_request_id=-1) [3m(storage_manager.py:575:lmcache.v1.distributed.storage_manager)[0m
[32;20m[2026-06-03 07:23:47,506] LMCache INFO:[0m Stored 512 tokens in 0.008 seconds [3m(gpu_transfer.py:513:lmcache.v1.multiprocess.modules.gpu_transfer)[0m
[32;20m[2026-06-03 07:23:47,969] LMCache INFO:[0m Stored 256 tokens in 0.002 seconds [3m(gpu_transfer.py:513:lmcache.v1.multiprocess.modules.gpu_transfer)[0m
[32;20m[2026-06-03 07:23:50,787] LMCache INFO:[0m Stored 256 tokens in 0.003 seconds [3m(gpu_transfer.py:513:lmcache.v1.multiprocess.modules.gpu_transfer)[0m
[32;20m[2026-06-03 07:23:58,985] LMCache INFO:[0m Prefetch request completed (L1+L2): 196/198 retained keys (196 L1, 0 L2) in 1.0 ms (external_request_id=chatcmpl-596ddf7a-b9c1-41c3-ac44-1cff559bc159-8c6d60b0, prefetch_request_id=-1) [3m(storage_manager.py:575:lmcache.v1.distributed.storage_manager)[0m
[32;20m[2026-06-03 07:23:59,133] LMCache INFO:[0m Stored 512 tokens in 0.007 seconds [3m(gpu_transfer.py:513:lmcache.v1.multiprocess.modules.gpu_transfer)[0m
[32;20m[2026-06-03 07:24:01,606] LMCache INFO:[0m Stored 256 tokens in 0.003 seconds [3m(gpu_transfer.py:513:lmcache.v1.multiprocess.modules.gpu_transfer)[0m
[32;20m[2026-06-03 07:24:04,431] LMCache INFO:[0m Stored 256 tokens in 0.003 seconds [3m(gpu_transfer.py:513:lmcache.v1.multiprocess.modules.gpu_transfer)[0m
[32;20m[2026-06-03 07:24:08,036] LMCache INFO:[0m Prefetch request completed (L1+L2): 309/312 retained keys (309 L1, 0 L2) in 1.5 ms (external_request_id=chatcmpl-25e2e606-d670-4709-a6b6-8be231062d90-9b5e2092, prefetch_request_id=-1) [3m(storage_manager.py:575:lmcache.v1.distributed.storage_manager)[0m
[32;20m[2026-06-03 07:24:08,293] LMCache INFO:[0m Stored 768 tokens in 0.010 seconds [3m(gpu_transfer.py:513:lmcache.v1.multiprocess.modules.gpu_transfer)[0m
[32;20m[2026-06-03 07:24:08,647] LMCache INFO:[0m Prefetch request completed (L1+L2): 331/332 retained keys (331 L1, 0 L2) in 1.6 ms (external_request_id=chatcmpl-1cd05549-84d0-4c3c-8d26-cd98794f8499-898ee4c5, prefetch_request_id=-1) [3m(storage_manager.py:575:lmcache.v1.distributed.storage_manager)[0m
[32;20m[2026-06-03 07:24:08,834] LMCache INFO:[0m Stored 256 tokens in 0.010 seconds [3m(gpu_transfer.py:513:lmcache.v1.multiprocess.modules.gpu_transfer)[0m
[32;20m[2026-06-03 07:24:09,302] LMCache INFO:[0m Stored 256 tokens in 0.004 seconds [3m(gpu_transfer.py:513:lmcache.v1.multiprocess.modules.gpu_transfer)[0m
[32;20m[2026-06-03 07:24:12,190] LMCache INFO:[0m Stored 256 tokens in 0.004 seconds [3m(gpu_transfer.py:513:lmcache.v1.multiprocess.modules.gpu_transfer)[0m
[32;20m[2026-06-03 07:24:13,827] LMCache INFO:[0m Prefetch request completed (L1+L2): 198/198 retained keys (198 L1, 0 L2) in 1.4 ms (external_request_id=chatcmpl-e8caa3ba-2d4c-4851-a9c7-fc7d664cb4f6-859ff8b4, prefetch_request_id=-1) [3m(storage_manager.py:575:lmcache.v1.distributed.storage_manager)[0m
[32;20m[2026-06-03 07:24:15,041] LMCache INFO:[0m Stored 256 tokens in 0.007 seconds [3m(gpu_transfer.py:513:lmcache.v1.multiprocess.modules.gpu_transfer)[0m
[32;20m[2026-06-03 07:24:17,862] LMCache INFO:[0m Stored 256 tokens in 0.003 seconds [3m(gpu_transfer.py:513:lmcache.v1.multiprocess.modules.gpu_transfer)[0m
[32;20m[2026-06-03 07:24:20,691] LMCache INFO:[0m Stored 256 tokens in 0.003 seconds [3m(gpu_transfer.py:513:lmcache.v1.multiprocess.modules.gpu_transfer)[0m
[32;20m[2026-06-03 07:24:23,830] LMCache INFO:[0m Prefetch request completed (L1+L2): 312/317 retained keys (312 L1, 0 L2) in 1.3 ms (external_request_id=chatcmpl-17a5a4ce-1f90-4037-acad-a0f08b9ff06f-9898b803, prefetch_request_id=-1) [3m(storage_manager.py:575:lmcache.v1.distributed.storage_manager)[0m
[32;20m[2026-06-03 07:24:24,095] LMCache INFO:[0m Stored 1280 tokens in 0.010 seconds [3m(gpu_transfer.py:513:lmcache.v1.multiprocess.modules.gpu_transfer)[0m
[32;20m[2026-06-03 07:24:24,554] LMCache INFO:[0m Stored 256 tokens in 0.003 seconds [3m(gpu_transfer.py:513:lmcache.v1.multiprocess.modules.gpu_transfer)[0m
[32;20m[2026-06-03 07:24:25,453] LMCache INFO:[0m Prefetch request completed (L1+L2): 332/333 retained keys (332 L1, 0 L2) in 1.9 ms (external_request_id=chatcmpl-fafa6415-5715-4f07-9edc-4678ebfb5bcb-b43305b7, prefetch_request_id=-1) [3m(storage_manager.py:575:lmcache.v1.distributed.storage_manager)[0m
[32;20m[2026-06-03 07:24:25,692] LMCache INFO:[0m Stored 256 tokens in 0.011 seconds [3m(gpu_transfer.py:513:lmcache.v1.multiprocess.modules.gpu_transfer)[0m
[32;20m[2026-06-03 07:24:28,129] LMCache INFO:[0m Stored 256 tokens in 0.004 seconds [3m(gpu_transfer.py:513:lmcache.v1.multiprocess.modules.gpu_transfer)[0m
[32;20m[2026-06-03 07:24:30,998] LMCache INFO:[0m Stored 256 tokens in 0.004 seconds [3m(gpu_transfer.py:513:lmcache.v1.multiprocess.modules.gpu_transfer)[0m
[32;20m[2026-06-03 07:24:33,074] LMCache INFO:[0m Prefetch request completed (L1+L2): 198/201 retained keys (198 L1, 0 L2) in 1.3 ms (external_request_id=chatcmpl-f65a5fcb-8b2a-4c32-b509-09a49082eb44-97bbab0b, prefetch_request_id=-1) [3m(storage_manager.py:575:lmcache.v1.distributed.storage_manager)[0m
[32;20m[2026-06-03 07:24:33,286] LMCache INFO:[0m Stored 768 tokens in 0.008 seconds [3m(gpu_transfer.py:513:lmcache.v1.multiprocess.modules.gpu_transfer)[0m
[32;20m[2026-06-03 07:24:33,476] LMCache INFO:[0m Stored 256 tokens in 0.002 seconds [3m(gpu_transfer.py:513:lmcache.v1.multiprocess.modules.gpu_transfer)[0m
[32;20m[2026-06-03 07:24:34,409] LMCache INFO:[0m Stored 256 tokens in 0.003 seconds [3m(gpu_transfer.py:513:lmcache.v1.multiprocess.modules.gpu_transfer)[0m
[32;20m[2026-06-03 07:24:38,441] LMCache INFO:[0m Prefetch request completed (L1+L2): 201/202 retained keys (201 L1, 0 L2) in 1.0 ms (external_request_id=chatcmpl-0810f6b5-911c-40fa-90ce-9a291956c7cd-a289588a, prefetch_request_id=-1) [3m(storage_manager.py:575:lmcache.v1.distributed.storage_manager)[0m
[32;20m[2026-06-03 07:24:38,642] LMCache INFO:[0m Stored 256 tokens in 0.007 seconds [3m(gpu_transfer.py:513:lmcache.v1.multiprocess.modules.gpu_transfer)[0m
[32;20m[2026-06-03 07:24:40,155] LMCache INFO:[0m Stored 256 tokens in 0.003 seconds [3m(gpu_transfer.py:513:lmcache.v1.multiprocess.modules.gpu_transfer)[0m
[32;20m[2026-06-03 07:24:42,152] LMCache INFO:[0m Prefetch request completed (L1+L2): 333/333 retained keys (333 L1, 0 L2) in 3.9 ms (external_request_id=chatcmpl-95389b6f-7879-42d4-932f-8d3e3e6cb1f5-83e3fe20, prefetch_request_id=-1) [3m(storage_manager.py:575:lmcache.v1.distributed.storage_manager)[0m
[32;20m[2026-06-03 07:24:43,465] LMCache INFO:[0m Prefetch request completed (L1+L2): 317/324 retained keys (317 L1, 0 L2) in 1.5 ms (external_request_id=chatcmpl-6f271848-9992-407e-ae8a-bf89be33b4dd-9ef604c4, prefetch_request_id=-1) [3m(storage_manager.py:575:lmcache.v1.distributed.storage_manager)[0m
[32;20m[2026-06-03 07:24:43,754] LMCache INFO:[0m Stored 1792 tokens in 0.011 seconds [3m(gpu_transfer.py:513:lmcache.v1.multiprocess.modules.gpu_transfer)[0m
[32;20m[2026-06-03 07:24:44,621] LMCache INFO:[0m Stored 256 tokens in 0.010 seconds [3m(gpu_transfer.py:513:lmcache.v1.multiprocess.modules.gpu_transfer)[0m
[32;20m[2026-06-03 07:24:46,329] LMCache INFO:[0m Stored 256 tokens in 0.003 seconds [3m(gpu_transfer.py:513:lmcache.v1.multiprocess.modules.gpu_transfer)[0m
[32;20m[2026-06-03 07:24:48,678] LMCache INFO:[0m Prefetch request completed (L1+L2): 253/253 retained keys (253 L1, 0 L2) in 1.4 ms (external_request_id=chatcmpl-a2e0491f-277f-4a62-9331-eebe44b7e27e-959ff66a, prefetch_request_id=-1) [3m(storage_manager.py:575:lmcache.v1.distributed.storage_manager)[0m
[32;20m[2026-06-03 07:24:49,412] LMCache INFO:[0m Stored 256 tokens in 0.004 seconds [3m(gpu_transfer.py:513:lmcache.v1.multiprocess.modules.gpu_transfer)[0m
[32;20m[2026-06-03 07:24:51,204] LMCache INFO:[0m Prefetch request completed (L1+L2): 202/203 retained keys (202 L1, 0 L2) in 1.2 ms (external_request_id=chatcmpl-36083952-547f-44e1-81bf-fd1481987793-8ef9e687, prefetch_request_id=-1) [3m(storage_manager.py:575:lmcache.v1.distributed.storage_manager)[0m
[32;20m[2026-06-03 07:24:51,430] LMCache INFO:[0m Stored 256 tokens in 0.007 seconds [3m(gpu_transfer.py:513:lmcache.v1.multiprocess.modules.gpu_transfer)[0m
[32;20m[2026-06-03 07:24:52,502] LMCache INFO:[0m Prefetch request completed (L1+L2): 253/262 retained keys (253 L1, 0 L2) in 1.5 ms (external_request_id=chatcmpl-85752e8b-f8ad-40f8-a67a-6186073fa10a-98d609af, prefetch_request_id=-1) [3m(storage_manager.py:575:lmcache.v1.distributed.storage_manager)[0m
[32;20m[2026-06-03 07:24:52,905] LMCache INFO:[0m Stored 2304 tokens in 0.007 seconds [3m(gpu_transfer.py:513:lmcache.v1.multiprocess.modules.gpu_transfer)[0m
[32;20m[2026-06-03 07:24:53,791] LMCache INFO:[0m Stored 256 tokens in 0.004 seconds [3m(gpu_transfer.py:513:lmcache.v1.multiprocess.modules.gpu_transfer)[0m
[32;20m[2026-06-03 07:24:53,957] LMCache INFO:[0m Stored 256 tokens in 0.002 seconds [3m(gpu_transfer.py:513:lmcache.v1.multiprocess.modules.gpu_transfer)[0m
[32;20m[2026-06-03 07:24:56,049] LMCache INFO:[0m Stored 256 tokens in 0.003 seconds [3m(gpu_transfer.py:513:lmcache.v1.multiprocess.modules.gpu_transfer)[0m
[32;20m[2026-06-03 07:24:57,044] LMCache INFO:[0m Stored 256 tokens in 0.003 seconds [3m(gpu_transfer.py:513:lmcache.v1.multiprocess.modules.gpu_transfer)[0m
[32;20m[2026-06-03 07:24:57,209] LMCache INFO:[0m Stored 256 tokens in 0.002 seconds [3m(gpu_transfer.py:513:lmcache.v1.multiprocess.modules.gpu_transfer)[0m
[32;20m[2026-06-03 07:24:59,305] LMCache INFO:[0m Stored 256 tokens in 0.004 seconds [3m(gpu_transfer.py:513:lmcache.v1.multiprocess.modules.gpu_transfer)[0m
[32;20m[2026-06-03 07:25:00,298] LMCache INFO:[0m Stored 256 tokens in 0.003 seconds [3m(gpu_transfer.py:513:lmcache.v1.multiprocess.modules.gpu_transfer)[0m
[32;20m[2026-06-03 07:25:00,464] LMCache INFO:[0m Stored 256 tokens in 0.002 seconds [3m(gpu_transfer.py:513:lmcache.v1.multiprocess.modules.gpu_transfer)[0m
[32;20m[2026-06-03 07:25:02,555] LMCache INFO:[0m Stored 256 tokens in 0.004 seconds [3m(gpu_transfer.py:513:lmcache.v1.multiprocess.modules.gpu_transfer)[0m
[32;20m[2026-06-03 07:25:03,453] LMCache INFO:[0m Stored 256 tokens in 0.005 seconds [3m(gpu_transfer.py:513:lmcache.v1.multiprocess.modules.gpu_transfer)[0m
[32;20m[2026-06-03 07:25:05,495] LMCache INFO:[0m Stored 256 tokens in 0.004 seconds [3m(gpu_transfer.py:513:lmcache.v1.multiprocess.modules.gpu_transfer)[0m
[32;20m[2026-06-03 07:25:06,395] LMCache INFO:[0m Stored 256 tokens in 0.003 seconds [3m(gpu_transfer.py:513:lmcache.v1.multiprocess.modules.gpu_transfer)[0m
[32;20m[2026-06-03 07:25:09,289] LMCache INFO:[0m Stored 256 tokens in 0.003 seconds [3m(gpu_transfer.py:513:lmcache.v1.multiprocess.modules.gpu_transfer)[0m
[32;20m[2026-06-03 07:25:12,192] LMCache INFO:[0m Stored 256 tokens in 0.004 seconds [3m(gpu_transfer.py:513:lmcache.v1.multiprocess.modules.gpu_transfer)[0m
[32;20m[2026-06-03 07:25:15,094] LMCache INFO:[0m Stored 256 tokens in 0.003 seconds [3m(gpu_transfer.py:513:lmcache.v1.multiprocess.modules.gpu_transfer)[0m
[32;20m[2026-06-03 07:25:15,546] LMCache INFO:[0m Prefetch request completed (L1+L2): 262/264 retained keys (262 L1, 0 L2) in 1.6 ms (external_request_id=chatcmpl-07232169-2bb2-4b38-954a-5cff7e0b4c51-8ed74b9d, prefetch_request_id=-1) [3m(storage_manager.py:575:lmcache.v1.distributed.storage_manager)[0m
[32;20m[2026-06-03 07:25:15,820] LMCache INFO:[0m Stored 512 tokens in 0.008 seconds [3m(gpu_transfer.py:513:lmcache.v1.multiprocess.modules.gpu_transfer)[0m
[32;20m[2026-06-03 07:25:17,041] LMCache INFO:[0m Prefetch request completed (L1+L2): 333/334 retained keys (333 L1, 0 L2) in 1.6 ms (external_request_id=chatcmpl-73a78f8f-68cb-472f-a00c-ceacbfe606f5-a14514d3, prefetch_request_id=-1) [3m(storage_manager.py:575:lmcache.v1.distributed.storage_manager)[0m
[32;20m[2026-06-03 07:25:17,340] LMCache INFO:[0m Stored 256 tokens in 0.010 seconds [3m(gpu_transfer.py:513:lmcache.v1.multiprocess.modules.gpu_transfer)[0m
[32;20m[2026-06-03 07:25:19,412] LMCache INFO:[0m Stored 256 tokens in 0.004 seconds [3m(gpu_transfer.py:513:lmcache.v1.multiprocess.modules.gpu_transfer)[0m
[32;20m[2026-06-03 07:25:19,818] LMCache INFO:[0m Prefetch request completed (L1+L2): 334/336 retained keys (334 L1, 0 L2) in 1.6 ms (external_request_id=chatcmpl-6815c842-22d9-4e39-8ce1-534a5e13fd97-8c6e2071, prefetch_request_id=-1) [3m(storage_manager.py:575:lmcache.v1.distributed.storage_manager)[0m
[32;20m[2026-06-03 07:25:20,077] LMCache INFO:[0m Stored 512 tokens in 0.010 seconds [3m(gpu_transfer.py:513:lmcache.v1.multiprocess.modules.gpu_transfer)[0m
[32;20m[2026-06-03 07:25:34,796] LMCache INFO:[0m Prefetch request completed (L1+L2): 336/336 retained keys (336 L1, 0 L2) in 1.7 ms (external_request_id=chatcmpl-d4e90562-4fe4-4ebe-9b12-b2fd5b50b536-bd8ba6ba, prefetch_request_id=-1) [3m(storage_manager.py:575:lmcache.v1.distributed.storage_manager)[0m
[32;20m[2026-06-03 07:25:35,826] LMCache INFO:[0m Prefetch request completed (L1+L2): 324/328 retained keys (324 L1, 0 L2) in 1.4 ms (external_request_id=chatcmpl-621ce8d5-2c16-4f9a-bc8a-7aaf35da4789-b1848c23, prefetch_request_id=-1) [3m(storage_manager.py:575:lmcache.v1.distributed.storage_manager)[0m
[32;20m[2026-06-03 07:25:36,115] LMCache INFO:[0m Stored 1024 tokens in 0.010 seconds [3m(gpu_transfer.py:513:lmcache.v1.multiprocess.modules.gpu_transfer)[0m
[32;20m[2026-06-03 07:25:37,891] LMCache INFO:[0m Stored 256 tokens in 0.004 seconds [3m(gpu_transfer.py:513:lmcache.v1.multiprocess.modules.gpu_transfer)[0m
[32;20m[2026-06-03 07:25:41,560] LMCache INFO:[0m Prefetch request completed (L1+L2): 336/336 retained keys (336 L1, 0 L2) in 1.7 ms (external_request_id=chatcmpl-dbf71a4f-f9c7-4aa7-8bbc-3c08a6ccb23a-a8215362, prefetch_request_id=-1) [3m(storage_manager.py:575:lmcache.v1.distributed.storage_manager)[0m
[32;20m[2026-06-03 07:25:44,040] LMCache INFO:[0m Stored 256 tokens in 0.011 seconds [3m(gpu_transfer.py:513:lmcache.v1.multiprocess.modules.gpu_transfer)[0m
[32;20m[2026-06-03 07:25:46,915] LMCache INFO:[0m Stored 256 tokens in 0.004 seconds [3m(gpu_transfer.py:513:lmcache.v1.multiprocess.modules.gpu_transfer)[0m
[32;20m[2026-06-03 07:25:49,800] LMCache INFO:[0m Stored 256 tokens in 0.004 seconds [3m(gpu_transfer.py:513:lmcache.v1.multiprocess.modules.gpu_transfer)[0m
[32;20m[2026-06-03 07:25:52,761] LMCache INFO:[0m Stored 256 tokens in 0.004 seconds [3m(gpu_transfer.py:513:lmcache.v1.multiprocess.modules.gpu_transfer)[0m
[32;20m[2026-06-03 07:25:52,885] LMCache INFO:[0m Prefetch request completed (L1+L2): 251/286 retained keys (251 L1, 0 L2) in 1.4 ms (external_request_id=chatcmpl-52f011ad-9dac-4c67-94f4-933578bca24f-a3081cf2, prefetch_request_id=-1) [3m(storage_manager.py:575:lmcache.v1.distributed.storage_manager)[0m
[32;20m[2026-06-03 07:25:53,066] LMCache INFO:[0m Stored 8192 tokens in 0.011 seconds [3m(gpu_transfer.py:513:lmcache.v1.multiprocess.modules.gpu_transfer)[0m
[32;20m[2026-06-03 07:25:54,329] LMCache INFO:[0m Stored 768 tokens in 0.003 seconds [3m(gpu_transfer.py:513:lmcache.v1.multiprocess.modules.gpu_transfer)[0m
[32;20m[2026-06-03 07:25:54,954] LMCache INFO:[0m Stored 256 tokens in 0.003 seconds [3m(gpu_transfer.py:513:lmcache.v1.multiprocess.modules.gpu_transfer)[0m
[32;20m[2026-06-03 07:25:57,636] LMCache INFO:[0m Stored 256 tokens in 0.004 seconds [3m(gpu_transfer.py:513:lmcache.v1.multiprocess.modules.gpu_transfer)[0m
[32;20m[2026-06-03 07:25:57,916] LMCache INFO:[0m Stored 256 tokens in 0.003 seconds [3m(gpu_transfer.py:513:lmcache.v1.multiprocess.modules.gpu_transfer)[0m
[32;20m[2026-06-03 07:26:00,595] LMCache INFO:[0m Stored 256 tokens in 0.004 seconds [3m(gpu_transfer.py:513:lmcache.v1.multiprocess.modules.gpu_transfer)[0m
[32;20m[2026-06-03 07:26:00,875] LMCache INFO:[0m Stored 256 tokens in 0.003 seconds [3m(gpu_transfer.py:513:lmcache.v1.multiprocess.modules.gpu_transfer)[0m
[32;20m[2026-06-03 07:26:03,093] LMCache INFO:[0m Prefetch request completed (L1+L2): 203/207 retained keys (203 L1, 0 L2) in 1.4 ms (external_request_id=chatcmpl-6013d68d-7cf4-4122-8c80-54177ac96d86-a744b1ec, prefetch_request_id=-1) [3m(storage_manager.py:575:lmcache.v1.distributed.storage_manager)[0m
[32;20m[2026-06-03 07:26:03,307] LMCache INFO:[0m Stored 1024 tokens in 0.007 seconds [3m(gpu_transfer.py:513:lmcache.v1.multiprocess.modules.gpu_transfer)[0m
[32;20m[2026-06-03 07:26:04,067] LMCache INFO:[0m Stored 256 tokens in 0.004 seconds [3m(gpu_transfer.py:513:lmcache.v1.multiprocess.modules.gpu_transfer)[0m
[32;20m[2026-06-03 07:26:04,376] LMCache INFO:[0m Stored 256 tokens in 0.003 seconds [3m(gpu_transfer.py:513:lmcache.v1.multiprocess.modules.gpu_transfer)[0m
[32;20m[2026-06-03 07:26:05,718] LMCache INFO:[0m Stored 256 tokens in 0.002 seconds [3m(gpu_transfer.py:513:lmcache.v1.multiprocess.modules.gpu_transfer)[0m
[32;20m[2026-06-03 07:26:07,322] LMCache INFO:[0m Stored 256 tokens in 0.003 seconds [3m(gpu_transfer.py:513:lmcache.v1.multiprocess.modules.gpu_transfer)[0m
[32;20m[2026-06-03 07:26:07,630] LMCache INFO:[0m Stored 256 tokens in 0.003 seconds [3m(gpu_transfer.py:513:lmcache.v1.multiprocess.modules.gpu_transfer)[0m
[32;20m[2026-06-03 07:26:11,115] LMCache INFO:[0m Prefetch request completed (L1+L2): 207/208 retained keys (207 L1, 0 L2) in 1.0 ms (external_request_id=chatcmpl-38d811a1-8d0d-49e1-bb32-ba4cdf80dd05-bd47ff0f, prefetch_request_id=-1) [3m(storage_manager.py:575:lmcache.v1.distributed.storage_manager)[0m
[32;20m[2026-06-03 07:26:11,251] LMCache INFO:[0m Stored 256 tokens in 0.007 seconds [3m(gpu_transfer.py:513:lmcache.v1.multiprocess.modules.gpu_transfer)[0m
[32;20m[2026-06-03 07:26:12,748] LMCache INFO:[0m Prefetch request completed (L1+L2): 328/329 retained keys (328 L1, 0 L2) in 1.4 ms (external_request_id=chatcmpl-a5fad52f-cd40-4a4d-891a-91a3528c7c1e-8553c4dc, prefetch_request_id=-1) [3m(storage_manager.py:575:lmcache.v1.distributed.storage_manager)[0m
[32;20m[2026-06-03 07:26:13,045] LMCache INFO:[0m Stored 256 tokens in 0.010 seconds [3m(gpu_transfer.py:513:lmcache.v1.multiprocess.modules.gpu_transfer)[0m
[32;20m[2026-06-03 07:26:14,652] LMCache INFO:[0m Stored 256 tokens in 0.003 seconds [3m(gpu_transfer.py:513:lmcache.v1.multiprocess.modules.gpu_transfer)[0m
[32;20m[2026-06-03 07:26:16,467] LMCache INFO:[0m Prefetch request completed (L1+L2): 208/212 retained keys (208 L1, 0 L2) in 1.2 ms (external_request_id=chatcmpl-f0674871-5c33-4e1c-b10b-af85eaaa0519-b5551c0b, prefetch_request_id=-1) [3m(storage_manager.py:575:lmcache.v1.distributed.storage_manager)[0m
[32;20m[2026-06-03 07:26:16,652] LMCache INFO:[0m Stored 1024 tokens in 0.007 seconds [3m(gpu_transfer.py:513:lmcache.v1.multiprocess.modules.gpu_transfer)[0m
[32;20m[2026-06-03 07:26:16,943] LMCache INFO:[0m Prefetch request completed (L1+L2): 286/289 retained keys (286 L1, 0 L2) in 1.7 ms (external_request_id=chatcmpl-94d010d2-61f8-4dba-aab3-1c52796f0d94-8bb44796, prefetch_request_id=-1) [3m(storage_manager.py:575:lmcache.v1.distributed.storage_manager)[0m
[32;20m[2026-06-03 07:26:17,217] LMCache INFO:[0m Stored 768 tokens in 0.009 seconds [3m(gpu_transfer.py:513:lmcache.v1.multiprocess.modules.gpu_transfer)[0m
[32;20m[2026-06-03 07:26:19,228] LMCache INFO:[0m Stored 256 tokens in 0.003 seconds [3m(gpu_transfer.py:513:lmcache.v1.multiprocess.modules.gpu_transfer)[0m
[32;20m[2026-06-03 07:26:20,368] LMCache INFO:[0m Prefetch request completed (L1+L2): 329/434 retained keys (329 L1, 0 L2) in 1.6 ms (external_request_id=chatcmpl-ca755774-e5ba-42d3-a493-ee47b9753e44-a59fd218, prefetch_request_id=-1) [3m(storage_manager.py:575:lmcache.v1.distributed.storage_manager)[0m
[32;20m[2026-06-03 07:26:20,563] LMCache INFO:[0m Stored 8192 tokens in 0.013 seconds [3m(gpu_transfer.py:513:lmcache.v1.multiprocess.modules.gpu_transfer)[0m
[32;20m[2026-06-03 07:26:22,143] LMCache INFO:[0m Stored 8192 tokens in 0.008 seconds [3m(gpu_transfer.py:513:lmcache.v1.multiprocess.modules.gpu_transfer)[0m
[32;20m[2026-06-03 07:26:24,087] LMCache INFO:[0m Prefetch request completed (L1+L2): 336/339 retained keys (336 L1, 0 L2) in 1.6 ms (external_request_id=chatcmpl-c3130f95-9a69-4cde-acb0-9ce2ebc872fe-848af15f, prefetch_request_id=-1) [3m(storage_manager.py:575:lmcache.v1.distributed.storage_manager)[0m
[32;20m[2026-06-03 07:26:24,226] LMCache INFO:[0m Stored 8192 tokens in 0.073 seconds [3m(gpu_transfer.py:513:lmcache.v1.multiprocess.modules.gpu_transfer)[0m
[32;20m[2026-06-03 07:26:26,295] LMCache INFO:[0m Stored 768 tokens in 0.016 seconds [3m(gpu_transfer.py:513:lmcache.v1.multiprocess.modules.gpu_transfer)[0m
[32;20m[2026-06-03 07:26:27,155] LMCache INFO:[0m Stored 2304 tokens in 0.006 seconds [3m(gpu_transfer.py:513:lmcache.v1.multiprocess.modules.gpu_transfer)[0m
[32;20m[2026-06-03 07:26:27,403] LMCache INFO:[0m Stored 256 tokens in 0.003 seconds [3m(gpu_transfer.py:513:lmcache.v1.multiprocess.modules.gpu_transfer)[0m
[32;20m[2026-06-03 07:26:28,684] LMCache INFO:[0m Stored 256 tokens in 0.004 seconds [3m(gpu_transfer.py:513:lmcache.v1.multiprocess.modules.gpu_transfer)[0m
[32;20m[2026-06-03 07:26:29,148] LMCache INFO:[0m Stored 256 tokens in 0.003 seconds [3m(gpu_transfer.py:513:lmcache.v1.multiprocess.modules.gpu_transfer)[0m
[32;20m[2026-06-03 07:26:31,762] LMCache INFO:[0m Stored 256 tokens in 0.005 seconds [3m(gpu_transfer.py:513:lmcache.v1.multiprocess.modules.gpu_transfer)[0m
[32;20m[2026-06-03 07:26:32,226] LMCache INFO:[0m Stored 256 tokens in 0.002 seconds [3m(gpu_transfer.py:513:lmcache.v1.multiprocess.modules.gpu_transfer)[0m
[32;20m[2026-06-03 07:26:34,843] LMCache INFO:[0m Stored 256 tokens in 0.005 seconds [3m(gpu_transfer.py:513:lmcache.v1.multiprocess.modules.gpu_transfer)[0m
[32;20m[2026-06-03 07:26:35,309] LMCache INFO:[0m Stored 256 tokens in 0.003 seconds [3m(gpu_transfer.py:513:lmcache.v1.multiprocess.modules.gpu_transfer)[0m
[32;20m[2026-06-03 07:26:37,921] LMCache INFO:[0m Stored 256 tokens in 0.005 seconds [3m(gpu_transfer.py:513:lmcache.v1.multiprocess.modules.gpu_transfer)[0m
[32;20m[2026-06-03 07:26:38,383] LMCache INFO:[0m Stored 256 tokens in 0.003 seconds [3m(gpu_transfer.py:513:lmcache.v1.multiprocess.modules.gpu_transfer)[0m
[32;20m[2026-06-03 07:26:40,987] LMCache INFO:[0m Stored 256 tokens in 0.005 seconds [3m(gpu_transfer.py:513:lmcache.v1.multiprocess.modules.gpu_transfer)[0m
[32;20m[2026-06-03 07:26:41,552] LMCache INFO:[0m Prefetch request completed (L1+L2): 339/340 retained keys (339 L1, 0 L2) in 1.8 ms (external_request_id=chatcmpl-f2657b85-a562-4b51-a714-4703111d4627-912f3cfa, prefetch_request_id=-1) [3m(storage_manager.py:575:lmcache.v1.distributed.storage_manager)[0m
[32;20m[2026-06-03 07:26:41,743] LMCache INFO:[0m Stored 256 tokens in 0.010 seconds [3m(gpu_transfer.py:513:lmcache.v1.multiprocess.modules.gpu_transfer)[0m
[32;20m[2026-06-03 07:26:44,559] LMCache INFO:[0m Stored 256 tokens in 0.004 seconds [3m(gpu_transfer.py:513:lmcache.v1.multiprocess.modules.gpu_transfer)[0m
[32;20m[2026-06-03 07:26:47,114] LMCache INFO:[0m Prefetch request completed (L1+L2): 340/342 retained keys (340 L1, 0 L2) in 1.8 ms (external_request_id=chatcmpl-7d42fff4-01e9-466c-857a-3d77a61ded09-aaa8f323, prefetch_request_id=-1) [3m(storage_manager.py:575:lmcache.v1.distributed.storage_manager)[0m
[32;20m[2026-06-03 07:26:47,307] LMCache INFO:[0m Stored 512 tokens in 0.011 seconds [3m(gpu_transfer.py:513:lmcache.v1.multiprocess.modules.gpu_transfer)[0m
[32;20m[2026-06-03 07:26:48,093] LMCache INFO:[0m Stored 256 tokens in 0.004 seconds [3m(gpu_transfer.py:513:lmcache.v1.multiprocess.modules.gpu_transfer)[0m
[32;20m[2026-06-03 07:26:49,926] LMCache INFO:[0m Stored 256 tokens in 0.004 seconds [3m(gpu_transfer.py:513:lmcache.v1.multiprocess.modules.gpu_transfer)[0m
[32;20m[2026-06-03 07:26:50,124] LMCache INFO:[0m Prefetch request completed (L1+L2): 212/218 retained keys (212 L1, 0 L2) in 0.9 ms (external_request_id=chatcmpl-fce03fbf-e61f-48e0-919d-8e64bb69aec8-8a470b1c, prefetch_request_id=-1) [3m(storage_manager.py:575:lmcache.v1.distributed.storage_manager)[0m
[32;20m[2026-06-03 07:26:50,345] LMCache INFO:[0m Stored 1536 tokens in 0.008 seconds [3m(gpu_transfer.py:513:lmcache.v1.multiprocess.modules.gpu_transfer)[0m
[32;20m[2026-06-03 07:26:50,898] LMCache INFO:[0m Stored 256 tokens in 0.001 seconds [3m(gpu_transfer.py:513:lmcache.v1.multiprocess.modules.gpu_transfer)[0m
[32;20m[2026-06-03 07:26:51,862] LMCache INFO:[0m Stored 256 tokens in 0.006 seconds [3m(gpu_transfer.py:513:lmcache.v1.multiprocess.modules.gpu_transfer)[0m
[32;20m[2026-06-03 07:26:53,212] LMCache INFO:[0m Prefetch request completed (L1+L2): 1/130 retained keys (1 L1, 0 L2) in 0.9 ms (external_request_id=chatcmpl-6dd40a5a-e1be-4f7b-86ed-1517b215c187-86e181a2, prefetch_request_id=-1) [3m(storage_manager.py:575:lmcache.v1.distributed.storage_manager)[0m
[32;20m[2026-06-03 07:26:53,377] LMCache INFO:[0m Stored 8192 tokens in 0.006 seconds [3m(gpu_transfer.py:513:lmcache.v1.multiprocess.modules.gpu_transfer)[0m
[32;20m[2026-06-03 07:26:53,541] LMCache INFO:[0m Stored 8192 tokens in 0.006 seconds [3m(gpu_transfer.py:513:lmcache.v1.multiprocess.modules.gpu_transfer)[0m
[32;20m[2026-06-03 07:26:54,065] LMCache INFO:[0m Stored 8192 tokens in 0.005 seconds [3m(gpu_transfer.py:513:lmcache.v1.multiprocess.modules.gpu_transfer)[0m
[32;20m[2026-06-03 07:26:54,606] LMCache INFO:[0m Stored 8192 tokens in 0.006 seconds [3m(gpu_transfer.py:513:lmcache.v1.multiprocess.modules.gpu_transfer)[0m
[32;20m[2026-06-03 07:26:55,345] LMCache INFO:[0m Stored 256 tokens in 0.003 seconds [3m(gpu_transfer.py:513:lmcache.v1.multiprocess.modules.gpu_transfer)[0m
[32;20m[2026-06-03 07:26:56,477] LMCache INFO:[0m Prefetch request completed (L1+L2): 342/343 retained keys (342 L1, 0 L2) in 1.4 ms (external_request_id=chatcmpl-fefbe575-e609-49f6-8e85-3965db16a707-ac1c08c5, prefetch_request_id=-1) [3m(storage_manager.py:575:lmcache.v1.distributed.storage_manager)[0m
[32;20m[2026-06-03 07:26:56,771] LMCache INFO:[0m Stored 256 tokens in 0.011 seconds [3m(gpu_transfer.py:513:lmcache.v1.multiprocess.modules.gpu_transfer)[0m
[32;20m[2026-06-03 07:26:57,724] LMCache INFO:[0m Stored 256 tokens in 0.005 seconds [3m(gpu_transfer.py:513:lmcache.v1.multiprocess.modules.gpu_transfer)[0m
[32;20m[2026-06-03 07:26:58,682] LMCache INFO:[0m Stored 256 tokens in 0.004 seconds [3m(gpu_transfer.py:513:lmcache.v1.multiprocess.modules.gpu_transfer)[0m
[32;20m[2026-06-03 07:26:58,703] LMCache INFO:[0m Stored 256 tokens in 0.002 seconds [3m(gpu_transfer.py:513:lmcache.v1.multiprocess.modules.gpu_transfer)[0m
[32;20m[2026-06-03 07:27:00,877] LMCache INFO:[0m Stored 256 tokens in 0.004 seconds [3m(gpu_transfer.py:513:lmcache.v1.multiprocess.modules.gpu_transfer)[0m
[32;20m[2026-06-03 07:27:04,350] LMCache INFO:[0m Prefetch request completed (L1+L2): 130/130 retained keys (130 L1, 0 L2) in 1.2 ms (external_request_id=chatcmpl-5f8e6ffe-f81f-4e6a-810d-84277f6ae311-9e93d616, prefetch_request_id=-1) [3m(storage_manager.py:575:lmcache.v1.distributed.storage_manager)[0m
[32;20m[2026-06-03 07:27:06,133] LMCache INFO:[0m Prefetch request completed (L1+L2): 343/346 retained keys (343 L1, 0 L2) in 1.5 ms (external_request_id=chatcmpl-0623169e-99d0-441a-837a-ae4b73d3e5ce-85a72399, prefetch_request_id=-1) [3m(storage_manager.py:575:lmcache.v1.distributed.storage_manager)[0m
[32;20m[2026-06-03 07:27:06,323] LMCache INFO:[0m Stored 768 tokens in 0.011 seconds [3m(gpu_transfer.py:513:lmcache.v1.multiprocess.modules.gpu_transfer)[0m
[32;20m[2026-06-03 07:27:07,276] LMCache INFO:[0m Stored 256 tokens in 0.005 seconds [3m(gpu_transfer.py:513:lmcache.v1.multiprocess.modules.gpu_transfer)[0m
[32;20m[2026-06-03 07:27:10,057] LMCache INFO:[0m Stored 256 tokens in 0.003 seconds [3m(gpu_transfer.py:513:lmcache.v1.multiprocess.modules.gpu_transfer)[0m
[32;20m[2026-06-03 07:27:11,227] LMCache INFO:[0m Prefetch request completed (L1+L2): 322/341 retained keys (322 L1, 0 L2) in 1.8 ms (external_request_id=chatcmpl-d1bd1c94-1f04-42e3-9385-a791a194e4aa-a94720ac, prefetch_request_id=-1) [3m(storage_manager.py:575:lmcache.v1.distributed.storage_manager)[0m
[32;20m[2026-06-03 07:27:11,486] LMCache INFO:[0m Stored 4864 tokens in 0.012 seconds [3m(gpu_transfer.py:513:lmcache.v1.multiprocess.modules.gpu_transfer)[0m
[32;20m[2026-06-03 07:27:14,356] LMCache INFO:[0m Prefetch request completed (L1+L2): 341/342 retained keys (341 L1, 0 L2) in 1.8 ms (external_request_id=chatcmpl-8eb2877a-723a-482f-83a8-2d646dac2535-8e89302a, prefetch_request_id=-1) [3m(storage_manager.py:575:lmcache.v1.distributed.storage_manager)[0m
[32;20m[2026-06-03 07:27:14,613] LMCache INFO:[0m Stored 256 tokens in 0.011 seconds [3m(gpu_transfer.py:513:lmcache.v1.multiprocess.modules.gpu_transfer)[0m
[32;20m[2026-06-03 07:27:16,858] LMCache INFO:[0m Stored 256 tokens in 0.004 seconds [3m(gpu_transfer.py:513:lmcache.v1.multiprocess.modules.gpu_transfer)[0m
[32;20m[2026-06-03 07:27:18,830] LMCache INFO:[0m Prefetch request completed (L1+L2): 434/441 retained keys (434 L1, 0 L2) in 17.6 ms (external_request_id=chatcmpl-deb8cdbf-7751-4ecb-91a8-59d8e72e4cfe-af1cae8d, prefetch_request_id=-1) [3m(storage_manager.py:575:lmcache.v1.distributed.storage_manager)[0m
[32;20m[2026-06-03 07:27:19,144] LMCache INFO:[0m Prefetch request completed (L1+L2): 287/288 retained keys (287 L1, 0 L2) in 1.7 ms (external_request_id=chatcmpl-5517be90-af8e-42be-abe6-0378fef0846a-b21d5e46, prefetch_request_id=-1) [3m(storage_manager.py:575:lmcache.v1.distributed.storage_manager)[0m
[32;20m[2026-06-03 07:27:19,277] LMCache INFO:[0m Stored 1792 tokens in 0.033 seconds [3m(gpu_transfer.py:513:lmcache.v1.multiprocess.modules.gpu_transfer)[0m
[32;20m[2026-06-03 07:27:19,802] LMCache INFO:[0m Stored 256 tokens in 0.009 seconds [3m(gpu_transfer.py:513:lmcache.v1.multiprocess.modules.gpu_transfer)[0m
[32;20m[2026-06-03 07:27:19,812] LMCache INFO:[0m Prefetch request completed (L1+L2): 130/130 retained keys (130 L1, 0 L2) in 0.8 ms (external_request_id=chatcmpl-996da503-0f21-48d0-a064-e0f7c3df1065-bae1b49a, prefetch_request_id=-1) [3m(storage_manager.py:575:lmcache.v1.distributed.storage_manager)[0m
[32;20m[2026-06-03 07:27:20,794] LMCache INFO:[0m Stored 256 tokens in 0.004 seconds [3m(gpu_transfer.py:513:lmcache.v1.multiprocess.modules.gpu_transfer)[0m
[32;20m[2026-06-03 07:27:21,728] LMCache INFO:[0m Stored 256 tokens in 0.004 seconds [3m(gpu_transfer.py:513:lmcache.v1.multiprocess.modules.gpu_transfer)[0m
[32;20m[2026-06-03 07:27:23,947] LMCache INFO:[0m Stored 256 tokens in 0.004 seconds [3m(gpu_transfer.py:513:lmcache.v1.multiprocess.modules.gpu_transfer)[0m
[32;20m[2026-06-03 07:27:26,921] LMCache INFO:[0m Stored 256 tokens in 0.005 seconds [3m(gpu_transfer.py:513:lmcache.v1.multiprocess.modules.gpu_transfer)[0m
[32;20m[2026-06-03 07:27:29,349] LMCache INFO:[0m Prefetch request completed (L1+L2): 130/143 retained keys (130 L1, 0 L2) in 1.0 ms (external_request_id=chatcmpl-bb06148a-5821-4926-9a15-d6ad5c291cf0-a44d8a8b, prefetch_request_id=-1) [3m(storage_manager.py:575:lmcache.v1.distributed.storage_manager)[0m
[32;20m[2026-06-03 07:27:29,556] LMCache INFO:[0m Stored 3328 tokens in 0.006 seconds [3m(gpu_transfer.py:513:lmcache.v1.multiprocess.modules.gpu_transfer)[0m
[32;20m[2026-06-03 07:27:30,087] LMCache INFO:[0m Prefetch request completed (L1+L2): 342/345 retained keys (342 L1, 0 L2) in 1.4 ms (external_request_id=chatcmpl-b414ff32-cff5-4a82-8b2f-e35f84a2684f-90aa4469, prefetch_request_id=-1) [3m(storage_manager.py:575:lmcache.v1.distributed.storage_manager)[0m
[32;20m[2026-06-03 07:27:30,377] LMCache INFO:[0m Stored 768 tokens in 0.011 seconds [3m(gpu_transfer.py:513:lmcache.v1.multiprocess.modules.gpu_transfer)[0m
[32;20m[2026-06-03 07:27:32,751] LMCache INFO:[0m Stored 256 tokens in 0.002 seconds [3m(gpu_transfer.py:513:lmcache.v1.multiprocess.modules.gpu_transfer)[0m
[32;20m[2026-06-03 07:27:38,278] LMCache INFO:[0m Prefetch request completed (L1+L2): 441/443 retained keys (441 L1, 0 L2) in 2.1 ms (external_request_id=chatcmpl-fae4014d-503e-4cf6-94bd-399b9ecf2863-bbe657ca, prefetch_request_id=-1) [3m(storage_manager.py:575:lmcache.v1.distributed.storage_manager)[0m
[32;20m[2026-06-03 07:27:38,453] LMCache INFO:[0m Stored 512 tokens in 0.014 seconds [3m(gpu_transfer.py:513:lmcache.v1.multiprocess.modules.gpu_transfer)[0m
[32;20m[2026-06-03 07:27:39,263] LMCache INFO:[0m Prefetch request completed (L1+L2): 143/145 retained keys (143 L1, 0 L2) in 1.1 ms (external_request_id=chatcmpl-57a7a228-3161-40cd-a62f-c4271917d11b-9d528975, prefetch_request_id=-1) [3m(storage_manager.py:575:lmcache.v1.distributed.storage_manager)[0m
[32;20m[2026-06-03 07:27:39,417] LMCache INFO:[0m Stored 512 tokens in 0.006 seconds [3m(gpu_transfer.py:513:lmcache.v1.multiprocess.modules.gpu_transfer)[0m
[32;20m[2026-06-03 07:27:40,705] LMCache INFO:[0m Prefetch request completed (L1+L2): 343/343 retained keys (343 L1, 0 L2) in 1.7 ms (external_request_id=chatcmpl-a87b02e6-ddd9-4ada-b44f-1917938505bc-83faae42, prefetch_request_id=-1) [3m(storage_manager.py:575:lmcache.v1.distributed.storage_manager)[0m
[32;20m[2026-06-03 07:27:41,587] LMCache INFO:[0m Stored 256 tokens in 0.012 seconds [3m(gpu_transfer.py:513:lmcache.v1.multiprocess.modules.gpu_transfer)[0m
[32;20m[2026-06-03 07:27:42,430] LMCache INFO:[0m Stored 256 tokens in 0.002 seconds [3m(gpu_transfer.py:513:lmcache.v1.multiprocess.modules.gpu_transfer)[0m
[32;20m[2026-06-03 07:27:42,610] LMCache INFO:[0m Stored 256 tokens in 0.004 seconds [3m(gpu_transfer.py:513:lmcache.v1.multiprocess.modules.gpu_transfer)[0m
[32;20m[2026-06-03 07:27:44,939] LMCache INFO:[0m Prefetch request completed (L1+L2): 145/149 retained keys (145 L1, 0 L2) in 1.3 ms (external_request_id=chatcmpl-e0ef1b30-c64c-468a-8fe0-beb1cba62261-a72db9d5, prefetch_request_id=-1) [3m(storage_manager.py:575:lmcache.v1.distributed.storage_manager)[0m
[32;20m[2026-06-03 07:27:45,144] LMCache INFO:[0m Stored 1024 tokens in 0.006 seconds [3m(gpu_transfer.py:513:lmcache.v1.multiprocess.modules.gpu_transfer)[0m
[32;20m[2026-06-03 07:27:46,034] LMCache INFO:[0m Stored 256 tokens in 0.005 seconds [3m(gpu_transfer.py:513:lmcache.v1.multiprocess.modules.gpu_transfer)[0m
[32;20m[2026-06-03 07:27:46,722] LMCache INFO:[0m Stored 256 tokens in 0.002 seconds [3m(gpu_transfer.py:513:lmcache.v1.multiprocess.modules.gpu_transfer)[0m
[32;20m[2026-06-03 07:27:49,024] LMCache INFO:[0m Stored 256 tokens in 0.005 seconds [3m(gpu_transfer.py:513:lmcache.v1.multiprocess.modules.gpu_transfer)[0m
[32;20m[2026-06-03 07:27:49,440] LMCache INFO:[0m Prefetch request completed (L1+L2): 149/159 retained keys (149 L1, 0 L2) in 1.0 ms (external_request_id=chatcmpl-7437413f-0fd5-49d4-92a0-7556a61dcf66-a4884600, prefetch_request_id=-1) [3m(storage_manager.py:575:lmcache.v1.distributed.storage_manager)[0m
[32;20m[2026-06-03 07:27:49,650] LMCache INFO:[0m Stored 2560 tokens in 0.007 seconds [3m(gpu_transfer.py:513:lmcache.v1.multiprocess.modules.gpu_transfer)[0m
[32;20m[2026-06-03 07:27:51,309] LMCache INFO:[0m Stored 256 tokens in 0.003 seconds [3m(gpu_transfer.py:513:lmcache.v1.multiprocess.modules.gpu_transfer)[0m
[32;20m[2026-06-03 07:27:52,660] LMCache INFO:[0m Stored 256 tokens in 0.005 seconds [3m(gpu_transfer.py:513:lmcache.v1.multiprocess.modules.gpu_transfer)[0m
[32;20m[2026-06-03 07:27:54,371] LMCache INFO:[0m Stored 256 tokens in 0.003 seconds [3m(gpu_transfer.py:513:lmcache.v1.multiprocess.modules.gpu_transfer)[0m
[32;20m[2026-06-03 07:27:55,723] LMCache INFO:[0m Stored 256 tokens in 0.004 seconds [3m(gpu_transfer.py:513:lmcache.v1.multiprocess.modules.gpu_transfer)[0m
[32;20m[2026-06-03 07:27:57,436] LMCache INFO:[0m Stored 256 tokens in 0.003 seconds [3m(gpu_transfer.py:513:lmcache.v1.multiprocess.modules.gpu_transfer)[0m
[32;20m[2026-06-03 07:27:58,788] LMCache INFO:[0m Stored 256 tokens in 0.004 seconds [3m(gpu_transfer.py:513:lmcache.v1.multiprocess.modules.gpu_transfer)[0m
[32;20m[2026-06-03 07:28:00,503] LMCache INFO:[0m Stored 256 tokens in 0.002 seconds [3m(gpu_transfer.py:513:lmcache.v1.multiprocess.modules.gpu_transfer)[0m
[32;20m[2026-06-03 07:28:01,855] LMCache INFO:[0m Stored 256 tokens in 0.005 seconds [3m(gpu_transfer.py:513:lmcache.v1.multiprocess.modules.gpu_transfer)[0m
[32;20m[2026-06-03 07:28:03,569] LMCache INFO:[0m Stored 256 tokens in 0.002 seconds [3m(gpu_transfer.py:513:lmcache.v1.multiprocess.modules.gpu_transfer)[0m
[32;20m[2026-06-03 07:28:04,923] LMCache INFO:[0m Stored 256 tokens in 0.005 seconds [3m(gpu_transfer.py:513:lmcache.v1.multiprocess.modules.gpu_transfer)[0m
[32;20m[2026-06-03 07:28:06,641] LMCache INFO:[0m Stored 256 tokens in 0.002 seconds [3m(gpu_transfer.py:513:lmcache.v1.multiprocess.modules.gpu_transfer)[0m
[32;20m[2026-06-03 07:28:07,995] LMCache INFO:[0m Stored 256 tokens in 0.004 seconds [3m(gpu_transfer.py:513:lmcache.v1.multiprocess.modules.gpu_transfer)[0m
[32;20m[2026-06-03 07:28:09,713] LMCache INFO:[0m Stored 256 tokens in 0.002 seconds [3m(gpu_transfer.py:513:lmcache.v1.multiprocess.modules.gpu_transfer)[0m
[32;20m[2026-06-03 07:28:11,058] LMCache INFO:[0m Stored 256 tokens in 0.005 seconds [3m(gpu_transfer.py:513:lmcache.v1.multiprocess.modules.gpu_transfer)[0m
[32;20m[2026-06-03 07:28:13,998] LMCache INFO:[0m Stored 256 tokens in 0.005 seconds [3m(gpu_transfer.py:513:lmcache.v1.multiprocess.modules.gpu_transfer)[0m
[32;20m[2026-06-03 07:28:15,815] LMCache INFO:[0m Prefetch request completed (L1+L2): 343/344 retained keys (343 L1, 0 L2) in 1.9 ms (external_request_id=chatcmpl-13b9f180-b314-43d1-a467-abf24634053e-a6e6007e, prefetch_request_id=-1) [3m(storage_manager.py:575:lmcache.v1.distributed.storage_manager)[0m
[32;20m[2026-06-03 07:28:16,004] LMCache INFO:[0m Stored 256 tokens in 0.011 seconds [3m(gpu_transfer.py:513:lmcache.v1.multiprocess.modules.gpu_transfer)[0m
[32;20m[2026-06-03 07:28:17,632] LMCache INFO:[0m Stored 256 tokens in 0.004 seconds [3m(gpu_transfer.py:513:lmcache.v1.multiprocess.modules.gpu_transfer)[0m
[32;20m[2026-06-03 07:28:18,885] LMCache INFO:[0m Stored 256 tokens in 0.002 seconds [3m(gpu_transfer.py:513:lmcache.v1.multiprocess.modules.gpu_transfer)[0m
[32;20m[2026-06-03 07:28:20,406] LMCache INFO:[0m Prefetch request completed (L1+L2): 159/164 retained keys (159 L1, 0 L2) in 1.1 ms (external_request_id=chatcmpl-1c0720b5-03e8-48c8-99d5-89318bd1150f-86cceedb, prefetch_request_id=-1) [3m(storage_manager.py:575:lmcache.v1.distributed.storage_manager)[0m
[32;20m[2026-06-03 07:28:20,627] LMCache INFO:[0m Stored 1280 tokens in 0.007 seconds [3m(gpu_transfer.py:513:lmcache.v1.multiprocess.modules.gpu_transfer)[0m
[32;20m[2026-06-03 07:28:21,094] LMCache INFO:[0m Stored 256 tokens in 0.004 seconds [3m(gpu_transfer.py:513:lmcache.v1.multiprocess.modules.gpu_transfer)[0m
[32;20m[2026-06-03 07:28:21,681] LMCache INFO:[0m Prefetch request completed (L1+L2): 288/289 retained keys (288 L1, 0 L2) in 1.4 ms (external_request_id=chatcmpl-866324dd-25dd-4de4-881e-6795a43ac1ea-a409c9ac, prefetch_request_id=-1) [3m(storage_manager.py:575:lmcache.v1.distributed.storage_manager)[0m
[32;20m[2026-06-03 07:28:21,973] LMCache INFO:[0m Stored 256 tokens in 0.009 seconds [3m(gpu_transfer.py:513:lmcache.v1.multiprocess.modules.gpu_transfer)[0m
[32;20m[2026-06-03 07:28:23,020] LMCache INFO:[0m Stored 256 tokens in 0.004 seconds [3m(gpu_transfer.py:513:lmcache.v1.multiprocess.modules.gpu_transfer)[0m
[32;20m[2026-06-03 07:28:23,807] LMCache INFO:[0m Stored 256 tokens in 0.003 seconds [3m(gpu_transfer.py:513:lmcache.v1.multiprocess.modules.gpu_transfer)[0m
[32;20m[2026-06-03 07:28:24,288] LMCache INFO:[0m Stored 256 tokens in 0.002 seconds [3m(gpu_transfer.py:513:lmcache.v1.multiprocess.modules.gpu_transfer)[0m
[32;20m[2026-06-03 07:28:27,162] LMCache INFO:[0m Stored 256 tokens in 0.003 seconds [3m(gpu_transfer.py:513:lmcache.v1.multiprocess.modules.gpu_transfer)[0m
[32;20m[2026-06-03 07:28:29,128] LMCache INFO:[0m Prefetch request completed (L1+L2): 344/347 retained keys (344 L1, 0 L2) in 1.6 ms (external_request_id=chatcmpl-d7244605-e973-40bd-bcc4-339547793dcd-94db5d4b, prefetch_request_id=-1) [3m(storage_manager.py:575:lmcache.v1.distributed.storage_manager)[0m
[32;20m[2026-06-03 07:28:29,329] LMCache INFO:[0m Stored 768 tokens in 0.011 seconds [3m(gpu_transfer.py:513:lmcache.v1.multiprocess.modules.gpu_transfer)[0m
[32;20m[2026-06-03 07:28:33,389] LMCache INFO:[0m Prefetch request completed (L1+L2): 164/167 retained keys (164 L1, 0 L2) in 1.1 ms (external_request_id=chatcmpl-d1f496bc-f80b-4734-becf-97ea04cfe6d3-8a2490ef, prefetch_request_id=-1) [3m(storage_manager.py:575:lmcache.v1.distributed.storage_manager)[0m
[32;20m[2026-06-03 07:28:33,563] LMCache INFO:[0m Stored 768 tokens in 0.006 seconds [3m(gpu_transfer.py:513:lmcache.v1.multiprocess.modules.gpu_transfer)[0m
[32;20m[2026-06-03 07:28:34,087] LMCache INFO:[0m Stored 256 tokens in 0.003 seconds [3m(gpu_transfer.py:513:lmcache.v1.multiprocess.modules.gpu_transfer)[0m
[32;20m[2026-06-03 07:28:36,902] LMCache INFO:[0m Stored 256 tokens in 0.003 seconds [3m(gpu_transfer.py:513:lmcache.v1.multiprocess.modules.gpu_transfer)[0m
[32;20m[2026-06-03 07:28:38,485] LMCache INFO:[0m Prefetch request completed (L1+L2): 443/456 retained keys (443 L1, 0 L2) in 1.4 ms (external_request_id=chatcmpl-47c72d15-fbfc-4e0d-beaf-e073a2301e5e-988b7ea2, prefetch_request_id=-1) [3m(storage_manager.py:575:lmcache.v1.distributed.storage_manager)[0m
[32;20m[2026-06-03 07:28:38,751] LMCache INFO:[0m Stored 3328 tokens in 0.014 seconds [3m(gpu_transfer.py:513:lmcache.v1.multiprocess.modules.gpu_transfer)[0m
[32;20m[2026-06-03 07:28:40,053] LMCache INFO:[0m Stored 256 tokens in 0.004 seconds [3m(gpu_transfer.py:513:lmcache.v1.multiprocess.modules.gpu_transfer)[0m
[32;20m[2026-06-03 07:28:41,636] LMCache INFO:[0m Prefetch request completed (L1+L2): 345/345 retained keys (345 L1, 0 L2) in 1.6 ms (external_request_id=chatcmpl-45e8978f-32c6-49b5-9e3c-ea54812f757a-b5ee6456, prefetch_request_id=-1) [3m(storage_manager.py:575:lmcache.v1.distributed.storage_manager)[0m
[32;20m[2026-06-03 07:28:42,189] LMCache INFO:[0m Prefetch request completed (L1+L2): 289/291 retained keys (289 L1, 0 L2) in 1.5 ms (external_request_id=chatcmpl-b8780ff2-057d-4c82-8b56-1e33fdd8541a-8ff50e21, prefetch_request_id=-1) [3m(storage_manager.py:575:lmcache.v1.distributed.storage_manager)[0m
[32;20m[2026-06-03 07:28:42,374] LMCache INFO:[0m Stored 512 tokens in 0.010 seconds [3m(gpu_transfer.py:513:lmcache.v1.multiprocess.modules.gpu_transfer)[0m
[32;20m[2026-06-03 07:28:42,785] LMCache INFO:[0m Prefetch request completed (L1+L2): 167/171 retained keys (167 L1, 0 L2) in 1.1 ms (external_request_id=chatcmpl-7436f072-06be-40b5-a72c-b470a302609a-81e7a579, prefetch_request_id=-1) [3m(storage_manager.py:575:lmcache.v1.distributed.storage_manager)[0m
[32;20m[2026-06-03 07:28:43,008] LMCache INFO:[0m Stored 1024 tokens in 0.006 seconds [3m(gpu_transfer.py:513:lmcache.v1.multiprocess.modules.gpu_transfer)[0m
[32;20m[2026-06-03 07:28:43,474] LMCache INFO:[0m Stored 256 tokens in 0.003 seconds [3m(gpu_transfer.py:513:lmcache.v1.multiprocess.modules.gpu_transfer)[0m
[32;20m[2026-06-03 07:28:44,840] LMCache INFO:[0m Stored 256 tokens in 0.004 seconds [3m(gpu_transfer.py:513:lmcache.v1.multiprocess.modules.gpu_transfer)[0m
[32;20m[2026-06-03 07:28:44,930] LMCache INFO:[0m Stored 256 tokens in 0.010 seconds [3m(gpu_transfer.py:513:lmcache.v1.multiprocess.modules.gpu_transfer)[0m
[32;20m[2026-06-03 07:28:46,272] LMCache INFO:[0m Stored 256 tokens in 0.003 seconds [3m(gpu_transfer.py:513:lmcache.v1.multiprocess.modules.gpu_transfer)[0m
[32;20m[2026-06-03 07:28:46,802] LMCache INFO:[0m Stored 256 tokens in 0.002 seconds [3m(gpu_transfer.py:513:lmcache.v1.multiprocess.modules.gpu_transfer)[0m
[32;20m[2026-06-03 07:28:49,252] LMCache INFO:[0m Stored 256 tokens in 0.004 seconds [3m(gpu_transfer.py:513:lmcache.v1.multiprocess.modules.gpu_transfer)[0m
[32;20m[2026-06-03 07:28:49,705] LMCache INFO:[0m Prefetch request completed (L1+L2): 456/458 retained keys (456 L1, 0 L2) in 2.0 ms (external_request_id=chatcmpl-4af55f26-ae16-49e4-ad7c-bd2600ff47a7-aa02c672, prefetch_request_id=-1) [3m(storage_manager.py:575:lmcache.v1.distributed.storage_manager)[0m
[32;20m[2026-06-03 07:28:50,010] LMCache INFO:[0m Stored 512 tokens in 0.013 seconds [3m(gpu_transfer.py:513:lmcache.v1.multiprocess.modules.gpu_transfer)[0m
[32;20m[2026-06-03 07:28:50,449] LMCache INFO:[0m Prefetch request completed (L1+L2): 345/347 retained keys (345 L1, 0 L2) in 1.9 ms (external_request_id=chatcmpl-2c4739e7-ecc2-4eb6-bf65-efc265b6c1ba-86014063, prefetch_request_id=-1) [3m(storage_manager.py:575:lmcache.v1.distributed.storage_manager)[0m
[32;20m[2026-06-03 07:28:50,736] LMCache INFO:[0m Stored 512 tokens in 0.011 seconds [3m(gpu_transfer.py:513:lmcache.v1.multiprocess.modules.gpu_transfer)[0m
[32;20m[2026-06-03 07:28:51,684] LMCache INFO:[0m Stored 256 tokens in 0.001 seconds [3m(gpu_transfer.py:513:lmcache.v1.multiprocess.modules.gpu_transfer)[0m
[32;20m[2026-06-03 07:28:53,701] LMCache INFO:[0m Stored 256 tokens in 0.002 seconds [3m(gpu_transfer.py:513:lmcache.v1.multiprocess.modules.gpu_transfer)[0m
[32;20m[2026-06-03 07:28:54,097] LMCache INFO:[0m Stored 256 tokens in 0.005 seconds [3m(gpu_transfer.py:513:lmcache.v1.multiprocess.modules.gpu_transfer)[0m
[32;20m[2026-06-03 07:28:55,253] LMCache INFO:[0m Prefetch request completed (L1+L2): 1/1 retained keys (1 L1, 0 L2) in 0.5 ms (external_request_id=chatcmpl-c79430e5-cbaf-48d8-8366-a292e3ff3a95-a026db60, prefetch_request_id=-1) [3m(storage_manager.py:575:lmcache.v1.distributed.storage_manager)[0m
[32;20m[2026-06-03 07:28:55,883] LMCache INFO:[0m Stored 256 tokens in 0.002 seconds [3m(gpu_transfer.py:513:lmcache.v1.multiprocess.modules.gpu_transfer)[0m
[32;20m[2026-06-03 07:28:58,340] LMCache INFO:[0m Stored 256 tokens in 0.002 seconds [3m(gpu_transfer.py:513:lmcache.v1.multiprocess.modules.gpu_transfer)[0m
[32;20m[2026-06-03 07:29:00,644] LMCache INFO:[0m Stored 8192 tokens in 0.006 seconds [3m(gpu_transfer.py:513:lmcache.v1.multiprocess.modules.gpu_transfer)[0m
[32;20m[2026-06-03 07:29:00,827] LMCache INFO:[0m Stored 8192 tokens in 0.006 seconds [3m(gpu_transfer.py:513:lmcache.v1.multiprocess.modules.gpu_transfer)[0m
[32;20m[2026-06-03 07:29:01,325] LMCache INFO:[0m Prefetch request completed (L1+L2): 458/459 retained keys (458 L1, 0 L2) in 1.3 ms (external_request_id=chatcmpl-fd0e348c-4f2b-4865-b3f8-dde33a2b77d4-afaf4736, prefetch_request_id=-1) [3m(storage_manager.py:575:lmcache.v1.distributed.storage_manager)[0m
[32;20m[2026-06-03 07:29:01,472] LMCache INFO:[0m Stored 3840 tokens in 0.059 seconds [3m(gpu_transfer.py:513:lmcache.v1.multiprocess.modules.gpu_transfer)[0m
[32;20m[2026-06-03 07:29:01,773] LMCache INFO:[0m Stored 256 tokens in 0.013 seconds [3m(gpu_transfer.py:513:lmcache.v1.multiprocess.modules.gpu_transfer)[0m
[32;20m[2026-06-03 07:29:04,033] LMCache INFO:[0m Stored 256 tokens in 0.004 seconds [3m(gpu_transfer.py:513:lmcache.v1.multiprocess.modules.gpu_transfer)[0m
[32;20m[2026-06-03 07:29:04,553] LMCache INFO:[0m Prefetch request completed (L1+L2): 347/347 retained keys (347 L1, 0 L2) in 1.6 ms (external_request_id=chatcmpl-605c2897-ee74-4abe-81ac-445c4ac53fea-8be50df4, prefetch_request_id=-1) [3m(storage_manager.py:575:lmcache.v1.distributed.storage_manager)[0m
[32;20m[2026-06-03 07:29:05,680] LMCache INFO:[0m Prefetch request completed (L1+L2): 171/176 retained keys (171 L1, 0 L2) in 0.8 ms (external_request_id=chatcmpl-b634f32e-7834-44ae-9219-8be1af478242-bff1812c, prefetch_request_id=-1) [3m(storage_manager.py:575:lmcache.v1.distributed.storage_manager)[0m
[32;20m[2026-06-03 07:29:05,859] LMCache INFO:[0m Stored 1280 tokens in 0.007 seconds [3m(gpu_transfer.py:513:lmcache.v1.multiprocess.modules.gpu_transfer)[0m
[32;20m[2026-06-03 07:29:06,455] LMCache INFO:[0m Prefetch request completed (L1+L2): 79/87 retained keys (79 L1, 0 L2) in 0.8 ms (external_request_id=chatcmpl-c2f31538-d494-46c7-89ce-68bbd181ca1b-871d57eb, prefetch_request_id=-1) [3m(storage_manager.py:575:lmcache.v1.distributed.storage_manager)[0m
[32;20m[2026-06-03 07:29:06,660] LMCache INFO:[0m Stored 2048 tokens in 0.005 seconds [3m(gpu_transfer.py:513:lmcache.v1.multiprocess.modules.gpu_transfer)[0m
[32;20m[2026-06-03 07:29:07,240] LMCache INFO:[0m Stored 256 tokens in 0.003 seconds [3m(gpu_transfer.py:513:lmcache.v1.multiprocess.modules.gpu_transfer)[0m
[32;20m[2026-06-03 07:29:07,965] LMCache INFO:[0m Stored 256 tokens in 0.002 seconds [3m(gpu_transfer.py:513:lmcache.v1.multiprocess.modules.gpu_transfer)[0m
[32;20m[2026-06-03 07:29:10,371] LMCache INFO:[0m Prefetch request completed (L1+L2): 87/91 retained keys (87 L1, 0 L2) in 1.2 ms (external_request_id=chatcmpl-e17dad59-1f08-4da6-9e1a-0dcdb74bdbba-b8c06993, prefetch_request_id=-1) [3m(storage_manager.py:575:lmcache.v1.distributed.storage_manager)[0m
[32;20m[2026-06-03 07:29:10,538] LMCache INFO:[0m Stored 1024 tokens in 0.005 seconds [3m(gpu_transfer.py:513:lmcache.v1.multiprocess.modules.gpu_transfer)[0m
[32;20m[2026-06-03 07:29:14,230] LMCache INFO:[0m Prefetch request completed (L1+L2): 91/91 retained keys (91 L1, 0 L2) in 0.8 ms (external_request_id=chatcmpl-91704d2f-3c3c-4b40-a763-1f3c78191172-af22b86f, prefetch_request_id=-1) [3m(storage_manager.py:575:lmcache.v1.distributed.storage_manager)[0m
[32;20m[2026-06-03 07:29:14,611] LMCache INFO:[0m Stored 256 tokens in 0.005 seconds [3m(gpu_transfer.py:513:lmcache.v1.multiprocess.modules.gpu_transfer)[0m
[32;20m[2026-06-03 07:29:15,270] LMCache INFO:[0m Prefetch request completed (L1+L2): 176/178 retained keys (176 L1, 0 L2) in 1.0 ms (external_request_id=chatcmpl-24bbe1f7-8129-4cb3-b48a-8f9a523cb310-8a88062a, prefetch_request_id=-1) [3m(storage_manager.py:575:lmcache.v1.distributed.storage_manager)[0m
[32;20m[2026-06-03 07:29:15,450] LMCache INFO:[0m Stored 512 tokens in 0.006 seconds [3m(gpu_transfer.py:513:lmcache.v1.multiprocess.modules.gpu_transfer)[0m
[32;20m[2026-06-03 07:29:17,792] LMCache INFO:[0m Prefetch request completed (L1+L2): 91/93 retained keys (91 L1, 0 L2) in 0.9 ms (external_request_id=chatcmpl-03ccf992-f66d-4f3b-a619-064b2de680c8-a5ab00dc, prefetch_request_id=-1) [3m(storage_manager.py:575:lmcache.v1.distributed.storage_manager)[0m
[32;20m[2026-06-03 07:29:17,909] LMCache INFO:[0m Stored 512 tokens in 0.004 seconds [3m(gpu_transfer.py:513:lmcache.v1.multiprocess.modules.gpu_transfer)[0m
[32;20m[2026-06-03 07:29:18,087] LMCache INFO:[0m Stored 256 tokens in 0.002 seconds [3m(gpu_transfer.py:513:lmcache.v1.multiprocess.modules.gpu_transfer)[0m
[32;20m[2026-06-03 07:29:19,652] LMCache INFO:[0m Prefetch request completed (L1+L2): 178/181 retained keys (178 L1, 0 L2) in 0.9 ms (external_request_id=chatcmpl-1188e70b-3649-4a78-bd0b-3ca8a3063102-9baf1fb2, prefetch_request_id=-1) [3m(storage_manager.py:575:lmcache.v1.distributed.storage_manager)[0m
[32;20m[2026-06-03 07:29:19,777] LMCache INFO:[0m Stored 768 tokens in 0.007 seconds [3m(gpu_transfer.py:513:lmcache.v1.multiprocess.modules.gpu_transfer)[0m
[32;20m[2026-06-03 07:29:20,776] LMCache INFO:[0m Prefetch request completed (L1+L2): 347/347 retained keys (347 L1, 0 L2) in 11.7 ms (external_request_id=chatcmpl-cee430b2-37a8-4f89-93be-cf67f5332c3b-b75771f9, prefetch_request_id=-1) [3m(storage_manager.py:575:lmcache.v1.distributed.storage_manager)[0m
[32;20m[2026-06-03 07:29:20,914] LMCache INFO:[0m Prefetch request completed (L1+L2): 93/100 retained keys (93 L1, 0 L2) in 36.0 ms (external_request_id=chatcmpl-d35091d6-95b8-4fea-8e4e-a00c35987602-8af953fc, prefetch_request_id=-1) [3m(storage_manager.py:575:lmcache.v1.distributed.storage_manager)[0m
[32;20m[2026-06-03 07:29:21,159] LMCache INFO:[0m Stored 1792 tokens in 0.005 seconds [3m(gpu_transfer.py:513:lmcache.v1.multiprocess.modules.gpu_transfer)[0m
[32;20m[2026-06-03 07:29:21,480] LMCache INFO:[0m Stored 256 tokens in 0.003 seconds [3m(gpu_transfer.py:513:lmcache.v1.multiprocess.modules.gpu_transfer)[0m
[32;20m[2026-06-03 07:29:21,492] LMCache INFO:[0m Stored 256 tokens in 0.010 seconds [3m(gpu_transfer.py:513:lmcache.v1.multiprocess.modules.gpu_transfer)[0m
[32;20m[2026-06-03 07:29:22,331] LMCache INFO:[0m Stored 256 tokens in 0.002 seconds [3m(gpu_transfer.py:513:lmcache.v1.multiprocess.modules.gpu_transfer)[0m
[32;20m[2026-06-03 07:29:24,581] LMCache INFO:[0m Stored 256 tokens in 0.003 seconds [3m(gpu_transfer.py:513:lmcache.v1.multiprocess.modules.gpu_transfer)[0m
[32;20m[2026-06-03 07:29:24,600] LMCache INFO:[0m Stored 256 tokens in 0.003 seconds [3m(gpu_transfer.py:513:lmcache.v1.multiprocess.modules.gpu_transfer)[0m
[32;20m[2026-06-03 07:29:25,128] LMCache INFO:[0m Prefetch request completed (L1+L2): 100/130 retained keys (100 L1, 0 L2) in 1.0 ms (external_request_id=chatcmpl-094dea6c-81b8-411a-99d4-6de4ee73be93-afa4e8da, prefetch_request_id=-1) [3m(storage_manager.py:575:lmcache.v1.distributed.storage_manager)[0m
[32;20m[2026-06-03 07:29:25,343] LMCache INFO:[0m Stored 7680 tokens in 0.007 seconds [3m(gpu_transfer.py:513:lmcache.v1.multiprocess.modules.gpu_transfer)[0m
[32;20m[2026-06-03 07:29:28,327] LMCache INFO:[0m Stored 256 tokens in 0.004 seconds [3m(gpu_transfer.py:513:lmcache.v1.multiprocess.modules.gpu_transfer)[0m
[32;20m[2026-06-03 07:29:29,188] LMCache INFO:[0m Prefetch request completed (L1+L2): 130/135 retained keys (130 L1, 0 L2) in 0.8 ms (external_request_id=chatcmpl-92c3e160-4294-4020-997a-ab377dc95611-82f62cd7, prefetch_request_id=-1) [3m(storage_manager.py:575:lmcache.v1.distributed.storage_manager)[0m
[32;20m[2026-06-03 07:29:29,359] LMCache INFO:[0m Stored 1280 tokens in 0.006 seconds [3m(gpu_transfer.py:513:lmcache.v1.multiprocess.modules.gpu_transfer)[0m
[32;20m[2026-06-03 07:29:33,389] LMCache INFO:[0m Prefetch request completed (L1+L2): 135/137 retained keys (135 L1, 0 L2) in 0.9 ms (external_request_id=chatcmpl-59f8dcd8-79dd-4b36-8444-8d044dcdfd46-9788493c, prefetch_request_id=-1) [3m(storage_manager.py:575:lmcache.v1.distributed.storage_manager)[0m
[32;20m[2026-06-03 07:29:33,525] LMCache INFO:[0m Stored 512 tokens in 0.005 seconds [3m(gpu_transfer.py:513:lmcache.v1.multiprocess.modules.gpu_transfer)[0m
[32;20m[2026-06-03 07:29:34,822] LMCache INFO:[0m Prefetch request completed (L1+L2): 347/350 retained keys (347 L1, 0 L2) in 17.3 ms (external_request_id=chatcmpl-ab035fa3-1308-4a4d-971f-99c4bd705454-b0e0f2ee, prefetch_request_id=-1) [3m(storage_manager.py:575:lmcache.v1.distributed.storage_manager)[0m
[32;20m[2026-06-03 07:29:35,188] LMCache INFO:[0m Stored 768 tokens in 0.011 seconds [3m(gpu_transfer.py:513:lmcache.v1.multiprocess.modules.gpu_transfer)[0m
[32;20m[2026-06-03 07:29:35,565] LMCache INFO:[0m Prefetch request completed (L1+L2): 459/460 retained keys (459 L1, 0 L2) in 1.2 ms (external_request_id=chatcmpl-2b628572-818b-421a-b2fc-ceae8e7d1cf4-96762b07, prefetch_request_id=-1) [3m(storage_manager.py:575:lmcache.v1.distributed.storage_manager)[0m
[32;20m[2026-06-03 07:29:35,762] LMCache INFO:[0m Stored 256 tokens in 0.013 seconds [3m(gpu_transfer.py:513:lmcache.v1.multiprocess.modules.gpu_transfer)[0m
[32;20m[2026-06-03 07:29:37,117] LMCache INFO:[0m Stored 256 tokens in 0.004 seconds [3m(gpu_transfer.py:513:lmcache.v1.multiprocess.modules.gpu_transfer)[0m
[32;20m[2026-06-03 07:29:38,415] LMCache INFO:[0m Stored 256 tokens in 0.004 seconds [3m(gpu_transfer.py:513:lmcache.v1.multiprocess.modules.gpu_transfer)[0m
[32;20m[2026-06-03 07:29:38,539] LMCache INFO:[0m Prefetch request completed (L1+L2): 137/145 retained keys (137 L1, 0 L2) in 1.2 ms (external_request_id=chatcmpl-b201083e-0819-48cd-9ddb-592265ad5b8b-97eb9b30, prefetch_request_id=-1) [3m(storage_manager.py:575:lmcache.v1.distributed.storage_manager)[0m
[32;20m[2026-06-03 07:29:38,751] LMCache INFO:[0m Stored 2048 tokens in 0.006 seconds [3m(gpu_transfer.py:513:lmcache.v1.multiprocess.modules.gpu_transfer)[0m
[32;20m[2026-06-03 07:29:40,187] LMCache INFO:[0m Stored 256 tokens in 0.003 seconds [3m(gpu_transfer.py:513:lmcache.v1.multiprocess.modules.gpu_transfer)[0m
[32;20m[2026-06-03 07:29:42,035] LMCache INFO:[0m Stored 256 tokens in 0.003 seconds [3m(gpu_transfer.py:513:lmcache.v1.multiprocess.modules.gpu_transfer)[0m
[32;20m[2026-06-03 07:29:43,212] LMCache INFO:[0m Stored 256 tokens in 0.003 seconds [3m(gpu_transfer.py:513:lmcache.v1.multiprocess.modules.gpu_transfer)[0m
[32;20m[2026-06-03 07:29:44,291] LMCache INFO:[0m Prefetch request completed (L1+L2): 460/462 retained keys (460 L1, 0 L2) in 2.5 ms (external_request_id=chatcmpl-26451191-7dad-4c84-86d2-8b730bbc3c46-b587373f, prefetch_request_id=-1) [3m(storage_manager.py:575:lmcache.v1.distributed.storage_manager)[0m
[32;20m[2026-06-03 07:29:44,621] LMCache INFO:[0m Stored 512 tokens in 0.013 seconds [3m(gpu_transfer.py:513:lmcache.v1.multiprocess.modules.gpu_transfer)[0m
[32;20m[2026-06-03 07:29:46,660] LMCache INFO:[0m Stored 256 tokens in 0.004 seconds [3m(gpu_transfer.py:513:lmcache.v1.multiprocess.modules.gpu_transfer)[0m
[32;20m[2026-06-03 07:29:47,161] LMCache INFO:[0m Stored 256 tokens in 0.003 seconds [3m(gpu_transfer.py:513:lmcache.v1.multiprocess.modules.gpu_transfer)[0m
[32;20m[2026-06-03 07:29:49,751] LMCache INFO:[0m Stored 256 tokens in 0.004 seconds [3m(gpu_transfer.py:513:lmcache.v1.multiprocess.modules.gpu_transfer)[0m
[32;20m[2026-06-03 07:29:49,977] LMCache INFO:[0m Prefetch request completed (L1+L2): 181/184 retained keys (181 L1, 0 L2) in 1.1 ms (external_request_id=chatcmpl-8941161c-15c9-42fe-9c87-867eb96f2fef-abbf7f36, prefetch_request_id=-1) [3m(storage_manager.py:575:lmcache.v1.distributed.storage_manager)[0m
[32;20m[2026-06-03 07:29:50,144] LMCache INFO:[0m Stored 768 tokens in 0.007 seconds [3m(gpu_transfer.py:513:lmcache.v1.multiprocess.modules.gpu_transfer)[0m
[32;20m[2026-06-03 07:29:50,586] LMCache INFO:[0m Stored 256 tokens in 0.002 seconds [3m(gpu_transfer.py:513:lmcache.v1.multiprocess.modules.gpu_transfer)[0m
[32;20m[2026-06-03 07:29:51,536] LMCache INFO:[0m Stored 256 tokens in 0.003 seconds [3m(gpu_transfer.py:513:lmcache.v1.multiprocess.modules.gpu_transfer)[0m
[32;20m[2026-06-03 07:29:52,169] LMCache INFO:[0m Prefetch request completed (L1+L2): 350/353 retained keys (350 L1, 0 L2) in 1.5 ms (external_request_id=chatcmpl-38514bdf-1f2f-4e12-ab06-200a6ab96ba3-a04436a7, prefetch_request_id=-1) [3m(storage_manager.py:575:lmcache.v1.distributed.storage_manager)[0m
[32;20m[2026-06-03 07:29:52,459] LMCache INFO:[0m Stored 768 tokens in 0.011 seconds [3m(gpu_transfer.py:513:lmcache.v1.multiprocess.modules.gpu_transfer)[0m
[32;20m[2026-06-03 07:29:54,174] LMCache INFO:[0m Stored 256 tokens in 0.003 seconds [3m(gpu_transfer.py:513:lmcache.v1.multiprocess.modules.gpu_transfer)[0m
[32;20m[2026-06-03 07:29:55,087] LMCache INFO:[0m Prefetch request completed (L1+L2): 345/350 retained keys (345 L1, 0 L2) in 1.5 ms (external_request_id=chatcmpl-14efa0bd-7609-4a54-aaf7-61980e9d44b9-87f80e47, prefetch_request_id=-1) [3m(storage_manager.py:575:lmcache.v1.distributed.storage_manager)[0m
[32;20m[2026-06-03 07:29:55,150] LMCache INFO:[0m Prefetch request completed (L1+L2): 1/10 retained keys (1 L1, 0 L2) in 1.4 ms (external_request_id=chatcmpl-6e45d55d-fe23-42e1-952b-8441a7cff7d3-8d9b2555, prefetch_request_id=-1) [3m(storage_manager.py:575:lmcache.v1.distributed.storage_manager)[0m
[32;20m[2026-06-03 07:29:55,408] LMCache INFO:[0m Stored 1280 tokens in 0.011 seconds [3m(gpu_transfer.py:513:lmcache.v1.multiprocess.modules.gpu_transfer)[0m
[32;20m[2026-06-03 07:29:55,841] LMCache INFO:[0m Stored 2304 tokens in 0.003 seconds [3m(gpu_transfer.py:513:lmcache.v1.multiprocess.modules.gpu_transfer)[0m
[32;20m[2026-06-03 07:29:57,934] LMCache INFO:[0m Stored 256 tokens in 0.004 seconds [3m(gpu_transfer.py:513:lmcache.v1.multiprocess.modules.gpu_transfer)[0m
[32;20m[2026-06-03 07:30:00,830] LMCache INFO:[0m Stored 256 tokens in 0.004 seconds [3m(gpu_transfer.py:513:lmcache.v1.multiprocess.modules.gpu_transfer)[0m
[32;20m[2026-06-03 07:30:01,795] LMCache INFO:[0m Prefetch request completed (L1+L2): 10/40 retained keys (10 L1, 0 L2) in 0.5 ms (external_request_id=chatcmpl-10f6271e-1692-4d63-995c-519c3cfbad34-ba268f14, prefetch_request_id=-1) [3m(storage_manager.py:575:lmcache.v1.distributed.storage_manager)[0m
[32;20m[2026-06-03 07:30:02,006] LMCache INFO:[0m Stored 7680 tokens in 0.005 seconds [3m(gpu_transfer.py:513:lmcache.v1.multiprocess.modules.gpu_transfer)[0m
[32;20m[2026-06-03 07:30:04,104] LMCache INFO:[0m Stored 256 tokens in 0.002 seconds [3m(gpu_transfer.py:513:lmcache.v1.multiprocess.modules.gpu_transfer)[0m
[32;20m[2026-06-03 07:30:06,831] LMCache INFO:[0m Stored 256 tokens in 0.002 seconds [3m(gpu_transfer.py:513:lmcache.v1.multiprocess.modules.gpu_transfer)[0m
[32;20m[2026-06-03 07:30:09,566] LMCache INFO:[0m Stored 256 tokens in 0.002 seconds [3m(gpu_transfer.py:513:lmcache.v1.multiprocess.modules.gpu_transfer)[0m
[32;20m[2026-06-03 07:30:10,477] LMCache INFO:[0m Prefetch request completed (L1+L2): 350/352 retained keys (350 L1, 0 L2) in 1.2 ms (external_request_id=chatcmpl-c6c9da16-926c-4920-b34b-335d7a830fed-b04faca8, prefetch_request_id=-1) [3m(storage_manager.py:575:lmcache.v1.distributed.storage_manager)[0m
[32;20m[2026-06-03 07:30:10,782] LMCache INFO:[0m Stored 512 tokens in 0.011 seconds [3m(gpu_transfer.py:513:lmcache.v1.multiprocess.modules.gpu_transfer)[0m
[32;20m[2026-06-03 07:30:12,348] LMCache INFO:[0m Stored 256 tokens in 0.003 seconds [3m(gpu_transfer.py:513:lmcache.v1.multiprocess.modules.gpu_transfer)[0m
[32;20m[2026-06-03 07:30:13,272] LMCache INFO:[0m Stored 256 tokens in 0.002 seconds [3m(gpu_transfer.py:513:lmcache.v1.multiprocess.modules.gpu_transfer)[0m
[32;20m[2026-06-03 07:30:15,250] LMCache INFO:[0m Stored 7936 tokens in 0.005 seconds [3m(gpu_transfer.py:513:lmcache.v1.multiprocess.modules.gpu_transfer)[0m
[32;20m[2026-06-03 07:30:15,396] LMCache INFO:[0m Stored 8192 tokens in 0.005 seconds [3m(gpu_transfer.py:513:lmcache.v1.multiprocess.modules.gpu_transfer)[0m
[32;20m[2026-06-03 07:30:15,974] LMCache INFO:[0m Stored 4352 tokens in 0.003 seconds [3m(gpu_transfer.py:513:lmcache.v1.multiprocess.modules.gpu_transfer)[0m
[32;20m[2026-06-03 07:30:17,394] LMCache INFO:[0m Prefetch request completed (L1+L2): 184/192 retained keys (184 L1, 0 L2) in 1.1 ms (external_request_id=chatcmpl-a1a9255f-f25f-42b8-b23b-58449e7eed7b-a045bd1e, prefetch_request_id=-1) [3m(storage_manager.py:575:lmcache.v1.distributed.storage_manager)[0m
[32;20m[2026-06-03 07:30:17,567] LMCache INFO:[0m Stored 2048 tokens in 0.007 seconds [3m(gpu_transfer.py:513:lmcache.v1.multiprocess.modules.gpu_transfer)[0m
[32;20m[2026-06-03 07:30:19,895] LMCache INFO:[0m Prefetch request completed (L1+L2): 80/81 retained keys (80 L1, 0 L2) in 1.0 ms (external_request_id=chatcmpl-9ae208ed-14a9-40d3-b053-629878177b0d-8da6ca25, prefetch_request_id=-1) [3m(storage_manager.py:575:lmcache.v1.distributed.storage_manager)[0m
[32;20m[2026-06-03 07:30:20,106] LMCache INFO:[0m Stored 256 tokens in 0.004 seconds [3m(gpu_transfer.py:513:lmcache.v1.multiprocess.modules.gpu_transfer)[0m
[32;20m[2026-06-03 07:30:20,509] LMCache INFO:[0m Prefetch request completed (L1+L2): 351/353 retained keys (351 L1, 0 L2) in 1.8 ms (external_request_id=chatcmpl-1496c88b-efd0-4dd8-acfb-e4984bb34277-a8604239, prefetch_request_id=-1) [3m(storage_manager.py:575:lmcache.v1.distributed.storage_manager)[0m
[32;20m[2026-06-03 07:30:20,807] LMCache INFO:[0m Stored 512 tokens in 0.011 seconds [3m(gpu_transfer.py:513:lmcache.v1.multiprocess.modules.gpu_transfer)[0m
[32;20m[2026-06-03 07:30:21,233] LMCache INFO:[0m Stored 256 tokens in 0.002 seconds [3m(gpu_transfer.py:513:lmcache.v1.multiprocess.modules.gpu_transfer)[0m
[32;20m[2026-06-03 07:30:23,703] LMCache INFO:[0m Prefetch request completed (L1+L2): 81/95 retained keys (81 L1, 0 L2) in 1.1 ms (external_request_id=chatcmpl-58ebf017-c4ba-4694-922e-be8447972f01-99af22be, prefetch_request_id=-1) [3m(storage_manager.py:575:lmcache.v1.distributed.storage_manager)[0m
[32;20m[2026-06-03 07:30:23,920] LMCache INFO:[0m Stored 3584 tokens in 0.005 seconds [3m(gpu_transfer.py:513:lmcache.v1.multiprocess.modules.gpu_transfer)[0m
[32;20m[2026-06-03 07:30:24,175] LMCache INFO:[0m Stored 256 tokens in 0.004 seconds [3m(gpu_transfer.py:513:lmcache.v1.multiprocess.modules.gpu_transfer)[0m
[32;20m[2026-06-03 07:30:26,985] LMCache INFO:[0m Prefetch request completed (L1+L2): 192/194 retained keys (192 L1, 0 L2) in 1.4 ms (external_request_id=chatcmpl-b3994e15-c351-42b5-b90d-885dc8ffe4a1-b8f6aafb, prefetch_request_id=-1) [3m(storage_manager.py:575:lmcache.v1.distributed.storage_manager)[0m
[32;20m[2026-06-03 07:30:27,154] LMCache INFO:[0m Stored 512 tokens in 0.007 seconds [3m(gpu_transfer.py:513:lmcache.v1.multiprocess.modules.gpu_transfer)[0m
[32;20m[2026-06-03 07:30:27,551] LMCache INFO:[0m Stored 256 tokens in 0.004 seconds [3m(gpu_transfer.py:513:lmcache.v1.multiprocess.modules.gpu_transfer)[0m
[32;20m[2026-06-03 07:30:27,649] LMCache INFO:[0m Stored 256 tokens in 0.002 seconds [3m(gpu_transfer.py:513:lmcache.v1.multiprocess.modules.gpu_transfer)[0m
[32;20m[2026-06-03 07:30:27,712] LMCache INFO:[0m Prefetch request completed (L1+L2): 95/95 retained keys (95 L1, 0 L2) in 1.1 ms (external_request_id=chatcmpl-e4a286cf-257c-4514-a118-e4aa72b20290-a0cb6cec, prefetch_request_id=-1) [3m(storage_manager.py:575:lmcache.v1.distributed.storage_manager)[0m
[32;20m[2026-06-03 07:30:30,656] LMCache INFO:[0m Prefetch request completed (L1+L2): 95/97 retained keys (95 L1, 0 L2) in 1.0 ms (external_request_id=chatcmpl-02cb6465-bfb1-4ee2-b367-4b8df7f1109d-861a83fb, prefetch_request_id=-1) [3m(storage_manager.py:575:lmcache.v1.distributed.storage_manager)[0m
[32;20m[2026-06-03 07:30:30,860] LMCache INFO:[0m Stored 512 tokens in 0.005 seconds [3m(gpu_transfer.py:513:lmcache.v1.multiprocess.modules.gpu_transfer)[0m
[32;20m[2026-06-03 07:30:31,090] LMCache INFO:[0m Stored 256 tokens in 0.003 seconds [3m(gpu_transfer.py:513:lmcache.v1.multiprocess.modules.gpu_transfer)[0m
[32;20m[2026-06-03 07:30:31,194] LMCache INFO:[0m Stored 256 tokens in 0.002 seconds [3m(gpu_transfer.py:513:lmcache.v1.multiprocess.modules.gpu_transfer)[0m
[32;20m[2026-06-03 07:30:33,478] LMCache INFO:[0m Prefetch request completed (L1+L2): 97/121 retained keys (97 L1, 0 L2) in 1.0 ms (external_request_id=chatcmpl-22f7b4da-ef51-43e7-a1af-a03c99828874-824c2926, prefetch_request_id=-1) [3m(storage_manager.py:575:lmcache.v1.distributed.storage_manager)[0m
[32;20m[2026-06-03 07:30:33,685] LMCache INFO:[0m Stored 6144 tokens in 0.007 seconds [3m(gpu_transfer.py:513:lmcache.v1.multiprocess.modules.gpu_transfer)[0m
[32;20m[2026-06-03 07:30:34,391] LMCache INFO:[0m Stored 256 tokens in 0.002 seconds [3m(gpu_transfer.py:513:lmcache.v1.multiprocess.modules.gpu_transfer)[0m
[32;20m[2026-06-03 07:30:34,747] LMCache INFO:[0m Stored 256 tokens in 0.004 seconds [3m(gpu_transfer.py:513:lmcache.v1.multiprocess.modules.gpu_transfer)[0m
[32;20m[2026-06-03 07:30:37,511] LMCache INFO:[0m Prefetch request completed (L1+L2): 121/129 retained keys (121 L1, 0 L2) in 0.9 ms (external_request_id=chatcmpl-ee13b32c-e976-42da-bcaa-709703446d98-803a74ed, prefetch_request_id=-1) [3m(storage_manager.py:575:lmcache.v1.distributed.storage_manager)[0m
[32;20m[2026-06-03 07:30:37,682] LMCache INFO:[0m Stored 2048 tokens in 0.006 seconds [3m(gpu_transfer.py:513:lmcache.v1.multiprocess.modules.gpu_transfer)[0m
[32;20m[2026-06-03 07:30:41,285] LMCache INFO:[0m Prefetch request completed (L1+L2): 129/133 retained keys (129 L1, 0 L2) in 0.9 ms (external_request_id=chatcmpl-342828e1-a959-463e-84e1-70c4ec5bbc4e-b882d898, prefetch_request_id=-1) [3m(storage_manager.py:575:lmcache.v1.distributed.storage_manager)[0m
[32;20m[2026-06-03 07:30:41,462] LMCache INFO:[0m Stored 1024 tokens in 0.006 seconds [3m(gpu_transfer.py:513:lmcache.v1.multiprocess.modules.gpu_transfer)[0m
[32;20m[2026-06-03 07:30:44,789] LMCache INFO:[0m Prefetch request completed (L1+L2): 133/134 retained keys (133 L1, 0 L2) in 0.9 ms (external_request_id=chatcmpl-0e765a8c-57dd-493a-8830-cf3cfa392c82-aa007db0, prefetch_request_id=-1) [3m(storage_manager.py:575:lmcache.v1.distributed.storage_manager)[0m
[32;20m[2026-06-03 07:30:44,927] LMCache INFO:[0m Stored 256 tokens in 0.005 seconds [3m(gpu_transfer.py:513:lmcache.v1.multiprocess.modules.gpu_transfer)[0m
[32;20m[2026-06-03 07:30:46,191] LMCache INFO:[0m Prefetch request completed (L1+L2): 353/357 retained keys (353 L1, 0 L2) in 1.7 ms (external_request_id=chatcmpl-5c96cee1-58e1-4b53-b2a5-5a30d95b3dd9-822d0025, prefetch_request_id=-1) [3m(storage_manager.py:575:lmcache.v1.distributed.storage_manager)[0m
[32;20m[2026-06-03 07:30:46,437] LMCache INFO:[0m Stored 1024 tokens in 0.011 seconds [3m(gpu_transfer.py:513:lmcache.v1.multiprocess.modules.gpu_transfer)[0m
[32;20m[2026-06-03 07:30:48,994] LMCache INFO:[0m Prefetch request completed (L1+L2): 134/135 retained keys (134 L1, 0 L2) in 0.9 ms (external_request_id=chatcmpl-6d9baef9-b37a-4685-8b80-4fd473e627fa-90be15c7, prefetch_request_id=-1) [3m(storage_manager.py:575:lmcache.v1.distributed.storage_manager)[0m
[32;20m[2026-06-03 07:30:49,133] LMCache INFO:[0m Stored 256 tokens in 0.006 seconds [3m(gpu_transfer.py:513:lmcache.v1.multiprocess.modules.gpu_transfer)[0m
[32;20m[2026-06-03 07:30:49,619] LMCache INFO:[0m Prefetch request completed (L1+L2): 355/356 retained keys (355 L1, 0 L2) in 1.6 ms (external_request_id=chatcmpl-d6cba845-25f1-4a1a-8d06-496cce7e9867-a6680fed, prefetch_request_id=-1) [3m(storage_manager.py:575:lmcache.v1.distributed.storage_manager)[0m
[32;20m[2026-06-03 07:30:50,585] LMCache INFO:[0m Stored 256 tokens in 0.011 seconds [3m(gpu_transfer.py:513:lmcache.v1.multiprocess.modules.gpu_transfer)[0m
[32;20m[2026-06-03 07:30:51,093] LMCache INFO:[0m Prefetch request completed (L1+L2): 462/464 retained keys (462 L1, 0 L2) in 1.2 ms (external_request_id=chatcmpl-b540d4c6-b568-4387-b487-b178bdb5fac0-a46b578f, prefetch_request_id=-1) [3m(storage_manager.py:575:lmcache.v1.distributed.storage_manager)[0m
[32;20m[2026-06-03 07:30:51,405] LMCache INFO:[0m Stored 512 tokens in 0.014 seconds [3m(gpu_transfer.py:513:lmcache.v1.multiprocess.modules.gpu_transfer)[0m
[32;20m[2026-06-03 07:30:52,636] LMCache INFO:[0m Stored 256 tokens in 0.004 seconds [3m(gpu_transfer.py:513:lmcache.v1.multiprocess.modules.gpu_transfer)[0m
[32;20m[2026-06-03 07:30:52,761] LMCache INFO:[0m Stored 256 tokens in 0.002 seconds [3m(gpu_transfer.py:513:lmcache.v1.multiprocess.modules.gpu_transfer)[0m
[32;20m[2026-06-03 07:30:53,369] LMCache INFO:[0m Stored 256 tokens in 0.002 seconds [3m(gpu_transfer.py:513:lmcache.v1.multiprocess.modules.gpu_transfer)[0m
[32;20m[2026-06-03 07:30:55,420] LMCache INFO:[0m Prefetch request completed (L1+L2): 194/196 retained keys (194 L1, 0 L2) in 1.0 ms (external_request_id=chatcmpl-1279ef70-14c0-43fb-811e-2a3de981bf9b-b6e31f6f, prefetch_request_id=-1) [3m(storage_manager.py:575:lmcache.v1.distributed.storage_manager)[0m
[32;20m[2026-06-03 07:30:55,556] LMCache INFO:[0m Stored 512 tokens in 0.007 seconds [3m(gpu_transfer.py:513:lmcache.v1.multiprocess.modules.gpu_transfer)[0m
[32;20m[2026-06-03 07:30:55,983] LMCache INFO:[0m Stored 256 tokens in 0.003 seconds [3m(gpu_transfer.py:513:lmcache.v1.multiprocess.modules.gpu_transfer)[0m
[32;20m[2026-06-03 07:30:56,231] LMCache INFO:[0m Prefetch request completed (L1+L2): 356/358 retained keys (356 L1, 0 L2) in 1.8 ms (external_request_id=chatcmpl-da4a8723-8454-4853-bc39-a9376ba29346-9a0d2f64, prefetch_request_id=-1) [3m(storage_manager.py:575:lmcache.v1.distributed.storage_manager)[0m
[32;20m[2026-06-03 07:30:56,359] LMCache INFO:[0m Prefetch request completed (L1+L2): 1/145 retained keys (1 L1, 0 L2) in 35.9 ms (external_request_id=chatcmpl-f18c33ec-2630-4e31-881c-a8dfffe2654c-9a9f0cf4, prefetch_request_id=-1) [3m(storage_manager.py:575:lmcache.v1.distributed.storage_manager)[0m
[32;20m[2026-06-03 07:30:56,518] LMCache INFO:[0m Stored 512 tokens in 0.011 seconds [3m(gpu_transfer.py:513:lmcache.v1.multiprocess.modules.gpu_transfer)[0m
[32;20m[2026-06-03 07:30:56,942] LMCache INFO:[0m Stored 8192 tokens in 0.005 seconds [3m(gpu_transfer.py:513:lmcache.v1.multiprocess.modules.gpu_transfer)[0m
[32;20m[2026-06-03 07:30:57,224] LMCache INFO:[0m Stored 8192 tokens in 0.005 seconds [3m(gpu_transfer.py:513:lmcache.v1.multiprocess.modules.gpu_transfer)[0m
[32;20m[2026-06-03 07:30:57,630] LMCache INFO:[0m Stored 8192 tokens in 0.005 seconds [3m(gpu_transfer.py:513:lmcache.v1.multiprocess.modules.gpu_transfer)[0m
[32;20m[2026-06-03 07:30:58,066] LMCache INFO:[0m Prefetch request completed (L1+L2): 135/137 retained keys (135 L1, 0 L2) in 0.9 ms (external_request_id=chatcmpl-f8e2ef8c-8841-4b6e-b5ef-0a3bd31d6c5d-8333912d, prefetch_request_id=-1) [3m(storage_manager.py:575:lmcache.v1.distributed.storage_manager)[0m
[32;20m[2026-06-03 07:30:58,164] LMCache INFO:[0m Stored 8192 tokens in 0.005 seconds [3m(gpu_transfer.py:513:lmcache.v1.multiprocess.modules.gpu_transfer)[0m
[32;20m[2026-06-03 07:30:58,973] LMCache INFO:[0m Stored 512 tokens in 0.006 seconds [3m(gpu_transfer.py:513:lmcache.v1.multiprocess.modules.gpu_transfer)[0m
[32;20m[2026-06-03 07:30:59,433] LMCache INFO:[0m Stored 4096 tokens in 0.004 seconds [3m(gpu_transfer.py:513:lmcache.v1.multiprocess.modules.gpu_transfer)[0m
[32;20m[2026-06-03 07:31:00,924] LMCache INFO:[0m Stored 256 tokens in 0.003 seconds [3m(gpu_transfer.py:513:lmcache.v1.multiprocess.modules.gpu_transfer)[0m
[32;20m[2026-06-03 07:31:02,007] LMCache INFO:[0m Prefetch request completed (L1+L2): 356/356 retained keys (356 L1, 0 L2) in 1.6 ms (external_request_id=chatcmpl-182feaf3-3007-4a41-821f-3909748c4652-9208e4e6, prefetch_request_id=-1) [3m(storage_manager.py:575:lmcache.v1.distributed.storage_manager)[0m
[32;20m[2026-06-03 07:31:02,558] LMCache INFO:[0m Stored 256 tokens in 0.011 seconds [3m(gpu_transfer.py:513:lmcache.v1.multiprocess.modules.gpu_transfer)[0m
[32;20m[2026-06-03 07:31:02,927] LMCache INFO:[0m Stored 256 tokens in 0.002 seconds [3m(gpu_transfer.py:513:lmcache.v1.multiprocess.modules.gpu_transfer)[0m
[32;20m[2026-06-03 07:31:03,526] LMCache INFO:[0m Prefetch request completed (L1+L2): 137/147 retained keys (137 L1, 0 L2) in 1.3 ms (external_request_id=chatcmpl-f992c4a3-a3c9-4b18-871e-2fad0d36532c-81ad7c59, prefetch_request_id=-1) [3m(storage_manager.py:575:lmcache.v1.distributed.storage_manager)[0m
[32;20m[2026-06-03 07:31:03,738] LMCache INFO:[0m Stored 2560 tokens in 0.006 seconds [3m(gpu_transfer.py:513:lmcache.v1.multiprocess.modules.gpu_transfer)[0m
[32;20m[2026-06-03 07:31:04,318] LMCache INFO:[0m Stored 256 tokens in 0.003 seconds [3m(gpu_transfer.py:513:lmcache.v1.multiprocess.modules.gpu_transfer)[0m
[32;20m[2026-06-03 07:31:05,031] LMCache INFO:[0m Stored 256 tokens in 0.003 seconds [3m(gpu_transfer.py:513:lmcache.v1.multiprocess.modules.gpu_transfer)[0m
[32;20m[2026-06-03 07:31:07,122] LMCache INFO:[0m Prefetch request completed (L1+L2): 356/359 retained keys (356 L1, 0 L2) in 1.9 ms (external_request_id=chatcmpl-49a62e4b-c022-4f62-8748-08a05cc34bc0-bf1d3b97, prefetch_request_id=-1) [3m(storage_manager.py:575:lmcache.v1.distributed.storage_manager)[0m
[32;20m[2026-06-03 07:31:07,326] LMCache INFO:[0m Stored 768 tokens in 0.011 seconds [3m(gpu_transfer.py:513:lmcache.v1.multiprocess.modules.gpu_transfer)[0m
[32;20m[2026-06-03 07:31:08,509] LMCache INFO:[0m Stored 256 tokens in 0.002 seconds [3m(gpu_transfer.py:513:lmcache.v1.multiprocess.modules.gpu_transfer)[0m
[32;20m[2026-06-03 07:31:08,913] LMCache INFO:[0m Prefetch request completed (L1+L2): 147/149 retained keys (147 L1, 0 L2) in 1.2 ms (external_request_id=chatcmpl-8ca8d6c8-fadc-4562-960d-06dda8d43134-ada0f62a, prefetch_request_id=-1) [3m(storage_manager.py:575:lmcache.v1.distributed.storage_manager)[0m
[32;20m[2026-06-03 07:31:09,085] LMCache INFO:[0m Stored 512 tokens in 0.006 seconds [3m(gpu_transfer.py:513:lmcache.v1.multiprocess.modules.gpu_transfer)[0m
[32;20m[2026-06-03 07:31:12,064] LMCache INFO:[0m Prefetch request completed (L1+L2): 196/198 retained keys (196 L1, 0 L2) in 16.3 ms (external_request_id=chatcmpl-62a1338d-5078-461d-b445-d395ef53e969-b2ce3a72, prefetch_request_id=-1) [3m(storage_manager.py:575:lmcache.v1.distributed.storage_manager)[0m
[32;20m[2026-06-03 07:31:12,274] LMCache INFO:[0m Stored 512 tokens in 0.007 seconds [3m(gpu_transfer.py:513:lmcache.v1.multiprocess.modules.gpu_transfer)[0m
[32;20m[2026-06-03 07:31:12,454] LMCache INFO:[0m Prefetch request completed (L1+L2): 149/179 retained keys (149 L1, 0 L2) in 0.9 ms (external_request_id=chatcmpl-bfb3ad32-b7e8-4912-8f0e-3ba961620138-bff29b35, prefetch_request_id=-1) [3m(storage_manager.py:575:lmcache.v1.distributed.storage_manager)[0m
[32;20m[2026-06-03 07:31:12,658] LMCache INFO:[0m Stored 7680 tokens in 0.008 seconds [3m(gpu_transfer.py:513:lmcache.v1.multiprocess.modules.gpu_transfer)[0m
[32;20m[2026-06-03 07:31:14,956] LMCache INFO:[0m Prefetch request completed (L1+L2): 145/172 retained keys (145 L1, 0 L2) in 1.4 ms (external_request_id=chatcmpl-847c0933-9ef7-4895-9f97-b53c9a25d11c-8efc2ca1, prefetch_request_id=-1) [3m(storage_manager.py:575:lmcache.v1.distributed.storage_manager)[0m
[32;20m[2026-06-03 07:31:15,180] LMCache INFO:[0m Stored 6912 tokens in 0.009 seconds [3m(gpu_transfer.py:513:lmcache.v1.multiprocess.modules.gpu_transfer)[0m
[32;20m[2026-06-03 07:31:16,482] LMCache INFO:[0m Stored 256 tokens in 0.002 seconds [3m(gpu_transfer.py:513:lmcache.v1.multiprocess.modules.gpu_transfer)[0m
[32;20m[2026-06-03 07:31:17,088] LMCache INFO:[0m Stored 256 tokens in 0.002 seconds [3m(gpu_transfer.py:513:lmcache.v1.multiprocess.modules.gpu_transfer)[0m
[32;20m[2026-06-03 07:31:17,578] LMCache INFO:[0m Prefetch request completed (L1+L2): 179/179 retained keys (179 L1, 0 L2) in 1.1 ms (external_request_id=chatcmpl-73d6a388-7d57-4088-be5a-8c8bb9b2679c-bb78348b, prefetch_request_id=-1) [3m(storage_manager.py:575:lmcache.v1.distributed.storage_manager)[0m
[32;20m[2026-06-03 07:31:18,500] LMCache INFO:[0m Prefetch request completed (L1+L2): 359/359 retained keys (359 L1, 0 L2) in 1.4 ms (external_request_id=chatcmpl-aec0c83d-64db-4547-91b6-ea9a24404c4a-967361dd, prefetch_request_id=-1) [3m(storage_manager.py:575:lmcache.v1.distributed.storage_manager)[0m
[32;20m[2026-06-03 07:31:18,820] LMCache INFO:[0m Stored 256 tokens in 0.007 seconds [3m(gpu_transfer.py:513:lmcache.v1.multiprocess.modules.gpu_transfer)[0m
[32;20m[2026-06-03 07:31:19,934] LMCache INFO:[0m Stored 256 tokens in 0.003 seconds [3m(gpu_transfer.py:513:lmcache.v1.multiprocess.modules.gpu_transfer)[0m
[32;20m[2026-06-03 07:31:20,539] LMCache INFO:[0m Stored 256 tokens in 0.002 seconds [3m(gpu_transfer.py:513:lmcache.v1.multiprocess.modules.gpu_transfer)[0m
[32;20m[2026-06-03 07:31:21,094] LMCache INFO:[0m Prefetch request completed (L1+L2): 359/361 retained keys (359 L1, 0 L2) in 1.7 ms (external_request_id=chatcmpl-8d1e089d-68e4-474d-93b5-a5c0b3d2b4ac-8cdf0662, prefetch_request_id=-1) [3m(storage_manager.py:575:lmcache.v1.distributed.storage_manager)[0m
[32;20m[2026-06-03 07:31:21,301] LMCache INFO:[0m Stored 512 tokens in 0.011 seconds [3m(gpu_transfer.py:513:lmcache.v1.multiprocess.modules.gpu_transfer)[0m
[32;20m[2026-06-03 07:31:22,258] LMCache INFO:[0m Prefetch request completed (L1+L2): 179/181 retained keys (179 L1, 0 L2) in 1.4 ms (external_request_id=chatcmpl-10bf969a-8808-469e-b4e3-6ad26da5bc5b-9d491669, prefetch_request_id=-1) [3m(storage_manager.py:575:lmcache.v1.distributed.storage_manager)[0m
[32;20m[2026-06-03 07:31:22,439] LMCache INFO:[0m Stored 512 tokens in 0.007 seconds [3m(gpu_transfer.py:513:lmcache.v1.multiprocess.modules.gpu_transfer)[0m
[32;20m[2026-06-03 07:31:25,964] LMCache INFO:[0m Prefetch request completed (L1+L2): 181/187 retained keys (181 L1, 0 L2) in 1.0 ms (external_request_id=chatcmpl-e44873ae-32da-4485-a8ea-7a08bcd8fb6d-b5481979, prefetch_request_id=-1) [3m(storage_manager.py:575:lmcache.v1.distributed.storage_manager)[0m
[32;20m[2026-06-03 07:31:26,094] LMCache INFO:[0m Stored 1536 tokens in 0.007 seconds [3m(gpu_transfer.py:513:lmcache.v1.multiprocess.modules.gpu_transfer)[0m
[32;20m[2026-06-03 07:31:27,425] LMCache INFO:[0m Prefetch request completed (L1+L2): 172/184 retained keys (172 L1, 0 L2) in 1.1 ms (external_request_id=chatcmpl-cd507ea5-e936-4300-8d0c-ed92db878ef5-8f3a9ecb, prefetch_request_id=-1) [3m(storage_manager.py:575:lmcache.v1.distributed.storage_manager)[0m
[32;20m[2026-06-03 07:31:27,637] LMCache INFO:[0m Stored 3072 tokens in 0.008 seconds [3m(gpu_transfer.py:513:lmcache.v1.multiprocess.modules.gpu_transfer)[0m
[32;20m[2026-06-03 07:31:30,103] LMCache INFO:[0m Prefetch request completed (L1+L2): 198/198 retained keys (198 L1, 0 L2) in 1.2 ms (external_request_id=chatcmpl-9b11b196-7b27-4597-ae32-9148b124de65-b628f512, prefetch_request_id=-1) [3m(storage_manager.py:575:lmcache.v1.distributed.storage_manager)[0m
[32;20m[2026-06-03 07:31:30,881] LMCache INFO:[0m Stored 256 tokens in 0.004 seconds [3m(gpu_transfer.py:513:lmcache.v1.multiprocess.modules.gpu_transfer)[0m
[32;20m[2026-06-03 07:31:31,146] LMCache INFO:[0m Stored 256 tokens in 0.007 seconds [3m(gpu_transfer.py:513:lmcache.v1.multiprocess.modules.gpu_transfer)[0m
[32;20m[2026-06-03 07:31:33,742] LMCache INFO:[0m Stored 256 tokens in 0.002 seconds [3m(gpu_transfer.py:513:lmcache.v1.multiprocess.modules.gpu_transfer)[0m
[32;20m[2026-06-03 07:31:34,010] LMCache INFO:[0m Stored 256 tokens in 0.002 seconds [3m(gpu_transfer.py:513:lmcache.v1.multiprocess.modules.gpu_transfer)[0m
[32;20m[2026-06-03 07:31:34,218] LMCache INFO:[0m Prefetch request completed (L1+L2): 187/188 retained keys (187 L1, 0 L2) in 1.4 ms (external_request_id=chatcmpl-621cb607-6ea9-4b81-865d-24ccf09ce5c5-9d6b547b, prefetch_request_id=-1) [3m(storage_manager.py:575:lmcache.v1.distributed.storage_manager)[0m
[32;20m[2026-06-03 07:31:34,398] LMCache INFO:[0m Stored 256 tokens in 0.007 seconds [3m(gpu_transfer.py:513:lmcache.v1.multiprocess.modules.gpu_transfer)[0m
[32;20m[2026-06-03 07:31:37,272] LMCache INFO:[0m Stored 256 tokens in 0.003 seconds [3m(gpu_transfer.py:513:lmcache.v1.multiprocess.modules.gpu_transfer)[0m
[32;20m[2026-06-03 07:31:38,429] LMCache INFO:[0m Prefetch request completed (L1+L2): 188/189 retained keys (188 L1, 0 L2) in 1.2 ms (external_request_id=chatcmpl-21428bd1-dbab-4923-ad38-5fa7d0fb1cfc-81173782, prefetch_request_id=-1) [3m(storage_manager.py:575:lmcache.v1.distributed.storage_manager)[0m
[32;20m[2026-06-03 07:31:38,600] LMCache INFO:[0m Stored 256 tokens in 0.007 seconds [3m(gpu_transfer.py:513:lmcache.v1.multiprocess.modules.gpu_transfer)[0m
[32;20m[2026-06-03 07:31:39,780] LMCache INFO:[0m Prefetch request completed (L1+L2): 184/208 retained keys (184 L1, 0 L2) in 1.4 ms (external_request_id=chatcmpl-d0a345e9-d5de-462c-8b3e-e1a72e5e7310-b2ba84cb, prefetch_request_id=-1) [3m(storage_manager.py:575:lmcache.v1.distributed.storage_manager)[0m
[32;20m[2026-06-03 07:31:40,008] LMCache INFO:[0m Stored 6144 tokens in 0.008 seconds [3m(gpu_transfer.py:513:lmcache.v1.multiprocess.modules.gpu_transfer)[0m
[32;20m[2026-06-03 07:31:41,147] LMCache INFO:[0m Stored 256 tokens in 0.003 seconds [3m(gpu_transfer.py:513:lmcache.v1.multiprocess.modules.gpu_transfer)[0m
[32;20m[2026-06-03 07:31:42,924] LMCache INFO:[0m Prefetch request completed (L1+L2): 189/191 retained keys (189 L1, 0 L2) in 1.2 ms (external_request_id=chatcmpl-59155115-235e-4bc9-b543-7b034c224ed6-814ae28d, prefetch_request_id=-1) [3m(storage_manager.py:575:lmcache.v1.distributed.storage_manager)[0m
[32;20m[2026-06-03 07:31:43,134] LMCache INFO:[0m Stored 512 tokens in 0.007 seconds [3m(gpu_transfer.py:513:lmcache.v1.multiprocess.modules.gpu_transfer)[0m
[32;20m[2026-06-03 07:31:43,461] LMCache INFO:[0m Stored 256 tokens in 0.002 seconds [3m(gpu_transfer.py:513:lmcache.v1.multiprocess.modules.gpu_transfer)[0m
[32;20m[2026-06-03 07:31:44,416] LMCache INFO:[0m Stored 256 tokens in 0.002 seconds [3m(gpu_transfer.py:513:lmcache.v1.multiprocess.modules.gpu_transfer)[0m
[32;20m[2026-06-03 07:31:46,693] LMCache INFO:[0m Prefetch request completed (L1+L2): 191/192 retained keys (191 L1, 0 L2) in 1.2 ms (external_request_id=chatcmpl-1b09536a-5b1d-4cc8-a31d-9d1e6c2244d7-b367e076, prefetch_request_id=-1) [3m(storage_manager.py:575:lmcache.v1.distributed.storage_manager)[0m
[32;20m[2026-06-03 07:31:46,878] LMCache INFO:[0m Stored 256 tokens in 0.007 seconds [3m(gpu_transfer.py:513:lmcache.v1.multiprocess.modules.gpu_transfer)[0m
[32;20m[2026-06-03 07:31:47,592] LMCache INFO:[0m Stored 256 tokens in 0.003 seconds [3m(gpu_transfer.py:513:lmcache.v1.multiprocess.modules.gpu_transfer)[0m
[32;20m[2026-06-03 07:31:50,103] LMCache INFO:[0m Prefetch request completed (L1+L2): 198/202 retained keys (198 L1, 0 L2) in 1.1 ms (external_request_id=chatcmpl-951b77e8-8d62-4027-8b6c-4c4d37c0c086-9a6cd75a, prefetch_request_id=-1) [3m(storage_manager.py:575:lmcache.v1.distributed.storage_manager)[0m
[32;20m[2026-06-03 07:31:50,272] LMCache INFO:[0m Stored 1024 tokens in 0.007 seconds [3m(gpu_transfer.py:513:lmcache.v1.multiprocess.modules.gpu_transfer)[0m
[32;20m[2026-06-03 07:31:50,827] LMCache INFO:[0m Prefetch request completed (L1+L2): 192/195 retained keys (192 L1, 0 L2) in 1.4 ms (external_request_id=chatcmpl-7b1b6b93-9dad-4fa8-a4b7-1d97dcbbf3b9-8dd90143, prefetch_request_id=-1) [3m(storage_manager.py:575:lmcache.v1.distributed.storage_manager)[0m
[32;20m[2026-06-03 07:31:51,044] LMCache INFO:[0m Stored 768 tokens in 0.007 seconds [3m(gpu_transfer.py:513:lmcache.v1.multiprocess.modules.gpu_transfer)[0m
[32;20m[2026-06-03 07:31:51,274] LMCache INFO:[0m Stored 256 tokens in 0.002 seconds [3m(gpu_transfer.py:513:lmcache.v1.multiprocess.modules.gpu_transfer)[0m
[32;20m[2026-06-03 07:31:52,012] LMCache INFO:[0m Stored 256 tokens in 0.002 seconds [3m(gpu_transfer.py:513:lmcache.v1.multiprocess.modules.gpu_transfer)[0m
[32;20m[2026-06-03 07:31:54,260] LMCache INFO:[0m Stored 256 tokens in 0.003 seconds [3m(gpu_transfer.py:513:lmcache.v1.multiprocess.modules.gpu_transfer)[0m
[32;20m[2026-06-03 07:31:55,017] LMCache INFO:[0m Prefetch request completed (L1+L2): 195/203 retained keys (195 L1, 0 L2) in 1.1 ms (external_request_id=chatcmpl-56cd6cf2-41db-43f9-b2bf-8b3a32042fe9-970f61da, prefetch_request_id=-1) [3m(storage_manager.py:575:lmcache.v1.distributed.storage_manager)[0m
[32;20m[2026-06-03 07:31:55,195] LMCache INFO:[0m Stored 2048 tokens in 0.008 seconds [3m(gpu_transfer.py:513:lmcache.v1.multiprocess.modules.gpu_transfer)[0m
[32;20m[2026-06-03 07:31:56,198] LMCache INFO:[0m Prefetch request completed (L1+L2): 202/202 retained keys (202 L1, 0 L2) in 1.3 ms (external_request_id=chatcmpl-5c748f80-b79a-4e8b-b3f8-43f82e028fd0-92f817c7, prefetch_request_id=-1) [3m(storage_manager.py:575:lmcache.v1.distributed.storage_manager)[0m
[32;20m[2026-06-03 07:31:56,544] LMCache INFO:[0m Stored 256 tokens in 0.003 seconds [3m(gpu_transfer.py:513:lmcache.v1.multiprocess.modules.gpu_transfer)[0m
[32;20m[2026-06-03 07:31:57,777] LMCache INFO:[0m Stored 256 tokens in 0.007 seconds [3m(gpu_transfer.py:513:lmcache.v1.multiprocess.modules.gpu_transfer)[0m
[32;20m[2026-06-03 07:32:00,612] LMCache INFO:[0m Stored 256 tokens in 0.003 seconds [3m(gpu_transfer.py:513:lmcache.v1.multiprocess.modules.gpu_transfer)[0m
[32;20m[2026-06-03 07:32:01,137] LMCache INFO:[0m Prefetch request completed (L1+L2): 203/204 retained keys (203 L1, 0 L2) in 1.1 ms (external_request_id=chatcmpl-1bca34ed-98fa-4fc9-9821-e5f26218718a-8b0e1dfb, prefetch_request_id=-1) [3m(storage_manager.py:575:lmcache.v1.distributed.storage_manager)[0m
[32;20m[2026-06-03 07:32:01,279] LMCache INFO:[0m Stored 256 tokens in 0.007 seconds [3m(gpu_transfer.py:513:lmcache.v1.multiprocess.modules.gpu_transfer)[0m
[32;20m[2026-06-03 07:32:01,930] LMCache INFO:[0m Stored 256 tokens in 0.002 seconds [3m(gpu_transfer.py:513:lmcache.v1.multiprocess.modules.gpu_transfer)[0m
[32;20m[2026-06-03 07:32:02,572] LMCache INFO:[0m Prefetch request completed (L1+L2): 208/228 retained keys (208 L1, 0 L2) in 1.5 ms (external_request_id=chatcmpl-57148db2-d884-45ad-b2e3-896cdc10a04b-bd46c068, prefetch_request_id=-1) [3m(storage_manager.py:575:lmcache.v1.distributed.storage_manager)[0m
[32;20m[2026-06-03 07:32:02,758] LMCache INFO:[0m Stored 5120 tokens in 0.009 seconds [3m(gpu_transfer.py:513:lmcache.v1.multiprocess.modules.gpu_transfer)[0m
[32;20m[2026-06-03 07:32:03,712] LMCache INFO:[0m Stored 256 tokens in 0.003 seconds [3m(gpu_transfer.py:513:lmcache.v1.multiprocess.modules.gpu_transfer)[0m
[32;20m[2026-06-03 07:32:04,959] LMCache INFO:[0m Prefetch request completed (L1+L2): 204/205 retained keys (204 L1, 0 L2) in 1.4 ms (external_request_id=chatcmpl-c339a174-f4fe-48c3-91d5-e0b93271c3ca-be21b6d1, prefetch_request_id=-1) [3m(storage_manager.py:575:lmcache.v1.distributed.storage_manager)[0m
[32;20m[2026-06-03 07:32:05,142] LMCache INFO:[0m Stored 256 tokens in 0.007 seconds [3m(gpu_transfer.py:513:lmcache.v1.multiprocess.modules.gpu_transfer)[0m
[32;20m[2026-06-03 07:32:05,670] LMCache INFO:[0m Stored 256 tokens in 0.002 seconds [3m(gpu_transfer.py:513:lmcache.v1.multiprocess.modules.gpu_transfer)[0m
[32;20m[2026-06-03 07:32:06,989] LMCache INFO:[0m Stored 256 tokens in 0.003 seconds [3m(gpu_transfer.py:513:lmcache.v1.multiprocess.modules.gpu_transfer)[0m
[32;20m[2026-06-03 07:32:07,147] LMCache INFO:[0m Prefetch request completed (L1+L2): 361/361 retained keys (361 L1, 0 L2) in 21.6 ms (external_request_id=chatcmpl-5c8fd282-2635-4c06-bfba-2079f8339ae1-85952122, prefetch_request_id=-1) [3m(storage_manager.py:575:lmcache.v1.distributed.storage_manager)[0m
[32;20m[2026-06-03 07:32:07,394] LMCache INFO:[0m Prefetch request completed (L1+L2): 202/203 retained keys (202 L1, 0 L2) in 1.4 ms (external_request_id=chatcmpl-dba6188d-63bf-4dd3-9820-47c919ba6758-b1efcc76, prefetch_request_id=-1) [3m(storage_manager.py:575:lmcache.v1.distributed.storage_manager)[0m
[32;20m[2026-06-03 07:32:07,580] LMCache INFO:[0m Stored 256 tokens in 0.007 seconds [3m(gpu_transfer.py:513:lmcache.v1.multiprocess.modules.gpu_transfer)[0m
[32;20m[2026-06-03 07:32:08,937] LMCache INFO:[0m Stored 256 tokens in 0.003 seconds [3m(gpu_transfer.py:513:lmcache.v1.multiprocess.modules.gpu_transfer)[0m
[32;20m[2026-06-03 07:32:09,160] LMCache INFO:[0m Prefetch request completed (L1+L2): 205/207 retained keys (205 L1, 0 L2) in 1.2 ms (external_request_id=chatcmpl-30519745-8148-467e-b1af-5aa9719ac744-8c294fd2, prefetch_request_id=-1) [3m(storage_manager.py:575:lmcache.v1.distributed.storage_manager)[0m
[32;20m[2026-06-03 07:32:09,343] LMCache INFO:[0m Stored 512 tokens in 0.007 seconds [3m(gpu_transfer.py:513:lmcache.v1.multiprocess.modules.gpu_transfer)[0m
[32;20m[2026-06-03 07:32:09,838] LMCache INFO:[0m Prefetch request completed (L1+L2): 361/363 retained keys (361 L1, 0 L2) in 1.8 ms (external_request_id=chatcmpl-e10d4a5f-85ad-4915-bc00-928602a41609-a26117eb, prefetch_request_id=-1) [3m(storage_manager.py:575:lmcache.v1.distributed.storage_manager)[0m
[32;20m[2026-06-03 07:32:10,036] LMCache INFO:[0m Stored 512 tokens in 0.011 seconds [3m(gpu_transfer.py:513:lmcache.v1.multiprocess.modules.gpu_transfer)[0m
[32;20m[2026-06-03 07:32:11,633] LMCache INFO:[0m Stored 256 tokens in 0.003 seconds [3m(gpu_transfer.py:513:lmcache.v1.multiprocess.modules.gpu_transfer)[0m
[32;20m[2026-06-03 07:32:12,956] LMCache INFO:[0m Stored 256 tokens in 0.003 seconds [3m(gpu_transfer.py:513:lmcache.v1.multiprocess.modules.gpu_transfer)[0m
[32;20m[2026-06-03 07:32:13,831] LMCache INFO:[0m Prefetch request completed (L1+L2): 207/210 retained keys (207 L1, 0 L2) in 1.2 ms (external_request_id=chatcmpl-5551b14d-ce82-4d47-881e-2b509c42d10c-941db517, prefetch_request_id=-1) [3m(storage_manager.py:575:lmcache.v1.distributed.storage_manager)[0m
[32;20m[2026-06-03 07:32:14,055] LMCache INFO:[0m Stored 768 tokens in 0.007 seconds [3m(gpu_transfer.py:513:lmcache.v1.multiprocess.modules.gpu_transfer)[0m
[32;20m[2026-06-03 07:32:15,031] LMCache INFO:[0m Stored 256 tokens in 0.003 seconds [3m(gpu_transfer.py:513:lmcache.v1.multiprocess.modules.gpu_transfer)[0m
[32;20m[2026-06-03 07:32:16,396] LMCache INFO:[0m Stored 256 tokens in 0.004 seconds [3m(gpu_transfer.py:513:lmcache.v1.multiprocess.modules.gpu_transfer)[0m
[32;20m[2026-06-03 07:32:17,918] LMCache INFO:[0m Prefetch request completed (L1+L2): 363/363 retained keys (363 L1, 0 L2) in 17.3 ms (external_request_id=chatcmpl-450ce511-7e5d-481f-832c-8a9de8e92199-be77f806, prefetch_request_id=-1) [3m(storage_manager.py:575:lmcache.v1.distributed.storage_manager)[0m
[32;20m[2026-06-03 07:32:18,102] LMCache INFO:[0m Prefetch request completed (L1+L2): 210/225 retained keys (210 L1, 0 L2) in 1.5 ms (external_request_id=chatcmpl-0b546517-d767-4645-9df7-b45a60677f91-87e4b772, prefetch_request_id=-1) [3m(storage_manager.py:575:lmcache.v1.distributed.storage_manager)[0m
[32;20m[2026-06-03 07:32:18,337] LMCache INFO:[0m Stored 3840 tokens in 0.008 seconds [3m(gpu_transfer.py:513:lmcache.v1.multiprocess.modules.gpu_transfer)[0m
[32;20m[2026-06-03 07:32:19,039] LMCache INFO:[0m Stored 256 tokens in 0.002 seconds [3m(gpu_transfer.py:513:lmcache.v1.multiprocess.modules.gpu_transfer)[0m
[32;20m[2026-06-03 07:32:19,228] LMCache INFO:[0m Stored 256 tokens in 0.003 seconds [3m(gpu_transfer.py:513:lmcache.v1.multiprocess.modules.gpu_transfer)[0m
[32;20m[2026-06-03 07:32:21,746] LMCache INFO:[0m Stored 256 tokens in 0.011 seconds [3m(gpu_transfer.py:513:lmcache.v1.multiprocess.modules.gpu_transfer)[0m
[32;20m[2026-06-03 07:32:22,332] LMCache INFO:[0m Stored 256 tokens in 0.003 seconds [3m(gpu_transfer.py:513:lmcache.v1.multiprocess.modules.gpu_transfer)[0m
[32;20m[2026-06-03 07:32:23,225] LMCache INFO:[0m Prefetch request completed (L1+L2): 225/228 retained keys (225 L1, 0 L2) in 1.5 ms (external_request_id=chatcmpl-834140fc-28b7-41f6-8717-b28ca44394af-8daf30a0, prefetch_request_id=-1) [3m(storage_manager.py:575:lmcache.v1.distributed.storage_manager)[0m
[32;20m[2026-06-03 07:32:23,390] LMCache INFO:[0m Stored 768 tokens in 0.008 seconds [3m(gpu_transfer.py:513:lmcache.v1.multiprocess.modules.gpu_transfer)[0m
[32;20m[2026-06-03 07:32:24,329] LMCache INFO:[0m Stored 256 tokens in 0.003 seconds [3m(gpu_transfer.py:513:lmcache.v1.multiprocess.modules.gpu_transfer)[0m
[32;20m[2026-06-03 07:32:25,674] LMCache INFO:[0m Stored 256 tokens in 0.004 seconds [3m(gpu_transfer.py:513:lmcache.v1.multiprocess.modules.gpu_transfer)[0m
[32;20m[2026-06-03 07:32:28,233] LMCache INFO:[0m Prefetch request completed (L1+L2): 228/231 retained keys (228 L1, 0 L2) in 1.5 ms (external_request_id=chatcmpl-1fcddf46-fee4-46c1-826e-e28a8f9d2e39-a19ee2d3, prefetch_request_id=-1) [3m(storage_manager.py:575:lmcache.v1.distributed.storage_manager)[0m
[32;20m[2026-06-03 07:32:28,445] LMCache INFO:[0m Stored 768 tokens in 0.008 seconds [3m(gpu_transfer.py:513:lmcache.v1.multiprocess.modules.gpu_transfer)[0m
[32;20m[2026-06-03 07:32:29,031] LMCache INFO:[0m Stored 256 tokens in 0.003 seconds [3m(gpu_transfer.py:513:lmcache.v1.multiprocess.modules.gpu_transfer)[0m
[32;20m[2026-06-03 07:32:31,904] LMCache INFO:[0m Prefetch request completed (L1+L2): 363/364 retained keys (363 L1, 0 L2) in 1.8 ms (external_request_id=chatcmpl-db51c2ea-f3cf-43b6-8279-e5cead0ed284-a2e66e2b, prefetch_request_id=-1) [3m(storage_manager.py:575:lmcache.v1.distributed.storage_manager)[0m
[32;20m[2026-06-03 07:32:32,100] LMCache INFO:[0m Stored 256 tokens in 0.011 seconds [3m(gpu_transfer.py:513:lmcache.v1.multiprocess.modules.gpu_transfer)[0m
[32;20m[2026-06-03 07:32:33,060] LMCache INFO:[0m Prefetch request completed (L1+L2): 231/234 retained keys (231 L1, 0 L2) in 1.5 ms (external_request_id=chatcmpl-60b9be6e-4ed0-4c13-94a3-b947e315e59d-a1b444bc, prefetch_request_id=-1) [3m(storage_manager.py:575:lmcache.v1.distributed.storage_manager)[0m
[32;20m[2026-06-03 07:32:33,244] LMCache INFO:[0m Stored 768 tokens in 0.008 seconds [3m(gpu_transfer.py:513:lmcache.v1.multiprocess.modules.gpu_transfer)[0m
[32;20m[2026-06-03 07:32:34,530] LMCache INFO:[0m Prefetch request completed (L1+L2): 356/360 retained keys (356 L1, 0 L2) in 1.8 ms (external_request_id=chatcmpl-18d751b0-23ef-44ba-8338-baa6640b79f6-85b6eea8, prefetch_request_id=-1) [3m(storage_manager.py:575:lmcache.v1.distributed.storage_manager)[0m
[32;20m[2026-06-03 07:32:34,833] LMCache INFO:[0m Stored 1024 tokens in 0.011 seconds [3m(gpu_transfer.py:513:lmcache.v1.multiprocess.modules.gpu_transfer)[0m
[32;20m[2026-06-03 07:32:36,922] LMCache INFO:[0m Stored 256 tokens in 0.003 seconds [3m(gpu_transfer.py:513:lmcache.v1.multiprocess.modules.gpu_transfer)[0m
[32;20m[2026-06-03 07:32:36,993] LMCache INFO:[0m Stored 256 tokens in 0.003 seconds [3m(gpu_transfer.py:513:lmcache.v1.multiprocess.modules.gpu_transfer)[0m
[32;20m[2026-06-03 07:32:39,889] LMCache INFO:[0m Stored 256 tokens in 0.003 seconds [3m(gpu_transfer.py:513:lmcache.v1.multiprocess.modules.gpu_transfer)[0m
[32;20m[2026-06-03 07:32:41,874] LMCache INFO:[0m Prefetch request completed (L1+L2): 360/362 retained keys (360 L1, 0 L2) in 1.4 ms (external_request_id=chatcmpl-1932ea47-914b-4d53-849c-b5aa9190c171-b326bcac, prefetch_request_id=-1) [3m(storage_manager.py:575:lmcache.v1.distributed.storage_manager)[0m
[32;20m[2026-06-03 07:32:42,087] LMCache INFO:[0m Stored 512 tokens in 0.011 seconds [3m(gpu_transfer.py:513:lmcache.v1.multiprocess.modules.gpu_transfer)[0m
[32;20m[2026-06-03 07:32:43,446] LMCache INFO:[0m Stored 256 tokens in 0.003 seconds [3m(gpu_transfer.py:513:lmcache.v1.multiprocess.modules.gpu_transfer)[0m
[32;20m[2026-06-03 07:32:44,952] LMCache INFO:[0m Prefetch request completed (L1+L2): 228/241 retained keys (228 L1, 0 L2) in 1.3 ms (external_request_id=chatcmpl-d509a553-77c3-4fc0-9885-63454c95e855-bf0712e4, prefetch_request_id=-1) [3m(storage_manager.py:575:lmcache.v1.distributed.storage_manager)[0m
[32;20m[2026-06-03 07:32:45,174] LMCache INFO:[0m Stored 3328 tokens in 0.009 seconds [3m(gpu_transfer.py:513:lmcache.v1.multiprocess.modules.gpu_transfer)[0m
[32;20m[2026-06-03 07:32:45,818] LMCache INFO:[0m Stored 256 tokens in 0.003 seconds [3m(gpu_transfer.py:513:lmcache.v1.multiprocess.modules.gpu_transfer)[0m
[32;20m[2026-06-03 07:32:47,097] LMCache INFO:[0m Stored 256 tokens in 0.003 seconds [3m(gpu_transfer.py:513:lmcache.v1.multiprocess.modules.gpu_transfer)[0m
[32;20m[2026-06-03 07:32:48,691] LMCache INFO:[0m Stored 256 tokens in 0.003 seconds [3m(gpu_transfer.py:513:lmcache.v1.multiprocess.modules.gpu_transfer)[0m
[32;20m[2026-06-03 07:32:49,971] LMCache INFO:[0m Stored 256 tokens in 0.003 seconds [3m(gpu_transfer.py:513:lmcache.v1.multiprocess.modules.gpu_transfer)[0m
[32;20m[2026-06-03 07:32:51,563] LMCache INFO:[0m Stored 256 tokens in 0.003 seconds [3m(gpu_transfer.py:513:lmcache.v1.multiprocess.modules.gpu_transfer)[0m
[32;20m[2026-06-03 07:32:52,844] LMCache INFO:[0m Stored 256 tokens in 0.003 seconds [3m(gpu_transfer.py:513:lmcache.v1.multiprocess.modules.gpu_transfer)[0m
[32;20m[2026-06-03 07:32:54,439] LMCache INFO:[0m Stored 256 tokens in 0.003 seconds [3m(gpu_transfer.py:513:lmcache.v1.multiprocess.modules.gpu_transfer)[0m
[32;20m[2026-06-03 07:32:55,612] LMCache INFO:[0m Prefetch request completed (L1+L2): 362/362 retained keys (362 L1, 0 L2) in 1.9 ms (external_request_id=chatcmpl-5e8d30d6-c526-451c-a004-8cfa3bb4d0d0-b785f04c, prefetch_request_id=-1) [3m(storage_manager.py:575:lmcache.v1.distributed.storage_manager)[0m
[32;20m[2026-06-03 07:32:55,756] LMCache INFO:[0m Prefetch request completed (L1+L2): 40/51 retained keys (40 L1, 0 L2) in 27.6 ms (external_request_id=chatcmpl-246bb9df-43aa-45ae-a623-4dec814ead78-8454fcde, prefetch_request_id=-1) [3m(storage_manager.py:575:lmcache.v1.distributed.storage_manager)[0m
[32;20m[2026-06-03 07:32:55,951] LMCache INFO:[0m Stored 2816 tokens in 0.004 seconds [3m(gpu_transfer.py:513:lmcache.v1.multiprocess.modules.gpu_transfer)[0m
[32;20m[2026-06-03 07:32:57,063] LMCache INFO:[0m Stored 256 tokens in 0.002 seconds [3m(gpu_transfer.py:513:lmcache.v1.multiprocess.modules.gpu_transfer)[0m
[32;20m[2026-06-03 07:32:58,045] LMCache INFO:[0m Stored 256 tokens in 0.003 seconds [3m(gpu_transfer.py:513:lmcache.v1.multiprocess.modules.gpu_transfer)[0m
[32;20m[2026-06-03 07:33:00,066] LMCache INFO:[0m Stored 256 tokens in 0.002 seconds [3m(gpu_transfer.py:513:lmcache.v1.multiprocess.modules.gpu_transfer)[0m
[32;20m[2026-06-03 07:33:01,163] LMCache INFO:[0m Prefetch request completed (L1+L2): 362/364 retained keys (362 L1, 0 L2) in 1.8 ms (external_request_id=chatcmpl-8c676036-d7b4-4b48-a120-d7d40d42c7f1-9052f0a2, prefetch_request_id=-1) [3m(storage_manager.py:575:lmcache.v1.distributed.storage_manager)[0m
[32;20m[2026-06-03 07:33:01,426] LMCache INFO:[0m Stored 512 tokens in 0.011 seconds [3m(gpu_transfer.py:513:lmcache.v1.multiprocess.modules.gpu_transfer)[0m
[32;20m[2026-06-03 07:33:01,750] LMCache INFO:[0m Stored 256 tokens in 0.003 seconds [3m(gpu_transfer.py:513:lmcache.v1.multiprocess.modules.gpu_transfer)[0m
[32;20m[2026-06-03 07:33:03,786] LMCache INFO:[0m Stored 256 tokens in 0.002 seconds [3m(gpu_transfer.py:513:lmcache.v1.multiprocess.modules.gpu_transfer)[0m
[32;20m[2026-06-03 07:33:04,766] LMCache INFO:[0m Stored 256 tokens in 0.003 seconds [3m(gpu_transfer.py:513:lmcache.v1.multiprocess.modules.gpu_transfer)[0m
[32;20m[2026-06-03 07:33:06,772] LMCache INFO:[0m Stored 256 tokens in 0.002 seconds [3m(gpu_transfer.py:513:lmcache.v1.multiprocess.modules.gpu_transfer)[0m
[32;20m[2026-06-03 07:33:07,752] LMCache INFO:[0m Stored 256 tokens in 0.003 seconds [3m(gpu_transfer.py:513:lmcache.v1.multiprocess.modules.gpu_transfer)[0m
[32;20m[2026-06-03 07:33:13,585] LMCache INFO:[0m Prefetch request completed (L1+L2): 364/365 retained keys (364 L1, 0 L2) in 1.8 ms (external_request_id=chatcmpl-f53cbddb-59f5-49da-bb5c-0cbad8aab451-bb72b516, prefetch_request_id=-1) [3m(storage_manager.py:575:lmcache.v1.distributed.storage_manager)[0m
[32;20m[2026-06-03 07:33:13,845] LMCache INFO:[0m Stored 256 tokens in 0.011 seconds [3m(gpu_transfer.py:513:lmcache.v1.multiprocess.modules.gpu_transfer)[0m
[32;20m[2026-06-03 07:33:15,959] LMCache INFO:[0m Prefetch request completed (L1+L2): 365/366 retained keys (365 L1, 0 L2) in 2.0 ms (external_request_id=chatcmpl-0cb9df21-6a87-4a4a-83fe-cbb58c90ccbf-8bd8df83, prefetch_request_id=-1) [3m(storage_manager.py:575:lmcache.v1.distributed.storage_manager)[0m
[32;20m[2026-06-03 07:33:16,136] LMCache INFO:[0m Stored 256 tokens in 0.011 seconds [3m(gpu_transfer.py:513:lmcache.v1.multiprocess.modules.gpu_transfer)[0m
[32;20m[2026-06-03 07:33:19,986] LMCache INFO:[0m Prefetch request completed (L1+L2): 203/207 retained keys (203 L1, 0 L2) in 1.7 ms (external_request_id=chatcmpl-0a2e7baf-3026-4344-9567-796cdf8590f8-a75674d6, prefetch_request_id=-1) [3m(storage_manager.py:575:lmcache.v1.distributed.storage_manager)[0m
[32;20m[2026-06-03 07:33:20,122] LMCache INFO:[0m Stored 1024 tokens in 0.008 seconds [3m(gpu_transfer.py:513:lmcache.v1.multiprocess.modules.gpu_transfer)[0m
[32;20m[2026-06-03 07:33:22,135] LMCache INFO:[0m Stored 256 tokens in 0.003 seconds [3m(gpu_transfer.py:513:lmcache.v1.multiprocess.modules.gpu_transfer)[0m
[32;20m[2026-06-03 07:33:22,764] LMCache INFO:[0m Prefetch request completed (L1+L2): 241/252 retained keys (241 L1, 0 L2) in 1.6 ms (external_request_id=chatcmpl-fec96b82-de72-4734-824a-4e5c37cd9ffe-8e90f018, prefetch_request_id=-1) [3m(storage_manager.py:575:lmcache.v1.distributed.storage_manager)[0m
[32;20m[2026-06-03 07:33:22,995] LMCache INFO:[0m Stored 2816 tokens in 0.009 seconds [3m(gpu_transfer.py:513:lmcache.v1.multiprocess.modules.gpu_transfer)[0m
[32;20m[2026-06-03 07:33:23,510] LMCache INFO:[0m Stored 256 tokens in 0.002 seconds [3m(gpu_transfer.py:513:lmcache.v1.multiprocess.modules.gpu_transfer)[0m
[32;20m[2026-06-03 07:33:25,003] LMCache INFO:[0m Prefetch request completed (L1+L2): 51/58 retained keys (51 L1, 0 L2) in 0.9 ms (external_request_id=chatcmpl-0baa2555-0b4f-40dd-a2c1-bc0b4a27b47f-8601a5dd, prefetch_request_id=-1) [3m(storage_manager.py:575:lmcache.v1.distributed.storage_manager)[0m
[32;20m[2026-06-03 07:33:25,209] LMCache INFO:[0m Stored 1792 tokens in 0.003 seconds [3m(gpu_transfer.py:513:lmcache.v1.multiprocess.modules.gpu_transfer)[0m
[32;20m[2026-06-03 07:33:25,410] LMCache INFO:[0m Stored 256 tokens in 0.002 seconds [3m(gpu_transfer.py:513:lmcache.v1.multiprocess.modules.gpu_transfer)[0m
[32;20m[2026-06-03 07:33:26,720] LMCache INFO:[0m Stored 256 tokens in 0.004 seconds [3m(gpu_transfer.py:513:lmcache.v1.multiprocess.modules.gpu_transfer)[0m
[32;20m[2026-06-03 07:33:28,436] LMCache INFO:[0m Stored 256 tokens in 0.002 seconds [3m(gpu_transfer.py:513:lmcache.v1.multiprocess.modules.gpu_transfer)[0m
[32;20m[2026-06-03 07:33:28,519] LMCache INFO:[0m Prefetch request completed (L1+L2): 207/208 retained keys (207 L1, 0 L2) in 1.4 ms (external_request_id=chatcmpl-7831ded1-a744-45bd-8a39-d1f7e8b77ad8-a86b2565, prefetch_request_id=-1) [3m(storage_manager.py:575:lmcache.v1.distributed.storage_manager)[0m
[32;20m[2026-06-03 07:33:28,695] LMCache INFO:[0m Stored 256 tokens in 0.007 seconds [3m(gpu_transfer.py:513:lmcache.v1.multiprocess.modules.gpu_transfer)[0m
[32;20m[2026-06-03 07:33:30,184] LMCache INFO:[0m Stored 256 tokens in 0.003 seconds [3m(gpu_transfer.py:513:lmcache.v1.multiprocess.modules.gpu_transfer)[0m
[32;20m[2026-06-03 07:33:30,818] LMCache INFO:[0m Stored 256 tokens in 0.002 seconds [3m(gpu_transfer.py:513:lmcache.v1.multiprocess.modules.gpu_transfer)[0m
[32;20m[2026-06-03 07:33:31,571] LMCache INFO:[0m Prefetch request completed (L1+L2): 366/366 retained keys (366 L1, 0 L2) in 1.6 ms (external_request_id=chatcmpl-3cc5d4ed-0dab-4272-acd2-9bbe6ec68223-b5bc68e9, prefetch_request_id=-1) [3m(storage_manager.py:575:lmcache.v1.distributed.storage_manager)[0m
[32;20m[2026-06-03 07:33:32,284] LMCache INFO:[0m Stored 256 tokens in 0.012 seconds [3m(gpu_transfer.py:513:lmcache.v1.multiprocess.modules.gpu_transfer)[0m
[32;20m[2026-06-03 07:33:33,423] LMCache INFO:[0m Stored 256 tokens in 0.003 seconds [3m(gpu_transfer.py:513:lmcache.v1.multiprocess.modules.gpu_transfer)[0m
[32;20m[2026-06-03 07:33:33,630] LMCache INFO:[0m Prefetch request completed (L1+L2): 208/212 retained keys (208 L1, 0 L2) in 1.4 ms (external_request_id=chatcmpl-99a91f2d-0413-4b6e-84bf-493afe8cec33-94d9826d, prefetch_request_id=-1) [3m(storage_manager.py:575:lmcache.v1.distributed.storage_manager)[0m
[32;20m[2026-06-03 07:33:33,796] LMCache INFO:[0m Stored 1024 tokens in 0.007 seconds [3m(gpu_transfer.py:513:lmcache.v1.multiprocess.modules.gpu_transfer)[0m
[32;20m[2026-06-03 07:33:35,702] LMCache INFO:[0m Prefetch request completed (L1+L2): 366/369 retained keys (366 L1, 0 L2) in 1.8 ms (external_request_id=chatcmpl-c5b6ed08-2cc7-4413-b5c2-b5fa0ba05560-944b8dce, prefetch_request_id=-1) [3m(storage_manager.py:575:lmcache.v1.distributed.storage_manager)[0m
[32;20m[2026-06-03 07:33:35,900] LMCache INFO:[0m Stored 768 tokens in 0.011 seconds [3m(gpu_transfer.py:513:lmcache.v1.multiprocess.modules.gpu_transfer)[0m
[32;20m[2026-06-03 07:33:36,360] LMCache INFO:[0m Stored 256 tokens in 0.002 seconds [3m(gpu_transfer.py:513:lmcache.v1.multiprocess.modules.gpu_transfer)[0m
[32;20m[2026-06-03 07:33:37,415] LMCache INFO:[0m Stored 256 tokens in 0.003 seconds [3m(gpu_transfer.py:513:lmcache.v1.multiprocess.modules.gpu_transfer)[0m
[32;20m[2026-06-03 07:33:39,258] LMCache INFO:[0m Stored 256 tokens in 0.003 seconds [3m(gpu_transfer.py:513:lmcache.v1.multiprocess.modules.gpu_transfer)[0m
[32;20m[2026-06-03 07:33:39,534] LMCache INFO:[0m Prefetch request completed (L1+L2): 58/70 retained keys (58 L1, 0 L2) in 0.9 ms (external_request_id=chatcmpl-42f6958c-60be-42e5-8e0c-16a724439341-90e4b53e, prefetch_request_id=-1) [3m(storage_manager.py:575:lmcache.v1.distributed.storage_manager)[0m
[32;20m[2026-06-03 07:33:39,706] LMCache INFO:[0m Stored 3072 tokens in 0.004 seconds [3m(gpu_transfer.py:513:lmcache.v1.multiprocess.modules.gpu_transfer)[0m
[32;20m[2026-06-03 07:33:40,672] LMCache INFO:[0m Stored 256 tokens in 0.003 seconds [3m(gpu_transfer.py:513:lmcache.v1.multiprocess.modules.gpu_transfer)[0m
[32;20m[2026-06-03 07:33:41,450] LMCache INFO:[0m Stored 256 tokens in 0.002 seconds [3m(gpu_transfer.py:513:lmcache.v1.multiprocess.modules.gpu_transfer)[0m
[32;20m[2026-06-03 07:33:42,699] LMCache INFO:[0m Stored 256 tokens in 0.002 seconds [3m(gpu_transfer.py:513:lmcache.v1.multiprocess.modules.gpu_transfer)[0m
[32;20m[2026-06-03 07:33:43,858] LMCache INFO:[0m Stored 256 tokens in 0.004 seconds [3m(gpu_transfer.py:513:lmcache.v1.multiprocess.modules.gpu_transfer)[0m
[32;20m[2026-06-03 07:33:44,638] LMCache INFO:[0m Stored 256 tokens in 0.002 seconds [3m(gpu_transfer.py:513:lmcache.v1.multiprocess.modules.gpu_transfer)[0m
[32;20m[2026-06-03 07:33:45,887] LMCache INFO:[0m Stored 256 tokens in 0.002 seconds [3m(gpu_transfer.py:513:lmcache.v1.multiprocess.modules.gpu_transfer)[0m
[32;20m[2026-06-03 07:33:47,045] LMCache INFO:[0m Stored 256 tokens in 0.003 seconds [3m(gpu_transfer.py:513:lmcache.v1.multiprocess.modules.gpu_transfer)[0m
[32;20m[2026-06-03 07:33:47,825] LMCache INFO:[0m Stored 256 tokens in 0.002 seconds [3m(gpu_transfer.py:513:lmcache.v1.multiprocess.modules.gpu_transfer)[0m
[32;20m[2026-06-03 07:33:48,986] LMCache INFO:[0m Stored 256 tokens in 0.003 seconds [3m(gpu_transfer.py:513:lmcache.v1.multiprocess.modules.gpu_transfer)[0m
[32;20m[2026-06-03 07:33:50,787] LMCache INFO:[0m Prefetch request completed (L1+L2): 369/369 retained keys (369 L1, 0 L2) in 1.7 ms (external_request_id=chatcmpl-4c97e932-4526-410d-99a8-fe1faa387c20-82704c0a, prefetch_request_id=-1) [3m(storage_manager.py:575:lmcache.v1.distributed.storage_manager)[0m
[32;20m[2026-06-03 07:33:52,644] LMCache INFO:[0m Prefetch request completed (L1+L2): 369/371 retained keys (369 L1, 0 L2) in 1.6 ms (external_request_id=chatcmpl-3b70dd44-a0e3-4f75-8c54-a094985d0105-980b3950, prefetch_request_id=-1) [3m(storage_manager.py:575:lmcache.v1.distributed.storage_manager)[0m
[32;20m[2026-06-03 07:33:52,808] LMCache INFO:[0m Stored 512 tokens in 0.011 seconds [3m(gpu_transfer.py:513:lmcache.v1.multiprocess.modules.gpu_transfer)[0m
[32;20m[2026-06-03 07:33:59,752] LMCache INFO:[0m Prefetch request completed (L1+L2): 252/259 retained keys (252 L1, 0 L2) in 1.7 ms (external_request_id=chatcmpl-5ff3014c-c1b6-487f-bdeb-82562c0386a7-84fdbe47, prefetch_request_id=-1) [3m(storage_manager.py:575:lmcache.v1.distributed.storage_manager)[0m
[32;20m[2026-06-03 07:33:59,944] LMCache INFO:[0m Stored 1792 tokens in 0.009 seconds [3m(gpu_transfer.py:513:lmcache.v1.multiprocess.modules.gpu_transfer)[0m
[32;20m[2026-06-03 07:34:01,020] LMCache INFO:[0m Prefetch request completed (L1+L2): 212/218 retained keys (212 L1, 0 L2) in 1.4 ms (external_request_id=chatcmpl-979581b5-df19-483f-9c34-7f6c22eefbdf-9530f115, prefetch_request_id=-1) [3m(storage_manager.py:575:lmcache.v1.distributed.storage_manager)[0m
[32;20m[2026-06-03 07:34:01,197] LMCache INFO:[0m Stored 1536 tokens in 0.008 seconds [3m(gpu_transfer.py:513:lmcache.v1.multiprocess.modules.gpu_transfer)[0m
[32;20m[2026-06-03 07:34:01,733] LMCache INFO:[0m Prefetch request completed (L1+L2): 70/74 retained keys (70 L1, 0 L2) in 1.1 ms (external_request_id=chatcmpl-16b0ef34-aa49-470d-b406-4be813dc2c14-9287f7e9, prefetch_request_id=-1) [3m(storage_manager.py:575:lmcache.v1.distributed.storage_manager)[0m
[32;20m[2026-06-03 07:34:01,927] LMCache INFO:[0m Stored 1024 tokens in 0.004 seconds [3m(gpu_transfer.py:513:lmcache.v1.multiprocess.modules.gpu_transfer)[0m
[32;20m[2026-06-03 07:34:02,104] LMCache INFO:[0m Stored 2304 tokens in 0.002 seconds [3m(gpu_transfer.py:513:lmcache.v1.multiprocess.modules.gpu_transfer)[0m
[32;20m[2026-06-03 07:34:03,359] LMCache INFO:[0m Stored 256 tokens in 0.003 seconds [3m(gpu_transfer.py:513:lmcache.v1.multiprocess.modules.gpu_transfer)[0m
[32;20m[2026-06-03 07:34:04,629] LMCache INFO:[0m Prefetch request completed (L1+L2): 9/76 retained keys (9 L1, 0 L2) in 1.0 ms (external_request_id=chatcmpl-ef04c0f8-143b-43fb-856b-c848d71665ef-b5ddf111, prefetch_request_id=-1) [3m(storage_manager.py:575:lmcache.v1.distributed.storage_manager)[0m
[32;20m[2026-06-03 07:34:04,799] LMCache INFO:[0m Stored 8192 tokens in 0.005 seconds [3m(gpu_transfer.py:513:lmcache.v1.multiprocess.modules.gpu_transfer)[0m
[32;20m[2026-06-03 07:34:04,977] LMCache INFO:[0m Stored 8192 tokens in 0.005 seconds [3m(gpu_transfer.py:513:lmcache.v1.multiprocess.modules.gpu_transfer)[0m
[32;20m[2026-06-03 07:34:05,538] LMCache INFO:[0m Stored 768 tokens in 0.002 seconds [3m(gpu_transfer.py:513:lmcache.v1.multiprocess.modules.gpu_transfer)[0m
[32;20m[2026-06-03 07:34:05,997] LMCache INFO:[0m Stored 256 tokens in 0.002 seconds [3m(gpu_transfer.py:513:lmcache.v1.multiprocess.modules.gpu_transfer)[0m
[32;20m[2026-06-03 07:34:07,068] LMCache INFO:[0m Prefetch request completed (L1+L2): 74/74 retained keys (74 L1, 0 L2) in 1.0 ms (external_request_id=chatcmpl-027606de-4dfc-432e-9f52-47ebbc8cbb7d-a0f2f6c4, prefetch_request_id=-1) [3m(storage_manager.py:575:lmcache.v1.distributed.storage_manager)[0m
[32;20m[2026-06-03 07:34:07,372] LMCache INFO:[0m Stored 256 tokens in 0.004 seconds [3m(gpu_transfer.py:513:lmcache.v1.multiprocess.modules.gpu_transfer)[0m
[32;20m[2026-06-03 07:34:08,415] LMCache INFO:[0m Prefetch request completed (L1+L2): 371/371 retained keys (371 L1, 0 L2) in 2.1 ms (external_request_id=chatcmpl-c68780e1-a813-469c-8aeb-0e79a4c5f299-92dbea2b, prefetch_request_id=-1) [3m(storage_manager.py:575:lmcache.v1.distributed.storage_manager)[0m
[32;20m[2026-06-03 07:34:08,844] LMCache INFO:[0m Stored 256 tokens in 0.004 seconds [3m(gpu_transfer.py:513:lmcache.v1.multiprocess.modules.gpu_transfer)[0m
[32;20m[2026-06-03 07:34:09,448] LMCache INFO:[0m Stored 256 tokens in 0.002 seconds [3m(gpu_transfer.py:513:lmcache.v1.multiprocess.modules.gpu_transfer)[0m
[32;20m[2026-06-03 07:34:10,641] LMCache INFO:[0m Stored 256 tokens in 0.003 seconds [3m(gpu_transfer.py:513:lmcache.v1.multiprocess.modules.gpu_transfer)[0m
[32;20m[2026-06-03 07:34:11,430] LMCache INFO:[0m Prefetch request completed (L1+L2): 371/373 retained keys (371 L1, 0 L2) in 2.0 ms (external_request_id=chatcmpl-d3f80fde-2713-4ef5-816c-54ab5f5c15ef-bea8e7d8, prefetch_request_id=-1) [3m(storage_manager.py:575:lmcache.v1.distributed.storage_manager)[0m
[32;20m[2026-06-03 07:34:11,644] LMCache INFO:[0m Stored 512 tokens in 0.011 seconds [3m(gpu_transfer.py:513:lmcache.v1.multiprocess.modules.gpu_transfer)[0m
[32;20m[2026-06-03 07:34:13,984] LMCache INFO:[0m Prefetch request completed (L1+L2): 74/77 retained keys (74 L1, 0 L2) in 0.9 ms (external_request_id=chatcmpl-ef17fc57-3178-424f-a9ba-f6cfb0f09d85-8c3e62c0, prefetch_request_id=-1) [3m(storage_manager.py:575:lmcache.v1.distributed.storage_manager)[0m
[32;20m[2026-06-03 07:34:14,139] LMCache INFO:[0m Stored 768 tokens in 0.004 seconds [3m(gpu_transfer.py:513:lmcache.v1.multiprocess.modules.gpu_transfer)[0m
[32;20m[2026-06-03 07:34:14,413] LMCache INFO:[0m Stored 256 tokens in 0.004 seconds [3m(gpu_transfer.py:513:lmcache.v1.multiprocess.modules.gpu_transfer)[0m
[32;20m[2026-06-03 07:34:16,878] LMCache INFO:[0m Stored 256 tokens in 0.002 seconds [3m(gpu_transfer.py:513:lmcache.v1.multiprocess.modules.gpu_transfer)[0m
[32;20m[2026-06-03 07:34:17,388] LMCache INFO:[0m Stored 256 tokens in 0.003 seconds [3m(gpu_transfer.py:513:lmcache.v1.multiprocess.modules.gpu_transfer)[0m
[32;20m[2026-06-03 07:34:19,858] LMCache INFO:[0m Stored 256 tokens in 0.002 seconds [3m(gpu_transfer.py:513:lmcache.v1.multiprocess.modules.gpu_transfer)[0m
[32;20m[2026-06-03 07:34:20,369] LMCache INFO:[0m Stored 256 tokens in 0.003 seconds [3m(gpu_transfer.py:513:lmcache.v1.multiprocess.modules.gpu_transfer)[0m
[32;20m[2026-06-03 07:34:22,843] LMCache INFO:[0m Stored 256 tokens in 0.002 seconds [3m(gpu_transfer.py:513:lmcache.v1.multiprocess.modules.gpu_transfer)[0m
[32;20m[2026-06-03 07:34:23,354] LMCache INFO:[0m Stored 256 tokens in 0.003 seconds [3m(gpu_transfer.py:513:lmcache.v1.multiprocess.modules.gpu_transfer)[0m
[32;20m[2026-06-03 07:34:26,296] LMCache INFO:[0m Stored 256 tokens in 0.003 seconds [3m(gpu_transfer.py:513:lmcache.v1.multiprocess.modules.gpu_transfer)[0m
[32;20m[2026-06-03 07:34:26,650] LMCache INFO:[0m Prefetch request completed (L1+L2): 373/373 retained keys (373 L1, 0 L2) in 2.0 ms (external_request_id=chatcmpl-ab6878c9-5c5f-4499-90ba-4846df017ced-b264ab5d, prefetch_request_id=-1) [3m(storage_manager.py:575:lmcache.v1.distributed.storage_manager)[0m
[32;20m[2026-06-03 07:34:30,157] LMCache INFO:[0m Prefetch request completed (L1+L2): 76/91 retained keys (76 L1, 0 L2) in 1.0 ms (external_request_id=chatcmpl-03a42bd4-5b51-4dae-9f8a-aa73191b766c-830a3d72, prefetch_request_id=-1) [3m(storage_manager.py:575:lmcache.v1.distributed.storage_manager)[0m
[32;20m[2026-06-03 07:34:30,329] LMCache INFO:[0m Stored 3840 tokens in 0.005 seconds [3m(gpu_transfer.py:513:lmcache.v1.multiprocess.modules.gpu_transfer)[0m
[32;20m[2026-06-03 07:34:31,504] LMCache INFO:[0m Stored 256 tokens in 0.002 seconds [3m(gpu_transfer.py:513:lmcache.v1.multiprocess.modules.gpu_transfer)[0m
[32;20m[2026-06-03 07:34:31,847] LMCache INFO:[0m Prefetch request completed (L1+L2): 373/375 retained keys (373 L1, 0 L2) in 1.8 ms (external_request_id=chatcmpl-6dc0f5be-2419-43b3-a6a3-97f5787177f9-a6b6fb66, prefetch_request_id=-1) [3m(storage_manager.py:575:lmcache.v1.distributed.storage_manager)[0m
[32;20m[2026-06-03 07:34:32,153] LMCache INFO:[0m Stored 512 tokens in 0.011 seconds [3m(gpu_transfer.py:513:lmcache.v1.multiprocess.modules.gpu_transfer)[0m
[32;20m[2026-06-03 07:34:35,046] LMCache INFO:[0m Stored 256 tokens in 0.002 seconds [3m(gpu_transfer.py:513:lmcache.v1.multiprocess.modules.gpu_transfer)[0m
[32;20m[2026-06-03 07:34:37,831] LMCache INFO:[0m Stored 256 tokens in 0.002 seconds [3m(gpu_transfer.py:513:lmcache.v1.multiprocess.modules.gpu_transfer)[0m
[32;20m[2026-06-03 07:34:40,625] LMCache INFO:[0m Stored 256 tokens in 0.002 seconds [3m(gpu_transfer.py:513:lmcache.v1.multiprocess.modules.gpu_transfer)[0m
[32;20m[2026-06-03 07:34:45,985] LMCache INFO:[0m Prefetch request completed (L1+L2): 360/364 retained keys (360 L1, 0 L2) in 1.7 ms (external_request_id=chatcmpl-fec31426-e0a8-488b-bd43-3c077fdc929b-81c5798b, prefetch_request_id=-1) [3m(storage_manager.py:575:lmcache.v1.distributed.storage_manager)[0m
[32;20m[2026-06-03 07:34:46,245] LMCache INFO:[0m Stored 1024 tokens in 0.011 seconds [3m(gpu_transfer.py:513:lmcache.v1.multiprocess.modules.gpu_transfer)[0m
[32;20m[2026-06-03 07:34:50,079] LMCache INFO:[0m Prefetch request completed (L1+L2): 364/365 retained keys (364 L1, 0 L2) in 1.2 ms (external_request_id=chatcmpl-2b329d9f-e2a0-4f31-acea-b986ebf3e59d-82b6e9c1, prefetch_request_id=-1) [3m(storage_manager.py:575:lmcache.v1.distributed.storage_manager)[0m
[32;20m[2026-06-03 07:34:50,261] LMCache INFO:[0m Stored 256 tokens in 0.011 seconds [3m(gpu_transfer.py:513:lmcache.v1.multiprocess.modules.gpu_transfer)[0m
[32;20m[2026-06-03 07:34:50,707] LMCache INFO:[0m Stored 256 tokens in 0.003 seconds [3m(gpu_transfer.py:513:lmcache.v1.multiprocess.modules.gpu_transfer)[0m
[32;20m[2026-06-03 07:34:53,626] LMCache INFO:[0m Stored 256 tokens in 0.004 seconds [3m(gpu_transfer.py:513:lmcache.v1.multiprocess.modules.gpu_transfer)[0m
[32;20m[2026-06-03 07:34:59,618] LMCache INFO:[0m Prefetch request completed (L1+L2): 365/368 retained keys (365 L1, 0 L2) in 1.8 ms (external_request_id=chatcmpl-54e6548b-2948-43a7-83b5-4377746ebcaa-935d146a, prefetch_request_id=-1) [3m(storage_manager.py:575:lmcache.v1.distributed.storage_manager)[0m
[32;20m[2026-06-03 07:34:59,875] LMCache INFO:[0m Stored 768 tokens in 0.011 seconds [3m(gpu_transfer.py:513:lmcache.v1.multiprocess.modules.gpu_transfer)[0m
[32;20m[2026-06-03 07:35:09,757] LMCache INFO:[0m Prefetch request completed (L1+L2): 366/367 retained keys (366 L1, 0 L2) in 1.5 ms (external_request_id=chatcmpl-fdf9cb0c-8356-4032-ba48-174939df24c8-922d9a2e, prefetch_request_id=-1) [3m(storage_manager.py:575:lmcache.v1.distributed.storage_manager)[0m
[32;20m[2026-06-03 07:35:09,925] LMCache INFO:[0m Stored 256 tokens in 0.011 seconds [3m(gpu_transfer.py:513:lmcache.v1.multiprocess.modules.gpu_transfer)[0m
[32;20m[2026-06-03 07:35:12,244] LMCache INFO:[0m Prefetch request completed (L1+L2): 367/369 retained keys (367 L1, 0 L2) in 1.8 ms (external_request_id=chatcmpl-c3394aa7-a273-4c6b-b789-52f65ad86b2c-87a5e591, prefetch_request_id=-1) [3m(storage_manager.py:575:lmcache.v1.distributed.storage_manager)[0m
[32;20m[2026-06-03 07:35:12,406] LMCache INFO:[0m Stored 512 tokens in 0.011 seconds [3m(gpu_transfer.py:513:lmcache.v1.multiprocess.modules.gpu_transfer)[0m
[32;20m[2026-06-03 07:35:24,229] LMCache INFO:[0m Prefetch request completed (L1+L2): 77/79 retained keys (77 L1, 0 L2) in 0.8 ms (external_request_id=chatcmpl-d4aa566f-afb7-44cf-92a6-8a33e4dee45e-bc74f262, prefetch_request_id=-1) [3m(storage_manager.py:575:lmcache.v1.distributed.storage_manager)[0m
[32;20m[2026-06-03 07:35:24,371] LMCache INFO:[0m Stored 512 tokens in 0.004 seconds [3m(gpu_transfer.py:513:lmcache.v1.multiprocess.modules.gpu_transfer)[0m
[32;20m[2026-06-03 07:35:26,164] LMCache INFO:[0m Stored 256 tokens in 0.002 seconds [3m(gpu_transfer.py:513:lmcache.v1.multiprocess.modules.gpu_transfer)[0m
[32;20m[2026-06-03 07:35:27,330] LMCache INFO:[0m Prefetch request completed (L1+L2): 259/265 retained keys (259 L1, 0 L2) in 1.6 ms (external_request_id=chatcmpl-67a970a0-8f6f-4d0e-8408-570485a39ac3-954aa10b, prefetch_request_id=-1) [3m(storage_manager.py:575:lmcache.v1.distributed.storage_manager)[0m
[32;20m[2026-06-03 07:35:27,631] LMCache INFO:[0m Stored 1536 tokens in 0.009 seconds [3m(gpu_transfer.py:513:lmcache.v1.multiprocess.modules.gpu_transfer)[0m
[32;20m[2026-06-03 07:35:27,945] LMCache INFO:[0m Prefetch request completed (L1+L2): 369/369 retained keys (369 L1, 0 L2) in 1.6 ms (external_request_id=chatcmpl-854ff062-04f3-4a0e-90d9-ef74103880c5-a80d6945, prefetch_request_id=-1) [3m(storage_manager.py:575:lmcache.v1.distributed.storage_manager)[0m
[32;20m[2026-06-03 07:35:29,494] LMCache INFO:[0m Stored 256 tokens in 0.011 seconds [3m(gpu_transfer.py:513:lmcache.v1.multiprocess.modules.gpu_transfer)[0m
[32;20m[2026-06-03 07:35:29,923] LMCache INFO:[0m Stored 256 tokens in 0.002 seconds [3m(gpu_transfer.py:513:lmcache.v1.multiprocess.modules.gpu_transfer)[0m
[32;20m[2026-06-03 07:35:30,330] LMCache INFO:[0m Stored 256 tokens in 0.003 seconds [3m(gpu_transfer.py:513:lmcache.v1.multiprocess.modules.gpu_transfer)[0m
[32;20m[2026-06-03 07:35:32,582] LMCache INFO:[0m Stored 256 tokens in 0.004 seconds [3m(gpu_transfer.py:513:lmcache.v1.multiprocess.modules.gpu_transfer)[0m
[32;20m[2026-06-03 07:35:33,352] LMCache INFO:[0m Stored 256 tokens in 0.003 seconds [3m(gpu_transfer.py:513:lmcache.v1.multiprocess.modules.gpu_transfer)[0m
[32;20m[2026-06-03 07:35:36,263] LMCache INFO:[0m Stored 256 tokens in 0.003 seconds [3m(gpu_transfer.py:513:lmcache.v1.multiprocess.modules.gpu_transfer)[0m
[32;20m[2026-06-03 07:35:38,063] LMCache INFO:[0m Prefetch request completed (L1+L2): 79/92 retained keys (79 L1, 0 L2) in 0.9 ms (external_request_id=chatcmpl-ee5c6765-65aa-4a97-a4ab-61da5a5ad754-a0645ead, prefetch_request_id=-1) [3m(storage_manager.py:575:lmcache.v1.distributed.storage_manager)[0m
[32;20m[2026-06-03 07:35:38,273] LMCache INFO:[0m Stored 3328 tokens in 0.005 seconds [3m(gpu_transfer.py:513:lmcache.v1.multiprocess.modules.gpu_transfer)[0m
[32;20m[2026-06-03 07:35:39,157] LMCache INFO:[0m Prefetch request completed (L1+L2): 369/371 retained keys (369 L1, 0 L2) in 1.6 ms (external_request_id=chatcmpl-480d3acb-1765-4af3-8a73-0a8e9c9d91f9-b5507b19, prefetch_request_id=-1) [3m(storage_manager.py:575:lmcache.v1.distributed.storage_manager)[0m
[32;20m[2026-06-03 07:35:39,405] LMCache INFO:[0m Stored 512 tokens in 0.011 seconds [3m(gpu_transfer.py:513:lmcache.v1.multiprocess.modules.gpu_transfer)[0m
[32;20m[2026-06-03 07:35:40,241] LMCache INFO:[0m Stored 256 tokens in 0.003 seconds [3m(gpu_transfer.py:513:lmcache.v1.multiprocess.modules.gpu_transfer)[0m
[32;20m[2026-06-03 07:35:41,231] LMCache INFO:[0m Prefetch request completed (L1+L2): 91/97 retained keys (91 L1, 0 L2) in 1.0 ms (external_request_id=chatcmpl-6463b2b6-74a6-4a56-af1d-88be5bbeba2a-bd54fd3e, prefetch_request_id=-1) [3m(storage_manager.py:575:lmcache.v1.distributed.storage_manager)[0m
[32;20m[2026-06-03 07:35:41,452] LMCache INFO:[0m Stored 1536 tokens in 0.005 seconds [3m(gpu_transfer.py:513:lmcache.v1.multiprocess.modules.gpu_transfer)[0m
[32;20m[2026-06-03 07:35:41,734] LMCache INFO:[0m Stored 256 tokens in 0.002 seconds [3m(gpu_transfer.py:513:lmcache.v1.multiprocess.modules.gpu_transfer)[0m
[32;20m[2026-06-03 07:35:42,001] LMCache INFO:[0m Stored 256 tokens in 0.002 seconds [3m(gpu_transfer.py:513:lmcache.v1.multiprocess.modules.gpu_transfer)[0m
[32;20m[2026-06-03 07:35:43,626] LMCache INFO:[0m Stored 256 tokens in 0.004 seconds [3m(gpu_transfer.py:513:lmcache.v1.multiprocess.modules.gpu_transfer)[0m
[32;20m[2026-06-03 07:35:44,793] LMCache INFO:[0m Stored 256 tokens in 0.003 seconds [3m(gpu_transfer.py:513:lmcache.v1.multiprocess.modules.gpu_transfer)[0m
[32;20m[2026-06-03 07:35:46,597] LMCache INFO:[0m Stored 256 tokens in 0.003 seconds [3m(gpu_transfer.py:513:lmcache.v1.multiprocess.modules.gpu_transfer)[0m
[32;20m[2026-06-03 07:35:47,764] LMCache INFO:[0m Stored 256 tokens in 0.002 seconds [3m(gpu_transfer.py:513:lmcache.v1.multiprocess.modules.gpu_transfer)[0m
[32;20m[2026-06-03 07:35:48,298] LMCache INFO:[0m Prefetch request completed (L1+L2): 92/93 retained keys (92 L1, 0 L2) in 0.9 ms (external_request_id=chatcmpl-539538f7-bea0-45f6-ad57-7a9f9f14fcfa-ac1bfd42, prefetch_request_id=-1) [3m(storage_manager.py:575:lmcache.v1.distributed.storage_manager)[0m
[32;20m[2026-06-03 07:35:48,472] LMCache INFO:[0m Stored 256 tokens in 0.004 seconds [3m(gpu_transfer.py:513:lmcache.v1.multiprocess.modules.gpu_transfer)[0m
[32;20m[2026-06-03 07:35:49,860] LMCache INFO:[0m Stored 256 tokens in 0.003 seconds [3m(gpu_transfer.py:513:lmcache.v1.multiprocess.modules.gpu_transfer)[0m
[32;20m[2026-06-03 07:35:51,777] LMCache INFO:[0m Prefetch request completed (L1+L2): 371/371 retained keys (371 L1, 0 L2) in 1.9 ms (external_request_id=chatcmpl-c68bb1aa-6007-4c15-8bb5-948c86053297-b34c56d1, prefetch_request_id=-1) [3m(storage_manager.py:575:lmcache.v1.distributed.storage_manager)[0m
[32;20m[2026-06-03 07:35:52,533] LMCache INFO:[0m Prefetch request completed (L1+L2): 93/94 retained keys (93 L1, 0 L2) in 0.9 ms (external_request_id=chatcmpl-c8035ac0-17b0-4cd2-8706-484358a9da94-a70648c9, prefetch_request_id=-1) [3m(storage_manager.py:575:lmcache.v1.distributed.storage_manager)[0m
[32;20m[2026-06-03 07:35:52,696] LMCache INFO:[0m Stored 256 tokens in 0.004 seconds [3m(gpu_transfer.py:513:lmcache.v1.multiprocess.modules.gpu_transfer)[0m
[32;20m[2026-06-03 07:35:53,168] LMCache INFO:[0m Stored 256 tokens in 0.003 seconds [3m(gpu_transfer.py:513:lmcache.v1.multiprocess.modules.gpu_transfer)[0m
[32;20m[2026-06-03 07:35:54,361] LMCache INFO:[0m Prefetch request completed (L1+L2): 371/374 retained keys (371 L1, 0 L2) in 1.6 ms (external_request_id=chatcmpl-752c5fa7-ca6b-4308-8278-880af0613111-bf138b62, prefetch_request_id=-1) [3m(storage_manager.py:575:lmcache.v1.distributed.storage_manager)[0m
[32;20m[2026-06-03 07:35:54,538] LMCache INFO:[0m Stored 768 tokens in 0.011 seconds [3m(gpu_transfer.py:513:lmcache.v1.multiprocess.modules.gpu_transfer)[0m
[32;20m[2026-06-03 07:35:56,724] LMCache INFO:[0m Stored 256 tokens in 0.003 seconds [3m(gpu_transfer.py:513:lmcache.v1.multiprocess.modules.gpu_transfer)[0m
[32;20m[2026-06-03 07:35:59,257] LMCache INFO:[0m Prefetch request completed (L1+L2): 94/95 retained keys (94 L1, 0 L2) in 0.9 ms (external_request_id=chatcmpl-aca99646-bd19-4f8c-bc8b-6daa76cbbc78-8ed6fc02, prefetch_request_id=-1) [3m(storage_manager.py:575:lmcache.v1.distributed.storage_manager)[0m
[32;20m[2026-06-03 07:35:59,423] LMCache INFO:[0m Stored 256 tokens in 0.004 seconds [3m(gpu_transfer.py:513:lmcache.v1.multiprocess.modules.gpu_transfer)[0m
[32;20m[2026-06-03 07:35:59,796] LMCache INFO:[0m Stored 256 tokens in 0.003 seconds [3m(gpu_transfer.py:513:lmcache.v1.multiprocess.modules.gpu_transfer)[0m
[32;20m[2026-06-03 07:36:00,190] LMCache INFO:[0m Stored 256 tokens in 0.002 seconds [3m(gpu_transfer.py:513:lmcache.v1.multiprocess.modules.gpu_transfer)[0m
[32;20m[2026-06-03 07:36:05,106] LMCache INFO:[0m Prefetch request completed (L1+L2): 95/96 retained keys (95 L1, 0 L2) in 0.8 ms (external_request_id=chatcmpl-bf2f117c-590c-4652-8d1e-04c0842fa7e3-b6f44e44, prefetch_request_id=-1) [3m(storage_manager.py:575:lmcache.v1.distributed.storage_manager)[0m
[32;20m[2026-06-03 07:36:05,240] LMCache INFO:[0m Stored 256 tokens in 0.004 seconds [3m(gpu_transfer.py:513:lmcache.v1.multiprocess.modules.gpu_transfer)[0m
[32;20m[2026-06-03 07:36:05,854] LMCache INFO:[0m Stored 256 tokens in 0.002 seconds [3m(gpu_transfer.py:513:lmcache.v1.multiprocess.modules.gpu_transfer)[0m
[32;20m[2026-06-03 07:36:06,056] LMCache INFO:[0m Prefetch request completed (L1+L2): 97/105 retained keys (97 L1, 0 L2) in 1.0 ms (external_request_id=chatcmpl-7e877118-defe-4488-843d-7eef0a8de6f6-849b19a5, prefetch_request_id=-1) [3m(storage_manager.py:575:lmcache.v1.distributed.storage_manager)[0m
[32;20m[2026-06-03 07:36:06,256] LMCache INFO:[0m Stored 2048 tokens in 0.005 seconds [3m(gpu_transfer.py:513:lmcache.v1.multiprocess.modules.gpu_transfer)[0m
[32;20m[2026-06-03 07:36:07,825] LMCache INFO:[0m Stored 256 tokens in 0.002 seconds [3m(gpu_transfer.py:513:lmcache.v1.multiprocess.modules.gpu_transfer)[0m
[32;20m[2026-06-03 07:36:09,888] LMCache INFO:[0m Prefetch request completed (L1+L2): 374/374 retained keys (374 L1, 0 L2) in 1.8 ms (external_request_id=chatcmpl-031db9b3-7082-4540-a51c-4443504e826f-9fe1a25a, prefetch_request_id=-1) [3m(storage_manager.py:575:lmcache.v1.distributed.storage_manager)[0m
[32;20m[2026-06-03 07:36:10,814] LMCache INFO:[0m Prefetch request completed (L1+L2): 96/104 retained keys (96 L1, 0 L2) in 1.1 ms (external_request_id=chatcmpl-6e86e937-ff1f-47a0-b4e8-ea2704d9e0ca-a90a5ab6, prefetch_request_id=-1) [3m(storage_manager.py:575:lmcache.v1.distributed.storage_manager)[0m
[32;20m[2026-06-03 07:36:11,028] LMCache INFO:[0m Stored 2048 tokens in 0.005 seconds [3m(gpu_transfer.py:513:lmcache.v1.multiprocess.modules.gpu_transfer)[0m
[32;20m[2026-06-03 07:36:11,174] LMCache INFO:[0m Stored 256 tokens in 0.002 seconds [3m(gpu_transfer.py:513:lmcache.v1.multiprocess.modules.gpu_transfer)[0m
[32;20m[2026-06-03 07:36:12,524] LMCache INFO:[0m Stored 256 tokens in 0.002 seconds [3m(gpu_transfer.py:513:lmcache.v1.multiprocess.modules.gpu_transfer)[0m
[32;20m[2026-06-03 07:36:13,111] LMCache INFO:[0m Stored 256 tokens in 0.012 seconds [3m(gpu_transfer.py:513:lmcache.v1.multiprocess.modules.gpu_transfer)[0m
[32;20m[2026-06-03 07:36:14,462] LMCache INFO:[0m Stored 256 tokens in 0.002 seconds [3m(gpu_transfer.py:513:lmcache.v1.multiprocess.modules.gpu_transfer)[0m
[32;20m[2026-06-03 07:36:15,806] LMCache INFO:[0m Stored 256 tokens in 0.002 seconds [3m(gpu_transfer.py:513:lmcache.v1.multiprocess.modules.gpu_transfer)[0m
[32;20m[2026-06-03 07:36:16,383] LMCache INFO:[0m Stored 256 tokens in 0.003 seconds [3m(gpu_transfer.py:513:lmcache.v1.multiprocess.modules.gpu_transfer)[0m
[32;20m[2026-06-03 07:36:17,390] LMCache INFO:[0m Prefetch request completed (L1+L2): 265/297 retained keys (265 L1, 0 L2) in 1.7 ms (external_request_id=chatcmpl-556e1b2b-30ae-47d5-9eb6-88c835afe77b-a00f77ca, prefetch_request_id=-1) [3m(storage_manager.py:575:lmcache.v1.distributed.storage_manager)[0m
[32;20m[2026-06-03 07:36:17,590] LMCache INFO:[0m Stored 8192 tokens in 0.012 seconds [3m(gpu_transfer.py:513:lmcache.v1.multiprocess.modules.gpu_transfer)[0m
[32;20m[2026-06-03 07:36:19,850] LMCache INFO:[0m Stored 256 tokens in 0.004 seconds [3m(gpu_transfer.py:513:lmcache.v1.multiprocess.modules.gpu_transfer)[0m
[32;20m[2026-06-03 07:36:20,809] LMCache INFO:[0m Stored 256 tokens in 0.002 seconds [3m(gpu_transfer.py:513:lmcache.v1.multiprocess.modules.gpu_transfer)[0m
[32;20m[2026-06-03 07:36:22,902] LMCache INFO:[0m Stored 256 tokens in 0.003 seconds [3m(gpu_transfer.py:513:lmcache.v1.multiprocess.modules.gpu_transfer)[0m
[32;20m[2026-06-03 07:36:23,114] LMCache INFO:[0m Prefetch request completed (L1+L2): 374/375 retained keys (374 L1, 0 L2) in 1.6 ms (external_request_id=chatcmpl-4e9b5f9b-f68f-4547-ba6f-7af139d9a800-b57c2020, prefetch_request_id=-1) [3m(storage_manager.py:575:lmcache.v1.distributed.storage_manager)[0m
[32;20m[2026-06-03 07:36:23,417] LMCache INFO:[0m Stored 256 tokens in 0.011 seconds [3m(gpu_transfer.py:513:lmcache.v1.multiprocess.modules.gpu_transfer)[0m
[32;20m[2026-06-03 07:36:24,601] LMCache INFO:[0m Stored 256 tokens in 0.002 seconds [3m(gpu_transfer.py:513:lmcache.v1.multiprocess.modules.gpu_transfer)[0m
[32;20m[2026-06-03 07:36:26,652] LMCache INFO:[0m Stored 256 tokens in 0.003 seconds [3m(gpu_transfer.py:513:lmcache.v1.multiprocess.modules.gpu_transfer)[0m
[32;20m[2026-06-03 07:36:27,613] LMCache INFO:[0m Stored 256 tokens in 0.002 seconds [3m(gpu_transfer.py:513:lmcache.v1.multiprocess.modules.gpu_transfer)[0m
[32;20m[2026-06-03 07:36:29,669] LMCache INFO:[0m Stored 256 tokens in 0.003 seconds [3m(gpu_transfer.py:513:lmcache.v1.multiprocess.modules.gpu_transfer)[0m
[32;20m[2026-06-03 07:36:30,631] LMCache INFO:[0m Stored 256 tokens in 0.002 seconds [3m(gpu_transfer.py:513:lmcache.v1.multiprocess.modules.gpu_transfer)[0m
[32;20m[2026-06-03 07:36:32,687] LMCache INFO:[0m Stored 256 tokens in 0.003 seconds [3m(gpu_transfer.py:513:lmcache.v1.multiprocess.modules.gpu_transfer)[0m
[32;20m[2026-06-03 07:36:33,650] LMCache INFO:[0m Stored 256 tokens in 0.002 seconds [3m(gpu_transfer.py:513:lmcache.v1.multiprocess.modules.gpu_transfer)[0m
[32;20m[2026-06-03 07:36:35,035] LMCache INFO:[0m Prefetch request completed (L1+L2): 367/370 retained keys (367 L1, 0 L2) in 1.9 ms (external_request_id=chatcmpl-cadcbd34-1778-4d04-b0f2-659abd305952-9cc949a8, prefetch_request_id=-1) [3m(storage_manager.py:575:lmcache.v1.distributed.storage_manager)[0m
[32;20m[2026-06-03 07:36:35,165] LMCache INFO:[0m Prefetch request completed (L1+L2): 105/115 retained keys (105 L1, 0 L2) in 21.5 ms (external_request_id=chatcmpl-c76c2ba8-f995-4f4a-92fd-aba5cfd691b9-9958a276, prefetch_request_id=-1) [3m(storage_manager.py:575:lmcache.v1.distributed.storage_manager)[0m
[32;20m[2026-06-03 07:36:35,340] LMCache INFO:[0m Stored 768 tokens in 0.011 seconds [3m(gpu_transfer.py:513:lmcache.v1.multiprocess.modules.gpu_transfer)[0m
[32;20m[2026-06-03 07:36:35,688] LMCache INFO:[0m Stored 2560 tokens in 0.005 seconds [3m(gpu_transfer.py:513:lmcache.v1.multiprocess.modules.gpu_transfer)[0m
[32;20m[2026-06-03 07:36:36,974] LMCache INFO:[0m Stored 256 tokens in 0.004 seconds [3m(gpu_transfer.py:513:lmcache.v1.multiprocess.modules.gpu_transfer)[0m
[32;20m[2026-06-03 07:36:37,683] LMCache INFO:[0m Stored 256 tokens in 0.002 seconds [3m(gpu_transfer.py:513:lmcache.v1.multiprocess.modules.gpu_transfer)[0m
[32;20m[2026-06-03 07:36:38,039] LMCache INFO:[0m Stored 256 tokens in 0.002 seconds [3m(gpu_transfer.py:513:lmcache.v1.multiprocess.modules.gpu_transfer)[0m
[32;20m[2026-06-03 07:36:38,855] LMCache INFO:[0m Stored 256 tokens in 0.004 seconds [3m(gpu_transfer.py:513:lmcache.v1.multiprocess.modules.gpu_transfer)[0m
[32;20m[2026-06-03 07:36:40,304] LMCache INFO:[0m Stored 256 tokens in 0.004 seconds [3m(gpu_transfer.py:513:lmcache.v1.multiprocess.modules.gpu_transfer)[0m
[32;20m[2026-06-03 07:36:41,013] LMCache INFO:[0m Stored 256 tokens in 0.002 seconds [3m(gpu_transfer.py:513:lmcache.v1.multiprocess.modules.gpu_transfer)[0m
[32;20m[2026-06-03 07:36:41,368] LMCache INFO:[0m Stored 256 tokens in 0.002 seconds [3m(gpu_transfer.py:513:lmcache.v1.multiprocess.modules.gpu_transfer)[0m
[32;20m[2026-06-03 07:36:42,183] LMCache INFO:[0m Stored 256 tokens in 0.003 seconds [3m(gpu_transfer.py:513:lmcache.v1.multiprocess.modules.gpu_transfer)[0m
[32;20m[2026-06-03 07:36:43,629] LMCache INFO:[0m Stored 256 tokens in 0.004 seconds [3m(gpu_transfer.py:513:lmcache.v1.multiprocess.modules.gpu_transfer)[0m
[32;20m[2026-06-03 07:36:44,334] LMCache INFO:[0m Stored 256 tokens in 0.003 seconds [3m(gpu_transfer.py:513:lmcache.v1.multiprocess.modules.gpu_transfer)[0m
[32;20m[2026-06-03 07:36:46,742] LMCache INFO:[0m Stored 256 tokens in 0.004 seconds [3m(gpu_transfer.py:513:lmcache.v1.multiprocess.modules.gpu_transfer)[0m
[32;20m[2026-06-03 07:36:47,384] LMCache INFO:[0m Stored 256 tokens in 0.002 seconds [3m(gpu_transfer.py:513:lmcache.v1.multiprocess.modules.gpu_transfer)[0m
[32;20m[2026-06-03 07:36:49,751] LMCache INFO:[0m Stored 256 tokens in 0.003 seconds [3m(gpu_transfer.py:513:lmcache.v1.multiprocess.modules.gpu_transfer)[0m
[32;20m[2026-06-03 07:36:50,394] LMCache INFO:[0m Stored 256 tokens in 0.002 seconds [3m(gpu_transfer.py:513:lmcache.v1.multiprocess.modules.gpu_transfer)[0m
[32;20m[2026-06-03 07:36:51,551] LMCache INFO:[0m Prefetch request completed (L1+L2): 370/370 retained keys (370 L1, 0 L2) in 1.4 ms (external_request_id=chatcmpl-458eca4e-aa1a-4d71-a0da-3c4d4060568a-9ebce8e6, prefetch_request_id=-1) [3m(storage_manager.py:575:lmcache.v1.distributed.storage_manager)[0m
[32;20m[2026-06-03 07:36:52,391] LMCache INFO:[0m Stored 256 tokens in 0.011 seconds [3m(gpu_transfer.py:513:lmcache.v1.multiprocess.modules.gpu_transfer)[0m
[32;20m[2026-06-03 07:36:53,587] LMCache INFO:[0m Stored 256 tokens in 0.004 seconds [3m(gpu_transfer.py:513:lmcache.v1.multiprocess.modules.gpu_transfer)[0m
[32;20m[2026-06-03 07:36:54,286] LMCache INFO:[0m Stored 256 tokens in 0.002 seconds [3m(gpu_transfer.py:513:lmcache.v1.multiprocess.modules.gpu_transfer)[0m
[32;20m[2026-06-03 07:36:55,667] LMCache INFO:[0m Stored 256 tokens in 0.003 seconds [3m(gpu_transfer.py:513:lmcache.v1.multiprocess.modules.gpu_transfer)[0m
[32;20m[2026-06-03 07:36:56,871] LMCache INFO:[0m Stored 256 tokens in 0.003 seconds [3m(gpu_transfer.py:513:lmcache.v1.multiprocess.modules.gpu_transfer)[0m
[32;20m[2026-06-03 07:36:57,574] LMCache INFO:[0m Stored 256 tokens in 0.003 seconds [3m(gpu_transfer.py:513:lmcache.v1.multiprocess.modules.gpu_transfer)[0m
[32;20m[2026-06-03 07:36:58,953] LMCache INFO:[0m Stored 256 tokens in 0.004 seconds [3m(gpu_transfer.py:513:lmcache.v1.multiprocess.modules.gpu_transfer)[0m
[32;20m[2026-06-03 07:37:00,158] LMCache INFO:[0m Stored 256 tokens in 0.005 seconds [3m(gpu_transfer.py:513:lmcache.v1.multiprocess.modules.gpu_transfer)[0m
[32;20m[2026-06-03 07:37:03,065] LMCache INFO:[0m Stored 256 tokens in 0.003 seconds [3m(gpu_transfer.py:513:lmcache.v1.multiprocess.modules.gpu_transfer)[0m
[32;20m[2026-06-03 07:37:05,955] LMCache INFO:[0m Stored 256 tokens in 0.004 seconds [3m(gpu_transfer.py:513:lmcache.v1.multiprocess.modules.gpu_transfer)[0m
[32;20m[2026-06-03 07:37:08,220] LMCache INFO:[0m Prefetch request completed (L1+L2): 370/373 retained keys (370 L1, 0 L2) in 1.8 ms (external_request_id=chatcmpl-42466b77-f53c-48d0-99d0-995492990514-a1e45bd7, prefetch_request_id=-1) [3m(storage_manager.py:575:lmcache.v1.distributed.storage_manager)[0m
[32;20m[2026-06-03 07:37:08,507] LMCache INFO:[0m Stored 768 tokens in 0.011 seconds [3m(gpu_transfer.py:513:lmcache.v1.multiprocess.modules.gpu_transfer)[0m
[32;20m[2026-06-03 07:37:09,702] LMCache INFO:[0m Stored 256 tokens in 0.003 seconds [3m(gpu_transfer.py:513:lmcache.v1.multiprocess.modules.gpu_transfer)[0m
[32;20m[2026-06-03 07:37:12,593] LMCache INFO:[0m Stored 256 tokens in 0.004 seconds [3m(gpu_transfer.py:513:lmcache.v1.multiprocess.modules.gpu_transfer)[0m
[32;20m[2026-06-03 07:37:13,325] LMCache INFO:[0m Prefetch request completed (L1+L2): 371/371 retained keys (371 L1, 0 L2) in 2.0 ms (external_request_id=chatcmpl-d8ff01d6-89e5-44c8-9c04-5e60f6bb7717-aeba7342, prefetch_request_id=-1) [3m(storage_manager.py:575:lmcache.v1.distributed.storage_manager)[0m
[32;20m[2026-06-03 07:37:13,878] LMCache INFO:[0m Prefetch request completed (L1+L2): 104/105 retained keys (104 L1, 0 L2) in 1.1 ms (external_request_id=chatcmpl-49f86ed3-304f-4d7e-a131-d9af2040f249-9026a019, prefetch_request_id=-1) [3m(storage_manager.py:575:lmcache.v1.distributed.storage_manager)[0m
[32;20m[2026-06-03 07:37:14,034] LMCache INFO:[0m Stored 256 tokens in 0.004 seconds [3m(gpu_transfer.py:513:lmcache.v1.multiprocess.modules.gpu_transfer)[0m
[32;20m[2026-06-03 07:37:14,521] LMCache INFO:[0m Stored 256 tokens in 0.002 seconds [3m(gpu_transfer.py:513:lmcache.v1.multiprocess.modules.gpu_transfer)[0m
[32;20m[2026-06-03 07:37:16,523] LMCache INFO:[0m Prefetch request completed (L1+L2): 371/373 retained keys (371 L1, 0 L2) in 2.0 ms (external_request_id=chatcmpl-10d51c44-38b7-48c1-8bdd-5a47b0e8aa20-9a30cf0b, prefetch_request_id=-1) [3m(storage_manager.py:575:lmcache.v1.distributed.storage_manager)[0m
[32;20m[2026-06-03 07:37:16,717] LMCache INFO:[0m Stored 512 tokens in 0.011 seconds [3m(gpu_transfer.py:513:lmcache.v1.multiprocess.modules.gpu_transfer)[0m
[32;20m[2026-06-03 07:37:18,022] LMCache INFO:[0m Stored 256 tokens in 0.002 seconds [3m(gpu_transfer.py:513:lmcache.v1.multiprocess.modules.gpu_transfer)[0m
[32;20m[2026-06-03 07:37:25,350] LMCache INFO:[0m Prefetch request completed (L1+L2): 105/107 retained keys (105 L1, 0 L2) in 1.1 ms (external_request_id=chatcmpl-31e78a82-b0ee-4302-8ba7-7cb1f98ac003-addd4ae4, prefetch_request_id=-1) [3m(storage_manager.py:575:lmcache.v1.distributed.storage_manager)[0m
[32;20m[2026-06-03 07:37:25,485] LMCache INFO:[0m Stored 512 tokens in 0.005 seconds [3m(gpu_transfer.py:513:lmcache.v1.multiprocess.modules.gpu_transfer)[0m
[32;20m[2026-06-03 07:37:31,506] LMCache INFO:[0m Prefetch request completed (L1+L2): 372/372 retained keys (372 L1, 0 L2) in 1.9 ms (external_request_id=chatcmpl-67ac661a-dba4-4a51-90d8-274e9441d2d0-9cfc6c75, prefetch_request_id=-1) [3m(storage_manager.py:575:lmcache.v1.distributed.storage_manager)[0m
[32;20m[2026-06-03 07:37:32,614] LMCache INFO:[0m Prefetch request completed (L1+L2): 107/114 retained keys (107 L1, 0 L2) in 1.0 ms (external_request_id=chatcmpl-f4945bf2-660e-4bf8-ba0e-40c08f124c1d-9b430fb6, prefetch_request_id=-1) [3m(storage_manager.py:575:lmcache.v1.distributed.storage_manager)[0m
[32;20m[2026-06-03 07:37:32,818] LMCache INFO:[0m Stored 1792 tokens in 0.006 seconds [3m(gpu_transfer.py:513:lmcache.v1.multiprocess.modules.gpu_transfer)[0m
[32;20m[2026-06-03 07:37:33,710] LMCache INFO:[0m Stored 256 tokens in 0.011 seconds [3m(gpu_transfer.py:513:lmcache.v1.multiprocess.modules.gpu_transfer)[0m
[32;20m[2026-06-03 07:37:34,739] LMCache INFO:[0m Stored 256 tokens in 0.002 seconds [3m(gpu_transfer.py:513:lmcache.v1.multiprocess.modules.gpu_transfer)[0m
[32;20m[2026-06-03 07:37:36,741] LMCache INFO:[0m Stored 256 tokens in 0.004 seconds [3m(gpu_transfer.py:513:lmcache.v1.multiprocess.modules.gpu_transfer)[0m
[32;20m[2026-06-03 07:37:39,702] LMCache INFO:[0m Stored 256 tokens in 0.003 seconds [3m(gpu_transfer.py:513:lmcache.v1.multiprocess.modules.gpu_transfer)[0m
[32;20m[2026-06-03 07:37:42,619] LMCache INFO:[0m Stored 256 tokens in 0.004 seconds [3m(gpu_transfer.py:513:lmcache.v1.multiprocess.modules.gpu_transfer)[0m
[32;20m[2026-06-03 07:37:45,180] LMCache INFO:[0m Prefetch request completed (L1+L2): 115/519 retained keys (115 L1, 0 L2) in 2.3 ms (external_request_id=chatcmpl-bd0381f8-7ea8-4404-b092-e1eeea998ff7-81d3b4b6, prefetch_request_id=-1) [3m(storage_manager.py:575:lmcache.v1.distributed.storage_manager)[0m
[32;20m[2026-06-03 07:37:45,362] LMCache INFO:[0m Stored 8192 tokens in 0.008 seconds [3m(gpu_transfer.py:513:lmcache.v1.multiprocess.modules.gpu_transfer)[0m
[32;20m[2026-06-03 07:37:46,022] LMCache INFO:[0m Stored 8192 tokens in 0.009 seconds [3m(gpu_transfer.py:513:lmcache.v1.multiprocess.modules.gpu_transfer)[0m
[32;20m[2026-06-03 07:37:47,054] LMCache INFO:[0m Stored 8192 tokens in 0.006 seconds [3m(gpu_transfer.py:513:lmcache.v1.multiprocess.modules.gpu_transfer)[0m
[32;20m[2026-06-03 07:37:48,114] LMCache INFO:[0m Stored 8192 tokens in 0.006 seconds [3m(gpu_transfer.py:513:lmcache.v1.multiprocess.modules.gpu_transfer)[0m
[32;20m[2026-06-03 07:37:49,443] LMCache INFO:[0m Stored 8192 tokens in 0.008 seconds [3m(gpu_transfer.py:513:lmcache.v1.multiprocess.modules.gpu_transfer)[0m
[32;20m[2026-06-03 07:37:50,670] LMCache INFO:[0m Stored 8192 tokens in 0.006 seconds [3m(gpu_transfer.py:513:lmcache.v1.multiprocess.modules.gpu_transfer)[0m
[32;20m[2026-06-03 07:37:52,153] LMCache INFO:[0m Stored 8192 tokens in 0.006 seconds [3m(gpu_transfer.py:513:lmcache.v1.multiprocess.modules.gpu_transfer)[0m
[32;20m[2026-06-03 07:37:53,779] LMCache INFO:[0m Stored 8192 tokens in 0.008 seconds [3m(gpu_transfer.py:513:lmcache.v1.multiprocess.modules.gpu_transfer)[0m
[32;20m[2026-06-03 07:37:55,533] LMCache INFO:[0m Stored 8192 tokens in 0.006 seconds [3m(gpu_transfer.py:513:lmcache.v1.multiprocess.modules.gpu_transfer)[0m
[32;20m[2026-06-03 07:37:57,450] LMCache INFO:[0m Stored 8192 tokens in 0.008 seconds [3m(gpu_transfer.py:513:lmcache.v1.multiprocess.modules.gpu_transfer)[0m
[32;20m[2026-06-03 07:37:59,484] LMCache INFO:[0m Stored 8192 tokens in 0.007 seconds [3m(gpu_transfer.py:513:lmcache.v1.multiprocess.modules.gpu_transfer)[0m
[32;20m[2026-06-03 07:38:01,547] LMCache INFO:[0m Prefetch request completed (L1+L2): 114/115 retained keys (114 L1, 0 L2) in 1.0 ms (external_request_id=chatcmpl-1fede0c6-e73c-44e0-8706-084262047f4b-a2c173df, prefetch_request_id=-1) [3m(storage_manager.py:575:lmcache.v1.distributed.storage_manager)[0m
[32;20m[2026-06-03 07:38:01,673] LMCache INFO:[0m Stored 8192 tokens in 0.007 seconds [3m(gpu_transfer.py:513:lmcache.v1.multiprocess.modules.gpu_transfer)[0m
[32;20m[2026-06-03 07:38:04,161] LMCache INFO:[0m Stored 256 tokens in 0.010 seconds [3m(gpu_transfer.py:513:lmcache.v1.multiprocess.modules.gpu_transfer)[0m
[32;20m[2026-06-03 07:38:05,608] LMCache INFO:[0m Stored 5120 tokens in 0.006 seconds [3m(gpu_transfer.py:513:lmcache.v1.multiprocess.modules.gpu_transfer)[0m
[32;20m[2026-06-03 07:38:05,815] LMCache INFO:[0m Stored 256 tokens in 0.002 seconds [3m(gpu_transfer.py:513:lmcache.v1.multiprocess.modules.gpu_transfer)[0m
[32;20m[2026-06-03 07:38:06,186] LMCache INFO:[0m Stored 256 tokens in 0.003 seconds [3m(gpu_transfer.py:513:lmcache.v1.multiprocess.modules.gpu_transfer)[0m
[32;20m[2026-06-03 07:38:07,753] LMCache INFO:[0m Stored 256 tokens in 0.004 seconds [3m(gpu_transfer.py:513:lmcache.v1.multiprocess.modules.gpu_transfer)[0m
[32;20m[2026-06-03 07:38:09,391] LMCache INFO:[0m Stored 256 tokens in 0.003 seconds [3m(gpu_transfer.py:513:lmcache.v1.multiprocess.modules.gpu_transfer)[0m
[32;20m[2026-06-03 07:38:10,842] LMCache INFO:[0m Stored 256 tokens in 0.005 seconds [3m(gpu_transfer.py:513:lmcache.v1.multiprocess.modules.gpu_transfer)[0m
[32;20m[2026-06-03 07:38:11,214] LMCache INFO:[0m Prefetch request completed (L1+L2): 115/117 retained keys (115 L1, 0 L2) in 1.1 ms (external_request_id=chatcmpl-48eab49e-630f-40c9-a7b3-cdb0f98eca00-9837a934, prefetch_request_id=-1) [3m(storage_manager.py:575:lmcache.v1.distributed.storage_manager)[0m
[32;20m[2026-06-03 07:38:11,380] LMCache INFO:[0m Stored 512 tokens in 0.005 seconds [3m(gpu_transfer.py:513:lmcache.v1.multiprocess.modules.gpu_transfer)[0m
[32;20m[2026-06-03 07:38:13,833] LMCache INFO:[0m Stored 256 tokens in 0.002 seconds [3m(gpu_transfer.py:513:lmcache.v1.multiprocess.modules.gpu_transfer)[0m
[32;20m[2026-06-03 07:38:14,220] LMCache INFO:[0m Stored 256 tokens in 0.004 seconds [3m(gpu_transfer.py:513:lmcache.v1.multiprocess.modules.gpu_transfer)[0m
[32;20m[2026-06-03 07:38:16,383] LMCache INFO:[0m Prefetch request completed (L1+L2): 297/303 retained keys (297 L1, 0 L2) in 1.5 ms (external_request_id=chatcmpl-2d7c988f-0541-4b91-b0f0-8f9bf0eb41d0-9859ac85, prefetch_request_id=-1) [3m(storage_manager.py:575:lmcache.v1.distributed.storage_manager)[0m
[32;20m[2026-06-03 07:38:16,669] LMCache INFO:[0m Stored 1536 tokens in 0.010 seconds [3m(gpu_transfer.py:513:lmcache.v1.multiprocess.modules.gpu_transfer)[0m
[32;20m[2026-06-03 07:38:18,049] LMCache INFO:[0m Stored 256 tokens in 0.004 seconds [3m(gpu_transfer.py:513:lmcache.v1.multiprocess.modules.gpu_transfer)[0m
[32;20m[2026-06-03 07:38:18,746] LMCache INFO:[0m Prefetch request completed (L1+L2): 117/124 retained keys (117 L1, 0 L2) in 1.1 ms (external_request_id=chatcmpl-b14ba992-1bf2-4dcd-a285-953f44976061-831d9db7, prefetch_request_id=-1) [3m(storage_manager.py:575:lmcache.v1.distributed.storage_manager)[0m
[32;20m[2026-06-03 07:38:18,952] LMCache INFO:[0m Stored 1792 tokens in 0.005 seconds [3m(gpu_transfer.py:513:lmcache.v1.multiprocess.modules.gpu_transfer)[0m
[32;20m[2026-06-03 07:38:19,469] LMCache INFO:[0m Stored 256 tokens in 0.003 seconds [3m(gpu_transfer.py:513:lmcache.v1.multiprocess.modules.gpu_transfer)[0m
[32;20m[2026-06-03 07:38:20,692] LMCache INFO:[0m Stored 256 tokens in 0.002 seconds [3m(gpu_transfer.py:513:lmcache.v1.multiprocess.modules.gpu_transfer)[0m
[32;20m[2026-06-03 07:38:21,725] LMCache INFO:[0m Stored 256 tokens in 0.004 seconds [3m(gpu_transfer.py:513:lmcache.v1.multiprocess.modules.gpu_transfer)[0m
[32;20m[2026-06-03 07:38:22,855] LMCache INFO:[0m Stored 256 tokens in 0.003 seconds [3m(gpu_transfer.py:513:lmcache.v1.multiprocess.modules.gpu_transfer)[0m
[32;20m[2026-06-03 07:38:24,077] LMCache INFO:[0m Stored 256 tokens in 0.002 seconds [3m(gpu_transfer.py:513:lmcache.v1.multiprocess.modules.gpu_transfer)[0m
[32;20m[2026-06-03 07:38:24,563] LMCache INFO:[0m Prefetch request completed (L1+L2): 372/376 retained keys (372 L1, 0 L2) in 1.7 ms (external_request_id=chatcmpl-33f67592-0b00-4a28-951d-9fc720d531b1-a0f3946c, prefetch_request_id=-1) [3m(storage_manager.py:575:lmcache.v1.distributed.storage_manager)[0m
[32;20m[2026-06-03 07:38:24,852] LMCache INFO:[0m Stored 1024 tokens in 0.011 seconds [3m(gpu_transfer.py:513:lmcache.v1.multiprocess.modules.gpu_transfer)[0m
[32;20m[2026-06-03 07:38:25,865] LMCache INFO:[0m Stored 256 tokens in 0.005 seconds [3m(gpu_transfer.py:513:lmcache.v1.multiprocess.modules.gpu_transfer)[0m
[32;20m[2026-06-03 07:38:27,013] LMCache INFO:[0m Stored 256 tokens in 0.003 seconds [3m(gpu_transfer.py:513:lmcache.v1.multiprocess.modules.gpu_transfer)[0m
[32;20m[2026-06-03 07:38:28,237] LMCache INFO:[0m Stored 256 tokens in 0.002 seconds [3m(gpu_transfer.py:513:lmcache.v1.multiprocess.modules.gpu_transfer)[0m
[32;20m[2026-06-03 07:38:28,404] LMCache INFO:[0m Stored 256 tokens in 0.003 seconds [3m(gpu_transfer.py:513:lmcache.v1.multiprocess.modules.gpu_transfer)[0m
[32;20m[2026-06-03 07:38:30,229] LMCache INFO:[0m Stored 256 tokens in 0.003 seconds [3m(gpu_transfer.py:513:lmcache.v1.multiprocess.modules.gpu_transfer)[0m
[32;20m[2026-06-03 07:38:31,460] LMCache INFO:[0m Stored 256 tokens in 0.004 seconds [3m(gpu_transfer.py:513:lmcache.v1.multiprocess.modules.gpu_transfer)[0m
[32;20m[2026-06-03 07:38:33,217] LMCache INFO:[0m Stored 256 tokens in 0.003 seconds [3m(gpu_transfer.py:513:lmcache.v1.multiprocess.modules.gpu_transfer)[0m
[32;20m[2026-06-03 07:38:34,443] LMCache INFO:[0m Stored 256 tokens in 0.003 seconds [3m(gpu_transfer.py:513:lmcache.v1.multiprocess.modules.gpu_transfer)[0m
[32;20m[2026-06-03 07:38:36,198] LMCache INFO:[0m Stored 256 tokens in 0.003 seconds [3m(gpu_transfer.py:513:lmcache.v1.multiprocess.modules.gpu_transfer)[0m
[32;20m[2026-06-03 07:38:37,426] LMCache INFO:[0m Stored 256 tokens in 0.003 seconds [3m(gpu_transfer.py:513:lmcache.v1.multiprocess.modules.gpu_transfer)[0m
[32;20m[2026-06-03 07:38:40,370] LMCache INFO:[0m Stored 256 tokens in 0.004 seconds [3m(gpu_transfer.py:513:lmcache.v1.multiprocess.modules.gpu_transfer)[0m
[32;20m[2026-06-03 07:38:42,205] LMCache INFO:[0m Prefetch request completed (L1+L2): 124/183 retained keys (124 L1, 0 L2) in 1.1 ms (external_request_id=chatcmpl-939d6275-64f4-4b26-b9c2-ddce0b149306-8aadd639, prefetch_request_id=-1) [3m(storage_manager.py:575:lmcache.v1.distributed.storage_manager)[0m
[32;20m[2026-06-03 07:38:42,370] LMCache INFO:[0m Stored 8192 tokens in 0.008 seconds [3m(gpu_transfer.py:513:lmcache.v1.multiprocess.modules.gpu_transfer)[0m
[32;20m[2026-06-03 07:38:43,071] LMCache INFO:[0m Stored 6912 tokens in 0.005 seconds [3m(gpu_transfer.py:513:lmcache.v1.multiprocess.modules.gpu_transfer)[0m
[32;20m[2026-06-03 07:38:45,063] LMCache INFO:[0m Stored 256 tokens in 0.004 seconds [3m(gpu_transfer.py:513:lmcache.v1.multiprocess.modules.gpu_transfer)[0m
[32;20m[2026-06-03 07:38:45,367] LMCache INFO:[0m Stored 256 tokens in 0.002 seconds [3m(gpu_transfer.py:513:lmcache.v1.multiprocess.modules.gpu_transfer)[0m
[32;20m[2026-06-03 07:38:48,083] LMCache INFO:[0m Stored 256 tokens in 0.004 seconds [3m(gpu_transfer.py:513:lmcache.v1.multiprocess.modules.gpu_transfer)[0m
[32;20m[2026-06-03 07:38:48,386] LMCache INFO:[0m Stored 256 tokens in 0.002 seconds [3m(gpu_transfer.py:513:lmcache.v1.multiprocess.modules.gpu_transfer)[0m
[32;20m[2026-06-03 07:38:51,103] LMCache INFO:[0m Stored 256 tokens in 0.003 seconds [3m(gpu_transfer.py:513:lmcache.v1.multiprocess.modules.gpu_transfer)[0m
[32;20m[2026-06-03 07:38:51,406] LMCache INFO:[0m Stored 256 tokens in 0.002 seconds [3m(gpu_transfer.py:513:lmcache.v1.multiprocess.modules.gpu_transfer)[0m
[32;20m[2026-06-03 07:38:54,277] LMCache INFO:[0m Stored 256 tokens in 0.003 seconds [3m(gpu_transfer.py:513:lmcache.v1.multiprocess.modules.gpu_transfer)[0m
[32;20m[2026-06-03 07:38:57,108] LMCache INFO:[0m Stored 256 tokens in 0.002 seconds [3m(gpu_transfer.py:513:lmcache.v1.multiprocess.modules.gpu_transfer)[0m
[32;20m[2026-06-03 07:38:59,943] LMCache INFO:[0m Stored 256 tokens in 0.002 seconds [3m(gpu_transfer.py:513:lmcache.v1.multiprocess.modules.gpu_transfer)[0m
[32;20m[2026-06-03 07:39:02,803] LMCache INFO:[0m Stored 256 tokens in 0.002 seconds [3m(gpu_transfer.py:513:lmcache.v1.multiprocess.modules.gpu_transfer)[0m
[32;20m[2026-06-03 07:39:02,983] LMCache INFO:[0m Prefetch request completed (L1+L2): 303/349 retained keys (303 L1, 0 L2) in 1.7 ms (external_request_id=chatcmpl-a5509a6e-eef7-4aea-a964-03766ee8c15d-bcaadb63, prefetch_request_id=-1) [3m(storage_manager.py:575:lmcache.v1.distributed.storage_manager)[0m
[32;20m[2026-06-03 07:39:03,177] LMCache INFO:[0m Stored 8192 tokens in 0.012 seconds [3m(gpu_transfer.py:513:lmcache.v1.multiprocess.modules.gpu_transfer)[0m
[32;20m[2026-06-03 07:39:04,646] LMCache INFO:[0m Stored 3584 tokens in 0.005 seconds [3m(gpu_transfer.py:513:lmcache.v1.multiprocess.modules.gpu_transfer)[0m
[32;20m[2026-06-03 07:39:07,406] LMCache INFO:[0m Stored 256 tokens in 0.004 seconds [3m(gpu_transfer.py:513:lmcache.v1.multiprocess.modules.gpu_transfer)[0m
[32;20m[2026-06-03 07:39:08,342] LMCache INFO:[0m Stored 256 tokens in 0.002 seconds [3m(gpu_transfer.py:513:lmcache.v1.multiprocess.modules.gpu_transfer)[0m
[32;20m[2026-06-03 07:39:10,379] LMCache INFO:[0m Prefetch request completed (L1+L2): 519/769 retained keys (519 L1, 0 L2) in 18.2 ms (external_request_id=chatcmpl-bab7b2be-6258-4a89-83f0-3decd9463222-85927e01, prefetch_request_id=-1) [3m(storage_manager.py:575:lmcache.v1.distributed.storage_manager)[0m
[32;20m[2026-06-03 07:39:10,679] LMCache INFO:[0m Stored 8192 tokens in 0.018 seconds [3m(gpu_transfer.py:513:lmcache.v1.multiprocess.modules.gpu_transfer)[0m
[32;20m[2026-06-03 07:39:13,108] LMCache INFO:[0m Stored 8192 tokens in 0.020 seconds [3m(gpu_transfer.py:513:lmcache.v1.multiprocess.modules.gpu_transfer)[0m
[32;20m[2026-06-03 07:39:15,987] LMCache INFO:[0m Stored 8192 tokens in 0.009 seconds [3m(gpu_transfer.py:513:lmcache.v1.multiprocess.modules.gpu_transfer)[0m
[32;20m[2026-06-03 07:39:18,836] LMCache INFO:[0m Stored 8192 tokens in 0.007 seconds [3m(gpu_transfer.py:513:lmcache.v1.multiprocess.modules.gpu_transfer)[0m
[32;20m[2026-06-03 07:39:21,812] LMCache INFO:[0m Stored 8192 tokens in 0.009 seconds [3m(gpu_transfer.py:513:lmcache.v1.multiprocess.modules.gpu_transfer)[0m
[32;20m[2026-06-03 07:39:24,990] LMCache INFO:[0m Stored 8192 tokens in 0.008 seconds [3m(gpu_transfer.py:513:lmcache.v1.multiprocess.modules.gpu_transfer)[0m
[32;20m[2026-06-03 07:39:28,222] LMCache INFO:[0m Prefetch request completed (L1+L2): 376/379 retained keys (376 L1, 0 L2) in 1.3 ms (external_request_id=chatcmpl-b1ff1a7f-688c-4769-9abe-29fb6a8d1a0c-a082df76, prefetch_request_id=-1) [3m(storage_manager.py:575:lmcache.v1.distributed.storage_manager)[0m
[32;20m[2026-06-03 07:39:28,397] LMCache INFO:[0m Stored 8192 tokens in 0.073 seconds [3m(gpu_transfer.py:513:lmcache.v1.multiprocess.modules.gpu_transfer)[0m
[32;20m[2026-06-03 07:39:31,881] LMCache INFO:[0m Stored 768 tokens in 0.011 seconds [3m(gpu_transfer.py:513:lmcache.v1.multiprocess.modules.gpu_transfer)[0m
[32;20m[2026-06-03 07:39:34,747] LMCache INFO:[0m Stored 6656 tokens in 0.011 seconds [3m(gpu_transfer.py:513:lmcache.v1.multiprocess.modules.gpu_transfer)[0m
[32;20m[2026-06-03 07:39:35,190] LMCache INFO:[0m Stored 256 tokens in 0.004 seconds [3m(gpu_transfer.py:513:lmcache.v1.multiprocess.modules.gpu_transfer)[0m
[32;20m[2026-06-03 07:39:36,303] LMCache INFO:[0m Stored 256 tokens in 0.003 seconds [3m(gpu_transfer.py:513:lmcache.v1.multiprocess.modules.gpu_transfer)[0m
[32;20m[2026-06-03 07:39:37,185] LMCache INFO:[0m Prefetch request completed (L1+L2): 377/378 retained keys (377 L1, 0 L2) in 1.4 ms (external_request_id=chatcmpl-05f7af20-e977-4da1-8c18-aea5a68633e9-8b836578, prefetch_request_id=-1) [3m(storage_manager.py:575:lmcache.v1.distributed.storage_manager)[0m
[32;20m[2026-06-03 07:39:37,508] LMCache INFO:[0m Stored 256 tokens in 0.011 seconds [3m(gpu_transfer.py:513:lmcache.v1.multiprocess.modules.gpu_transfer)[0m
[32;20m[2026-06-03 07:39:38,691] LMCache INFO:[0m Stored 256 tokens in 0.005 seconds [3m(gpu_transfer.py:513:lmcache.v1.multiprocess.modules.gpu_transfer)[0m
[32;20m[2026-06-03 07:39:39,158] LMCache INFO:[0m Stored 256 tokens in 0.003 seconds [3m(gpu_transfer.py:513:lmcache.v1.multiprocess.modules.gpu_transfer)[0m
[32;20m[2026-06-03 07:39:39,487] LMCache INFO:[0m Stored 256 tokens in 0.003 seconds [3m(gpu_transfer.py:513:lmcache.v1.multiprocess.modules.gpu_transfer)[0m
[32;20m[2026-06-03 07:39:40,614] LMCache INFO:[0m Stored 256 tokens in 0.002 seconds [3m(gpu_transfer.py:513:lmcache.v1.multiprocess.modules.gpu_transfer)[0m
[32;20m[2026-06-03 07:39:42,306] LMCache INFO:[0m Stored 256 tokens in 0.005 seconds [3m(gpu_transfer.py:513:lmcache.v1.multiprocess.modules.gpu_transfer)[0m
[32;20m[2026-06-03 07:39:43,088] LMCache INFO:[0m Stored 256 tokens in 0.003 seconds [3m(gpu_transfer.py:513:lmcache.v1.multiprocess.modules.gpu_transfer)[0m
[32;20m[2026-06-03 07:39:44,199] LMCache INFO:[0m Stored 256 tokens in 0.002 seconds [3m(gpu_transfer.py:513:lmcache.v1.multiprocess.modules.gpu_transfer)[0m
[32;20m[2026-06-03 07:39:45,883] LMCache INFO:[0m Stored 256 tokens in 0.005 seconds [3m(gpu_transfer.py:513:lmcache.v1.multiprocess.modules.gpu_transfer)[0m
[32;20m[2026-06-03 07:39:46,176] LMCache INFO:[0m Prefetch request completed (L1+L2): 378/381 retained keys (378 L1, 0 L2) in 1.7 ms (external_request_id=chatcmpl-0e76640f-70a6-462c-9990-aa720e3e6532-8e03776b, prefetch_request_id=-1) [3m(storage_manager.py:575:lmcache.v1.distributed.storage_manager)[0m
[32;20m[2026-06-03 07:39:46,435] LMCache INFO:[0m Stored 768 tokens in 0.011 seconds [3m(gpu_transfer.py:513:lmcache.v1.multiprocess.modules.gpu_transfer)[0m
[32;20m[2026-06-03 07:39:47,353] LMCache INFO:[0m Stored 256 tokens in 0.003 seconds [3m(gpu_transfer.py:513:lmcache.v1.multiprocess.modules.gpu_transfer)[0m
[32;20m[2026-06-03 07:39:48,462] LMCache INFO:[0m Stored 256 tokens in 0.002 seconds [3m(gpu_transfer.py:513:lmcache.v1.multiprocess.modules.gpu_transfer)[0m
[32;20m[2026-06-03 07:39:50,134] LMCache INFO:[0m Stored 256 tokens in 0.005 seconds [3m(gpu_transfer.py:513:lmcache.v1.multiprocess.modules.gpu_transfer)[0m
[32;20m[2026-06-03 07:39:50,918] LMCache INFO:[0m Stored 256 tokens in 0.003 seconds [3m(gpu_transfer.py:513:lmcache.v1.multiprocess.modules.gpu_transfer)[0m
[32;20m[2026-06-03 07:39:52,028] LMCache INFO:[0m Stored 256 tokens in 0.002 seconds [3m(gpu_transfer.py:513:lmcache.v1.multiprocess.modules.gpu_transfer)[0m
[32;20m[2026-06-03 07:39:53,698] LMCache INFO:[0m Stored 256 tokens in 0.004 seconds [3m(gpu_transfer.py:513:lmcache.v1.multiprocess.modules.gpu_transfer)[0m
[32;20m[2026-06-03 07:39:54,481] LMCache INFO:[0m Stored 256 tokens in 0.003 seconds [3m(gpu_transfer.py:513:lmcache.v1.multiprocess.modules.gpu_transfer)[0m
[32;20m[2026-06-03 07:39:55,591] LMCache INFO:[0m Stored 256 tokens in 0.002 seconds [3m(gpu_transfer.py:513:lmcache.v1.multiprocess.modules.gpu_transfer)[0m
[32;20m[2026-06-03 07:39:57,261] LMCache INFO:[0m Stored 256 tokens in 0.005 seconds [3m(gpu_transfer.py:513:lmcache.v1.multiprocess.modules.gpu_transfer)[0m
[32;20m[2026-06-03 07:39:58,044] LMCache INFO:[0m Stored 256 tokens in 0.003 seconds [3m(gpu_transfer.py:513:lmcache.v1.multiprocess.modules.gpu_transfer)[0m
[32;20m[2026-06-03 07:39:59,157] LMCache INFO:[0m Stored 256 tokens in 0.002 seconds [3m(gpu_transfer.py:513:lmcache.v1.multiprocess.modules.gpu_transfer)[0m
[32;20m[2026-06-03 07:39:59,472] LMCache INFO:[0m Prefetch request completed (L1+L2): 379/380 retained keys (379 L1, 0 L2) in 1.8 ms (external_request_id=chatcmpl-19b48e1d-2f84-489a-bc53-438aa40e4644-896de498, prefetch_request_id=-1) [3m(storage_manager.py:575:lmcache.v1.distributed.storage_manager)[0m
[32;20m[2026-06-03 07:39:59,779] LMCache INFO:[0m Stored 256 tokens in 0.011 seconds [3m(gpu_transfer.py:513:lmcache.v1.multiprocess.modules.gpu_transfer)[0m
[32;20m[2026-06-03 07:40:02,202] LMCache INFO:[0m Stored 256 tokens in 0.003 seconds [3m(gpu_transfer.py:513:lmcache.v1.multiprocess.modules.gpu_transfer)[0m
[32;20m[2026-06-03 07:40:05,244] LMCache INFO:[0m Prefetch request completed (L1+L2): 380/382 retained keys (380 L1, 0 L2) in 1.7 ms (external_request_id=chatcmpl-9fd4021a-c4cd-4688-b44a-c60b1bde5404-884470ea, prefetch_request_id=-1) [3m(storage_manager.py:575:lmcache.v1.distributed.storage_manager)[0m
[32;20m[2026-06-03 07:40:05,445] LMCache INFO:[0m Stored 512 tokens in 0.012 seconds [3m(gpu_transfer.py:513:lmcache.v1.multiprocess.modules.gpu_transfer)[0m
[32;20m[2026-06-03 07:40:05,889] LMCache INFO:[0m Stored 256 tokens in 0.003 seconds [3m(gpu_transfer.py:513:lmcache.v1.multiprocess.modules.gpu_transfer)[0m
[32;20m[2026-06-03 07:40:08,796] LMCache INFO:[0m Stored 256 tokens in 0.003 seconds [3m(gpu_transfer.py:513:lmcache.v1.multiprocess.modules.gpu_transfer)[0m
[32;20m[2026-06-03 07:40:11,697] LMCache INFO:[0m Stored 256 tokens in 0.003 seconds [3m(gpu_transfer.py:513:lmcache.v1.multiprocess.modules.gpu_transfer)[0m
[32;20m[2026-06-03 07:40:19,295] LMCache INFO:[0m Prefetch request completed (L1+L2): 380/381 retained keys (380 L1, 0 L2) in 1.8 ms (external_request_id=chatcmpl-c61e6420-4b6a-40b2-8822-9acd92b325b5-b98cb13e, prefetch_request_id=-1) [3m(storage_manager.py:575:lmcache.v1.distributed.storage_manager)[0m
[32;20m[2026-06-03 07:40:19,464] LMCache INFO:[0m Stored 256 tokens in 0.011 seconds [3m(gpu_transfer.py:513:lmcache.v1.multiprocess.modules.gpu_transfer)[0m
[32;20m[2026-06-03 07:40:21,736] LMCache INFO:[0m Prefetch request completed (L1+L2): 381/383 retained keys (381 L1, 0 L2) in 1.7 ms (external_request_id=chatcmpl-4b69a659-bd87-4607-9acc-337ef34ae3b4-91f7a34a, prefetch_request_id=-1) [3m(storage_manager.py:575:lmcache.v1.distributed.storage_manager)[0m
[32;20m[2026-06-03 07:40:21,912] LMCache INFO:[0m Stored 512 tokens in 0.011 seconds [3m(gpu_transfer.py:513:lmcache.v1.multiprocess.modules.gpu_transfer)[0m
[32;20m[2026-06-03 07:40:28,788] LMCache INFO:[0m Prefetch request completed (L1+L2): 349/351 retained keys (349 L1, 0 L2) in 1.5 ms (external_request_id=chatcmpl-4bb3ee31-de15-48bb-8ebe-a77fc69d2647-9c4282c6, prefetch_request_id=-1) [3m(storage_manager.py:575:lmcache.v1.distributed.storage_manager)[0m
[32;20m[2026-06-03 07:40:29,040] LMCache INFO:[0m Stored 512 tokens in 0.010 seconds [3m(gpu_transfer.py:513:lmcache.v1.multiprocess.modules.gpu_transfer)[0m
[32;20m[2026-06-03 07:40:30,447] LMCache INFO:[0m Stored 256 tokens in 0.003 seconds [3m(gpu_transfer.py:513:lmcache.v1.multiprocess.modules.gpu_transfer)[0m
[32;20m[2026-06-03 07:40:31,637] LMCache INFO:[0m Prefetch request completed (L1+L2): 383/383 retained keys (383 L1, 0 L2) in 1.9 ms (external_request_id=chatcmpl-8ea30edb-abde-42c4-8b5d-a8dccdde3b24-ae1cc073, prefetch_request_id=-1) [3m(storage_manager.py:575:lmcache.v1.distributed.storage_manager)[0m
[32;20m[2026-06-03 07:40:33,714] LMCache INFO:[0m Stored 256 tokens in 0.003 seconds [3m(gpu_transfer.py:513:lmcache.v1.multiprocess.modules.gpu_transfer)[0m
[32;20m[2026-06-03 07:40:34,575] LMCache INFO:[0m Stored 256 tokens in 0.011 seconds [3m(gpu_transfer.py:513:lmcache.v1.multiprocess.modules.gpu_transfer)[0m
[32;20m[2026-06-03 07:40:36,690] LMCache INFO:[0m Stored 256 tokens in 0.002 seconds [3m(gpu_transfer.py:513:lmcache.v1.multiprocess.modules.gpu_transfer)[0m
[32;20m[2026-06-03 07:40:37,541] LMCache INFO:[0m Stored 256 tokens in 0.002 seconds [3m(gpu_transfer.py:513:lmcache.v1.multiprocess.modules.gpu_transfer)[0m
[32;20m[2026-06-03 07:40:40,483] LMCache INFO:[0m Stored 256 tokens in 0.003 seconds [3m(gpu_transfer.py:513:lmcache.v1.multiprocess.modules.gpu_transfer)[0m
[32;20m[2026-06-03 07:40:43,411] LMCache INFO:[0m Stored 256 tokens in 0.003 seconds [3m(gpu_transfer.py:513:lmcache.v1.multiprocess.modules.gpu_transfer)[0m
[32;20m[2026-06-03 07:40:46,340] LMCache INFO:[0m Stored 256 tokens in 0.003 seconds [3m(gpu_transfer.py:513:lmcache.v1.multiprocess.modules.gpu_transfer)[0m
[32;20m[2026-06-03 07:40:48,487] LMCache INFO:[0m Prefetch request completed (L1+L2): 769/944 retained keys (769 L1, 0 L2) in 4.0 ms (external_request_id=chatcmpl-11ce7e92-1b21-4455-86e7-72672d56fd44-9d36bf68, prefetch_request_id=-1) [3m(storage_manager.py:575:lmcache.v1.distributed.storage_manager)[0m
[32;20m[2026-06-03 07:40:48,874] LMCache INFO:[0m Stored 8192 tokens in 0.058 seconds [3m(gpu_transfer.py:513:lmcache.v1.multiprocess.modules.gpu_transfer)[0m
[32;20m[2026-06-03 07:40:52,360] LMCache INFO:[0m Stored 8192 tokens in 0.020 seconds [3m(gpu_transfer.py:513:lmcache.v1.multiprocess.modules.gpu_transfer)[0m
[32;20m[2026-06-03 07:40:56,378] LMCache INFO:[0m Stored 8192 tokens in 0.008 seconds [3m(gpu_transfer.py:513:lmcache.v1.multiprocess.modules.gpu_transfer)[0m
[32;20m[2026-06-03 07:41:00,357] LMCache INFO:[0m Stored 8192 tokens in 0.011 seconds [3m(gpu_transfer.py:513:lmcache.v1.multiprocess.modules.gpu_transfer)[0m
[32;20m[2026-06-03 07:41:04,412] LMCache INFO:[0m Prefetch request completed (L1+L2): 351/359 retained keys (351 L1, 0 L2) in 1.4 ms (external_request_id=chatcmpl-bd585f7c-a98f-4d9d-a9c6-fda55bf0b17b-a0a0855f, prefetch_request_id=-1) [3m(storage_manager.py:575:lmcache.v1.distributed.storage_manager)[0m
[32;20m[2026-06-03 07:41:04,475] LMCache INFO:[0m Prefetch request completed (L1+L2): 183/185 retained keys (183 L1, 0 L2) in 1.0 ms (external_request_id=chatcmpl-53ef03e1-fefb-4426-b9a6-b4562a8a64f6-8c1b050a, prefetch_request_id=-1) [3m(storage_manager.py:575:lmcache.v1.distributed.storage_manager)[0m
[32;20m[2026-06-03 07:41:04,497] LMCache INFO:[0m Stored 8192 tokens in 0.008 seconds [3m(gpu_transfer.py:513:lmcache.v1.multiprocess.modules.gpu_transfer)[0m
[32;20m[2026-06-03 07:41:08,983] LMCache INFO:[0m Stored 2048 tokens in 0.011 seconds [3m(gpu_transfer.py:513:lmcache.v1.multiprocess.modules.gpu_transfer)[0m
[32;20m[2026-06-03 07:41:11,659] LMCache INFO:[0m Stored 512 tokens in 0.007 seconds [3m(gpu_transfer.py:513:lmcache.v1.multiprocess.modules.gpu_transfer)[0m
[32;20m[2026-06-03 07:41:11,667] LMCache INFO:[0m Stored 3840 tokens in 0.006 seconds [3m(gpu_transfer.py:513:lmcache.v1.multiprocess.modules.gpu_transfer)[0m
[32;20m[2026-06-03 07:41:12,903] LMCache INFO:[0m Stored 256 tokens in 0.003 seconds [3m(gpu_transfer.py:513:lmcache.v1.multiprocess.modules.gpu_transfer)[0m
[32;20m[2026-06-03 07:41:13,891] LMCache INFO:[0m Stored 256 tokens in 0.003 seconds [3m(gpu_transfer.py:513:lmcache.v1.multiprocess.modules.gpu_transfer)[0m
[32;20m[2026-06-03 07:41:14,104] LMCache INFO:[0m Stored 256 tokens in 0.006 seconds [3m(gpu_transfer.py:513:lmcache.v1.multiprocess.modules.gpu_transfer)[0m
[32;20m[2026-06-03 07:41:15,255] LMCache INFO:[0m Stored 256 tokens in 0.002 seconds [3m(gpu_transfer.py:513:lmcache.v1.multiprocess.modules.gpu_transfer)[0m
[32;20m[2026-06-03 07:41:16,611] LMCache INFO:[0m Stored 256 tokens in 0.003 seconds [3m(gpu_transfer.py:513:lmcache.v1.multiprocess.modules.gpu_transfer)[0m
[32;20m[2026-06-03 07:41:17,772] LMCache INFO:[0m Stored 256 tokens in 0.006 seconds [3m(gpu_transfer.py:513:lmcache.v1.multiprocess.modules.gpu_transfer)[0m
[32;20m[2026-06-03 07:41:20,051] LMCache INFO:[0m Stored 256 tokens in 0.003 seconds [3m(gpu_transfer.py:513:lmcache.v1.multiprocess.modules.gpu_transfer)[0m
[32;20m[2026-06-03 07:41:21,135] LMCache INFO:[0m Stored 256 tokens in 0.006 seconds [3m(gpu_transfer.py:513:lmcache.v1.multiprocess.modules.gpu_transfer)[0m
[32;20m[2026-06-03 07:41:22,983] LMCache INFO:[0m Prefetch request completed (L1+L2): 185/186 retained keys (185 L1, 0 L2) in 1.3 ms (external_request_id=chatcmpl-66cc5b92-70d2-41a6-8089-af410cd07db9-aa6314e6, prefetch_request_id=-1) [3m(storage_manager.py:575:lmcache.v1.distributed.storage_manager)[0m
[32;20m[2026-06-03 07:41:23,162] LMCache INFO:[0m Stored 256 tokens in 0.006 seconds [3m(gpu_transfer.py:513:lmcache.v1.multiprocess.modules.gpu_transfer)[0m
[32;20m[2026-06-03 07:41:23,787] LMCache INFO:[0m Stored 256 tokens in 0.003 seconds [3m(gpu_transfer.py:513:lmcache.v1.multiprocess.modules.gpu_transfer)[0m
[32;20m[2026-06-03 07:41:24,961] LMCache INFO:[0m Stored 256 tokens in 0.006 seconds [3m(gpu_transfer.py:513:lmcache.v1.multiprocess.modules.gpu_transfer)[0m
[32;20m[2026-06-03 07:41:25,754] LMCache INFO:[0m Stored 256 tokens in 0.002 seconds [3m(gpu_transfer.py:513:lmcache.v1.multiprocess.modules.gpu_transfer)[0m
[32;20m[2026-06-03 07:41:28,405] LMCache INFO:[0m Stored 256 tokens in 0.007 seconds [3m(gpu_transfer.py:513:lmcache.v1.multiprocess.modules.gpu_transfer)[0m
[32;20m[2026-06-03 07:41:31,552] LMCache INFO:[0m Prefetch request completed (L1+L2): 383/385 retained keys (383 L1, 0 L2) in 1.7 ms (external_request_id=chatcmpl-944a761c-b9da-4262-9b6f-383adefdcc5c-a69c5581, prefetch_request_id=-1) [3m(storage_manager.py:575:lmcache.v1.distributed.storage_manager)[0m
[32;20m[2026-06-03 07:41:31,847] LMCache INFO:[0m Stored 512 tokens in 0.012 seconds [3m(gpu_transfer.py:513:lmcache.v1.multiprocess.modules.gpu_transfer)[0m
[32;20m[2026-06-03 07:41:32,624] LMCache INFO:[0m Stored 256 tokens in 0.006 seconds [3m(gpu_transfer.py:513:lmcache.v1.multiprocess.modules.gpu_transfer)[0m
[32;20m[2026-06-03 07:41:34,642] LMCache INFO:[0m Prefetch request completed (L1+L2): 186/188 retained keys (186 L1, 0 L2) in 1.1 ms (external_request_id=chatcmpl-57fb6b8a-5ac5-42b8-aae0-5ca5c0f3a2b8-ac84766e, prefetch_request_id=-1) [3m(storage_manager.py:575:lmcache.v1.distributed.storage_manager)[0m
[32;20m[2026-06-03 07:41:34,799] LMCache INFO:[0m Stored 512 tokens in 0.006 seconds [3m(gpu_transfer.py:513:lmcache.v1.multiprocess.modules.gpu_transfer)[0m
[32;20m[2026-06-03 07:41:35,300] LMCache INFO:[0m Prefetch request completed (L1+L2): 385/385 retained keys (385 L1, 0 L2) in 1.6 ms (external_request_id=chatcmpl-6f46d2b0-16b8-4577-9afa-047457a9d9b2-b065493c, prefetch_request_id=-1) [3m(storage_manager.py:575:lmcache.v1.distributed.storage_manager)[0m
[32;20m[2026-06-03 07:41:36,391] LMCache INFO:[0m Stored 256 tokens in 0.011 seconds [3m(gpu_transfer.py:513:lmcache.v1.multiprocess.modules.gpu_transfer)[0m
[32;20m[2026-06-03 07:41:36,974] LMCache INFO:[0m Prefetch request completed (L1+L2): 359/364 retained keys (359 L1, 0 L2) in 1.6 ms (external_request_id=chatcmpl-5c84cee5-6d45-494e-8b4a-a27e5071e72c-b57789d9, prefetch_request_id=-1) [3m(storage_manager.py:575:lmcache.v1.distributed.storage_manager)[0m
[32;20m[2026-06-03 07:41:37,266] LMCache INFO:[0m Stored 1280 tokens in 0.011 seconds [3m(gpu_transfer.py:513:lmcache.v1.multiprocess.modules.gpu_transfer)[0m
[32;20m[2026-06-03 07:41:37,758] LMCache INFO:[0m Stored 256 tokens in 0.006 seconds [3m(gpu_transfer.py:513:lmcache.v1.multiprocess.modules.gpu_transfer)[0m
[32;20m[2026-06-03 07:41:38,579] LMCache INFO:[0m Stored 256 tokens in 0.002 seconds [3m(gpu_transfer.py:513:lmcache.v1.multiprocess.modules.gpu_transfer)[0m
[32;20m[2026-06-03 07:41:40,526] LMCache INFO:[0m Stored 256 tokens in 0.003 seconds [3m(gpu_transfer.py:513:lmcache.v1.multiprocess.modules.gpu_transfer)[0m
[32;20m[2026-06-03 07:41:41,417] LMCache INFO:[0m Stored 256 tokens in 0.006 seconds [3m(gpu_transfer.py:513:lmcache.v1.multiprocess.modules.gpu_transfer)[0m
[32;20m[2026-06-03 07:41:43,927] LMCache INFO:[0m Prefetch request completed (L1+L2): 385/386 retained keys (385 L1, 0 L2) in 2.0 ms (external_request_id=chatcmpl-0593e2de-cfd1-4c42-9a3d-74c748c37bc0-b7ca6467, prefetch_request_id=-1) [3m(storage_manager.py:575:lmcache.v1.distributed.storage_manager)[0m
[32;20m[2026-06-03 07:41:44,158] LMCache INFO:[0m Stored 256 tokens in 0.011 seconds [3m(gpu_transfer.py:513:lmcache.v1.multiprocess.modules.gpu_transfer)[0m
[32;20m[2026-06-03 07:41:44,629] LMCache INFO:[0m Stored 256 tokens in 0.003 seconds [3m(gpu_transfer.py:513:lmcache.v1.multiprocess.modules.gpu_transfer)[0m
[32;20m[2026-06-03 07:41:45,451] LMCache INFO:[0m Stored 256 tokens in 0.006 seconds [3m(gpu_transfer.py:513:lmcache.v1.multiprocess.modules.gpu_transfer)[0m
[32;20m[2026-06-03 07:41:46,834] LMCache INFO:[0m Prefetch request completed (L1+L2): 386/387 retained keys (386 L1, 0 L2) in 1.9 ms (external_request_id=chatcmpl-8e9f18ec-d3de-4a84-89e0-73b9fb7af4ca-947e2a46, prefetch_request_id=-1) [3m(storage_manager.py:575:lmcache.v1.distributed.storage_manager)[0m
[32;20m[2026-06-03 07:41:47,037] LMCache INFO:[0m Stored 256 tokens in 0.012 seconds [3m(gpu_transfer.py:513:lmcache.v1.multiprocess.modules.gpu_transfer)[0m
[32;20m[2026-06-03 07:41:48,110] LMCache INFO:[0m Prefetch request completed (L1+L2): 188/190 retained keys (188 L1, 0 L2) in 1.3 ms (external_request_id=chatcmpl-b99c8d8f-15fb-48d3-8ca2-dbd379d0b056-89093f13, prefetch_request_id=-1) [3m(storage_manager.py:575:lmcache.v1.distributed.storage_manager)[0m
[32;20m[2026-06-03 07:41:48,283] LMCache INFO:[0m Stored 512 tokens in 0.007 seconds [3m(gpu_transfer.py:513:lmcache.v1.multiprocess.modules.gpu_transfer)[0m
[32;20m[2026-06-03 07:41:49,095] LMCache INFO:[0m Stored 256 tokens in 0.004 seconds [3m(gpu_transfer.py:513:lmcache.v1.multiprocess.modules.gpu_transfer)[0m
[32;20m[2026-06-03 07:41:50,752] LMCache INFO:[0m Stored 256 tokens in 0.003 seconds [3m(gpu_transfer.py:513:lmcache.v1.multiprocess.modules.gpu_transfer)[0m
[32;20m[2026-06-03 07:41:51,431] LMCache INFO:[0m Stored 256 tokens in 0.002 seconds [3m(gpu_transfer.py:513:lmcache.v1.multiprocess.modules.gpu_transfer)[0m
[32;20m[2026-06-03 07:41:53,898] LMCache INFO:[0m Stored 256 tokens in 0.004 seconds [3m(gpu_transfer.py:513:lmcache.v1.multiprocess.modules.gpu_transfer)[0m
[32;20m[2026-06-03 07:41:54,520] LMCache INFO:[0m Stored 256 tokens in 0.002 seconds [3m(gpu_transfer.py:513:lmcache.v1.multiprocess.modules.gpu_transfer)[0m
[32;20m[2026-06-03 07:41:56,924] LMCache INFO:[0m Stored 256 tokens in 0.003 seconds [3m(gpu_transfer.py:513:lmcache.v1.multiprocess.modules.gpu_transfer)[0m
[32;20m[2026-06-03 07:41:57,548] LMCache INFO:[0m Stored 256 tokens in 0.002 seconds [3m(gpu_transfer.py:513:lmcache.v1.multiprocess.modules.gpu_transfer)[0m
[32;20m[2026-06-03 07:41:59,301] LMCache INFO:[0m Prefetch request completed (L1+L2): 364/365 retained keys (364 L1, 0 L2) in 1.6 ms (external_request_id=chatcmpl-df4184b1-a780-4ecb-986b-5a2901bcea2b-8ea015fa, prefetch_request_id=-1) [3m(storage_manager.py:575:lmcache.v1.distributed.storage_manager)[0m
[32;20m[2026-06-03 07:41:59,629] LMCache INFO:[0m Stored 256 tokens in 0.011 seconds [3m(gpu_transfer.py:513:lmcache.v1.multiprocess.modules.gpu_transfer)[0m
[32;20m[2026-06-03 07:42:00,741] LMCache INFO:[0m Stored 256 tokens in 0.004 seconds [3m(gpu_transfer.py:513:lmcache.v1.multiprocess.modules.gpu_transfer)[0m
[32;20m[2026-06-03 07:42:00,822] LMCache INFO:[0m Stored 256 tokens in 0.003 seconds [3m(gpu_transfer.py:513:lmcache.v1.multiprocess.modules.gpu_transfer)[0m
[32;20m[2026-06-03 07:42:03,752] LMCache INFO:[0m Stored 256 tokens in 0.004 seconds [3m(gpu_transfer.py:513:lmcache.v1.multiprocess.modules.gpu_transfer)[0m
[32;20m[2026-06-03 07:42:09,207] LMCache INFO:[0m Prefetch request completed (L1+L2): 387/389 retained keys (387 L1, 0 L2) in 1.8 ms (external_request_id=chatcmpl-f4a97804-4dec-4709-aa04-15a3bacc290d-89634c1c, prefetch_request_id=-1) [3m(storage_manager.py:575:lmcache.v1.distributed.storage_manager)[0m
[32;20m[2026-06-03 07:42:09,468] LMCache INFO:[0m Stored 512 tokens in 0.012 seconds [3m(gpu_transfer.py:513:lmcache.v1.multiprocess.modules.gpu_transfer)[0m
[32;20m[2026-06-03 07:42:10,071] LMCache INFO:[0m Stored 256 tokens in 0.004 seconds [3m(gpu_transfer.py:513:lmcache.v1.multiprocess.modules.gpu_transfer)[0m
[32;20m[2026-06-03 07:42:11,156] LMCache INFO:[0m Prefetch request completed (L1+L2): 365/366 retained keys (365 L1, 0 L2) in 1.9 ms (external_request_id=chatcmpl-302343c5-f0d8-449b-8fce-5eba69d09735-b71b3bf7, prefetch_request_id=-1) [3m(storage_manager.py:575:lmcache.v1.distributed.storage_manager)[0m
[32;20m[2026-06-03 07:42:11,361] LMCache INFO:[0m Stored 256 tokens in 0.011 seconds [3m(gpu_transfer.py:513:lmcache.v1.multiprocess.modules.gpu_transfer)[0m
[32;20m[2026-06-03 07:42:11,662] LMCache INFO:[0m Stored 256 tokens in 0.003 seconds [3m(gpu_transfer.py:513:lmcache.v1.multiprocess.modules.gpu_transfer)[0m
[32;20m[2026-06-03 07:42:12,491] LMCache INFO:[0m Prefetch request completed (L1+L2): 190/193 retained keys (190 L1, 0 L2) in 1.2 ms (external_request_id=chatcmpl-6321dc34-ecab-483d-8030-dabf0d2a33e4-a1365b12, prefetch_request_id=-1) [3m(storage_manager.py:575:lmcache.v1.distributed.storage_manager)[0m
[32;20m[2026-06-03 07:42:12,708] LMCache INFO:[0m Stored 768 tokens in 0.007 seconds [3m(gpu_transfer.py:513:lmcache.v1.multiprocess.modules.gpu_transfer)[0m
[32;20m[2026-06-03 07:42:13,176] LMCache INFO:[0m Stored 256 tokens in 0.002 seconds [3m(gpu_transfer.py:513:lmcache.v1.multiprocess.modules.gpu_transfer)[0m
[32;20m[2026-06-03 07:42:15,174] LMCache INFO:[0m Stored 256 tokens in 0.004 seconds [3m(gpu_transfer.py:513:lmcache.v1.multiprocess.modules.gpu_transfer)[0m
[32;20m[2026-06-03 07:42:16,227] LMCache INFO:[0m Stored 256 tokens in 0.002 seconds [3m(gpu_transfer.py:513:lmcache.v1.multiprocess.modules.gpu_transfer)[0m
[32;20m[2026-06-03 07:42:18,143] LMCache INFO:[0m Stored 256 tokens in 0.003 seconds [3m(gpu_transfer.py:513:lmcache.v1.multiprocess.modules.gpu_transfer)[0m
[32;20m[2026-06-03 07:42:20,400] LMCache INFO:[0m Prefetch request completed (L1+L2): 389/390 retained keys (389 L1, 0 L2) in 2.0 ms (external_request_id=chatcmpl-0179e928-6c88-4022-b4c5-91b7a335ed0e-9011937e, prefetch_request_id=-1) [3m(storage_manager.py:575:lmcache.v1.distributed.storage_manager)[0m
[32;20m[2026-06-03 07:42:20,564] LMCache INFO:[0m Stored 256 tokens in 0.012 seconds [3m(gpu_transfer.py:513:lmcache.v1.multiprocess.modules.gpu_transfer)[0m
[32;20m[2026-06-03 07:42:21,795] LMCache INFO:[0m Stored 256 tokens in 0.003 seconds [3m(gpu_transfer.py:513:lmcache.v1.multiprocess.modules.gpu_transfer)[0m
[32;20m[2026-06-03 07:42:23,673] LMCache INFO:[0m Prefetch request completed (L1+L2): 366/433 retained keys (366 L1, 0 L2) in 27.2 ms (external_request_id=chatcmpl-d39744ee-e91b-46de-a0b1-4dcf48819ddc-a9b3b6b5, prefetch_request_id=-1) [3m(storage_manager.py:575:lmcache.v1.distributed.storage_manager)[0m
[32;20m[2026-06-03 07:42:23,988] LMCache INFO:[0m Stored 8192 tokens in 0.014 seconds [3m(gpu_transfer.py:513:lmcache.v1.multiprocess.modules.gpu_transfer)[0m
[32;20m[2026-06-03 07:42:25,744] LMCache INFO:[0m Stored 8192 tokens in 0.008 seconds [3m(gpu_transfer.py:513:lmcache.v1.multiprocess.modules.gpu_transfer)[0m
[32;20m[2026-06-03 07:42:25,784] LMCache INFO:[0m Prefetch request completed (L1+L2): 193/197 retained keys (193 L1, 0 L2) in 1.4 ms (external_request_id=chatcmpl-a9944843-03ef-47a9-bb37-ce8fbd493736-90c402f7, prefetch_request_id=-1) [3m(storage_manager.py:575:lmcache.v1.distributed.storage_manager)[0m
[32;20m[2026-06-03 07:42:25,910] LMCache INFO:[0m Prefetch request completed (L1+L2): 390/393 retained keys (390 L1, 0 L2) in 1.8 ms (external_request_id=chatcmpl-25bdc280-21db-4a66-b9aa-fa284789918e-942293ce, prefetch_request_id=-1) [3m(storage_manager.py:575:lmcache.v1.distributed.storage_manager)[0m
[32;20m[2026-06-03 07:42:28,086] LMCache INFO:[0m Stored 1024 tokens in 0.017 seconds [3m(gpu_transfer.py:513:lmcache.v1.multiprocess.modules.gpu_transfer)[0m
[32;20m[2026-06-03 07:42:28,788] LMCache INFO:[0m Stored 768 tokens in 0.012 seconds [3m(gpu_transfer.py:513:lmcache.v1.multiprocess.modules.gpu_transfer)[0m
[32;20m[2026-06-03 07:42:28,795] LMCache INFO:[0m Stored 768 tokens in 0.004 seconds [3m(gpu_transfer.py:513:lmcache.v1.multiprocess.modules.gpu_transfer)[0m
[32;20m[2026-06-03 07:42:30,285] LMCache INFO:[0m Stored 256 tokens in 0.004 seconds [3m(gpu_transfer.py:513:lmcache.v1.multiprocess.modules.gpu_transfer)[0m
[32;20m[2026-06-03 07:42:30,483] LMCache INFO:[0m Stored 256 tokens in 0.002 seconds [3m(gpu_transfer.py:513:lmcache.v1.multiprocess.modules.gpu_transfer)[0m
[32;20m[2026-06-03 07:42:33,284] LMCache INFO:[0m Stored 256 tokens in 0.004 seconds [3m(gpu_transfer.py:513:lmcache.v1.multiprocess.modules.gpu_transfer)[0m
[32;20m[2026-06-03 07:42:36,218] LMCache INFO:[0m Stored 256 tokens in 0.004 seconds [3m(gpu_transfer.py:513:lmcache.v1.multiprocess.modules.gpu_transfer)[0m
[32;20m[2026-06-03 07:42:37,675] LMCache INFO:[0m Prefetch request completed (L1+L2): 197/198 retained keys (197 L1, 0 L2) in 1.4 ms (external_request_id=chatcmpl-a9582b44-18ab-4274-b9c5-edff86ee04d3-bc541034, prefetch_request_id=-1) [3m(storage_manager.py:575:lmcache.v1.distributed.storage_manager)[0m
[32;20m[2026-06-03 07:42:37,845] LMCache INFO:[0m Stored 256 tokens in 0.007 seconds [3m(gpu_transfer.py:513:lmcache.v1.multiprocess.modules.gpu_transfer)[0m
[32;20m[2026-06-03 07:42:38,783] LMCache INFO:[0m Stored 256 tokens in 0.002 seconds [3m(gpu_transfer.py:513:lmcache.v1.multiprocess.modules.gpu_transfer)[0m
[32;20m[2026-06-03 07:42:39,631] LMCache INFO:[0m Stored 256 tokens in 0.004 seconds [3m(gpu_transfer.py:513:lmcache.v1.multiprocess.modules.gpu_transfer)[0m
[32;20m[2026-06-03 07:42:41,845] LMCache INFO:[0m Stored 256 tokens in 0.002 seconds [3m(gpu_transfer.py:513:lmcache.v1.multiprocess.modules.gpu_transfer)[0m
[32;20m[2026-06-03 07:42:42,703] LMCache INFO:[0m Stored 256 tokens in 0.004 seconds [3m(gpu_transfer.py:513:lmcache.v1.multiprocess.modules.gpu_transfer)[0m
[32;20m[2026-06-03 07:42:43,309] LMCache INFO:[0m Prefetch request completed (L1+L2): 381/390 retained keys (381 L1, 0 L2) in 2.0 ms (external_request_id=chatcmpl-75316cf0-8b63-4497-a15b-aaf8438c32c9-b7369824, prefetch_request_id=-1) [3m(storage_manager.py:575:lmcache.v1.distributed.storage_manager)[0m
[32;20m[2026-06-03 07:42:43,618] LMCache INFO:[0m Stored 2304 tokens in 0.012 seconds [3m(gpu_transfer.py:513:lmcache.v1.multiprocess.modules.gpu_transfer)[0m
[32;20m[2026-06-03 07:42:47,465] LMCache INFO:[0m Prefetch request completed (L1+L2): 944/971 retained keys (944 L1, 0 L2) in 2.9 ms (external_request_id=chatcmpl-7d9753dc-36b0-4788-8eb0-0db676efe480-a0b5cff3, prefetch_request_id=-1) [3m(storage_manager.py:575:lmcache.v1.distributed.storage_manager)[0m
[32;20m[2026-06-03 07:42:47,874] LMCache INFO:[0m Stored 6912 tokens in 0.030 seconds [3m(gpu_transfer.py:513:lmcache.v1.multiprocess.modules.gpu_transfer)[0m
[32;20m[2026-06-03 07:42:51,460] LMCache INFO:[0m Prefetch request completed (L1+L2): 198/200 retained keys (198 L1, 0 L2) in 0.9 ms (external_request_id=chatcmpl-0d6caa58-88e2-4764-a21d-e61bcf7fdd92-96604d2b, prefetch_request_id=-1) [3m(storage_manager.py:575:lmcache.v1.distributed.storage_manager)[0m
[32;20m[2026-06-03 07:42:51,626] LMCache INFO:[0m Stored 512 tokens in 0.007 seconds [3m(gpu_transfer.py:513:lmcache.v1.multiprocess.modules.gpu_transfer)[0m
[32;20m[2026-06-03 07:42:51,852] LMCache INFO:[0m Stored 256 tokens in 0.004 seconds [3m(gpu_transfer.py:513:lmcache.v1.multiprocess.modules.gpu_transfer)[0m
[32;20m[2026-06-03 07:42:53,166] LMCache INFO:[0m Stored 256 tokens in 0.006 seconds [3m(gpu_transfer.py:513:lmcache.v1.multiprocess.modules.gpu_transfer)[0m
[32;20m[2026-06-03 07:42:55,454] LMCache INFO:[0m Stored 256 tokens in 0.002 seconds [3m(gpu_transfer.py:513:lmcache.v1.multiprocess.modules.gpu_transfer)[0m
[32;20m[2026-06-03 07:42:55,568] LMCache INFO:[0m Stored 256 tokens in 0.003 seconds [3m(gpu_transfer.py:513:lmcache.v1.multiprocess.modules.gpu_transfer)[0m
[32;20m[2026-06-03 07:42:56,872] LMCache INFO:[0m Stored 256 tokens in 0.006 seconds [3m(gpu_transfer.py:513:lmcache.v1.multiprocess.modules.gpu_transfer)[0m
[32;20m[2026-06-03 07:42:59,217] LMCache INFO:[0m Stored 256 tokens in 0.004 seconds [3m(gpu_transfer.py:513:lmcache.v1.multiprocess.modules.gpu_transfer)[0m
[32;20m[2026-06-03 07:43:00,434] LMCache INFO:[0m Stored 256 tokens in 0.007 seconds [3m(gpu_transfer.py:513:lmcache.v1.multiprocess.modules.gpu_transfer)[0m
[32;20m[2026-06-03 07:43:00,620] LMCache INFO:[0m Prefetch request completed (L1+L2): 390/390 retained keys (390 L1, 0 L2) in 1.7 ms (external_request_id=chatcmpl-139a0b71-0f1f-4e97-8db1-8a33bda40ca5-890fa45f, prefetch_request_id=-1) [3m(storage_manager.py:575:lmcache.v1.distributed.storage_manager)[0m
[32;20m[2026-06-03 07:43:03,218] LMCache INFO:[0m Stored 256 tokens in 0.004 seconds [3m(gpu_transfer.py:513:lmcache.v1.multiprocess.modules.gpu_transfer)[0m
[32;20m[2026-06-03 07:43:04,413] LMCache INFO:[0m Stored 256 tokens in 0.006 seconds [3m(gpu_transfer.py:513:lmcache.v1.multiprocess.modules.gpu_transfer)[0m
[32;20m[2026-06-03 07:43:06,607] LMCache INFO:[0m Stored 256 tokens in 0.004 seconds [3m(gpu_transfer.py:513:lmcache.v1.multiprocess.modules.gpu_transfer)[0m
[32;20m[2026-06-03 07:43:07,567] LMCache INFO:[0m Prefetch request completed (L1+L2): 200/208 retained keys (200 L1, 0 L2) in 1.1 ms (external_request_id=chatcmpl-d30b03c5-b81c-44e1-93a3-90fc447346d9-9bd3871b, prefetch_request_id=-1) [3m(storage_manager.py:575:lmcache.v1.distributed.storage_manager)[0m
[32;20m[2026-06-03 07:43:07,784] LMCache INFO:[0m Stored 2048 tokens in 0.007 seconds [3m(gpu_transfer.py:513:lmcache.v1.multiprocess.modules.gpu_transfer)[0m
[32;20m[2026-06-03 07:43:08,478] LMCache INFO:[0m Stored 256 tokens in 0.007 seconds [3m(gpu_transfer.py:513:lmcache.v1.multiprocess.modules.gpu_transfer)[0m
[32;20m[2026-06-03 07:43:08,979] LMCache INFO:[0m Stored 256 tokens in 0.002 seconds [3m(gpu_transfer.py:513:lmcache.v1.multiprocess.modules.gpu_transfer)[0m
[32;20m[2026-06-03 07:43:10,880] LMCache INFO:[0m Stored 256 tokens in 0.004 seconds [3m(gpu_transfer.py:513:lmcache.v1.multiprocess.modules.gpu_transfer)[0m
[32;20m[2026-06-03 07:43:12,182] LMCache INFO:[0m Stored 256 tokens in 0.006 seconds [3m(gpu_transfer.py:513:lmcache.v1.multiprocess.modules.gpu_transfer)[0m
[32;20m[2026-06-03 07:43:12,681] LMCache INFO:[0m Stored 256 tokens in 0.002 seconds [3m(gpu_transfer.py:513:lmcache.v1.multiprocess.modules.gpu_transfer)[0m
[32;20m[2026-06-03 07:43:14,574] LMCache INFO:[0m Stored 256 tokens in 0.004 seconds [3m(gpu_transfer.py:513:lmcache.v1.multiprocess.modules.gpu_transfer)[0m
[32;20m[2026-06-03 07:43:15,872] LMCache INFO:[0m Stored 256 tokens in 0.006 seconds [3m(gpu_transfer.py:513:lmcache.v1.multiprocess.modules.gpu_transfer)[0m
[32;20m[2026-06-03 07:43:16,371] LMCache INFO:[0m Stored 256 tokens in 0.002 seconds [3m(gpu_transfer.py:513:lmcache.v1.multiprocess.modules.gpu_transfer)[0m
[32;20m[2026-06-03 07:43:17,336] LMCache INFO:[0m Prefetch request completed (L1+L2): 390/391 retained keys (390 L1, 0 L2) in 1.7 ms (external_request_id=chatcmpl-557c059e-a2a0-4a6d-8808-c7bad3c0b688-98d28643, prefetch_request_id=-1) [3m(storage_manager.py:575:lmcache.v1.distributed.storage_manager)[0m
[32;20m[2026-06-03 07:43:17,532] LMCache INFO:[0m Stored 256 tokens in 0.012 seconds [3m(gpu_transfer.py:513:lmcache.v1.multiprocess.modules.gpu_transfer)[0m
[32;20m[2026-06-03 07:43:18,752] LMCache INFO:[0m Stored 256 tokens in 0.004 seconds [3m(gpu_transfer.py:513:lmcache.v1.multiprocess.modules.gpu_transfer)[0m
[32;20m[2026-06-03 07:43:19,948] LMCache INFO:[0m Stored 256 tokens in 0.006 seconds [3m(gpu_transfer.py:513:lmcache.v1.multiprocess.modules.gpu_transfer)[0m
[32;20m[2026-06-03 07:43:22,137] LMCache INFO:[0m Stored 256 tokens in 0.004 seconds [3m(gpu_transfer.py:513:lmcache.v1.multiprocess.modules.gpu_transfer)[0m
[32;20m[2026-06-03 07:43:23,328] LMCache INFO:[0m Stored 256 tokens in 0.006 seconds [3m(gpu_transfer.py:513:lmcache.v1.multiprocess.modules.gpu_transfer)[0m
[32;20m[2026-06-03 07:43:25,515] LMCache INFO:[0m Stored 256 tokens in 0.004 seconds [3m(gpu_transfer.py:513:lmcache.v1.multiprocess.modules.gpu_transfer)[0m
[32;20m[2026-06-03 07:43:26,279] LMCache INFO:[0m Prefetch request completed (L1+L2): 208/211 retained keys (208 L1, 0 L2) in 1.1 ms (external_request_id=chatcmpl-c2934ffd-05a1-4853-8ec3-7c5c1b5b0692-a05db26a, prefetch_request_id=-1) [3m(storage_manager.py:575:lmcache.v1.distributed.storage_manager)[0m
[32;20m[2026-06-03 07:43:26,495] LMCache INFO:[0m Stored 768 tokens in 0.007 seconds [3m(gpu_transfer.py:513:lmcache.v1.multiprocess.modules.gpu_transfer)[0m
[32;20m[2026-06-03 07:43:27,183] LMCache INFO:[0m Stored 256 tokens in 0.006 seconds [3m(gpu_transfer.py:513:lmcache.v1.multiprocess.modules.gpu_transfer)[0m
[32;20m[2026-06-03 07:43:29,497] LMCache INFO:[0m Stored 256 tokens in 0.004 seconds [3m(gpu_transfer.py:513:lmcache.v1.multiprocess.modules.gpu_transfer)[0m
[32;20m[2026-06-03 07:43:30,688] LMCache INFO:[0m Stored 256 tokens in 0.006 seconds [3m(gpu_transfer.py:513:lmcache.v1.multiprocess.modules.gpu_transfer)[0m
[32;20m[2026-06-03 07:43:32,804] LMCache INFO:[0m Stored 256 tokens in 0.004 seconds [3m(gpu_transfer.py:513:lmcache.v1.multiprocess.modules.gpu_transfer)[0m
[32;20m[2026-06-03 07:43:34,481] LMCache INFO:[0m Prefetch request completed (L1+L2): 391/391 retained keys (391 L1, 0 L2) in 1.5 ms (external_request_id=chatcmpl-df7a9987-9498-405a-97e4-81ff874b57fb-b6361069, prefetch_request_id=-1) [3m(storage_manager.py:575:lmcache.v1.distributed.storage_manager)[0m
[32;20m[2026-06-03 07:43:35,568] LMCache INFO:[0m Stored 256 tokens in 0.012 seconds [3m(gpu_transfer.py:513:lmcache.v1.multiprocess.modules.gpu_transfer)[0m
[32;20m[2026-06-03 07:43:36,313] LMCache INFO:[0m Prefetch request completed (L1+L2): 211/213 retained keys (211 L1, 0 L2) in 1.1 ms (external_request_id=chatcmpl-11b35dec-eba8-48bc-953a-41919d6d0a09-a8ec017b, prefetch_request_id=-1) [3m(storage_manager.py:575:lmcache.v1.distributed.storage_manager)[0m
[32;20m[2026-06-03 07:43:36,482] LMCache INFO:[0m Stored 512 tokens in 0.007 seconds [3m(gpu_transfer.py:513:lmcache.v1.multiprocess.modules.gpu_transfer)[0m
[32;20m[2026-06-03 07:43:36,982] LMCache INFO:[0m Stored 256 tokens in 0.004 seconds [3m(gpu_transfer.py:513:lmcache.v1.multiprocess.modules.gpu_transfer)[0m
[32;20m[2026-06-03 07:43:37,913] LMCache INFO:[0m Stored 256 tokens in 0.002 seconds [3m(gpu_transfer.py:513:lmcache.v1.multiprocess.modules.gpu_transfer)[0m
[32;20m[2026-06-03 07:43:40,047] LMCache INFO:[0m Stored 256 tokens in 0.004 seconds [3m(gpu_transfer.py:513:lmcache.v1.multiprocess.modules.gpu_transfer)[0m
[32;20m[2026-06-03 07:43:42,989] LMCache INFO:[0m Stored 256 tokens in 0.004 seconds [3m(gpu_transfer.py:513:lmcache.v1.multiprocess.modules.gpu_transfer)[0m
[32;20m[2026-06-03 07:43:45,930] LMCache INFO:[0m Stored 256 tokens in 0.004 seconds [3m(gpu_transfer.py:513:lmcache.v1.multiprocess.modules.gpu_transfer)[0m
[32;20m[2026-06-03 07:43:47,849] LMCache INFO:[0m Prefetch request completed (L1+L2): 213/222 retained keys (213 L1, 0 L2) in 1.2 ms (external_request_id=chatcmpl-65499e5a-719b-447d-a5f4-a9a51e47d235-85a6269f, prefetch_request_id=-1) [3m(storage_manager.py:575:lmcache.v1.distributed.storage_manager)[0m
[32;20m[2026-06-03 07:43:48,070] LMCache INFO:[0m Stored 2304 tokens in 0.009 seconds [3m(gpu_transfer.py:513:lmcache.v1.multiprocess.modules.gpu_transfer)[0m
[32;20m[2026-06-03 07:43:49,675] LMCache INFO:[0m Stored 256 tokens in 0.004 seconds [3m(gpu_transfer.py:513:lmcache.v1.multiprocess.modules.gpu_transfer)[0m
[32;20m[2026-06-03 07:43:50,414] LMCache INFO:[0m Stored 256 tokens in 0.002 seconds [3m(gpu_transfer.py:513:lmcache.v1.multiprocess.modules.gpu_transfer)[0m
[32;20m[2026-06-03 07:43:52,749] LMCache INFO:[0m Stored 256 tokens in 0.003 seconds [3m(gpu_transfer.py:513:lmcache.v1.multiprocess.modules.gpu_transfer)[0m
[32;20m[2026-06-03 07:43:53,304] LMCache INFO:[0m Prefetch request completed (L1+L2): 391/392 retained keys (391 L1, 0 L2) in 1.8 ms (external_request_id=chatcmpl-9a7a6f28-472d-40d0-923d-cc51677deb85-a1f0b6f0, prefetch_request_id=-1) [3m(storage_manager.py:575:lmcache.v1.distributed.storage_manager)[0m
[32;20m[2026-06-03 07:43:53,512] LMCache INFO:[0m Stored 256 tokens in 0.014 seconds [3m(gpu_transfer.py:513:lmcache.v1.multiprocess.modules.gpu_transfer)[0m
[32;20m[2026-06-03 07:43:56,462] LMCache INFO:[0m Stored 256 tokens in 0.004 seconds [3m(gpu_transfer.py:513:lmcache.v1.multiprocess.modules.gpu_transfer)[0m
[32;20m[2026-06-03 07:43:59,407] LMCache INFO:[0m Stored 256 tokens in 0.004 seconds [3m(gpu_transfer.py:513:lmcache.v1.multiprocess.modules.gpu_transfer)[0m
[32;20m[2026-06-03 07:44:02,355] LMCache INFO:[0m Stored 256 tokens in 0.004 seconds [3m(gpu_transfer.py:513:lmcache.v1.multiprocess.modules.gpu_transfer)[0m
[32;20m[2026-06-03 07:44:02,833] LMCache INFO:[0m Prefetch request completed (L1+L2): 392/392 retained keys (392 L1, 0 L2) in 1.7 ms (external_request_id=chatcmpl-7136c03d-2805-49d4-9e35-34c6bf4621e9-a1949f9c, prefetch_request_id=-1) [3m(storage_manager.py:575:lmcache.v1.distributed.storage_manager)[0m
[32;20m[2026-06-03 07:44:03,697] LMCache INFO:[0m Prefetch request completed (L1+L2): 222/226 retained keys (222 L1, 0 L2) in 1.2 ms (external_request_id=chatcmpl-7c72fbfc-9047-4019-a66d-0e384c0243d5-a115cb17, prefetch_request_id=-1) [3m(storage_manager.py:575:lmcache.v1.distributed.storage_manager)[0m
[32;20m[2026-06-03 07:44:03,917] LMCache INFO:[0m Stored 1024 tokens in 0.008 seconds [3m(gpu_transfer.py:513:lmcache.v1.multiprocess.modules.gpu_transfer)[0m
[32;20m[2026-06-03 07:44:04,251] LMCache INFO:[0m Stored 256 tokens in 0.012 seconds [3m(gpu_transfer.py:513:lmcache.v1.multiprocess.modules.gpu_transfer)[0m
[32;20m[2026-06-03 07:44:05,145] LMCache INFO:[0m Stored 256 tokens in 0.002 seconds [3m(gpu_transfer.py:513:lmcache.v1.multiprocess.modules.gpu_transfer)[0m
[32;20m[2026-06-03 07:44:07,254] LMCache INFO:[0m Stored 256 tokens in 0.003 seconds [3m(gpu_transfer.py:513:lmcache.v1.multiprocess.modules.gpu_transfer)[0m
[32;20m[2026-06-03 07:44:08,131] LMCache INFO:[0m Stored 256 tokens in 0.003 seconds [3m(gpu_transfer.py:513:lmcache.v1.multiprocess.modules.gpu_transfer)[0m
[32;20m[2026-06-03 07:44:15,379] LMCache INFO:[0m Prefetch request completed (L1+L2): 392/393 retained keys (392 L1, 0 L2) in 1.8 ms (external_request_id=chatcmpl-d7b8f1a6-436b-4cd8-a84e-b3b812e73405-82caccb6, prefetch_request_id=-1) [3m(storage_manager.py:575:lmcache.v1.distributed.storage_manager)[0m
[32;20m[2026-06-03 07:44:15,604] LMCache INFO:[0m Stored 256 tokens in 0.012 seconds [3m(gpu_transfer.py:513:lmcache.v1.multiprocess.modules.gpu_transfer)[0m
[32;20m[2026-06-03 07:44:31,615] LMCache INFO:[0m Prefetch request completed (L1+L2): 393/394 retained keys (393 L1, 0 L2) in 1.9 ms (external_request_id=chatcmpl-db394432-578d-4a77-bb1c-b3d9c8423163-98607f79, prefetch_request_id=-1) [3m(storage_manager.py:575:lmcache.v1.distributed.storage_manager)[0m
[32;20m[2026-06-03 07:44:31,780] LMCache INFO:[0m Stored 256 tokens in 0.012 seconds [3m(gpu_transfer.py:513:lmcache.v1.multiprocess.modules.gpu_transfer)[0m
[32;20m[2026-06-03 07:44:32,518] LMCache INFO:[0m Stored 7936 tokens in 0.005 seconds [3m(gpu_transfer.py:513:lmcache.v1.multiprocess.modules.gpu_transfer)[0m
[32;20m[2026-06-03 07:44:32,660] LMCache INFO:[0m Stored 8192 tokens in 0.005 seconds [3m(gpu_transfer.py:513:lmcache.v1.multiprocess.modules.gpu_transfer)[0m
[32;20m[2026-06-03 07:44:33,234] LMCache INFO:[0m Stored 512 tokens in 0.002 seconds [3m(gpu_transfer.py:513:lmcache.v1.multiprocess.modules.gpu_transfer)[0m
[32;20m[2026-06-03 07:44:36,032] LMCache INFO:[0m Stored 256 tokens in 0.002 seconds [3m(gpu_transfer.py:513:lmcache.v1.multiprocess.modules.gpu_transfer)[0m
[32;20m[2026-06-03 07:44:36,174] LMCache INFO:[0m Prefetch request completed (L1+L2): 433/438 retained keys (433 L1, 0 L2) in 1.9 ms (external_request_id=chatcmpl-22daff50-c3f7-48cf-bd66-6ffc015bc6cc-b0cdaac3, prefetch_request_id=-1) [3m(storage_manager.py:575:lmcache.v1.distributed.storage_manager)[0m
[32;20m[2026-06-03 07:44:36,477] LMCache INFO:[0m Stored 1280 tokens in 0.014 seconds [3m(gpu_transfer.py:513:lmcache.v1.multiprocess.modules.gpu_transfer)[0m
[32;20m[2026-06-03 07:44:38,378] LMCache INFO:[0m Stored 256 tokens in 0.003 seconds [3m(gpu_transfer.py:513:lmcache.v1.multiprocess.modules.gpu_transfer)[0m
[32;20m[2026-06-03 07:44:41,409] LMCache INFO:[0m Stored 256 tokens in 0.004 seconds [3m(gpu_transfer.py:513:lmcache.v1.multiprocess.modules.gpu_transfer)[0m
[32;20m[2026-06-03 07:44:44,357] LMCache INFO:[0m Stored 256 tokens in 0.004 seconds [3m(gpu_transfer.py:513:lmcache.v1.multiprocess.modules.gpu_transfer)[0m
[32;20m[2026-06-03 07:44:47,302] LMCache INFO:[0m Stored 256 tokens in 0.004 seconds [3m(gpu_transfer.py:513:lmcache.v1.multiprocess.modules.gpu_transfer)[0m
[32;20m[2026-06-03 07:44:47,944] LMCache INFO:[0m Prefetch request completed (L1+L2): 65/198 retained keys (65 L1, 0 L2) in 1.2 ms (external_request_id=chatcmpl-75aef920-035f-4272-aac5-d5fb38ab753f-98a83b8b, prefetch_request_id=-1) [3m(storage_manager.py:575:lmcache.v1.distributed.storage_manager)[0m
[32;20m[2026-06-03 07:44:48,099] LMCache INFO:[0m Stored 8192 tokens in 0.007 seconds [3m(gpu_transfer.py:513:lmcache.v1.multiprocess.modules.gpu_transfer)[0m
[32;20m[2026-06-03 07:44:48,532] LMCache INFO:[0m Stored 8192 tokens in 0.006 seconds [3m(gpu_transfer.py:513:lmcache.v1.multiprocess.modules.gpu_transfer)[0m
[32;20m[2026-06-03 07:44:49,334] LMCache INFO:[0m Stored 8192 tokens in 0.005 seconds [3m(gpu_transfer.py:513:lmcache.v1.multiprocess.modules.gpu_transfer)[0m
[32;20m[2026-06-03 07:44:50,169] LMCache INFO:[0m Stored 8192 tokens in 0.005 seconds [3m(gpu_transfer.py:513:lmcache.v1.multiprocess.modules.gpu_transfer)[0m
[32;20m[2026-06-03 07:44:51,198] LMCache INFO:[0m Stored 1280 tokens in 0.003 seconds [3m(gpu_transfer.py:513:lmcache.v1.multiprocess.modules.gpu_transfer)[0m
[32;20m[2026-06-03 07:44:51,452] LMCache INFO:[0m Prefetch request completed (L1+L2): 394/394 retained keys (394 L1, 0 L2) in 1.3 ms (external_request_id=chatcmpl-e84c4cfd-a6c4-4d06-8773-f59079de587d-a61bff6c, prefetch_request_id=-1) [3m(storage_manager.py:575:lmcache.v1.distributed.storage_manager)[0m
[32;20m[2026-06-03 07:44:54,347] LMCache INFO:[0m Stored 256 tokens in 0.004 seconds [3m(gpu_transfer.py:513:lmcache.v1.multiprocess.modules.gpu_transfer)[0m
[32;20m[2026-06-03 07:44:54,594] LMCache INFO:[0m Stored 256 tokens in 0.002 seconds [3m(gpu_transfer.py:513:lmcache.v1.multiprocess.modules.gpu_transfer)[0m
[32;20m[2026-06-03 07:44:57,422] LMCache INFO:[0m Stored 256 tokens in 0.004 seconds [3m(gpu_transfer.py:513:lmcache.v1.multiprocess.modules.gpu_transfer)[0m
[32;20m[2026-06-03 07:44:57,669] LMCache INFO:[0m Stored 256 tokens in 0.003 seconds [3m(gpu_transfer.py:513:lmcache.v1.multiprocess.modules.gpu_transfer)[0m
[32;20m[2026-06-03 07:45:00,461] LMCache INFO:[0m Stored 256 tokens in 0.004 seconds [3m(gpu_transfer.py:513:lmcache.v1.multiprocess.modules.gpu_transfer)[0m
[32;20m[2026-06-03 07:45:03,411] LMCache INFO:[0m Stored 256 tokens in 0.004 seconds [3m(gpu_transfer.py:513:lmcache.v1.multiprocess.modules.gpu_transfer)[0m
[32;20m[2026-06-03 07:45:06,364] LMCache INFO:[0m Stored 256 tokens in 0.004 seconds [3m(gpu_transfer.py:513:lmcache.v1.multiprocess.modules.gpu_transfer)[0m
[32;20m[2026-06-03 07:45:08,171] LMCache INFO:[0m Prefetch request completed (L1+L2): 394/395 retained keys (394 L1, 0 L2) in 1.4 ms (external_request_id=chatcmpl-971d1953-047c-4aca-8f5e-0e4df6f1b410-851c0ec3, prefetch_request_id=-1) [3m(storage_manager.py:575:lmcache.v1.distributed.storage_manager)[0m
[32;20m[2026-06-03 07:45:08,355] LMCache INFO:[0m Stored 256 tokens in 0.012 seconds [3m(gpu_transfer.py:513:lmcache.v1.multiprocess.modules.gpu_transfer)[0m
[32;20m[2026-06-03 07:45:10,724] LMCache INFO:[0m Prefetch request completed (L1+L2): 395/397 retained keys (395 L1, 0 L2) in 1.8 ms (external_request_id=chatcmpl-f4100480-0334-45f8-8c65-eb757bdce60b-b4d523f0, prefetch_request_id=-1) [3m(storage_manager.py:575:lmcache.v1.distributed.storage_manager)[0m
[32;20m[2026-06-03 07:45:10,894] LMCache INFO:[0m Stored 512 tokens in 0.012 seconds [3m(gpu_transfer.py:513:lmcache.v1.multiprocess.modules.gpu_transfer)[0m
[32;20m[2026-06-03 07:45:11,288] LMCache INFO:[0m Prefetch request completed (L1+L2): 226/228 retained keys (226 L1, 0 L2) in 1.4 ms (external_request_id=chatcmpl-18b231de-5495-4a50-80c7-d2e649f77900-abcbab2b, prefetch_request_id=-1) [3m(storage_manager.py:575:lmcache.v1.distributed.storage_manager)[0m
[32;20m[2026-06-03 07:45:11,489] LMCache INFO:[0m Stored 512 tokens in 0.007 seconds [3m(gpu_transfer.py:513:lmcache.v1.multiprocess.modules.gpu_transfer)[0m
[32;20m[2026-06-03 07:45:16,610] LMCache INFO:[0m Prefetch request completed (L1+L2): 228/228 retained keys (228 L1, 0 L2) in 1.6 ms (external_request_id=chatcmpl-7fc82847-8dbc-4cfb-860a-7f77231fb34e-83fb0c06, prefetch_request_id=-1) [3m(storage_manager.py:575:lmcache.v1.distributed.storage_manager)[0m
[32;20m[2026-06-03 07:45:17,035] LMCache INFO:[0m Stored 256 tokens in 0.008 seconds [3m(gpu_transfer.py:513:lmcache.v1.multiprocess.modules.gpu_transfer)[0m
[32;20m[2026-06-03 07:45:19,171] LMCache INFO:[0m Prefetch request completed (L1+L2): 198/384 retained keys (198 L1, 0 L2) in 1.4 ms (external_request_id=chatcmpl-88260a22-459c-4f9c-908b-072be74660c6-89541b99, prefetch_request_id=-1) [3m(storage_manager.py:575:lmcache.v1.distributed.storage_manager)[0m
[32;20m[2026-06-03 07:45:19,307] LMCache INFO:[0m Stored 8192 tokens in 0.010 seconds [3m(gpu_transfer.py:513:lmcache.v1.multiprocess.modules.gpu_transfer)[0m
[32;20m[2026-06-03 07:45:20,382] LMCache INFO:[0m Stored 8192 tokens in 0.018 seconds [3m(gpu_transfer.py:513:lmcache.v1.multiprocess.modules.gpu_transfer)[0m
[32;20m[2026-06-03 07:45:21,782] LMCache INFO:[0m Stored 8192 tokens in 0.006 seconds [3m(gpu_transfer.py:513:lmcache.v1.multiprocess.modules.gpu_transfer)[0m
[32;20m[2026-06-03 07:45:23,227] LMCache INFO:[0m Stored 8192 tokens in 0.006 seconds [3m(gpu_transfer.py:513:lmcache.v1.multiprocess.modules.gpu_transfer)[0m
[32;20m[2026-06-03 07:45:24,794] LMCache INFO:[0m Prefetch request completed (L1+L2): 438/441 retained keys (438 L1, 0 L2) in 10.6 ms (external_request_id=chatcmpl-d52d569e-7277-41b8-8b9b-e693d8834ae0-8a4b4944, prefetch_request_id=-1) [3m(storage_manager.py:575:lmcache.v1.distributed.storage_manager)[0m
[32;20m[2026-06-03 07:45:24,796] LMCache INFO:[0m Stored 8192 tokens in 0.007 seconds [3m(gpu_transfer.py:513:lmcache.v1.multiprocess.modules.gpu_transfer)[0m
[32;20m[2026-06-03 07:45:26,495] LMCache INFO:[0m Prefetch request completed (L1+L2): 397/397 retained keys (397 L1, 0 L2) in 2.0 ms (external_request_id=chatcmpl-db67c76c-6352-40c8-b895-cb3788db4e41-87505a83, prefetch_request_id=-1) [3m(storage_manager.py:575:lmcache.v1.distributed.storage_manager)[0m
[32;20m[2026-06-03 07:45:26,676] LMCache INFO:[0m Stored 768 tokens in 0.053 seconds [3m(gpu_transfer.py:513:lmcache.v1.multiprocess.modules.gpu_transfer)[0m
[32;20m[2026-06-03 07:45:28,216] LMCache INFO:[0m Stored 6656 tokens in 0.006 seconds [3m(gpu_transfer.py:513:lmcache.v1.multiprocess.modules.gpu_transfer)[0m
[32;20m[2026-06-03 07:45:31,101] LMCache INFO:[0m Stored 256 tokens in 0.004 seconds [3m(gpu_transfer.py:513:lmcache.v1.multiprocess.modules.gpu_transfer)[0m
[32;20m[2026-06-03 07:45:31,155] LMCache INFO:[0m Stored 256 tokens in 0.004 seconds [3m(gpu_transfer.py:513:lmcache.v1.multiprocess.modules.gpu_transfer)[0m
[32;20m[2026-06-03 07:45:32,552] LMCache INFO:[0m Prefetch request completed (L1+L2): 397/399 retained keys (397 L1, 0 L2) in 1.9 ms (external_request_id=chatcmpl-9c8bc6c7-80ba-4da5-b2c7-93911b920d60-9dc8cbda, prefetch_request_id=-1) [3m(storage_manager.py:575:lmcache.v1.distributed.storage_manager)[0m
[32;20m[2026-06-03 07:45:32,759] LMCache INFO:[0m Stored 512 tokens in 0.012 seconds [3m(gpu_transfer.py:513:lmcache.v1.multiprocess.modules.gpu_transfer)[0m
[32;20m[2026-06-03 07:45:34,935] LMCache INFO:[0m Stored 256 tokens in 0.004 seconds [3m(gpu_transfer.py:513:lmcache.v1.multiprocess.modules.gpu_transfer)[0m
[32;20m[2026-06-03 07:45:37,465] LMCache INFO:[0m Prefetch request completed (L1+L2): 399/399 retained keys (399 L1, 0 L2) in 1.8 ms (external_request_id=chatcmpl-4e441178-7ed1-4dd7-b07c-9a39f31e49cd-a94daa2d, prefetch_request_id=-1) [3m(storage_manager.py:575:lmcache.v1.distributed.storage_manager)[0m
[32;20m[2026-06-03 07:45:38,204] LMCache INFO:[0m Stored 256 tokens in 0.004 seconds [3m(gpu_transfer.py:513:lmcache.v1.multiprocess.modules.gpu_transfer)[0m
[32;20m[2026-06-03 07:45:39,620] LMCache INFO:[0m Prefetch request completed (L1+L2): 399/401 retained keys (399 L1, 0 L2) in 2.0 ms (external_request_id=chatcmpl-f66e7d8f-7cc6-45ca-bdab-047683c63791-a30dd83d, prefetch_request_id=-1) [3m(storage_manager.py:575:lmcache.v1.distributed.storage_manager)[0m
[32;20m[2026-06-03 07:45:39,777] LMCache INFO:[0m Stored 512 tokens in 0.012 seconds [3m(gpu_transfer.py:513:lmcache.v1.multiprocess.modules.gpu_transfer)[0m
[32;20m[2026-06-03 07:45:42,831] LMCache INFO:[0m Prefetch request completed (L1+L2): 384/447 retained keys (384 L1, 0 L2) in 1.5 ms (external_request_id=chatcmpl-9722ad10-836d-4aef-b413-c1bbdfc3fdd6-9aa70a26, prefetch_request_id=-1) [3m(storage_manager.py:575:lmcache.v1.distributed.storage_manager)[0m
[32;20m[2026-06-03 07:45:43,020] LMCache INFO:[0m Stored 8192 tokens in 0.015 seconds [3m(gpu_transfer.py:513:lmcache.v1.multiprocess.modules.gpu_transfer)[0m
[32;20m[2026-06-03 07:45:44,859] LMCache INFO:[0m Stored 7936 tokens in 0.006 seconds [3m(gpu_transfer.py:513:lmcache.v1.multiprocess.modules.gpu_transfer)[0m
[32;20m[2026-06-03 07:45:44,964] LMCache INFO:[0m Prefetch request completed (L1+L2): 441/450 retained keys (441 L1, 0 L2) in 2.2 ms (external_request_id=chatcmpl-409008b4-5cd7-4ad1-af37-75e659295e2c-9d109663, prefetch_request_id=-1) [3m(storage_manager.py:575:lmcache.v1.distributed.storage_manager)[0m
[32;20m[2026-06-03 07:45:47,047] LMCache INFO:[0m Prefetch request completed (L1+L2): 401/401 retained keys (401 L1, 0 L2) in 1.8 ms (external_request_id=chatcmpl-43fdaa55-573e-4f87-af8d-5b785755ad03-867e4151, prefetch_request_id=-1) [3m(storage_manager.py:575:lmcache.v1.distributed.storage_manager)[0m
[32;20m[2026-06-03 07:45:47,213] LMCache INFO:[0m Stored 2304 tokens in 0.014 seconds [3m(gpu_transfer.py:513:lmcache.v1.multiprocess.modules.gpu_transfer)[0m
[32;20m[2026-06-03 07:45:48,562] LMCache INFO:[0m Stored 256 tokens in 0.004 seconds [3m(gpu_transfer.py:513:lmcache.v1.multiprocess.modules.gpu_transfer)[0m
[32;20m[2026-06-03 07:45:49,269] LMCache INFO:[0m Stored 256 tokens in 0.004 seconds [3m(gpu_transfer.py:513:lmcache.v1.multiprocess.modules.gpu_transfer)[0m
[32;20m[2026-06-03 07:45:50,261] LMCache INFO:[0m Stored 256 tokens in 0.012 seconds [3m(gpu_transfer.py:513:lmcache.v1.multiprocess.modules.gpu_transfer)[0m
[32;20m[2026-06-03 07:45:51,931] LMCache INFO:[0m Stored 256 tokens in 0.004 seconds [3m(gpu_transfer.py:513:lmcache.v1.multiprocess.modules.gpu_transfer)[0m
[32;20m[2026-06-03 07:45:53,431] LMCache INFO:[0m Stored 256 tokens in 0.003 seconds [3m(gpu_transfer.py:513:lmcache.v1.multiprocess.modules.gpu_transfer)[0m
[32;20m[2026-06-03 07:45:54,959] LMCache INFO:[0m Stored 256 tokens in 0.004 seconds [3m(gpu_transfer.py:513:lmcache.v1.multiprocess.modules.gpu_transfer)[0m
[32;20m[2026-06-03 07:45:56,460] LMCache INFO:[0m Stored 256 tokens in 0.003 seconds [3m(gpu_transfer.py:513:lmcache.v1.multiprocess.modules.gpu_transfer)[0m
[32;20m[2026-06-03 07:45:57,990] LMCache INFO:[0m Stored 256 tokens in 0.004 seconds [3m(gpu_transfer.py:513:lmcache.v1.multiprocess.modules.gpu_transfer)[0m
[32;20m[2026-06-03 07:45:59,493] LMCache INFO:[0m Stored 256 tokens in 0.004 seconds [3m(gpu_transfer.py:513:lmcache.v1.multiprocess.modules.gpu_transfer)[0m
[32;20m[2026-06-03 07:46:00,972] LMCache INFO:[0m Prefetch request completed (L1+L2): 447/512 retained keys (447 L1, 0 L2) in 2.2 ms (external_request_id=chatcmpl-e1f7eebe-0a72-4728-bd71-74c6f5b108cf-92f7461a, prefetch_request_id=-1) [3m(storage_manager.py:575:lmcache.v1.distributed.storage_manager)[0m
[32;20m[2026-06-03 07:46:01,207] LMCache INFO:[0m Stored 8192 tokens in 0.016 seconds [3m(gpu_transfer.py:513:lmcache.v1.multiprocess.modules.gpu_transfer)[0m
[32;20m[2026-06-03 07:46:03,325] LMCache INFO:[0m Stored 8192 tokens in 0.007 seconds [3m(gpu_transfer.py:513:lmcache.v1.multiprocess.modules.gpu_transfer)[0m
[32;20m[2026-06-03 07:46:03,372] LMCache INFO:[0m Prefetch request completed (L1+L2): 228/233 retained keys (228 L1, 0 L2) in 1.3 ms (external_request_id=chatcmpl-a30cfa0a-8770-43a9-904b-133e7e40ca7a-8b1b637e, prefetch_request_id=-1) [3m(storage_manager.py:575:lmcache.v1.distributed.storage_manager)[0m
[32;20m[2026-06-03 07:46:06,024] LMCache INFO:[0m Stored 1280 tokens in 0.012 seconds [3m(gpu_transfer.py:513:lmcache.v1.multiprocess.modules.gpu_transfer)[0m
[32;20m[2026-06-03 07:46:06,581] LMCache INFO:[0m Stored 256 tokens in 0.004 seconds [3m(gpu_transfer.py:513:lmcache.v1.multiprocess.modules.gpu_transfer)[0m
[32;20m[2026-06-03 07:46:06,968] LMCache INFO:[0m Stored 256 tokens in 0.004 seconds [3m(gpu_transfer.py:513:lmcache.v1.multiprocess.modules.gpu_transfer)[0m
[32;20m[2026-06-03 07:46:07,740] LMCache INFO:[0m Stored 256 tokens in 0.004 seconds [3m(gpu_transfer.py:513:lmcache.v1.multiprocess.modules.gpu_transfer)[0m
[32;20m[2026-06-03 07:46:09,969] LMCache INFO:[0m Stored 256 tokens in 0.003 seconds [3m(gpu_transfer.py:513:lmcache.v1.multiprocess.modules.gpu_transfer)[0m
[32;20m[2026-06-03 07:46:10,365] LMCache INFO:[0m Stored 256 tokens in 0.004 seconds [3m(gpu_transfer.py:513:lmcache.v1.multiprocess.modules.gpu_transfer)[0m
[32;20m[2026-06-03 07:46:11,069] LMCache INFO:[0m Stored 256 tokens in 0.004 seconds [3m(gpu_transfer.py:513:lmcache.v1.multiprocess.modules.gpu_transfer)[0m
[32;20m[2026-06-03 07:46:13,438] LMCache INFO:[0m Stored 256 tokens in 0.004 seconds [3m(gpu_transfer.py:513:lmcache.v1.multiprocess.modules.gpu_transfer)[0m
[32;20m[2026-06-03 07:46:25,206] LMCache INFO:[0m Prefetch request completed (L1+L2): 233/236 retained keys (233 L1, 0 L2) in 1.6 ms (external_request_id=chatcmpl-c8ecfde5-a871-47c9-9775-dcfb62d2a7b2-ab0e797f, prefetch_request_id=-1) [3m(storage_manager.py:575:lmcache.v1.distributed.storage_manager)[0m
[32;20m[2026-06-03 07:46:25,341] LMCache INFO:[0m Stored 768 tokens in 0.008 seconds [3m(gpu_transfer.py:513:lmcache.v1.multiprocess.modules.gpu_transfer)[0m
[32;20m[2026-06-03 07:46:26,909] LMCache INFO:[0m Prefetch request completed (L1+L2): 450/470 retained keys (450 L1, 0 L2) in 2.2 ms (external_request_id=chatcmpl-d74313f0-bcb2-47cb-a16c-aec3542e14f6-b491af8b, prefetch_request_id=-1) [3m(storage_manager.py:575:lmcache.v1.distributed.storage_manager)[0m
[32;20m[2026-06-03 07:46:27,229] LMCache INFO:[0m Stored 5120 tokens in 0.015 seconds [3m(gpu_transfer.py:513:lmcache.v1.multiprocess.modules.gpu_transfer)[0m
[32;20m[2026-06-03 07:46:29,380] LMCache INFO:[0m Stored 256 tokens in 0.003 seconds [3m(gpu_transfer.py:513:lmcache.v1.multiprocess.modules.gpu_transfer)[0m
[32;20m[2026-06-03 07:46:29,644] LMCache INFO:[0m Stored 256 tokens in 0.004 seconds [3m(gpu_transfer.py:513:lmcache.v1.multiprocess.modules.gpu_transfer)[0m
[32;20m[2026-06-03 07:46:32,457] LMCache INFO:[0m Stored 256 tokens in 0.004 seconds [3m(gpu_transfer.py:513:lmcache.v1.multiprocess.modules.gpu_transfer)[0m
[32;20m[2026-06-03 07:46:32,721] LMCache INFO:[0m Stored 256 tokens in 0.004 seconds [3m(gpu_transfer.py:513:lmcache.v1.multiprocess.modules.gpu_transfer)[0m
[32;20m[2026-06-03 07:46:33,203] LMCache INFO:[0m Prefetch request completed (L1+L2): 511/517 retained keys (511 L1, 0 L2) in 2.3 ms (external_request_id=chatcmpl-5633116a-704a-49c8-b974-5a8f5c02d420-844a1d92, prefetch_request_id=-1) [3m(storage_manager.py:575:lmcache.v1.distributed.storage_manager)[0m
[32;20m[2026-06-03 07:46:33,519] LMCache INFO:[0m Stored 1536 tokens in 0.015 seconds [3m(gpu_transfer.py:513:lmcache.v1.multiprocess.modules.gpu_transfer)[0m
[32;20m[2026-06-03 07:46:34,249] LMCache INFO:[0m Stored 256 tokens in 0.004 seconds [3m(gpu_transfer.py:513:lmcache.v1.multiprocess.modules.gpu_transfer)[0m
[32;20m[2026-06-03 07:46:36,893] LMCache INFO:[0m Stored 256 tokens in 0.003 seconds [3m(gpu_transfer.py:513:lmcache.v1.multiprocess.modules.gpu_transfer)[0m
[32;20m[2026-06-03 07:46:37,184] LMCache INFO:[0m Stored 256 tokens in 0.004 seconds [3m(gpu_transfer.py:513:lmcache.v1.multiprocess.modules.gpu_transfer)[0m
[32;20m[2026-06-03 07:46:37,655] LMCache INFO:[0m Stored 256 tokens in 0.004 seconds [3m(gpu_transfer.py:513:lmcache.v1.multiprocess.modules.gpu_transfer)[0m
[32;20m[2026-06-03 07:46:38,918] LMCache INFO:[0m Prefetch request completed (L1+L2): 401/403 retained keys (401 L1, 0 L2) in 2.0 ms (external_request_id=chatcmpl-c0ad65be-822d-4d3e-b3b5-c4610cac731c-be9cd234, prefetch_request_id=-1) [3m(storage_manager.py:575:lmcache.v1.distributed.storage_manager)[0m
[32;20m[2026-06-03 07:46:39,113] LMCache INFO:[0m Stored 512 tokens in 0.012 seconds [3m(gpu_transfer.py:513:lmcache.v1.multiprocess.modules.gpu_transfer)[0m
[32;20m[2026-06-03 07:46:39,907] LMCache INFO:[0m Stored 256 tokens in 0.004 seconds [3m(gpu_transfer.py:513:lmcache.v1.multiprocess.modules.gpu_transfer)[0m
[32;20m[2026-06-03 07:46:41,166] LMCache INFO:[0m Stored 256 tokens in 0.004 seconds [3m(gpu_transfer.py:513:lmcache.v1.multiprocess.modules.gpu_transfer)[0m
[32;20m[2026-06-03 07:46:41,592] LMCache INFO:[0m Stored 256 tokens in 0.004 seconds [3m(gpu_transfer.py:513:lmcache.v1.multiprocess.modules.gpu_transfer)[0m
[32;20m[2026-06-03 07:46:44,202] LMCache INFO:[0m Stored 256 tokens in 0.004 seconds [3m(gpu_transfer.py:513:lmcache.v1.multiprocess.modules.gpu_transfer)[0m
[32;20m[2026-06-03 07:46:47,157] LMCache INFO:[0m Stored 256 tokens in 0.004 seconds [3m(gpu_transfer.py:513:lmcache.v1.multiprocess.modules.gpu_transfer)[0m
[32;20m[2026-06-03 07:46:50,113] LMCache INFO:[0m Stored 256 tokens in 0.004 seconds [3m(gpu_transfer.py:513:lmcache.v1.multiprocess.modules.gpu_transfer)[0m
[32;20m[2026-06-03 07:46:53,071] LMCache INFO:[0m Stored 256 tokens in 0.004 seconds [3m(gpu_transfer.py:513:lmcache.v1.multiprocess.modules.gpu_transfer)[0m
[32;20m[2026-06-03 07:46:56,032] LMCache INFO:[0m Stored 256 tokens in 0.004 seconds [3m(gpu_transfer.py:513:lmcache.v1.multiprocess.modules.gpu_transfer)[0m
[32;20m[2026-06-03 07:46:56,835] LMCache INFO:[0m Prefetch request completed (L1+L2): 403/404 retained keys (403 L1, 0 L2) in 1.6 ms (external_request_id=chatcmpl-1375cf07-6fc5-4ef8-965a-3f87d8ec2d97-92f379c5, prefetch_request_id=-1) [3m(storage_manager.py:575:lmcache.v1.distributed.storage_manager)[0m
[32;20m[2026-06-03 07:46:57,045] LMCache INFO:[0m Stored 256 tokens in 0.012 seconds [3m(gpu_transfer.py:513:lmcache.v1.multiprocess.modules.gpu_transfer)[0m
[32;20m[2026-06-03 07:46:57,868] LMCache INFO:[0m Prefetch request completed (L1+L2): 517/523 retained keys (517 L1, 0 L2) in 1.6 ms (external_request_id=chatcmpl-49c22196-ffbf-434a-a945-d0ca4cc43f83-82f81119, prefetch_request_id=-1) [3m(storage_manager.py:575:lmcache.v1.distributed.storage_manager)[0m
[32;20m[2026-06-03 07:46:58,124] LMCache INFO:[0m Stored 1536 tokens in 0.016 seconds [3m(gpu_transfer.py:513:lmcache.v1.multiprocess.modules.gpu_transfer)[0m
[32;20m[2026-06-03 07:46:58,727] LMCache INFO:[0m Stored 256 tokens in 0.005 seconds [3m(gpu_transfer.py:513:lmcache.v1.multiprocess.modules.gpu_transfer)[0m
[32;20m[2026-06-03 07:46:59,446] LMCache INFO:[0m Prefetch request completed (L1+L2): 236/238 retained keys (236 L1, 0 L2) in 1.3 ms (external_request_id=chatcmpl-1a3b60a0-067d-48c1-9556-ca6351f13ef8-8bd01dce, prefetch_request_id=-1) [3m(storage_manager.py:575:lmcache.v1.distributed.storage_manager)[0m
[32;20m[2026-06-03 07:46:59,605] LMCache INFO:[0m Stored 512 tokens in 0.008 seconds [3m(gpu_transfer.py:513:lmcache.v1.multiprocess.modules.gpu_transfer)[0m
[32;20m[2026-06-03 07:47:00,431] LMCache INFO:[0m Stored 256 tokens in 0.003 seconds [3m(gpu_transfer.py:513:lmcache.v1.multiprocess.modules.gpu_transfer)[0m
[32;20m[2026-06-03 07:47:01,681] LMCache INFO:[0m Stored 256 tokens in 0.004 seconds [3m(gpu_transfer.py:513:lmcache.v1.multiprocess.modules.gpu_transfer)[0m
[32;20m[2026-06-03 07:47:02,538] LMCache INFO:[0m Stored 256 tokens in 0.005 seconds [3m(gpu_transfer.py:513:lmcache.v1.multiprocess.modules.gpu_transfer)[0m
[32;20m[2026-06-03 07:47:04,856] LMCache INFO:[0m Stored 256 tokens in 0.004 seconds [3m(gpu_transfer.py:513:lmcache.v1.multiprocess.modules.gpu_transfer)[0m
[32;20m[2026-06-03 07:47:07,830] LMCache INFO:[0m Stored 256 tokens in 0.004 seconds [3m(gpu_transfer.py:513:lmcache.v1.multiprocess.modules.gpu_transfer)[0m
[32;20m[2026-06-03 07:47:10,389] LMCache INFO:[0m Prefetch request completed (L1+L2): 238/241 retained keys (238 L1, 0 L2) in 1.4 ms (external_request_id=chatcmpl-ee60d32f-02e2-4f32-9074-2e33fa94804c-b40c19fc, prefetch_request_id=-1) [3m(storage_manager.py:575:lmcache.v1.distributed.storage_manager)[0m
[32;20m[2026-06-03 07:47:10,563] LMCache INFO:[0m Stored 768 tokens in 0.008 seconds [3m(gpu_transfer.py:513:lmcache.v1.multiprocess.modules.gpu_transfer)[0m
[32;20m[2026-06-03 07:47:11,336] LMCache INFO:[0m Stored 256 tokens in 0.004 seconds [3m(gpu_transfer.py:513:lmcache.v1.multiprocess.modules.gpu_transfer)[0m
[32;20m[2026-06-03 07:47:11,976] LMCache INFO:[0m Stored 256 tokens in 0.003 seconds [3m(gpu_transfer.py:513:lmcache.v1.multiprocess.modules.gpu_transfer)[0m
[32;20m[2026-06-03 07:47:14,047] LMCache INFO:[0m Prefetch request completed (L1+L2): 404/405 retained keys (404 L1, 0 L2) in 1.6 ms (external_request_id=chatcmpl-d84601db-adb4-40bf-bbfb-5035c78f3bd2-97351a46, prefetch_request_id=-1) [3m(storage_manager.py:575:lmcache.v1.distributed.storage_manager)[0m
[32;20m[2026-06-03 07:47:14,250] LMCache INFO:[0m Stored 256 tokens in 0.012 seconds [3m(gpu_transfer.py:513:lmcache.v1.multiprocess.modules.gpu_transfer)[0m
[32;20m[2026-06-03 07:47:15,195] LMCache INFO:[0m Stored 256 tokens in 0.004 seconds [3m(gpu_transfer.py:513:lmcache.v1.multiprocess.modules.gpu_transfer)[0m
[32;20m[2026-06-03 07:47:17,958] LMCache INFO:[0m Prefetch request completed (L1+L2): 523/533 retained keys (523 L1, 0 L2) in 16.9 ms (external_request_id=chatcmpl-2b8743a6-1055-40cf-85ae-0a5fd2d96808-82bf4c5f, prefetch_request_id=-1) [3m(storage_manager.py:575:lmcache.v1.distributed.storage_manager)[0m
[32;20m[2026-06-03 07:47:18,419] LMCache INFO:[0m Stored 2560 tokens in 0.016 seconds [3m(gpu_transfer.py:513:lmcache.v1.multiprocess.modules.gpu_transfer)[0m
[32;20m[2026-06-03 07:47:19,441] LMCache INFO:[0m Prefetch request completed (L1+L2): 241/255 retained keys (241 L1, 0 L2) in 1.2 ms (external_request_id=chatcmpl-5ed9f046-f583-4dac-990d-396cb2076b8d-af12fa50, prefetch_request_id=-1) [3m(storage_manager.py:575:lmcache.v1.distributed.storage_manager)[0m
[32;20m[2026-06-03 07:47:19,702] LMCache INFO:[0m Stored 3584 tokens in 0.010 seconds [3m(gpu_transfer.py:513:lmcache.v1.multiprocess.modules.gpu_transfer)[0m
[32;20m[2026-06-03 07:47:20,782] LMCache INFO:[0m Stored 256 tokens in 0.004 seconds [3m(gpu_transfer.py:513:lmcache.v1.multiprocess.modules.gpu_transfer)[0m
[32;20m[2026-06-03 07:47:22,314] LMCache INFO:[0m Stored 256 tokens in 0.003 seconds [3m(gpu_transfer.py:513:lmcache.v1.multiprocess.modules.gpu_transfer)[0m
[32;20m[2026-06-03 07:47:23,538] LMCache INFO:[0m Stored 256 tokens in 0.004 seconds [3m(gpu_transfer.py:513:lmcache.v1.multiprocess.modules.gpu_transfer)[0m
[32;20m[2026-06-03 07:47:24,238] LMCache INFO:[0m Stored 256 tokens in 0.004 seconds [3m(gpu_transfer.py:513:lmcache.v1.multiprocess.modules.gpu_transfer)[0m
[32;20m[2026-06-03 07:47:25,764] LMCache INFO:[0m Stored 256 tokens in 0.003 seconds [3m(gpu_transfer.py:513:lmcache.v1.multiprocess.modules.gpu_transfer)[0m
[32;20m[2026-06-03 07:47:26,987] LMCache INFO:[0m Stored 256 tokens in 0.005 seconds [3m(gpu_transfer.py:513:lmcache.v1.multiprocess.modules.gpu_transfer)[0m
[32;20m[2026-06-03 07:47:27,691] LMCache INFO:[0m Stored 256 tokens in 0.004 seconds [3m(gpu_transfer.py:513:lmcache.v1.multiprocess.modules.gpu_transfer)[0m
[32;20m[2026-06-03 07:47:29,221] LMCache INFO:[0m Stored 256 tokens in 0.003 seconds [3m(gpu_transfer.py:513:lmcache.v1.multiprocess.modules.gpu_transfer)[0m
[32;20m[2026-06-03 07:47:30,481] LMCache INFO:[0m Stored 256 tokens in 0.005 seconds [3m(gpu_transfer.py:513:lmcache.v1.multiprocess.modules.gpu_transfer)[0m
[32;20m[2026-06-03 07:47:30,774] LMCache INFO:[0m Prefetch request completed (L1+L2): 405/405 retained keys (405 L1, 0 L2) in 1.6 ms (external_request_id=chatcmpl-cc19523d-6bf9-48e9-8013-5792a0b778a4-84abfa1e, prefetch_request_id=-1) [3m(storage_manager.py:575:lmcache.v1.distributed.storage_manager)[0m
[32;20m[2026-06-03 07:47:31,351] LMCache INFO:[0m Stored 256 tokens in 0.012 seconds [3m(gpu_transfer.py:513:lmcache.v1.multiprocess.modules.gpu_transfer)[0m
[32;20m[2026-06-03 07:47:31,810] LMCache INFO:[0m Stored 256 tokens in 0.005 seconds [3m(gpu_transfer.py:513:lmcache.v1.multiprocess.modules.gpu_transfer)[0m
[32;20m[2026-06-03 07:47:34,890] LMCache INFO:[0m Stored 256 tokens in 0.005 seconds [3m(gpu_transfer.py:513:lmcache.v1.multiprocess.modules.gpu_transfer)[0m
[32;20m[2026-06-03 07:47:37,850] LMCache INFO:[0m Stored 256 tokens in 0.004 seconds [3m(gpu_transfer.py:513:lmcache.v1.multiprocess.modules.gpu_transfer)[0m
[32;20m[2026-06-03 07:47:40,815] LMCache INFO:[0m Stored 256 tokens in 0.004 seconds [3m(gpu_transfer.py:513:lmcache.v1.multiprocess.modules.gpu_transfer)[0m
[32;20m[2026-06-03 07:47:43,918] LMCache INFO:[0m Prefetch request completed (L1+L2): 255/256 retained keys (255 L1, 0 L2) in 1.3 ms (external_request_id=chatcmpl-da8a035b-4b41-4b84-b52e-22ded6ac1dd7-85e5e64f, prefetch_request_id=-1) [3m(storage_manager.py:575:lmcache.v1.distributed.storage_manager)[0m
[32;20m[2026-06-03 07:47:44,100] LMCache INFO:[0m Stored 256 tokens in 0.014 seconds [3m(gpu_transfer.py:513:lmcache.v1.multiprocess.modules.gpu_transfer)[0m
[32;20m[2026-06-03 07:47:44,290] LMCache INFO:[0m Stored 256 tokens in 0.004 seconds [3m(gpu_transfer.py:513:lmcache.v1.multiprocess.modules.gpu_transfer)[0m
[32;20m[2026-06-03 07:47:44,570] LMCache INFO:[0m Stored 256 tokens in 0.003 seconds [3m(gpu_transfer.py:513:lmcache.v1.multiprocess.modules.gpu_transfer)[0m
[32;20m[2026-06-03 07:47:47,393] LMCache INFO:[0m Stored 256 tokens in 0.005 seconds [3m(gpu_transfer.py:513:lmcache.v1.multiprocess.modules.gpu_transfer)[0m
[32;20m[2026-06-03 07:47:47,676] LMCache INFO:[0m Prefetch request completed (L1+L2): 405/406 retained keys (405 L1, 0 L2) in 1.7 ms (external_request_id=chatcmpl-c30dd95d-3919-4689-b77b-f2c33743c8b4-8ed58f09, prefetch_request_id=-1) [3m(storage_manager.py:575:lmcache.v1.distributed.storage_manager)[0m
[32;20m[2026-06-03 07:47:47,894] LMCache INFO:[0m Stored 256 tokens in 0.012 seconds [3m(gpu_transfer.py:513:lmcache.v1.multiprocess.modules.gpu_transfer)[0m
[32;20m[2026-06-03 07:47:48,309] LMCache INFO:[0m Stored 256 tokens in 0.003 seconds [3m(gpu_transfer.py:513:lmcache.v1.multiprocess.modules.gpu_transfer)[0m
[32;20m[2026-06-03 07:47:51,106] LMCache INFO:[0m Stored 256 tokens in 0.005 seconds [3m(gpu_transfer.py:513:lmcache.v1.multiprocess.modules.gpu_transfer)[0m
[32;20m[2026-06-03 07:47:53,165] LMCache INFO:[0m Prefetch request completed (L1+L2): 533/539 retained keys (533 L1, 0 L2) in 2.1 ms (external_request_id=chatcmpl-b0527a3b-0e45-4bed-8982-71a9f310f8fb-af645271, prefetch_request_id=-1) [3m(storage_manager.py:575:lmcache.v1.distributed.storage_manager)[0m
[32;20m[2026-06-03 07:47:53,502] LMCache INFO:[0m Stored 1536 tokens in 0.016 seconds [3m(gpu_transfer.py:513:lmcache.v1.multiprocess.modules.gpu_transfer)[0m
[32;20m[2026-06-03 07:47:55,472] LMCache INFO:[0m Stored 256 tokens in 0.005 seconds [3m(gpu_transfer.py:513:lmcache.v1.multiprocess.modules.gpu_transfer)[0m
[32;20m[2026-06-03 07:47:56,077] LMCache INFO:[0m Prefetch request completed (L1+L2): 256/258 retained keys (256 L1, 0 L2) in 1.2 ms (external_request_id=chatcmpl-0cb7cb35-f22c-4cd3-8d64-85e42c6478c2-89129baf, prefetch_request_id=-1) [3m(storage_manager.py:575:lmcache.v1.distributed.storage_manager)[0m
[32;20m[2026-06-03 07:47:56,364] LMCache INFO:[0m Stored 512 tokens in 0.009 seconds [3m(gpu_transfer.py:513:lmcache.v1.multiprocess.modules.gpu_transfer)[0m
[32;20m[2026-06-03 07:47:56,756] LMCache INFO:[0m Stored 256 tokens in 0.003 seconds [3m(gpu_transfer.py:513:lmcache.v1.multiprocess.modules.gpu_transfer)[0m
[32;20m[2026-06-03 07:47:56,892] LMCache INFO:[0m Stored 256 tokens in 0.004 seconds [3m(gpu_transfer.py:513:lmcache.v1.multiprocess.modules.gpu_transfer)[0m
[32;20m[2026-06-03 07:47:59,298] LMCache INFO:[0m Stored 256 tokens in 0.004 seconds [3m(gpu_transfer.py:513:lmcache.v1.multiprocess.modules.gpu_transfer)[0m
[32;20m[2026-06-03 07:48:00,086] LMCache INFO:[0m Stored 256 tokens in 0.004 seconds [3m(gpu_transfer.py:513:lmcache.v1.multiprocess.modules.gpu_transfer)[0m
[32;20m[2026-06-03 07:48:02,016] LMCache INFO:[0m Prefetch request completed (L1+L2): 258/260 retained keys (258 L1, 0 L2) in 1.3 ms (external_request_id=chatcmpl-87500fa7-52e7-42cd-b983-e108fee436d6-840f9a45, prefetch_request_id=-1) [3m(storage_manager.py:575:lmcache.v1.distributed.storage_manager)[0m
[32;20m[2026-06-03 07:48:02,208] LMCache INFO:[0m Stored 512 tokens in 0.009 seconds [3m(gpu_transfer.py:513:lmcache.v1.multiprocess.modules.gpu_transfer)[0m
[32;20m[2026-06-03 07:48:02,923] LMCache INFO:[0m Stored 256 tokens in 0.004 seconds [3m(gpu_transfer.py:513:lmcache.v1.multiprocess.modules.gpu_transfer)[0m
[32;20m[2026-06-03 07:48:04,066] LMCache INFO:[0m Stored 256 tokens in 0.003 seconds [3m(gpu_transfer.py:513:lmcache.v1.multiprocess.modules.gpu_transfer)[0m
[32;20m[2026-06-03 07:48:05,959] LMCache INFO:[0m Prefetch request completed (L1+L2): 406/406 retained keys (406 L1, 0 L2) in 1.8 ms (external_request_id=chatcmpl-55e11a06-53de-4e05-bd3e-ef6ee6be3ebe-85c29c67, prefetch_request_id=-1) [3m(storage_manager.py:575:lmcache.v1.distributed.storage_manager)[0m
[32;20m[2026-06-03 07:48:06,681] LMCache INFO:[0m Stored 256 tokens in 0.004 seconds [3m(gpu_transfer.py:513:lmcache.v1.multiprocess.modules.gpu_transfer)[0m
[32;20m[2026-06-03 07:48:07,796] LMCache INFO:[0m Stored 256 tokens in 0.003 seconds [3m(gpu_transfer.py:513:lmcache.v1.multiprocess.modules.gpu_transfer)[0m
[32;20m[2026-06-03 07:48:09,769] LMCache INFO:[0m Stored 256 tokens in 0.004 seconds [3m(gpu_transfer.py:513:lmcache.v1.multiprocess.modules.gpu_transfer)[0m
[32;20m[2026-06-03 07:48:12,762] LMCache INFO:[0m Stored 256 tokens in 0.004 seconds [3m(gpu_transfer.py:513:lmcache.v1.multiprocess.modules.gpu_transfer)[0m
[32;20m[2026-06-03 07:48:15,737] LMCache INFO:[0m Stored 256 tokens in 0.004 seconds [3m(gpu_transfer.py:513:lmcache.v1.multiprocess.modules.gpu_transfer)[0m
[32;20m[2026-06-03 07:48:18,708] LMCache INFO:[0m Stored 256 tokens in 0.004 seconds [3m(gpu_transfer.py:513:lmcache.v1.multiprocess.modules.gpu_transfer)[0m
[32;20m[2026-06-03 07:48:21,569] LMCache INFO:[0m Prefetch request completed (L1+L2): 539/552 retained keys (539 L1, 0 L2) in 1.5 ms (external_request_id=chatcmpl-4afd7f83-ace1-49a3-8740-fd84d5511f74-9f037603, prefetch_request_id=-1) [3m(storage_manager.py:575:lmcache.v1.distributed.storage_manager)[0m
[32;20m[2026-06-03 07:48:21,834] LMCache INFO:[0m Stored 3328 tokens in 0.006 seconds [3m(gpu_transfer.py:513:lmcache.v1.multiprocess.modules.gpu_transfer)[0m
[32;20m[2026-06-03 07:48:23,123] LMCache INFO:[0m Prefetch request completed (L1+L2): 406/407 retained keys (406 L1, 0 L2) in 2.3 ms (external_request_id=chatcmpl-3aeee6d1-0941-4bac-8eb5-3e2de8c883b7-85085e78, prefetch_request_id=-1) [3m(storage_manager.py:575:lmcache.v1.distributed.storage_manager)[0m
[32;20m[2026-06-03 07:48:23,312] LMCache INFO:[0m Prefetch request completed (L1+L2): 260/263 retained keys (260 L1, 0 L2) in 16.9 ms (external_request_id=chatcmpl-f1c25492-414c-455e-8785-1bc5a912c4bf-83350f61, prefetch_request_id=-1) [3m(storage_manager.py:575:lmcache.v1.distributed.storage_manager)[0m
[32;20m[2026-06-03 07:48:23,418] LMCache INFO:[0m Stored 256 tokens in 0.086 seconds [3m(gpu_transfer.py:513:lmcache.v1.multiprocess.modules.gpu_transfer)[0m
[32;20m[2026-06-03 07:48:23,892] LMCache INFO:[0m Stored 768 tokens in 0.008 seconds [3m(gpu_transfer.py:513:lmcache.v1.multiprocess.modules.gpu_transfer)[0m
[32;20m[2026-06-03 07:48:24,620] LMCache INFO:[0m Stored 256 tokens in 0.004 seconds [3m(gpu_transfer.py:513:lmcache.v1.multiprocess.modules.gpu_transfer)[0m
[32;20m[2026-06-03 07:48:24,692] LMCache INFO:[0m Stored 256 tokens in 0.004 seconds [3m(gpu_transfer.py:513:lmcache.v1.multiprocess.modules.gpu_transfer)[0m
[32;20m[2026-06-03 07:48:26,652] LMCache INFO:[0m Stored 256 tokens in 0.003 seconds [3m(gpu_transfer.py:513:lmcache.v1.multiprocess.modules.gpu_transfer)[0m
[32;20m[2026-06-03 07:48:28,095] LMCache INFO:[0m Stored 256 tokens in 0.004 seconds [3m(gpu_transfer.py:513:lmcache.v1.multiprocess.modules.gpu_transfer)[0m
[32;20m[2026-06-03 07:48:28,166] LMCache INFO:[0m Stored 256 tokens in 0.004 seconds [3m(gpu_transfer.py:513:lmcache.v1.multiprocess.modules.gpu_transfer)[0m
[32;20m[2026-06-03 07:48:31,300] LMCache INFO:[0m Stored 256 tokens in 0.004 seconds [3m(gpu_transfer.py:513:lmcache.v1.multiprocess.modules.gpu_transfer)[0m
[32;20m[2026-06-03 07:48:34,300] LMCache INFO:[0m Stored 256 tokens in 0.004 seconds [3m(gpu_transfer.py:513:lmcache.v1.multiprocess.modules.gpu_transfer)[0m
[32;20m[2026-06-03 07:48:35,037] LMCache INFO:[0m Prefetch request completed (L1+L2): 263/264 retained keys (263 L1, 0 L2) in 1.5 ms (external_request_id=chatcmpl-8ffd2702-d247-4099-b194-3c1c4c39d5cd-b3fe6ad0, prefetch_request_id=-1) [3m(storage_manager.py:575:lmcache.v1.distributed.storage_manager)[0m
[32;20m[2026-06-03 07:48:35,228] LMCache INFO:[0m Stored 256 tokens in 0.008 seconds [3m(gpu_transfer.py:513:lmcache.v1.multiprocess.modules.gpu_transfer)[0m
[32;20m[2026-06-03 07:48:36,837] LMCache INFO:[0m Stored 256 tokens in 0.003 seconds [3m(gpu_transfer.py:513:lmcache.v1.multiprocess.modules.gpu_transfer)[0m
[32;20m[2026-06-03 07:48:38,209] LMCache INFO:[0m Prefetch request completed (L1+L2): 407/408 retained keys (407 L1, 0 L2) in 2.0 ms (external_request_id=chatcmpl-37324279-228e-4ff3-89b1-234781cd2eef-ac844d9c, prefetch_request_id=-1) [3m(storage_manager.py:575:lmcache.v1.distributed.storage_manager)[0m
[32;20m[2026-06-03 07:48:38,565] LMCache INFO:[0m Stored 256 tokens in 0.012 seconds [3m(gpu_transfer.py:513:lmcache.v1.multiprocess.modules.gpu_transfer)[0m
[32;20m[2026-06-03 07:48:38,916] LMCache INFO:[0m Stored 256 tokens in 0.001 seconds [3m(gpu_transfer.py:513:lmcache.v1.multiprocess.modules.gpu_transfer)[0m
[32;20m[2026-06-03 07:48:40,119] LMCache INFO:[0m Stored 256 tokens in 0.004 seconds [3m(gpu_transfer.py:513:lmcache.v1.multiprocess.modules.gpu_transfer)[0m
[32;20m[2026-06-03 07:48:40,721] LMCache INFO:[0m Stored 256 tokens in 0.003 seconds [3m(gpu_transfer.py:513:lmcache.v1.multiprocess.modules.gpu_transfer)[0m
[32;20m[2026-06-03 07:48:43,153] LMCache INFO:[0m Stored 256 tokens in 0.004 seconds [3m(gpu_transfer.py:513:lmcache.v1.multiprocess.modules.gpu_transfer)[0m
[32;20m[2026-06-03 07:48:43,748] LMCache INFO:[0m Stored 256 tokens in 0.003 seconds [3m(gpu_transfer.py:513:lmcache.v1.multiprocess.modules.gpu_transfer)[0m
[32;20m[2026-06-03 07:48:47,898] LMCache INFO:[0m Prefetch request completed (L1+L2): 408/411 retained keys (408 L1, 0 L2) in 2.0 ms (external_request_id=chatcmpl-c49b3d89-23f6-450b-b2de-3adc6e6c5579-bb782425, prefetch_request_id=-1) [3m(storage_manager.py:575:lmcache.v1.distributed.storage_manager)[0m
[32;20m[2026-06-03 07:48:48,063] LMCache INFO:[0m Stored 768 tokens in 0.012 seconds [3m(gpu_transfer.py:513:lmcache.v1.multiprocess.modules.gpu_transfer)[0m
[32;20m[2026-06-03 07:48:53,004] LMCache INFO:[0m Prefetch request completed (L1+L2): 395/405 retained keys (395 L1, 0 L2) in 1.9 ms (external_request_id=chatcmpl-4d54d53e-f18a-4c71-8d36-f3e79856e39e-818b732f, prefetch_request_id=-1) [3m(storage_manager.py:575:lmcache.v1.distributed.storage_manager)[0m
[32;20m[2026-06-03 07:48:53,271] LMCache INFO:[0m Stored 2560 tokens in 0.012 seconds [3m(gpu_transfer.py:513:lmcache.v1.multiprocess.modules.gpu_transfer)[0m
[32;20m[2026-06-03 07:48:57,827] LMCache INFO:[0m Prefetch request completed (L1+L2): 405/407 retained keys (405 L1, 0 L2) in 1.6 ms (external_request_id=chatcmpl-6a4826c9-f19d-4fbd-9fee-b39b31cf4a75-a9a908a1, prefetch_request_id=-1) [3m(storage_manager.py:575:lmcache.v1.distributed.storage_manager)[0m
[32;20m[2026-06-03 07:48:57,986] LMCache INFO:[0m Stored 512 tokens in 0.004 seconds [3m(gpu_transfer.py:513:lmcache.v1.multiprocess.modules.gpu_transfer)[0m
[32;20m[2026-06-03 07:49:00,249] LMCache INFO:[0m Prefetch request completed (L1+L2): 407/407 retained keys (407 L1, 0 L2) in 1.8 ms (external_request_id=chatcmpl-1ba3dae6-ef4c-4bb0-bcd4-dd0d2a42cad8-8e72ba45, prefetch_request_id=-1) [3m(storage_manager.py:575:lmcache.v1.distributed.storage_manager)[0m
[32;20m[2026-06-03 07:49:03,657] LMCache INFO:[0m Prefetch request completed (L1+L2): 407/409 retained keys (407 L1, 0 L2) in 2.0 ms (external_request_id=chatcmpl-ef688f41-0f0b-42df-b4f1-6163ea50e37a-a8262277, prefetch_request_id=-1) [3m(storage_manager.py:575:lmcache.v1.distributed.storage_manager)[0m
[32;20m[2026-06-03 07:49:03,825] LMCache INFO:[0m Stored 512 tokens in 0.012 seconds [3m(gpu_transfer.py:513:lmcache.v1.multiprocess.modules.gpu_transfer)[0m
[32;20m[2026-06-03 07:49:04,342] LMCache INFO:[0m Stored 256 tokens in 0.003 seconds [3m(gpu_transfer.py:513:lmcache.v1.multiprocess.modules.gpu_transfer)[0m
[32;20m[2026-06-03 07:49:14,894] LMCache INFO:[0m Prefetch request completed (L1+L2): 470/475 retained keys (470 L1, 0 L2) in 1.5 ms (external_request_id=chatcmpl-94f64e58-98fa-476b-a16a-64beb58493c3-9bab62f2, prefetch_request_id=-1) [3m(storage_manager.py:575:lmcache.v1.distributed.storage_manager)[0m
[32;20m[2026-06-03 07:49:15,081] LMCache INFO:[0m Stored 1280 tokens in 0.017 seconds [3m(gpu_transfer.py:513:lmcache.v1.multiprocess.modules.gpu_transfer)[0m
[32;20m[2026-06-03 07:49:15,710] LMCache INFO:[0m Prefetch request completed (L1+L2): 405/407 retained keys (405 L1, 0 L2) in 1.3 ms (external_request_id=chatcmpl-f081c179-d541-4b9b-8de9-b7cb4160c3e0-8c3b5e98, prefetch_request_id=-1) [3m(storage_manager.py:575:lmcache.v1.distributed.storage_manager)[0m
[32;20m[2026-06-03 07:49:16,019] LMCache INFO:[0m Stored 512 tokens in 0.012 seconds [3m(gpu_transfer.py:513:lmcache.v1.multiprocess.modules.gpu_transfer)[0m
[32;20m[2026-06-03 07:49:17,367] LMCache INFO:[0m Stored 256 tokens in 0.004 seconds [3m(gpu_transfer.py:513:lmcache.v1.multiprocess.modules.gpu_transfer)[0m
[32;20m[2026-06-03 07:49:24,934] LMCache INFO:[0m Prefetch request completed (L1+L2): 475/506 retained keys (475 L1, 0 L2) in 1.6 ms (external_request_id=chatcmpl-6b2485b7-cda1-4eaa-92cd-d90d7092c148-b1f3c656, prefetch_request_id=-1) [3m(storage_manager.py:575:lmcache.v1.distributed.storage_manager)[0m
[32;20m[2026-06-03 07:49:25,217] LMCache INFO:[0m Stored 7936 tokens in 0.016 seconds [3m(gpu_transfer.py:513:lmcache.v1.multiprocess.modules.gpu_transfer)[0m
[32;20m[2026-06-03 07:49:29,554] LMCache INFO:[0m Stored 256 tokens in 0.004 seconds [3m(gpu_transfer.py:513:lmcache.v1.multiprocess.modules.gpu_transfer)[0m
[32;20m[2026-06-03 07:49:32,532] LMCache INFO:[0m Stored 256 tokens in 0.004 seconds [3m(gpu_transfer.py:513:lmcache.v1.multiprocess.modules.gpu_transfer)[0m
[32;20m[2026-06-03 07:49:35,511] LMCache INFO:[0m Stored 256 tokens in 0.004 seconds [3m(gpu_transfer.py:513:lmcache.v1.multiprocess.modules.gpu_transfer)[0m
[32;20m[2026-06-03 07:49:38,490] LMCache INFO:[0m Stored 256 tokens in 0.004 seconds [3m(gpu_transfer.py:513:lmcache.v1.multiprocess.modules.gpu_transfer)[0m
[32;20m[2026-06-03 07:49:39,673] LMCache INFO:[0m Prefetch request completed (L1+L2): 1/258 retained keys (1 L1, 0 L2) in 1.9 ms (external_request_id=chatcmpl-165db7a5-89cf-43f1-9b69-14b7db065339-99cc3301, prefetch_request_id=-1) [3m(storage_manager.py:575:lmcache.v1.distributed.storage_manager)[0m
[32;20m[2026-06-03 07:49:39,826] LMCache INFO:[0m Stored 8192 tokens in 0.006 seconds [3m(gpu_transfer.py:513:lmcache.v1.multiprocess.modules.gpu_transfer)[0m
[32;20m[2026-06-03 07:49:40,007] LMCache INFO:[0m Stored 8192 tokens in 0.011 seconds [3m(gpu_transfer.py:513:lmcache.v1.multiprocess.modules.gpu_transfer)[0m
[32;20m[2026-06-03 07:49:40,519] LMCache INFO:[0m Stored 8192 tokens in 0.005 seconds [3m(gpu_transfer.py:513:lmcache.v1.multiprocess.modules.gpu_transfer)[0m
[32;20m[2026-06-03 07:49:41,056] LMCache INFO:[0m Stored 8192 tokens in 0.005 seconds [3m(gpu_transfer.py:513:lmcache.v1.multiprocess.modules.gpu_transfer)[0m
[32;20m[2026-06-03 07:49:41,753] LMCache INFO:[0m Stored 8192 tokens in 0.006 seconds [3m(gpu_transfer.py:513:lmcache.v1.multiprocess.modules.gpu_transfer)[0m
[32;20m[2026-06-03 07:49:42,587] LMCache INFO:[0m Stored 8192 tokens in 0.005 seconds [3m(gpu_transfer.py:513:lmcache.v1.multiprocess.modules.gpu_transfer)[0m
[32;20m[2026-06-03 07:49:43,561] LMCache INFO:[0m Stored 8192 tokens in 0.006 seconds [3m(gpu_transfer.py:513:lmcache.v1.multiprocess.modules.gpu_transfer)[0m
[32;20m[2026-06-03 07:49:44,664] LMCache INFO:[0m Prefetch request completed (L1+L2): 264/267 retained keys (264 L1, 0 L2) in 1.6 ms (external_request_id=chatcmpl-5fe3bc68-4bff-476b-9c3b-a553701dcd15-a121a255, prefetch_request_id=-1) [3m(storage_manager.py:575:lmcache.v1.distributed.storage_manager)[0m
[32;20m[2026-06-03 07:49:44,681] LMCache INFO:[0m Stored 8192 tokens in 0.005 seconds [3m(gpu_transfer.py:513:lmcache.v1.multiprocess.modules.gpu_transfer)[0m
[32;20m[2026-06-03 07:49:46,083] LMCache INFO:[0m Stored 768 tokens in 0.011 seconds [3m(gpu_transfer.py:513:lmcache.v1.multiprocess.modules.gpu_transfer)[0m
[32;20m[2026-06-03 07:49:46,373] LMCache INFO:[0m Stored 256 tokens in 0.003 seconds [3m(gpu_transfer.py:513:lmcache.v1.multiprocess.modules.gpu_transfer)[0m
[32;20m[2026-06-03 07:49:46,966] LMCache INFO:[0m Stored 256 tokens in 0.003 seconds [3m(gpu_transfer.py:513:lmcache.v1.multiprocess.modules.gpu_transfer)[0m
[32;20m[2026-06-03 07:49:47,313] LMCache INFO:[0m Stored 256 tokens in 0.003 seconds [3m(gpu_transfer.py:513:lmcache.v1.multiprocess.modules.gpu_transfer)[0m
[32;20m[2026-06-03 07:49:48,432] LMCache INFO:[0m Stored 256 tokens in 0.004 seconds [3m(gpu_transfer.py:513:lmcache.v1.multiprocess.modules.gpu_transfer)[0m
[32;20m[2026-06-03 07:49:50,558] LMCache INFO:[0m Stored 256 tokens in 0.003 seconds [3m(gpu_transfer.py:513:lmcache.v1.multiprocess.modules.gpu_transfer)[0m
[32;20m[2026-06-03 07:49:51,588] LMCache INFO:[0m Stored 256 tokens in 0.004 seconds [3m(gpu_transfer.py:513:lmcache.v1.multiprocess.modules.gpu_transfer)[0m
[32;20m[2026-06-03 07:49:53,668] LMCache INFO:[0m Stored 256 tokens in 0.003 seconds [3m(gpu_transfer.py:513:lmcache.v1.multiprocess.modules.gpu_transfer)[0m
[32;20m[2026-06-03 07:49:54,698] LMCache INFO:[0m Stored 256 tokens in 0.004 seconds [3m(gpu_transfer.py:513:lmcache.v1.multiprocess.modules.gpu_transfer)[0m
[32;20m[2026-06-03 07:49:56,520] LMCache INFO:[0m Prefetch request completed (L1+L2): 267/270 retained keys (267 L1, 0 L2) in 1.3 ms (external_request_id=chatcmpl-bb6b779d-5e40-4dec-80fa-5ca2b4f1abaf-8e7460b6, prefetch_request_id=-1) [3m(storage_manager.py:575:lmcache.v1.distributed.storage_manager)[0m
[32;20m[2026-06-03 07:49:56,698] LMCache INFO:[0m Stored 768 tokens in 0.009 seconds [3m(gpu_transfer.py:513:lmcache.v1.multiprocess.modules.gpu_transfer)[0m
[32;20m[2026-06-03 07:49:57,306] LMCache INFO:[0m Stored 256 tokens in 0.003 seconds [3m(gpu_transfer.py:513:lmcache.v1.multiprocess.modules.gpu_transfer)[0m
[32;20m[2026-06-03 07:49:58,261] LMCache INFO:[0m Stored 256 tokens in 0.003 seconds [3m(gpu_transfer.py:513:lmcache.v1.multiprocess.modules.gpu_transfer)[0m
[32;20m[2026-06-03 07:49:58,433] LMCache INFO:[0m Stored 256 tokens in 0.004 seconds [3m(gpu_transfer.py:513:lmcache.v1.multiprocess.modules.gpu_transfer)[0m
[32;20m[2026-06-03 07:50:00,701] LMCache INFO:[0m Stored 256 tokens in 0.003 seconds [3m(gpu_transfer.py:513:lmcache.v1.multiprocess.modules.gpu_transfer)[0m
[32;20m[2026-06-03 07:50:01,654] LMCache INFO:[0m Stored 256 tokens in 0.003 seconds [3m(gpu_transfer.py:513:lmcache.v1.multiprocess.modules.gpu_transfer)[0m
[32;20m[2026-06-03 07:50:01,831] LMCache INFO:[0m Stored 256 tokens in 0.004 seconds [3m(gpu_transfer.py:513:lmcache.v1.multiprocess.modules.gpu_transfer)[0m
[32;20m[2026-06-03 07:50:03,905] LMCache INFO:[0m Stored 256 tokens in 0.003 seconds [3m(gpu_transfer.py:513:lmcache.v1.multiprocess.modules.gpu_transfer)[0m
[32;20m[2026-06-03 07:50:04,937] LMCache INFO:[0m Stored 256 tokens in 0.004 seconds [3m(gpu_transfer.py:513:lmcache.v1.multiprocess.modules.gpu_transfer)[0m
[32;20m[2026-06-03 07:50:07,016] LMCache INFO:[0m Stored 256 tokens in 0.003 seconds [3m(gpu_transfer.py:513:lmcache.v1.multiprocess.modules.gpu_transfer)[0m
[32;20m[2026-06-03 07:50:08,044] LMCache INFO:[0m Stored 256 tokens in 0.004 seconds [3m(gpu_transfer.py:513:lmcache.v1.multiprocess.modules.gpu_transfer)[0m
[32;20m[2026-06-03 07:50:10,119] LMCache INFO:[0m Stored 256 tokens in 0.003 seconds [3m(gpu_transfer.py:513:lmcache.v1.multiprocess.modules.gpu_transfer)[0m
[32;20m[2026-06-03 07:50:11,122] LMCache INFO:[0m Prefetch request completed (L1+L2): 270/274 retained keys (270 L1, 0 L2) in 1.3 ms (external_request_id=chatcmpl-a5956107-909a-4b2f-81ff-164985413ee7-a683028a, prefetch_request_id=-1) [3m(storage_manager.py:575:lmcache.v1.distributed.storage_manager)[0m
[32;20m[2026-06-03 07:50:11,366] LMCache INFO:[0m Stored 1024 tokens in 0.008 seconds [3m(gpu_transfer.py:513:lmcache.v1.multiprocess.modules.gpu_transfer)[0m
[32;20m[2026-06-03 07:50:11,738] LMCache INFO:[0m Stored 256 tokens in 0.004 seconds [3m(gpu_transfer.py:513:lmcache.v1.multiprocess.modules.gpu_transfer)[0m
[32;20m[2026-06-03 07:50:14,001] LMCache INFO:[0m Stored 256 tokens in 0.003 seconds [3m(gpu_transfer.py:513:lmcache.v1.multiprocess.modules.gpu_transfer)[0m
[32;20m[2026-06-03 07:50:14,496] LMCache INFO:[0m Stored 256 tokens in 0.003 seconds [3m(gpu_transfer.py:513:lmcache.v1.multiprocess.modules.gpu_transfer)[0m
[32;20m[2026-06-03 07:50:15,131] LMCache INFO:[0m Stored 256 tokens in 0.004 seconds [3m(gpu_transfer.py:513:lmcache.v1.multiprocess.modules.gpu_transfer)[0m
[32;20m[2026-06-03 07:50:17,631] LMCache INFO:[0m Prefetch request completed (L1+L2): 407/407 retained keys (407 L1, 0 L2) in 1.8 ms (external_request_id=chatcmpl-bd906908-1ad0-49fd-b362-397e4ee47223-a80adfed, prefetch_request_id=-1) [3m(storage_manager.py:575:lmcache.v1.distributed.storage_manager)[0m
[32;20m[2026-06-03 07:50:19,039] LMCache INFO:[0m Stored 256 tokens in 0.004 seconds [3m(gpu_transfer.py:513:lmcache.v1.multiprocess.modules.gpu_transfer)[0m
[32;20m[2026-06-03 07:50:22,183] LMCache INFO:[0m Stored 256 tokens in 0.004 seconds [3m(gpu_transfer.py:513:lmcache.v1.multiprocess.modules.gpu_transfer)[0m
[32;20m[2026-06-03 07:50:22,433] LMCache INFO:[0m Prefetch request completed (L1+L2): 407/407 retained keys (407 L1, 0 L2) in 1.7 ms (external_request_id=chatcmpl-9a4aa0b9-0e06-4681-bf03-787bb7c8bf70-8f91ee7f, prefetch_request_id=-1) [3m(storage_manager.py:575:lmcache.v1.distributed.storage_manager)[0m
[32;20m[2026-06-03 07:50:24,040] LMCache INFO:[0m Stored 256 tokens in 0.012 seconds [3m(gpu_transfer.py:513:lmcache.v1.multiprocess.modules.gpu_transfer)[0m
[32;20m[2026-06-03 07:50:25,016] LMCache INFO:[0m Prefetch request completed (L1+L2): 274/275 retained keys (274 L1, 0 L2) in 1.4 ms (external_request_id=chatcmpl-da21c68e-0129-4f4e-8911-02184031e600-bfad29ff, prefetch_request_id=-1) [3m(storage_manager.py:575:lmcache.v1.distributed.storage_manager)[0m
[32;20m[2026-06-03 07:50:25,309] LMCache INFO:[0m Stored 256 tokens in 0.008 seconds [3m(gpu_transfer.py:513:lmcache.v1.multiprocess.modules.gpu_transfer)[0m
[32;20m[2026-06-03 07:50:26,063] LMCache INFO:[0m Stored 256 tokens in 0.004 seconds [3m(gpu_transfer.py:513:lmcache.v1.multiprocess.modules.gpu_transfer)[0m
[32;20m[2026-06-03 07:50:26,545] LMCache INFO:[0m Stored 256 tokens in 0.003 seconds [3m(gpu_transfer.py:513:lmcache.v1.multiprocess.modules.gpu_transfer)[0m
[32;20m[2026-06-03 07:50:29,170] LMCache INFO:[0m Stored 256 tokens in 0.005 seconds [3m(gpu_transfer.py:513:lmcache.v1.multiprocess.modules.gpu_transfer)[0m
[32;20m[2026-06-03 07:50:32,169] LMCache INFO:[0m Stored 256 tokens in 0.004 seconds [3m(gpu_transfer.py:513:lmcache.v1.multiprocess.modules.gpu_transfer)[0m
[32;20m[2026-06-03 07:50:33,732] LMCache INFO:[0m Prefetch request completed (L1+L2): 258/270 retained keys (258 L1, 0 L2) in 1.6 ms (external_request_id=chatcmpl-9b0ca035-42ab-4d41-a358-07453f77e1a2-b1e38844, prefetch_request_id=-1) [3m(storage_manager.py:575:lmcache.v1.distributed.storage_manager)[0m
[32;20m[2026-06-03 07:50:34,015] LMCache INFO:[0m Stored 3072 tokens in 0.004 seconds [3m(gpu_transfer.py:513:lmcache.v1.multiprocess.modules.gpu_transfer)[0m
[32;20m[2026-06-03 07:50:34,596] LMCache INFO:[0m Prefetch request completed (L1+L2): 275/279 retained keys (275 L1, 0 L2) in 1.7 ms (external_request_id=chatcmpl-7b88ef11-ae6e-4318-a931-64fe9ec1a3c4-b0cdb656, prefetch_request_id=-1) [3m(storage_manager.py:575:lmcache.v1.distributed.storage_manager)[0m
[32;20m[2026-06-03 07:50:34,774] LMCache INFO:[0m Stored 1024 tokens in 0.009 seconds [3m(gpu_transfer.py:513:lmcache.v1.multiprocess.modules.gpu_transfer)[0m
[32;20m[2026-06-03 07:50:36,802] LMCache INFO:[0m Stored 256 tokens in 0.005 seconds [3m(gpu_transfer.py:513:lmcache.v1.multiprocess.modules.gpu_transfer)[0m
[32;20m[2026-06-03 07:50:37,711] LMCache INFO:[0m Stored 256 tokens in 0.003 seconds [3m(gpu_transfer.py:513:lmcache.v1.multiprocess.modules.gpu_transfer)[0m
[32;20m[2026-06-03 07:50:38,389] LMCache INFO:[0m Stored 256 tokens in 0.003 seconds [3m(gpu_transfer.py:513:lmcache.v1.multiprocess.modules.gpu_transfer)[0m
[32;20m[2026-06-03 07:50:40,196] LMCache INFO:[0m Stored 256 tokens in 0.004 seconds [3m(gpu_transfer.py:513:lmcache.v1.multiprocess.modules.gpu_transfer)[0m
[32;20m[2026-06-03 07:50:41,103] LMCache INFO:[0m Stored 256 tokens in 0.003 seconds [3m(gpu_transfer.py:513:lmcache.v1.multiprocess.modules.gpu_transfer)[0m
[32;20m[2026-06-03 07:50:41,786] LMCache INFO:[0m Stored 256 tokens in 0.003 seconds [3m(gpu_transfer.py:513:lmcache.v1.multiprocess.modules.gpu_transfer)[0m
[32;20m[2026-06-03 07:50:42,130] LMCache INFO:[0m Prefetch request completed (L1+L2): 407/407 retained keys (407 L1, 0 L2) in 1.5 ms (external_request_id=chatcmpl-2e7da737-58c1-410f-8af0-11c15a58d23f-94b3efab, prefetch_request_id=-1) [3m(storage_manager.py:575:lmcache.v1.distributed.storage_manager)[0m
[32;20m[2026-06-03 07:50:43,423] LMCache INFO:[0m Stored 256 tokens in 0.013 seconds [3m(gpu_transfer.py:513:lmcache.v1.multiprocess.modules.gpu_transfer)[0m
[32;20m[2026-06-03 07:50:44,197] LMCache INFO:[0m Stored 256 tokens in 0.005 seconds [3m(gpu_transfer.py:513:lmcache.v1.multiprocess.modules.gpu_transfer)[0m
[32;20m[2026-06-03 07:50:45,643] LMCache INFO:[0m Stored 256 tokens in 0.004 seconds [3m(gpu_transfer.py:513:lmcache.v1.multiprocess.modules.gpu_transfer)[0m
[32;20m[2026-06-03 07:50:47,296] LMCache INFO:[0m Stored 256 tokens in 0.004 seconds [3m(gpu_transfer.py:513:lmcache.v1.multiprocess.modules.gpu_transfer)[0m
[32;20m[2026-06-03 07:50:48,741] LMCache INFO:[0m Stored 256 tokens in 0.003 seconds [3m(gpu_transfer.py:513:lmcache.v1.multiprocess.modules.gpu_transfer)[0m
[32;20m[2026-06-03 07:50:50,436] LMCache INFO:[0m Prefetch request completed (L1+L2): 279/280 retained keys (279 L1, 0 L2) in 1.3 ms (external_request_id=chatcmpl-254cc4f0-76f9-4622-8f11-701636de8dc3-abbab3ed, prefetch_request_id=-1) [3m(storage_manager.py:575:lmcache.v1.distributed.storage_manager)[0m
[32;20m[2026-06-03 07:50:50,728] LMCache INFO:[0m Stored 256 tokens in 0.009 seconds [3m(gpu_transfer.py:513:lmcache.v1.multiprocess.modules.gpu_transfer)[0m
[32;20m[2026-06-03 07:50:50,985] LMCache INFO:[0m Stored 256 tokens in 0.002 seconds [3m(gpu_transfer.py:513:lmcache.v1.multiprocess.modules.gpu_transfer)[0m
[32;20m[2026-06-03 07:50:51,046] LMCache INFO:[0m Stored 256 tokens in 0.004 seconds [3m(gpu_transfer.py:513:lmcache.v1.multiprocess.modules.gpu_transfer)[0m
[32;20m[2026-06-03 07:50:54,085] LMCache INFO:[0m Stored 256 tokens in 0.004 seconds [3m(gpu_transfer.py:513:lmcache.v1.multiprocess.modules.gpu_transfer)[0m
[32;20m[2026-06-03 07:50:57,071] LMCache INFO:[0m Stored 256 tokens in 0.004 seconds [3m(gpu_transfer.py:513:lmcache.v1.multiprocess.modules.gpu_transfer)[0m
[32;20m[2026-06-03 07:51:00,344] LMCache INFO:[0m Prefetch request completed (L1+L2): 407/408 retained keys (407 L1, 0 L2) in 2.1 ms (external_request_id=chatcmpl-30a7c332-f90f-43af-b9bc-147f28fdbf61-8e9f68c5, prefetch_request_id=-1) [3m(storage_manager.py:575:lmcache.v1.distributed.storage_manager)[0m
[32;20m[2026-06-03 07:51:00,554] LMCache INFO:[0m Stored 256 tokens in 0.012 seconds [3m(gpu_transfer.py:513:lmcache.v1.multiprocess.modules.gpu_transfer)[0m
[32;20m[2026-06-03 07:51:00,948] LMCache INFO:[0m Stored 256 tokens in 0.004 seconds [3m(gpu_transfer.py:513:lmcache.v1.multiprocess.modules.gpu_transfer)[0m
[32;20m[2026-06-03 07:51:03,938] LMCache INFO:[0m Stored 256 tokens in 0.004 seconds [3m(gpu_transfer.py:513:lmcache.v1.multiprocess.modules.gpu_transfer)[0m
[32;20m[2026-06-03 07:51:12,396] LMCache INFO:[0m Prefetch request completed (L1+L2): 270/275 retained keys (270 L1, 0 L2) in 2.1 ms (external_request_id=chatcmpl-81796af4-2b15-498a-b47d-c3892da10884-b3b7b88b, prefetch_request_id=-1) [3m(storage_manager.py:575:lmcache.v1.distributed.storage_manager)[0m
[32;20m[2026-06-03 07:51:12,650] LMCache INFO:[0m Stored 1280 tokens in 0.009 seconds [3m(gpu_transfer.py:513:lmcache.v1.multiprocess.modules.gpu_transfer)[0m
[32;20m[2026-06-03 07:51:15,696] LMCache INFO:[0m Stored 256 tokens in 0.003 seconds [3m(gpu_transfer.py:513:lmcache.v1.multiprocess.modules.gpu_transfer)[0m
[32;20m[2026-06-03 07:51:17,439] LMCache INFO:[0m Prefetch request completed (L1+L2): 408/409 retained keys (408 L1, 0 L2) in 2.1 ms (external_request_id=chatcmpl-ce5da7d2-910f-42e1-a6d9-ef08a64e74ba-809d0566, prefetch_request_id=-1) [3m(storage_manager.py:575:lmcache.v1.distributed.storage_manager)[0m
[32;20m[2026-06-03 07:51:17,646] LMCache INFO:[0m Stored 256 tokens in 0.012 seconds [3m(gpu_transfer.py:513:lmcache.v1.multiprocess.modules.gpu_transfer)[0m
[32;20m[2026-06-03 07:51:19,334] LMCache INFO:[0m Stored 256 tokens in 0.003 seconds [3m(gpu_transfer.py:513:lmcache.v1.multiprocess.modules.gpu_transfer)[0m
[32;20m[2026-06-03 07:51:22,204] LMCache INFO:[0m Stored 256 tokens in 0.003 seconds [3m(gpu_transfer.py:513:lmcache.v1.multiprocess.modules.gpu_transfer)[0m
[32;20m[2026-06-03 07:51:25,770] LMCache INFO:[0m Prefetch request completed (L1+L2): 280/284 retained keys (280 L1, 0 L2) in 1.9 ms (external_request_id=chatcmpl-55413ca6-078a-4ece-8a0f-faf668d207c6-a0a35096, prefetch_request_id=-1) [3m(storage_manager.py:575:lmcache.v1.distributed.storage_manager)[0m
[32;20m[2026-06-03 07:51:26,016] LMCache INFO:[0m Stored 1024 tokens in 0.009 seconds [3m(gpu_transfer.py:513:lmcache.v1.multiprocess.modules.gpu_transfer)[0m
[32;20m[2026-06-03 07:51:27,658] LMCache INFO:[0m Stored 256 tokens in 0.003 seconds [3m(gpu_transfer.py:513:lmcache.v1.multiprocess.modules.gpu_transfer)[0m
[32;20m[2026-06-03 07:51:33,727] LMCache INFO:[0m Prefetch request completed (L1+L2): 409/409 retained keys (409 L1, 0 L2) in 1.9 ms (external_request_id=chatcmpl-f9b402fa-6a0b-4014-b95d-f36072a1772b-ad7a4b6c, prefetch_request_id=-1) [3m(storage_manager.py:575:lmcache.v1.distributed.storage_manager)[0m
[32;20m[2026-06-03 07:51:34,302] LMCache INFO:[0m Prefetch request completed (L1+L2): 284/287 retained keys (284 L1, 0 L2) in 1.9 ms (external_request_id=chatcmpl-1d69ac7e-54d3-40a9-bd25-a907886d5349-b24d3bb3, prefetch_request_id=-1) [3m(storage_manager.py:575:lmcache.v1.distributed.storage_manager)[0m
[32;20m[2026-06-03 07:51:34,472] LMCache INFO:[0m Stored 768 tokens in 0.010 seconds [3m(gpu_transfer.py:513:lmcache.v1.multiprocess.modules.gpu_transfer)[0m
[32;20m[2026-06-03 07:51:35,822] LMCache INFO:[0m Prefetch request completed (L1+L2): 275/286 retained keys (275 L1, 0 L2) in 1.6 ms (external_request_id=chatcmpl-5b11bc47-1f54-4aa0-baef-2dceb6b213b5-bf6391e2, prefetch_request_id=-1) [3m(storage_manager.py:575:lmcache.v1.distributed.storage_manager)[0m
[32;20m[2026-06-03 07:51:36,118] LMCache INFO:[0m Stored 2816 tokens in 0.010 seconds [3m(gpu_transfer.py:513:lmcache.v1.multiprocess.modules.gpu_transfer)[0m
[32;20m[2026-06-03 07:51:37,178] LMCache INFO:[0m Stored 256 tokens in 0.003 seconds [3m(gpu_transfer.py:513:lmcache.v1.multiprocess.modules.gpu_transfer)[0m
[32;20m[2026-06-03 07:51:40,057] LMCache INFO:[0m Stored 256 tokens in 0.004 seconds [3m(gpu_transfer.py:513:lmcache.v1.multiprocess.modules.gpu_transfer)[0m
[32;20m[2026-06-03 07:51:40,956] LMCache INFO:[0m Prefetch request completed (L1+L2): 506/511 retained keys (506 L1, 0 L2) in 1.9 ms (external_request_id=chatcmpl-b2793dde-f4c3-42f7-8b92-55f82b70cb28-95cfb9f8, prefetch_request_id=-1) [3m(storage_manager.py:575:lmcache.v1.distributed.storage_manager)[0m
[32;20m[2026-06-03 07:51:41,275] LMCache INFO:[0m Stored 1280 tokens in 0.015 seconds [3m(gpu_transfer.py:513:lmcache.v1.multiprocess.modules.gpu_transfer)[0m
[32;20m[2026-06-03 07:51:43,630] LMCache INFO:[0m Prefetch request completed (L1+L2): 287/288 retained keys (287 L1, 0 L2) in 1.4 ms (external_request_id=chatcmpl-c738bcef-19b7-4d0f-a745-ad974ea6ee4e-8c63226c, prefetch_request_id=-1) [3m(storage_manager.py:575:lmcache.v1.distributed.storage_manager)[0m
[32;20m[2026-06-03 07:51:43,820] LMCache INFO:[0m Stored 256 tokens in 0.009 seconds [3m(gpu_transfer.py:513:lmcache.v1.multiprocess.modules.gpu_transfer)[0m
[32;20m[2026-06-03 07:51:44,787] LMCache INFO:[0m Stored 256 tokens in 0.003 seconds [3m(gpu_transfer.py:513:lmcache.v1.multiprocess.modules.gpu_transfer)[0m
[32;20m[2026-06-03 07:51:44,852] LMCache INFO:[0m Stored 256 tokens in 0.004 seconds [3m(gpu_transfer.py:513:lmcache.v1.multiprocess.modules.gpu_transfer)[0m
[32;20m[2026-06-03 07:51:46,206] LMCache INFO:[0m Stored 256 tokens in 0.004 seconds [3m(gpu_transfer.py:513:lmcache.v1.multiprocess.modules.gpu_transfer)[0m
[32;20m[2026-06-03 07:51:48,171] LMCache INFO:[0m Stored 256 tokens in 0.003 seconds [3m(gpu_transfer.py:513:lmcache.v1.multiprocess.modules.gpu_transfer)[0m
[32;20m[2026-06-03 07:51:48,237] LMCache INFO:[0m Stored 256 tokens in 0.004 seconds [3m(gpu_transfer.py:513:lmcache.v1.multiprocess.modules.gpu_transfer)[0m
[32;20m[2026-06-03 07:51:51,263] LMCache INFO:[0m Prefetch request completed (L1+L2): 409/410 retained keys (409 L1, 0 L2) in 1.8 ms (external_request_id=chatcmpl-25709f83-6ed5-4f47-859a-93174a922213-83fa1d0b, prefetch_request_id=-1) [3m(storage_manager.py:575:lmcache.v1.distributed.storage_manager)[0m
[32;20m[2026-06-03 07:51:51,467] LMCache INFO:[0m Stored 256 tokens in 0.012 seconds [3m(gpu_transfer.py:513:lmcache.v1.multiprocess.modules.gpu_transfer)[0m
[32;20m[2026-06-03 07:51:52,045] LMCache INFO:[0m Stored 256 tokens in 0.003 seconds [3m(gpu_transfer.py:513:lmcache.v1.multiprocess.modules.gpu_transfer)[0m
[32;20m[2026-06-03 07:51:52,113] LMCache INFO:[0m Stored 256 tokens in 0.004 seconds [3m(gpu_transfer.py:513:lmcache.v1.multiprocess.modules.gpu_transfer)[0m
[32;20m[2026-06-03 07:51:55,192] LMCache INFO:[0m Stored 256 tokens in 0.004 seconds [3m(gpu_transfer.py:513:lmcache.v1.multiprocess.modules.gpu_transfer)[0m
[32;20m[2026-06-03 07:51:57,388] LMCache INFO:[0m Prefetch request completed (L1+L2): 288/289 retained keys (288 L1, 0 L2) in 1.7 ms (external_request_id=chatcmpl-2cedbb6e-28f4-4dae-8e61-06cb0146017e-90585852, prefetch_request_id=-1) [3m(storage_manager.py:575:lmcache.v1.distributed.storage_manager)[0m
[32;20m[2026-06-03 07:51:57,641] LMCache INFO:[0m Stored 256 tokens in 0.009 seconds [3m(gpu_transfer.py:513:lmcache.v1.multiprocess.modules.gpu_transfer)[0m
[32;20m[2026-06-03 07:51:58,847] LMCache INFO:[0m Stored 256 tokens in 0.005 seconds [3m(gpu_transfer.py:513:lmcache.v1.multiprocess.modules.gpu_transfer)[0m
[32;20m[2026-06-03 07:52:01,857] LMCache INFO:[0m Stored 256 tokens in 0.004 seconds [3m(gpu_transfer.py:513:lmcache.v1.multiprocess.modules.gpu_transfer)[0m
[32;20m[2026-06-03 07:52:03,547] LMCache INFO:[0m Prefetch request completed (L1+L2): 289/295 retained keys (289 L1, 0 L2) in 1.8 ms (external_request_id=chatcmpl-fcb98b9c-81b5-476a-8a68-c3782008028f-89a38997, prefetch_request_id=-1) [3m(storage_manager.py:575:lmcache.v1.distributed.storage_manager)[0m
[32;20m[2026-06-03 07:52:03,839] LMCache INFO:[0m Stored 1536 tokens in 0.010 seconds [3m(gpu_transfer.py:513:lmcache.v1.multiprocess.modules.gpu_transfer)[0m
[32;20m[2026-06-03 07:52:04,406] LMCache INFO:[0m Stored 256 tokens in 0.003 seconds [3m(gpu_transfer.py:513:lmcache.v1.multiprocess.modules.gpu_transfer)[0m
[32;20m[2026-06-03 07:52:05,709] LMCache INFO:[0m Stored 256 tokens in 0.005 seconds [3m(gpu_transfer.py:513:lmcache.v1.multiprocess.modules.gpu_transfer)[0m
[32;20m[2026-06-03 07:52:08,456] LMCache INFO:[0m Prefetch request completed (L1+L2): 410/411 retained keys (410 L1, 0 L2) in 1.3 ms (external_request_id=chatcmpl-02c0913b-afe9-4a48-9111-a417d5e1e246-a8c1e522, prefetch_request_id=-1) [3m(storage_manager.py:575:lmcache.v1.distributed.storage_manager)[0m
[32;20m[2026-06-03 07:52:08,665] LMCache INFO:[0m Stored 256 tokens in 0.012 seconds [3m(gpu_transfer.py:513:lmcache.v1.multiprocess.modules.gpu_transfer)[0m
[32;20m[2026-06-03 07:52:09,589] LMCache INFO:[0m Stored 256 tokens in 0.005 seconds [3m(gpu_transfer.py:513:lmcache.v1.multiprocess.modules.gpu_transfer)[0m
[32;20m[2026-06-03 07:52:10,206] LMCache INFO:[0m Prefetch request completed (L1+L2): 295/304 retained keys (295 L1, 0 L2) in 1.9 ms (external_request_id=chatcmpl-f8b82d8f-1318-430b-85f7-8ff8f4690c2d-b597bfb4, prefetch_request_id=-1) [3m(storage_manager.py:575:lmcache.v1.distributed.storage_manager)[0m
[32;20m[2026-06-03 07:52:10,503] LMCache INFO:[0m Stored 2304 tokens in 0.010 seconds [3m(gpu_transfer.py:513:lmcache.v1.multiprocess.modules.gpu_transfer)[0m
[32;20m[2026-06-03 07:52:11,213] LMCache INFO:[0m Stored 256 tokens in 0.003 seconds [3m(gpu_transfer.py:513:lmcache.v1.multiprocess.modules.gpu_transfer)[0m
[32;20m[2026-06-03 07:52:11,767] LMCache INFO:[0m Stored 256 tokens in 0.004 seconds [3m(gpu_transfer.py:513:lmcache.v1.multiprocess.modules.gpu_transfer)[0m
[32;20m[2026-06-03 07:52:13,771] LMCache INFO:[0m Stored 256 tokens in 0.005 seconds [3m(gpu_transfer.py:513:lmcache.v1.multiprocess.modules.gpu_transfer)[0m
[32;20m[2026-06-03 07:52:14,418] LMCache INFO:[0m Stored 256 tokens in 0.003 seconds [3m(gpu_transfer.py:513:lmcache.v1.multiprocess.modules.gpu_transfer)[0m
[32;20m[2026-06-03 07:52:16,866] LMCache INFO:[0m Stored 256 tokens in 0.005 seconds [3m(gpu_transfer.py:513:lmcache.v1.multiprocess.modules.gpu_transfer)[0m
[32;20m[2026-06-03 07:52:17,514] LMCache INFO:[0m Stored 256 tokens in 0.004 seconds [3m(gpu_transfer.py:513:lmcache.v1.multiprocess.modules.gpu_transfer)[0m
[32;20m[2026-06-03 07:52:19,931] LMCache INFO:[0m Stored 256 tokens in 0.004 seconds [3m(gpu_transfer.py:513:lmcache.v1.multiprocess.modules.gpu_transfer)[0m
INFO:     Shutting down
INFO:     Waiting for application shutdown.
[32;20m[2026-06-03 07:52:44,947] LMCache INFO:[0m Shutting down LMCache HTTP server... [3m(http_server.py:102:lmcache.v1.multiprocess.http_server)[0m
[32;20m[2026-06-03 07:52:44,985] LMCache INFO:[0m LMCache HTTP server stopped [3m(http_server.py:109:lmcache.v1.multiprocess.http_server)[0m
INFO:     Application shutdown complete.
INFO:     Finished server process [3771520]
