Timeslice,Start_NS,End_NS,Metric,Unit,Stat,Value
0,1780436632370335232,1780436633370335232,Active Decode Throughput,tokens/sec,avg,0.00
0,1780436632370335232,1780436633370335232,Active Decode Throughput,tokens/sec,min,0.00
0,1780436632370335232,1780436633370335232,Active Decode Throughput,tokens/sec,max,0.00
0,1780436632370335232,1780436633370335232,Active Decode Throughput,tokens/sec,p50,0.00
0,1780436632370335232,1780436633370335232,Active Decode Throughput,tokens/sec,p90,0.00
0,1780436632370335232,1780436633370335232,Active Decode Throughput,tokens/sec,p95,0.00
0,1780436632370335232,1780436633370335232,Active Decode Throughput,tokens/sec,p99,0.00
0,1780436632370335232,1780436633370335232,Active Decode Throughput,tokens/sec,std,0.00
0,1780436632370335232,1780436633370335232,Active Decode Throughput Per User,tokens/sec/user,avg,0.00
0,1780436632370335232,1780436633370335232,Active Decode Throughput Per User,tokens/sec/user,min,0.00
0,1780436632370335232,1780436633370335232,Active Decode Throughput Per User,tokens/sec/user,max,0.00
0,1780436632370335232,1780436633370335232,Active Decode Throughput Per User,tokens/sec/user,p50,0.00
0,1780436632370335232,1780436633370335232,Active Decode Throughput Per User,tokens/sec/user,p90,0.00
0,1780436632370335232,1780436633370335232,Active Decode Throughput Per User,tokens/sec/user,p95,0.00
0,1780436632370335232,1780436633370335232,Active Decode Throughput Per User,tokens/sec/user,p99,0.00
0,1780436632370335232,1780436633370335232,Active Decode Throughput Per User,tokens/sec/user,std,0.00
0,1780436632370335232,1780436633370335232,Active Prefill Throughput,tokens/sec,avg,0.00
0,1780436632370335232,1780436633370335232,Active Prefill Throughput,tokens/sec,min,0.00
0,1780436632370335232,1780436633370335232,Active Prefill Throughput,tokens/sec,max,0.00
0,1780436632370335232,1780436633370335232,Active Prefill Throughput,tokens/sec,p50,0.00
0,1780436632370335232,1780436633370335232,Active Prefill Throughput,tokens/sec,p90,0.00
0,1780436632370335232,1780436633370335232,Active Prefill Throughput,tokens/sec,p95,0.00
0,1780436632370335232,1780436633370335232,Active Prefill Throughput,tokens/sec,p99,0.00
0,1780436632370335232,1780436633370335232,Active Prefill Throughput,tokens/sec,std,0.00
0,1780436632370335232,1780436633370335232,Active Prefill Throughput Per User,tokens/sec/user,avg,0.00
0,1780436632370335232,1780436633370335232,Active Prefill Throughput Per User,tokens/sec/user,min,0.00
0,1780436632370335232,1780436633370335232,Active Prefill Throughput Per User,tokens/sec/user,max,0.00
0,1780436632370335232,1780436633370335232,Active Prefill Throughput Per User,tokens/sec/user,p50,0.00
0,1780436632370335232,1780436633370335232,Active Prefill Throughput Per User,tokens/sec/user,p90,0.00
0,1780436632370335232,1780436633370335232,Active Prefill Throughput Per User,tokens/sec/user,p95,0.00
0,1780436632370335232,1780436633370335232,Active Prefill Throughput Per User,tokens/sec/user,p99,0.00
0,1780436632370335232,1780436633370335232,Active Prefill Throughput Per User,tokens/sec/user,std,0.00
0,1780436632370335232,1780436633370335232,Active Total Throughput,tokens/sec,avg,0.00
0,1780436632370335232,1780436633370335232,Active Total Throughput,tokens/sec,min,0.00
0,1780436632370335232,1780436633370335232,Active Total Throughput,tokens/sec,max,0.00
0,1780436632370335232,1780436633370335232,Active Total Throughput,tokens/sec,p50,0.00
0,1780436632370335232,1780436633370335232,Active Total Throughput,tokens/sec,p90,0.00
0,1780436632370335232,1780436633370335232,Active Total Throughput,tokens/sec,p95,0.00
0,1780436632370335232,1780436633370335232,Active Total Throughput,tokens/sec,p99,0.00
0,1780436632370335232,1780436633370335232,Active Total Throughput,tokens/sec,std,0.00
0,1780436632370335232,1780436633370335232,Context Overflow Count,requests,avg,0.00
0,1780436632370335232,1780436633370335232,Effective Concurrency,requests,avg,1.92
0,1780436632370335232,1780436633370335232,Effective Concurrency,requests,min,1.00
0,1780436632370335232,1780436633370335232,Effective Concurrency,requests,max,5.00
0,1780436632370335232,1780436633370335232,Effective Concurrency,requests,p50,1.00
0,1780436632370335232,1780436633370335232,Effective Concurrency,requests,p90,4.00
0,1780436632370335232,1780436633370335232,Effective Concurrency,requests,p95,4.00
0,1780436632370335232,1780436633370335232,Effective Concurrency,requests,p99,5.00
0,1780436632370335232,1780436633370335232,Effective Concurrency,requests,std,1.29
0,1780436632370335232,1780436633370335232,Effective Decode Concurrency,requests,avg,0.00
0,1780436632370335232,1780436633370335232,Effective Decode Concurrency,requests,min,0.00
0,1780436632370335232,1780436633370335232,Effective Decode Concurrency,requests,max,0.00
0,1780436632370335232,1780436633370335232,Effective Decode Concurrency,requests,p50,0.00
0,1780436632370335232,1780436633370335232,Effective Decode Concurrency,requests,p90,0.00
0,1780436632370335232,1780436633370335232,Effective Decode Concurrency,requests,p95,0.00
0,1780436632370335232,1780436633370335232,Effective Decode Concurrency,requests,p99,0.00
0,1780436632370335232,1780436633370335232,Effective Decode Concurrency,requests,std,0.00
0,1780436632370335232,1780436633370335232,Effective Decode Throughput,tokens/sec,avg,0.00
0,1780436632370335232,1780436633370335232,Effective Decode Throughput,tokens/sec,min,0.00
0,1780436632370335232,1780436633370335232,Effective Decode Throughput,tokens/sec,max,0.00
0,1780436632370335232,1780436633370335232,Effective Decode Throughput,tokens/sec,p50,0.00
0,1780436632370335232,1780436633370335232,Effective Decode Throughput,tokens/sec,p90,0.00
0,1780436632370335232,1780436633370335232,Effective Decode Throughput,tokens/sec,p95,0.00
0,1780436632370335232,1780436633370335232,Effective Decode Throughput,tokens/sec,p99,0.00
0,1780436632370335232,1780436633370335232,Effective Decode Throughput,tokens/sec,std,0.00
0,1780436632370335232,1780436633370335232,Effective Decode Throughput Per User,tokens/sec/user,avg,0.00
0,1780436632370335232,1780436633370335232,Effective Decode Throughput Per User,tokens/sec/user,min,0.00
0,1780436632370335232,1780436633370335232,Effective Decode Throughput Per User,tokens/sec/user,max,0.00
0,1780436632370335232,1780436633370335232,Effective Decode Throughput Per User,tokens/sec/user,p50,0.00
0,1780436632370335232,1780436633370335232,Effective Decode Throughput Per User,tokens/sec/user,p90,0.00
0,1780436632370335232,1780436633370335232,Effective Decode Throughput Per User,tokens/sec/user,p95,0.00
0,1780436632370335232,1780436633370335232,Effective Decode Throughput Per User,tokens/sec/user,p99,0.00
0,1780436632370335232,1780436633370335232,Effective Decode Throughput Per User,tokens/sec/user,std,0.00
0,1780436632370335232,1780436633370335232,Effective Prefill Concurrency,requests,avg,0.00
0,1780436632370335232,1780436633370335232,Effective Prefill Concurrency,requests,min,0.00
0,1780436632370335232,1780436633370335232,Effective Prefill Concurrency,requests,max,0.00
0,1780436632370335232,1780436633370335232,Effective Prefill Concurrency,requests,p50,0.00
0,1780436632370335232,1780436633370335232,Effective Prefill Concurrency,requests,p90,0.00
0,1780436632370335232,1780436633370335232,Effective Prefill Concurrency,requests,p95,0.00
0,1780436632370335232,1780436633370335232,Effective Prefill Concurrency,requests,p99,0.00
0,1780436632370335232,1780436633370335232,Effective Prefill Concurrency,requests,std,0.00
0,1780436632370335232,1780436633370335232,Effective Prefill Throughput,tokens/sec,avg,0.00
0,1780436632370335232,1780436633370335232,Effective Prefill Throughput,tokens/sec,min,0.00
0,1780436632370335232,1780436633370335232,Effective Prefill Throughput,tokens/sec,max,0.00
0,1780436632370335232,1780436633370335232,Effective Prefill Throughput,tokens/sec,p50,0.00
0,1780436632370335232,1780436633370335232,Effective Prefill Throughput,tokens/sec,p90,0.00
0,1780436632370335232,1780436633370335232,Effective Prefill Throughput,tokens/sec,p95,0.00
0,1780436632370335232,1780436633370335232,Effective Prefill Throughput,tokens/sec,p99,0.00
0,1780436632370335232,1780436633370335232,Effective Prefill Throughput,tokens/sec,std,0.00
0,1780436632370335232,1780436633370335232,Effective Prefill Throughput Per User,tokens/sec/user,avg,0.00
0,1780436632370335232,1780436633370335232,Effective Prefill Throughput Per User,tokens/sec/user,min,0.00
0,1780436632370335232,1780436633370335232,Effective Prefill Throughput Per User,tokens/sec/user,max,0.00
0,1780436632370335232,1780436633370335232,Effective Prefill Throughput Per User,tokens/sec/user,p50,0.00
0,1780436632370335232,1780436633370335232,Effective Prefill Throughput Per User,tokens/sec/user,p90,0.00
0,1780436632370335232,1780436633370335232,Effective Prefill Throughput Per User,tokens/sec/user,p95,0.00
0,1780436632370335232,1780436633370335232,Effective Prefill Throughput Per User,tokens/sec/user,p99,0.00
0,1780436632370335232,1780436633370335232,Effective Prefill Throughput Per User,tokens/sec/user,std,0.00
0,1780436632370335232,1780436633370335232,Effective Total Throughput,tokens/sec,avg,0.00
0,1780436632370335232,1780436633370335232,Effective Total Throughput,tokens/sec,min,0.00
0,1780436632370335232,1780436633370335232,Effective Total Throughput,tokens/sec,max,0.00
0,1780436632370335232,1780436633370335232,Effective Total Throughput,tokens/sec,p50,0.00
0,1780436632370335232,1780436633370335232,Effective Total Throughput,tokens/sec,p90,0.00
0,1780436632370335232,1780436633370335232,Effective Total Throughput,tokens/sec,p95,0.00
0,1780436632370335232,1780436633370335232,Effective Total Throughput,tokens/sec,p99,0.00
0,1780436632370335232,1780436633370335232,Effective Total Throughput,tokens/sec,std,0.00
0,1780436632370335232,1780436633370335232,Error Request Count,requests,avg,5.00
0,1780436632370335232,1780436633370335232,Tokens In Flight,tokens,avg,0.00
0,1780436632370335232,1780436633370335232,Tokens In Flight,tokens,min,0.00
0,1780436632370335232,1780436633370335232,Tokens In Flight,tokens,max,0.00
0,1780436632370335232,1780436633370335232,Tokens In Flight,tokens,p50,0.00
0,1780436632370335232,1780436633370335232,Tokens In Flight,tokens,p90,0.00
0,1780436632370335232,1780436633370335232,Tokens In Flight,tokens,p95,0.00
0,1780436632370335232,1780436633370335232,Tokens In Flight,tokens,p99,0.00
0,1780436632370335232,1780436633370335232,Tokens In Flight,tokens,std,0.00
1,1780436633370335232,1780436634370335232,Active Decode Throughput,tokens/sec,avg,0.00
1,1780436633370335232,1780436634370335232,Active Decode Throughput,tokens/sec,min,0.00
1,1780436633370335232,1780436634370335232,Active Decode Throughput,tokens/sec,max,0.00
1,1780436633370335232,1780436634370335232,Active Decode Throughput,tokens/sec,p50,0.00
1,1780436633370335232,1780436634370335232,Active Decode Throughput,tokens/sec,p90,0.00
1,1780436633370335232,1780436634370335232,Active Decode Throughput,tokens/sec,p95,0.00
1,1780436633370335232,1780436634370335232,Active Decode Throughput,tokens/sec,p99,0.00
1,1780436633370335232,1780436634370335232,Active Decode Throughput,tokens/sec,std,0.00
1,1780436633370335232,1780436634370335232,Active Decode Throughput Per User,tokens/sec/user,avg,0.00
1,1780436633370335232,1780436634370335232,Active Decode Throughput Per User,tokens/sec/user,min,0.00
1,1780436633370335232,1780436634370335232,Active Decode Throughput Per User,tokens/sec/user,max,0.00
1,1780436633370335232,1780436634370335232,Active Decode Throughput Per User,tokens/sec/user,p50,0.00
1,1780436633370335232,1780436634370335232,Active Decode Throughput Per User,tokens/sec/user,p90,0.00
1,1780436633370335232,1780436634370335232,Active Decode Throughput Per User,tokens/sec/user,p95,0.00
1,1780436633370335232,1780436634370335232,Active Decode Throughput Per User,tokens/sec/user,p99,0.00
1,1780436633370335232,1780436634370335232,Active Decode Throughput Per User,tokens/sec/user,std,0.00
1,1780436633370335232,1780436634370335232,Active Prefill Throughput,tokens/sec,avg,0.00
1,1780436633370335232,1780436634370335232,Active Prefill Throughput,tokens/sec,min,0.00
1,1780436633370335232,1780436634370335232,Active Prefill Throughput,tokens/sec,max,0.00
1,1780436633370335232,1780436634370335232,Active Prefill Throughput,tokens/sec,p50,0.00
1,1780436633370335232,1780436634370335232,Active Prefill Throughput,tokens/sec,p90,0.00
1,1780436633370335232,1780436634370335232,Active Prefill Throughput,tokens/sec,p95,0.00
1,1780436633370335232,1780436634370335232,Active Prefill Throughput,tokens/sec,p99,0.00
1,1780436633370335232,1780436634370335232,Active Prefill Throughput,tokens/sec,std,0.00
1,1780436633370335232,1780436634370335232,Active Prefill Throughput Per User,tokens/sec/user,avg,0.00
1,1780436633370335232,1780436634370335232,Active Prefill Throughput Per User,tokens/sec/user,min,0.00
1,1780436633370335232,1780436634370335232,Active Prefill Throughput Per User,tokens/sec/user,max,0.00
1,1780436633370335232,1780436634370335232,Active Prefill Throughput Per User,tokens/sec/user,p50,0.00
1,1780436633370335232,1780436634370335232,Active Prefill Throughput Per User,tokens/sec/user,p90,0.00
1,1780436633370335232,1780436634370335232,Active Prefill Throughput Per User,tokens/sec/user,p95,0.00
1,1780436633370335232,1780436634370335232,Active Prefill Throughput Per User,tokens/sec/user,p99,0.00
1,1780436633370335232,1780436634370335232,Active Prefill Throughput Per User,tokens/sec/user,std,0.00
1,1780436633370335232,1780436634370335232,Active Total Throughput,tokens/sec,avg,0.00
1,1780436633370335232,1780436634370335232,Active Total Throughput,tokens/sec,min,0.00
1,1780436633370335232,1780436634370335232,Active Total Throughput,tokens/sec,max,0.00
1,1780436633370335232,1780436634370335232,Active Total Throughput,tokens/sec,p50,0.00
1,1780436633370335232,1780436634370335232,Active Total Throughput,tokens/sec,p90,0.00
1,1780436633370335232,1780436634370335232,Active Total Throughput,tokens/sec,p95,0.00
1,1780436633370335232,1780436634370335232,Active Total Throughput,tokens/sec,p99,0.00
1,1780436633370335232,1780436634370335232,Active Total Throughput,tokens/sec,std,0.00
1,1780436633370335232,1780436634370335232,Context Overflow Count,requests,avg,0.00
1,1780436633370335232,1780436634370335232,Effective Concurrency,requests,avg,5.01
1,1780436633370335232,1780436634370335232,Effective Concurrency,requests,min,4.00
1,1780436633370335232,1780436634370335232,Effective Concurrency,requests,max,6.00
1,1780436633370335232,1780436634370335232,Effective Concurrency,requests,p50,6.00
1,1780436633370335232,1780436634370335232,Effective Concurrency,requests,p90,6.00
1,1780436633370335232,1780436634370335232,Effective Concurrency,requests,p95,6.00
1,1780436633370335232,1780436634370335232,Effective Concurrency,requests,p99,6.00
1,1780436633370335232,1780436634370335232,Effective Concurrency,requests,std,1.00
1,1780436633370335232,1780436634370335232,Effective Decode Concurrency,requests,avg,0.00
1,1780436633370335232,1780436634370335232,Effective Decode Concurrency,requests,min,0.00
1,1780436633370335232,1780436634370335232,Effective Decode Concurrency,requests,max,0.00
1,1780436633370335232,1780436634370335232,Effective Decode Concurrency,requests,p50,0.00
1,1780436633370335232,1780436634370335232,Effective Decode Concurrency,requests,p90,0.00
1,1780436633370335232,1780436634370335232,Effective Decode Concurrency,requests,p95,0.00
1,1780436633370335232,1780436634370335232,Effective Decode Concurrency,requests,p99,0.00
1,1780436633370335232,1780436634370335232,Effective Decode Concurrency,requests,std,0.00
1,1780436633370335232,1780436634370335232,Effective Decode Throughput,tokens/sec,avg,0.00
1,1780436633370335232,1780436634370335232,Effective Decode Throughput,tokens/sec,min,0.00
1,1780436633370335232,1780436634370335232,Effective Decode Throughput,tokens/sec,max,0.00
1,1780436633370335232,1780436634370335232,Effective Decode Throughput,tokens/sec,p50,0.00
1,1780436633370335232,1780436634370335232,Effective Decode Throughput,tokens/sec,p90,0.00
1,1780436633370335232,1780436634370335232,Effective Decode Throughput,tokens/sec,p95,0.00
1,1780436633370335232,1780436634370335232,Effective Decode Throughput,tokens/sec,p99,0.00
1,1780436633370335232,1780436634370335232,Effective Decode Throughput,tokens/sec,std,0.00
1,1780436633370335232,1780436634370335232,Effective Decode Throughput Per User,tokens/sec/user,avg,0.00
1,1780436633370335232,1780436634370335232,Effective Decode Throughput Per User,tokens/sec/user,min,0.00
1,1780436633370335232,1780436634370335232,Effective Decode Throughput Per User,tokens/sec/user,max,0.00
1,1780436633370335232,1780436634370335232,Effective Decode Throughput Per User,tokens/sec/user,p50,0.00
1,1780436633370335232,1780436634370335232,Effective Decode Throughput Per User,tokens/sec/user,p90,0.00
1,1780436633370335232,1780436634370335232,Effective Decode Throughput Per User,tokens/sec/user,p95,0.00
1,1780436633370335232,1780436634370335232,Effective Decode Throughput Per User,tokens/sec/user,p99,0.00
1,1780436633370335232,1780436634370335232,Effective Decode Throughput Per User,tokens/sec/user,std,0.00
1,1780436633370335232,1780436634370335232,Effective Prefill Concurrency,requests,avg,0.00
1,1780436633370335232,1780436634370335232,Effective Prefill Concurrency,requests,min,0.00
1,1780436633370335232,1780436634370335232,Effective Prefill Concurrency,requests,max,0.00
1,1780436633370335232,1780436634370335232,Effective Prefill Concurrency,requests,p50,0.00
1,1780436633370335232,1780436634370335232,Effective Prefill Concurrency,requests,p90,0.00
1,1780436633370335232,1780436634370335232,Effective Prefill Concurrency,requests,p95,0.00
1,1780436633370335232,1780436634370335232,Effective Prefill Concurrency,requests,p99,0.00
1,1780436633370335232,1780436634370335232,Effective Prefill Concurrency,requests,std,0.00
1,1780436633370335232,1780436634370335232,Effective Prefill Throughput,tokens/sec,avg,0.00
1,1780436633370335232,1780436634370335232,Effective Prefill Throughput,tokens/sec,min,0.00
1,1780436633370335232,1780436634370335232,Effective Prefill Throughput,tokens/sec,max,0.00
1,1780436633370335232,1780436634370335232,Effective Prefill Throughput,tokens/sec,p50,0.00
1,1780436633370335232,1780436634370335232,Effective Prefill Throughput,tokens/sec,p90,0.00
1,1780436633370335232,1780436634370335232,Effective Prefill Throughput,tokens/sec,p95,0.00
1,1780436633370335232,1780436634370335232,Effective Prefill Throughput,tokens/sec,p99,0.00
1,1780436633370335232,1780436634370335232,Effective Prefill Throughput,tokens/sec,std,0.00
1,1780436633370335232,1780436634370335232,Effective Prefill Throughput Per User,tokens/sec/user,avg,0.00
1,1780436633370335232,1780436634370335232,Effective Prefill Throughput Per User,tokens/sec/user,min,0.00
1,1780436633370335232,1780436634370335232,Effective Prefill Throughput Per User,tokens/sec/user,max,0.00
1,1780436633370335232,1780436634370335232,Effective Prefill Throughput Per User,tokens/sec/user,p50,0.00
1,1780436633370335232,1780436634370335232,Effective Prefill Throughput Per User,tokens/sec/user,p90,0.00
1,1780436633370335232,1780436634370335232,Effective Prefill Throughput Per User,tokens/sec/user,p95,0.00
1,1780436633370335232,1780436634370335232,Effective Prefill Throughput Per User,tokens/sec/user,p99,0.00
1,1780436633370335232,1780436634370335232,Effective Prefill Throughput Per User,tokens/sec/user,std,0.00
1,1780436633370335232,1780436634370335232,Effective Total Throughput,tokens/sec,avg,0.00
1,1780436633370335232,1780436634370335232,Effective Total Throughput,tokens/sec,min,0.00
1,1780436633370335232,1780436634370335232,Effective Total Throughput,tokens/sec,max,0.00
1,1780436633370335232,1780436634370335232,Effective Total Throughput,tokens/sec,p50,0.00
1,1780436633370335232,1780436634370335232,Effective Total Throughput,tokens/sec,p90,0.00
1,1780436633370335232,1780436634370335232,Effective Total Throughput,tokens/sec,p95,0.00
1,1780436633370335232,1780436634370335232,Effective Total Throughput,tokens/sec,p99,0.00
1,1780436633370335232,1780436634370335232,Effective Total Throughput,tokens/sec,std,0.00
1,1780436633370335232,1780436634370335232,Error Request Count,requests,avg,1.00
1,1780436633370335232,1780436634370335232,Tokens In Flight,tokens,avg,0.00
1,1780436633370335232,1780436634370335232,Tokens In Flight,tokens,min,0.00
1,1780436633370335232,1780436634370335232,Tokens In Flight,tokens,max,0.00
1,1780436633370335232,1780436634370335232,Tokens In Flight,tokens,p50,0.00
1,1780436633370335232,1780436634370335232,Tokens In Flight,tokens,p90,0.00
1,1780436633370335232,1780436634370335232,Tokens In Flight,tokens,p95,0.00
1,1780436633370335232,1780436634370335232,Tokens In Flight,tokens,p99,0.00
1,1780436633370335232,1780436634370335232,Tokens In Flight,tokens,std,0.00
2,1780436634370335232,1780436635370335232,Active Decode Throughput,tokens/sec,avg,0.00
2,1780436634370335232,1780436635370335232,Active Decode Throughput,tokens/sec,min,0.00
2,1780436634370335232,1780436635370335232,Active Decode Throughput,tokens/sec,max,0.00
2,1780436634370335232,1780436635370335232,Active Decode Throughput,tokens/sec,p50,0.00
2,1780436634370335232,1780436635370335232,Active Decode Throughput,tokens/sec,p90,0.00
2,1780436634370335232,1780436635370335232,Active Decode Throughput,tokens/sec,p95,0.00
2,1780436634370335232,1780436635370335232,Active Decode Throughput,tokens/sec,p99,0.00
2,1780436634370335232,1780436635370335232,Active Decode Throughput,tokens/sec,std,0.00
2,1780436634370335232,1780436635370335232,Active Decode Throughput Per User,tokens/sec/user,avg,0.00
2,1780436634370335232,1780436635370335232,Active Decode Throughput Per User,tokens/sec/user,min,0.00
2,1780436634370335232,1780436635370335232,Active Decode Throughput Per User,tokens/sec/user,max,0.00
2,1780436634370335232,1780436635370335232,Active Decode Throughput Per User,tokens/sec/user,p50,0.00
2,1780436634370335232,1780436635370335232,Active Decode Throughput Per User,tokens/sec/user,p90,0.00
2,1780436634370335232,1780436635370335232,Active Decode Throughput Per User,tokens/sec/user,p95,0.00
2,1780436634370335232,1780436635370335232,Active Decode Throughput Per User,tokens/sec/user,p99,0.00
2,1780436634370335232,1780436635370335232,Active Decode Throughput Per User,tokens/sec/user,std,0.00
2,1780436634370335232,1780436635370335232,Active Prefill Throughput,tokens/sec,avg,0.00
2,1780436634370335232,1780436635370335232,Active Prefill Throughput,tokens/sec,min,0.00
2,1780436634370335232,1780436635370335232,Active Prefill Throughput,tokens/sec,max,0.00
2,1780436634370335232,1780436635370335232,Active Prefill Throughput,tokens/sec,p50,0.00
2,1780436634370335232,1780436635370335232,Active Prefill Throughput,tokens/sec,p90,0.00
2,1780436634370335232,1780436635370335232,Active Prefill Throughput,tokens/sec,p95,0.00
2,1780436634370335232,1780436635370335232,Active Prefill Throughput,tokens/sec,p99,0.00
2,1780436634370335232,1780436635370335232,Active Prefill Throughput,tokens/sec,std,0.00
2,1780436634370335232,1780436635370335232,Active Prefill Throughput Per User,tokens/sec/user,avg,0.00
2,1780436634370335232,1780436635370335232,Active Prefill Throughput Per User,tokens/sec/user,min,0.00
2,1780436634370335232,1780436635370335232,Active Prefill Throughput Per User,tokens/sec/user,max,0.00
2,1780436634370335232,1780436635370335232,Active Prefill Throughput Per User,tokens/sec/user,p50,0.00
2,1780436634370335232,1780436635370335232,Active Prefill Throughput Per User,tokens/sec/user,p90,0.00
2,1780436634370335232,1780436635370335232,Active Prefill Throughput Per User,tokens/sec/user,p95,0.00
2,1780436634370335232,1780436635370335232,Active Prefill Throughput Per User,tokens/sec/user,p99,0.00
2,1780436634370335232,1780436635370335232,Active Prefill Throughput Per User,tokens/sec/user,std,0.00
2,1780436634370335232,1780436635370335232,Active Total Throughput,tokens/sec,avg,0.00
2,1780436634370335232,1780436635370335232,Active Total Throughput,tokens/sec,min,0.00
2,1780436634370335232,1780436635370335232,Active Total Throughput,tokens/sec,max,0.00
2,1780436634370335232,1780436635370335232,Active Total Throughput,tokens/sec,p50,0.00
2,1780436634370335232,1780436635370335232,Active Total Throughput,tokens/sec,p90,0.00
2,1780436634370335232,1780436635370335232,Active Total Throughput,tokens/sec,p95,0.00
2,1780436634370335232,1780436635370335232,Active Total Throughput,tokens/sec,p99,0.00
2,1780436634370335232,1780436635370335232,Active Total Throughput,tokens/sec,std,0.00
2,1780436634370335232,1780436635370335232,Context Overflow Count,requests,avg,0.00
2,1780436634370335232,1780436635370335232,Effective Concurrency,requests,avg,2.78
2,1780436634370335232,1780436635370335232,Effective Concurrency,requests,min,2.00
2,1780436634370335232,1780436635370335232,Effective Concurrency,requests,max,4.00
2,1780436634370335232,1780436635370335232,Effective Concurrency,requests,p50,2.00
2,1780436634370335232,1780436635370335232,Effective Concurrency,requests,p90,4.00
2,1780436634370335232,1780436635370335232,Effective Concurrency,requests,p95,4.00
2,1780436634370335232,1780436635370335232,Effective Concurrency,requests,p99,4.00
2,1780436634370335232,1780436635370335232,Effective Concurrency,requests,std,0.98
2,1780436634370335232,1780436635370335232,Effective Decode Concurrency,requests,avg,0.00
2,1780436634370335232,1780436635370335232,Effective Decode Concurrency,requests,min,0.00
2,1780436634370335232,1780436635370335232,Effective Decode Concurrency,requests,max,0.00
2,1780436634370335232,1780436635370335232,Effective Decode Concurrency,requests,p50,0.00
2,1780436634370335232,1780436635370335232,Effective Decode Concurrency,requests,p90,0.00
2,1780436634370335232,1780436635370335232,Effective Decode Concurrency,requests,p95,0.00
2,1780436634370335232,1780436635370335232,Effective Decode Concurrency,requests,p99,0.00
2,1780436634370335232,1780436635370335232,Effective Decode Concurrency,requests,std,0.00
2,1780436634370335232,1780436635370335232,Effective Decode Throughput,tokens/sec,avg,0.00
2,1780436634370335232,1780436635370335232,Effective Decode Throughput,tokens/sec,min,0.00
2,1780436634370335232,1780436635370335232,Effective Decode Throughput,tokens/sec,max,0.00
2,1780436634370335232,1780436635370335232,Effective Decode Throughput,tokens/sec,p50,0.00
2,1780436634370335232,1780436635370335232,Effective Decode Throughput,tokens/sec,p90,0.00
2,1780436634370335232,1780436635370335232,Effective Decode Throughput,tokens/sec,p95,0.00
2,1780436634370335232,1780436635370335232,Effective Decode Throughput,tokens/sec,p99,0.00
2,1780436634370335232,1780436635370335232,Effective Decode Throughput,tokens/sec,std,0.00
2,1780436634370335232,1780436635370335232,Effective Decode Throughput Per User,tokens/sec/user,avg,0.00
2,1780436634370335232,1780436635370335232,Effective Decode Throughput Per User,tokens/sec/user,min,0.00
2,1780436634370335232,1780436635370335232,Effective Decode Throughput Per User,tokens/sec/user,max,0.00
2,1780436634370335232,1780436635370335232,Effective Decode Throughput Per User,tokens/sec/user,p50,0.00
2,1780436634370335232,1780436635370335232,Effective Decode Throughput Per User,tokens/sec/user,p90,0.00
2,1780436634370335232,1780436635370335232,Effective Decode Throughput Per User,tokens/sec/user,p95,0.00
2,1780436634370335232,1780436635370335232,Effective Decode Throughput Per User,tokens/sec/user,p99,0.00
2,1780436634370335232,1780436635370335232,Effective Decode Throughput Per User,tokens/sec/user,std,0.00
2,1780436634370335232,1780436635370335232,Effective Prefill Concurrency,requests,avg,0.00
2,1780436634370335232,1780436635370335232,Effective Prefill Concurrency,requests,min,0.00
2,1780436634370335232,1780436635370335232,Effective Prefill Concurrency,requests,max,0.00
2,1780436634370335232,1780436635370335232,Effective Prefill Concurrency,requests,p50,0.00
2,1780436634370335232,1780436635370335232,Effective Prefill Concurrency,requests,p90,0.00
2,1780436634370335232,1780436635370335232,Effective Prefill Concurrency,requests,p95,0.00
2,1780436634370335232,1780436635370335232,Effective Prefill Concurrency,requests,p99,0.00
2,1780436634370335232,1780436635370335232,Effective Prefill Concurrency,requests,std,0.00
2,1780436634370335232,1780436635370335232,Effective Prefill Throughput,tokens/sec,avg,0.00
2,1780436634370335232,1780436635370335232,Effective Prefill Throughput,tokens/sec,min,0.00
2,1780436634370335232,1780436635370335232,Effective Prefill Throughput,tokens/sec,max,0.00
2,1780436634370335232,1780436635370335232,Effective Prefill Throughput,tokens/sec,p50,0.00
2,1780436634370335232,1780436635370335232,Effective Prefill Throughput,tokens/sec,p90,0.00
2,1780436634370335232,1780436635370335232,Effective Prefill Throughput,tokens/sec,p95,0.00
2,1780436634370335232,1780436635370335232,Effective Prefill Throughput,tokens/sec,p99,0.00
2,1780436634370335232,1780436635370335232,Effective Prefill Throughput,tokens/sec,std,0.00
2,1780436634370335232,1780436635370335232,Effective Prefill Throughput Per User,tokens/sec/user,avg,0.00
2,1780436634370335232,1780436635370335232,Effective Prefill Throughput Per User,tokens/sec/user,min,0.00
2,1780436634370335232,1780436635370335232,Effective Prefill Throughput Per User,tokens/sec/user,max,0.00
2,1780436634370335232,1780436635370335232,Effective Prefill Throughput Per User,tokens/sec/user,p50,0.00
2,1780436634370335232,1780436635370335232,Effective Prefill Throughput Per User,tokens/sec/user,p90,0.00
2,1780436634370335232,1780436635370335232,Effective Prefill Throughput Per User,tokens/sec/user,p95,0.00
2,1780436634370335232,1780436635370335232,Effective Prefill Throughput Per User,tokens/sec/user,p99,0.00
2,1780436634370335232,1780436635370335232,Effective Prefill Throughput Per User,tokens/sec/user,std,0.00
2,1780436634370335232,1780436635370335232,Effective Total Throughput,tokens/sec,avg,0.00
2,1780436634370335232,1780436635370335232,Effective Total Throughput,tokens/sec,min,0.00
2,1780436634370335232,1780436635370335232,Effective Total Throughput,tokens/sec,max,0.00
2,1780436634370335232,1780436635370335232,Effective Total Throughput,tokens/sec,p50,0.00
2,1780436634370335232,1780436635370335232,Effective Total Throughput,tokens/sec,p90,0.00
2,1780436634370335232,1780436635370335232,Effective Total Throughput,tokens/sec,p95,0.00
2,1780436634370335232,1780436635370335232,Effective Total Throughput,tokens/sec,p99,0.00
2,1780436634370335232,1780436635370335232,Effective Total Throughput,tokens/sec,std,0.00
2,1780436634370335232,1780436635370335232,Error Request Count,requests,avg,1.00
2,1780436634370335232,1780436635370335232,Tokens In Flight,tokens,avg,0.00
2,1780436634370335232,1780436635370335232,Tokens In Flight,tokens,min,0.00
2,1780436634370335232,1780436635370335232,Tokens In Flight,tokens,max,0.00
2,1780436634370335232,1780436635370335232,Tokens In Flight,tokens,p50,0.00
2,1780436634370335232,1780436635370335232,Tokens In Flight,tokens,p90,0.00
2,1780436634370335232,1780436635370335232,Tokens In Flight,tokens,p95,0.00
2,1780436634370335232,1780436635370335232,Tokens In Flight,tokens,p99,0.00
2,1780436634370335232,1780436635370335232,Tokens In Flight,tokens,std,0.00
3,1780436635370335232,1780436636370335232,Active Decode Throughput,tokens/sec,avg,0.00
3,1780436635370335232,1780436636370335232,Active Decode Throughput,tokens/sec,min,0.00
3,1780436635370335232,1780436636370335232,Active Decode Throughput,tokens/sec,max,0.00
3,1780436635370335232,1780436636370335232,Active Decode Throughput,tokens/sec,p50,0.00
3,1780436635370335232,1780436636370335232,Active Decode Throughput,tokens/sec,p90,0.00
3,1780436635370335232,1780436636370335232,Active Decode Throughput,tokens/sec,p95,0.00
3,1780436635370335232,1780436636370335232,Active Decode Throughput,tokens/sec,p99,0.00
3,1780436635370335232,1780436636370335232,Active Decode Throughput,tokens/sec,std,0.00
3,1780436635370335232,1780436636370335232,Active Decode Throughput Per User,tokens/sec/user,avg,0.00
3,1780436635370335232,1780436636370335232,Active Decode Throughput Per User,tokens/sec/user,min,0.00
3,1780436635370335232,1780436636370335232,Active Decode Throughput Per User,tokens/sec/user,max,0.00
3,1780436635370335232,1780436636370335232,Active Decode Throughput Per User,tokens/sec/user,p50,0.00
3,1780436635370335232,1780436636370335232,Active Decode Throughput Per User,tokens/sec/user,p90,0.00
3,1780436635370335232,1780436636370335232,Active Decode Throughput Per User,tokens/sec/user,p95,0.00
3,1780436635370335232,1780436636370335232,Active Decode Throughput Per User,tokens/sec/user,p99,0.00
3,1780436635370335232,1780436636370335232,Active Decode Throughput Per User,tokens/sec/user,std,0.00
3,1780436635370335232,1780436636370335232,Active Prefill Throughput,tokens/sec,avg,0.00
3,1780436635370335232,1780436636370335232,Active Prefill Throughput,tokens/sec,min,0.00
3,1780436635370335232,1780436636370335232,Active Prefill Throughput,tokens/sec,max,0.00
3,1780436635370335232,1780436636370335232,Active Prefill Throughput,tokens/sec,p50,0.00
3,1780436635370335232,1780436636370335232,Active Prefill Throughput,tokens/sec,p90,0.00
3,1780436635370335232,1780436636370335232,Active Prefill Throughput,tokens/sec,p95,0.00
3,1780436635370335232,1780436636370335232,Active Prefill Throughput,tokens/sec,p99,0.00
3,1780436635370335232,1780436636370335232,Active Prefill Throughput,tokens/sec,std,0.00
3,1780436635370335232,1780436636370335232,Active Prefill Throughput Per User,tokens/sec/user,avg,0.00
3,1780436635370335232,1780436636370335232,Active Prefill Throughput Per User,tokens/sec/user,min,0.00
3,1780436635370335232,1780436636370335232,Active Prefill Throughput Per User,tokens/sec/user,max,0.00
3,1780436635370335232,1780436636370335232,Active Prefill Throughput Per User,tokens/sec/user,p50,0.00
3,1780436635370335232,1780436636370335232,Active Prefill Throughput Per User,tokens/sec/user,p90,0.00
3,1780436635370335232,1780436636370335232,Active Prefill Throughput Per User,tokens/sec/user,p95,0.00
3,1780436635370335232,1780436636370335232,Active Prefill Throughput Per User,tokens/sec/user,p99,0.00
3,1780436635370335232,1780436636370335232,Active Prefill Throughput Per User,tokens/sec/user,std,0.00
3,1780436635370335232,1780436636370335232,Active Total Throughput,tokens/sec,avg,0.00
3,1780436635370335232,1780436636370335232,Active Total Throughput,tokens/sec,min,0.00
3,1780436635370335232,1780436636370335232,Active Total Throughput,tokens/sec,max,0.00
3,1780436635370335232,1780436636370335232,Active Total Throughput,tokens/sec,p50,0.00
3,1780436635370335232,1780436636370335232,Active Total Throughput,tokens/sec,p90,0.00
3,1780436635370335232,1780436636370335232,Active Total Throughput,tokens/sec,p95,0.00
3,1780436635370335232,1780436636370335232,Active Total Throughput,tokens/sec,p99,0.00
3,1780436635370335232,1780436636370335232,Active Total Throughput,tokens/sec,std,0.00
3,1780436635370335232,1780436636370335232,Context Overflow Count,requests,avg,0.00
3,1780436635370335232,1780436636370335232,Effective Concurrency,requests,avg,0.11
3,1780436635370335232,1780436636370335232,Effective Concurrency,requests,min,0.00
3,1780436635370335232,1780436636370335232,Effective Concurrency,requests,max,2.00
3,1780436635370335232,1780436636370335232,Effective Concurrency,requests,p50,0.00
3,1780436635370335232,1780436636370335232,Effective Concurrency,requests,p90,0.00
3,1780436635370335232,1780436636370335232,Effective Concurrency,requests,p95,2.00
3,1780436635370335232,1780436636370335232,Effective Concurrency,requests,p99,2.00
3,1780436635370335232,1780436636370335232,Effective Concurrency,requests,std,0.46
3,1780436635370335232,1780436636370335232,Effective Decode Concurrency,requests,avg,0.00
3,1780436635370335232,1780436636370335232,Effective Decode Concurrency,requests,min,0.00
3,1780436635370335232,1780436636370335232,Effective Decode Concurrency,requests,max,0.00
3,1780436635370335232,1780436636370335232,Effective Decode Concurrency,requests,p50,0.00
3,1780436635370335232,1780436636370335232,Effective Decode Concurrency,requests,p90,0.00
3,1780436635370335232,1780436636370335232,Effective Decode Concurrency,requests,p95,0.00
3,1780436635370335232,1780436636370335232,Effective Decode Concurrency,requests,p99,0.00
3,1780436635370335232,1780436636370335232,Effective Decode Concurrency,requests,std,0.00
3,1780436635370335232,1780436636370335232,Effective Decode Throughput,tokens/sec,avg,0.00
3,1780436635370335232,1780436636370335232,Effective Decode Throughput,tokens/sec,min,0.00
3,1780436635370335232,1780436636370335232,Effective Decode Throughput,tokens/sec,max,0.00
3,1780436635370335232,1780436636370335232,Effective Decode Throughput,tokens/sec,p50,0.00
3,1780436635370335232,1780436636370335232,Effective Decode Throughput,tokens/sec,p90,0.00
3,1780436635370335232,1780436636370335232,Effective Decode Throughput,tokens/sec,p95,0.00
3,1780436635370335232,1780436636370335232,Effective Decode Throughput,tokens/sec,p99,0.00
3,1780436635370335232,1780436636370335232,Effective Decode Throughput,tokens/sec,std,0.00
3,1780436635370335232,1780436636370335232,Effective Decode Throughput Per User,tokens/sec/user,avg,0.00
3,1780436635370335232,1780436636370335232,Effective Decode Throughput Per User,tokens/sec/user,min,0.00
3,1780436635370335232,1780436636370335232,Effective Decode Throughput Per User,tokens/sec/user,max,0.00
3,1780436635370335232,1780436636370335232,Effective Decode Throughput Per User,tokens/sec/user,p50,0.00
3,1780436635370335232,1780436636370335232,Effective Decode Throughput Per User,tokens/sec/user,p90,0.00
3,1780436635370335232,1780436636370335232,Effective Decode Throughput Per User,tokens/sec/user,p95,0.00
3,1780436635370335232,1780436636370335232,Effective Decode Throughput Per User,tokens/sec/user,p99,0.00
3,1780436635370335232,1780436636370335232,Effective Decode Throughput Per User,tokens/sec/user,std,0.00
3,1780436635370335232,1780436636370335232,Effective Prefill Concurrency,requests,avg,0.00
3,1780436635370335232,1780436636370335232,Effective Prefill Concurrency,requests,min,0.00
3,1780436635370335232,1780436636370335232,Effective Prefill Concurrency,requests,max,0.00
3,1780436635370335232,1780436636370335232,Effective Prefill Concurrency,requests,p50,0.00
3,1780436635370335232,1780436636370335232,Effective Prefill Concurrency,requests,p90,0.00
3,1780436635370335232,1780436636370335232,Effective Prefill Concurrency,requests,p95,0.00
3,1780436635370335232,1780436636370335232,Effective Prefill Concurrency,requests,p99,0.00
3,1780436635370335232,1780436636370335232,Effective Prefill Concurrency,requests,std,0.00
3,1780436635370335232,1780436636370335232,Effective Prefill Throughput,tokens/sec,avg,0.00
3,1780436635370335232,1780436636370335232,Effective Prefill Throughput,tokens/sec,min,0.00
3,1780436635370335232,1780436636370335232,Effective Prefill Throughput,tokens/sec,max,0.00
3,1780436635370335232,1780436636370335232,Effective Prefill Throughput,tokens/sec,p50,0.00
3,1780436635370335232,1780436636370335232,Effective Prefill Throughput,tokens/sec,p90,0.00
3,1780436635370335232,1780436636370335232,Effective Prefill Throughput,tokens/sec,p95,0.00
3,1780436635370335232,1780436636370335232,Effective Prefill Throughput,tokens/sec,p99,0.00
3,1780436635370335232,1780436636370335232,Effective Prefill Throughput,tokens/sec,std,0.00
3,1780436635370335232,1780436636370335232,Effective Prefill Throughput Per User,tokens/sec/user,avg,0.00
3,1780436635370335232,1780436636370335232,Effective Prefill Throughput Per User,tokens/sec/user,min,0.00
3,1780436635370335232,1780436636370335232,Effective Prefill Throughput Per User,tokens/sec/user,max,0.00
3,1780436635370335232,1780436636370335232,Effective Prefill Throughput Per User,tokens/sec/user,p50,0.00
3,1780436635370335232,1780436636370335232,Effective Prefill Throughput Per User,tokens/sec/user,p90,0.00
3,1780436635370335232,1780436636370335232,Effective Prefill Throughput Per User,tokens/sec/user,p95,0.00
3,1780436635370335232,1780436636370335232,Effective Prefill Throughput Per User,tokens/sec/user,p99,0.00
3,1780436635370335232,1780436636370335232,Effective Prefill Throughput Per User,tokens/sec/user,std,0.00
3,1780436635370335232,1780436636370335232,Effective Total Throughput,tokens/sec,avg,0.00
3,1780436635370335232,1780436636370335232,Effective Total Throughput,tokens/sec,min,0.00
3,1780436635370335232,1780436636370335232,Effective Total Throughput,tokens/sec,max,0.00
3,1780436635370335232,1780436636370335232,Effective Total Throughput,tokens/sec,p50,0.00
3,1780436635370335232,1780436636370335232,Effective Total Throughput,tokens/sec,p90,0.00
3,1780436635370335232,1780436636370335232,Effective Total Throughput,tokens/sec,p95,0.00
3,1780436635370335232,1780436636370335232,Effective Total Throughput,tokens/sec,p99,0.00
3,1780436635370335232,1780436636370335232,Effective Total Throughput,tokens/sec,std,0.00
3,1780436635370335232,1780436636370335232,Error Request Count,requests,avg,1.00
3,1780436635370335232,1780436636370335232,Tokens In Flight,tokens,avg,0.00
3,1780436635370335232,1780436636370335232,Tokens In Flight,tokens,min,0.00
3,1780436635370335232,1780436636370335232,Tokens In Flight,tokens,max,0.00
3,1780436635370335232,1780436636370335232,Tokens In Flight,tokens,p50,0.00
3,1780436635370335232,1780436636370335232,Tokens In Flight,tokens,p90,0.00
3,1780436635370335232,1780436636370335232,Tokens In Flight,tokens,p95,0.00
3,1780436635370335232,1780436636370335232,Tokens In Flight,tokens,p99,0.00
3,1780436635370335232,1780436636370335232,Tokens In Flight,tokens,std,0.00
4,1780436637370335232,1780436638370335232,Active Decode Throughput,tokens/sec,avg,0.00
4,1780436637370335232,1780436638370335232,Active Decode Throughput,tokens/sec,min,0.00
4,1780436637370335232,1780436638370335232,Active Decode Throughput,tokens/sec,max,0.00
4,1780436637370335232,1780436638370335232,Active Decode Throughput,tokens/sec,p50,0.00
4,1780436637370335232,1780436638370335232,Active Decode Throughput,tokens/sec,p90,0.00
4,1780436637370335232,1780436638370335232,Active Decode Throughput,tokens/sec,p95,0.00
4,1780436637370335232,1780436638370335232,Active Decode Throughput,tokens/sec,p99,0.00
4,1780436637370335232,1780436638370335232,Active Decode Throughput,tokens/sec,std,0.00
4,1780436637370335232,1780436638370335232,Active Decode Throughput Per User,tokens/sec/user,avg,0.00
4,1780436637370335232,1780436638370335232,Active Decode Throughput Per User,tokens/sec/user,min,0.00
4,1780436637370335232,1780436638370335232,Active Decode Throughput Per User,tokens/sec/user,max,0.00
4,1780436637370335232,1780436638370335232,Active Decode Throughput Per User,tokens/sec/user,p50,0.00
4,1780436637370335232,1780436638370335232,Active Decode Throughput Per User,tokens/sec/user,p90,0.00
4,1780436637370335232,1780436638370335232,Active Decode Throughput Per User,tokens/sec/user,p95,0.00
4,1780436637370335232,1780436638370335232,Active Decode Throughput Per User,tokens/sec/user,p99,0.00
4,1780436637370335232,1780436638370335232,Active Decode Throughput Per User,tokens/sec/user,std,0.00
4,1780436637370335232,1780436638370335232,Active Prefill Throughput,tokens/sec,avg,0.00
4,1780436637370335232,1780436638370335232,Active Prefill Throughput,tokens/sec,min,0.00
4,1780436637370335232,1780436638370335232,Active Prefill Throughput,tokens/sec,max,0.00
4,1780436637370335232,1780436638370335232,Active Prefill Throughput,tokens/sec,p50,0.00
4,1780436637370335232,1780436638370335232,Active Prefill Throughput,tokens/sec,p90,0.00
4,1780436637370335232,1780436638370335232,Active Prefill Throughput,tokens/sec,p95,0.00
4,1780436637370335232,1780436638370335232,Active Prefill Throughput,tokens/sec,p99,0.00
4,1780436637370335232,1780436638370335232,Active Prefill Throughput,tokens/sec,std,0.00
4,1780436637370335232,1780436638370335232,Active Prefill Throughput Per User,tokens/sec/user,avg,0.00
4,1780436637370335232,1780436638370335232,Active Prefill Throughput Per User,tokens/sec/user,min,0.00
4,1780436637370335232,1780436638370335232,Active Prefill Throughput Per User,tokens/sec/user,max,0.00
4,1780436637370335232,1780436638370335232,Active Prefill Throughput Per User,tokens/sec/user,p50,0.00
4,1780436637370335232,1780436638370335232,Active Prefill Throughput Per User,tokens/sec/user,p90,0.00
4,1780436637370335232,1780436638370335232,Active Prefill Throughput Per User,tokens/sec/user,p95,0.00
4,1780436637370335232,1780436638370335232,Active Prefill Throughput Per User,tokens/sec/user,p99,0.00
4,1780436637370335232,1780436638370335232,Active Prefill Throughput Per User,tokens/sec/user,std,0.00
4,1780436637370335232,1780436638370335232,Active Total Throughput,tokens/sec,avg,0.00
4,1780436637370335232,1780436638370335232,Active Total Throughput,tokens/sec,min,0.00
4,1780436637370335232,1780436638370335232,Active Total Throughput,tokens/sec,max,0.00
4,1780436637370335232,1780436638370335232,Active Total Throughput,tokens/sec,p50,0.00
4,1780436637370335232,1780436638370335232,Active Total Throughput,tokens/sec,p90,0.00
4,1780436637370335232,1780436638370335232,Active Total Throughput,tokens/sec,p95,0.00
4,1780436637370335232,1780436638370335232,Active Total Throughput,tokens/sec,p99,0.00
4,1780436637370335232,1780436638370335232,Active Total Throughput,tokens/sec,std,0.00
4,1780436637370335232,1780436638370335232,Context Overflow Count,requests,avg,0.00
4,1780436637370335232,1780436638370335232,Effective Concurrency,requests,avg,0.00
4,1780436637370335232,1780436638370335232,Effective Concurrency,requests,min,0.00
4,1780436637370335232,1780436638370335232,Effective Concurrency,requests,max,1.00
4,1780436637370335232,1780436638370335232,Effective Concurrency,requests,p50,0.00
4,1780436637370335232,1780436638370335232,Effective Concurrency,requests,p90,0.00
4,1780436637370335232,1780436638370335232,Effective Concurrency,requests,p95,0.00
4,1780436637370335232,1780436638370335232,Effective Concurrency,requests,p99,0.00
4,1780436637370335232,1780436638370335232,Effective Concurrency,requests,std,0.05
4,1780436637370335232,1780436638370335232,Effective Decode Concurrency,requests,avg,0.00
4,1780436637370335232,1780436638370335232,Effective Decode Concurrency,requests,min,0.00
4,1780436637370335232,1780436638370335232,Effective Decode Concurrency,requests,max,0.00
4,1780436637370335232,1780436638370335232,Effective Decode Concurrency,requests,p50,0.00
4,1780436637370335232,1780436638370335232,Effective Decode Concurrency,requests,p90,0.00
4,1780436637370335232,1780436638370335232,Effective Decode Concurrency,requests,p95,0.00
4,1780436637370335232,1780436638370335232,Effective Decode Concurrency,requests,p99,0.00
4,1780436637370335232,1780436638370335232,Effective Decode Concurrency,requests,std,0.00
4,1780436637370335232,1780436638370335232,Effective Decode Throughput,tokens/sec,avg,0.00
4,1780436637370335232,1780436638370335232,Effective Decode Throughput,tokens/sec,min,0.00
4,1780436637370335232,1780436638370335232,Effective Decode Throughput,tokens/sec,max,0.00
4,1780436637370335232,1780436638370335232,Effective Decode Throughput,tokens/sec,p50,0.00
4,1780436637370335232,1780436638370335232,Effective Decode Throughput,tokens/sec,p90,0.00
4,1780436637370335232,1780436638370335232,Effective Decode Throughput,tokens/sec,p95,0.00
4,1780436637370335232,1780436638370335232,Effective Decode Throughput,tokens/sec,p99,0.00
4,1780436637370335232,1780436638370335232,Effective Decode Throughput,tokens/sec,std,0.00
4,1780436637370335232,1780436638370335232,Effective Decode Throughput Per User,tokens/sec/user,avg,0.00
4,1780436637370335232,1780436638370335232,Effective Decode Throughput Per User,tokens/sec/user,min,0.00
4,1780436637370335232,1780436638370335232,Effective Decode Throughput Per User,tokens/sec/user,max,0.00
4,1780436637370335232,1780436638370335232,Effective Decode Throughput Per User,tokens/sec/user,p50,0.00
4,1780436637370335232,1780436638370335232,Effective Decode Throughput Per User,tokens/sec/user,p90,0.00
4,1780436637370335232,1780436638370335232,Effective Decode Throughput Per User,tokens/sec/user,p95,0.00
4,1780436637370335232,1780436638370335232,Effective Decode Throughput Per User,tokens/sec/user,p99,0.00
4,1780436637370335232,1780436638370335232,Effective Decode Throughput Per User,tokens/sec/user,std,0.00
4,1780436637370335232,1780436638370335232,Effective Prefill Concurrency,requests,avg,0.00
4,1780436637370335232,1780436638370335232,Effective Prefill Concurrency,requests,min,0.00
4,1780436637370335232,1780436638370335232,Effective Prefill Concurrency,requests,max,0.00
4,1780436637370335232,1780436638370335232,Effective Prefill Concurrency,requests,p50,0.00
4,1780436637370335232,1780436638370335232,Effective Prefill Concurrency,requests,p90,0.00
4,1780436637370335232,1780436638370335232,Effective Prefill Concurrency,requests,p95,0.00
4,1780436637370335232,1780436638370335232,Effective Prefill Concurrency,requests,p99,0.00
4,1780436637370335232,1780436638370335232,Effective Prefill Concurrency,requests,std,0.00
4,1780436637370335232,1780436638370335232,Effective Prefill Throughput,tokens/sec,avg,0.00
4,1780436637370335232,1780436638370335232,Effective Prefill Throughput,tokens/sec,min,0.00
4,1780436637370335232,1780436638370335232,Effective Prefill Throughput,tokens/sec,max,0.00
4,1780436637370335232,1780436638370335232,Effective Prefill Throughput,tokens/sec,p50,0.00
4,1780436637370335232,1780436638370335232,Effective Prefill Throughput,tokens/sec,p90,0.00
4,1780436637370335232,1780436638370335232,Effective Prefill Throughput,tokens/sec,p95,0.00
4,1780436637370335232,1780436638370335232,Effective Prefill Throughput,tokens/sec,p99,0.00
4,1780436637370335232,1780436638370335232,Effective Prefill Throughput,tokens/sec,std,0.00
4,1780436637370335232,1780436638370335232,Effective Prefill Throughput Per User,tokens/sec/user,avg,0.00
4,1780436637370335232,1780436638370335232,Effective Prefill Throughput Per User,tokens/sec/user,min,0.00
4,1780436637370335232,1780436638370335232,Effective Prefill Throughput Per User,tokens/sec/user,max,0.00
4,1780436637370335232,1780436638370335232,Effective Prefill Throughput Per User,tokens/sec/user,p50,0.00
4,1780436637370335232,1780436638370335232,Effective Prefill Throughput Per User,tokens/sec/user,p90,0.00
4,1780436637370335232,1780436638370335232,Effective Prefill Throughput Per User,tokens/sec/user,p95,0.00
4,1780436637370335232,1780436638370335232,Effective Prefill Throughput Per User,tokens/sec/user,p99,0.00
4,1780436637370335232,1780436638370335232,Effective Prefill Throughput Per User,tokens/sec/user,std,0.00
4,1780436637370335232,1780436638370335232,Effective Total Throughput,tokens/sec,avg,0.00
4,1780436637370335232,1780436638370335232,Effective Total Throughput,tokens/sec,min,0.00
4,1780436637370335232,1780436638370335232,Effective Total Throughput,tokens/sec,max,0.00
4,1780436637370335232,1780436638370335232,Effective Total Throughput,tokens/sec,p50,0.00
4,1780436637370335232,1780436638370335232,Effective Total Throughput,tokens/sec,p90,0.00
4,1780436637370335232,1780436638370335232,Effective Total Throughput,tokens/sec,p95,0.00
4,1780436637370335232,1780436638370335232,Effective Total Throughput,tokens/sec,p99,0.00
4,1780436637370335232,1780436638370335232,Effective Total Throughput,tokens/sec,std,0.00
4,1780436637370335232,1780436638370335232,Error Request Count,requests,avg,2.00
4,1780436637370335232,1780436638370335232,Tokens In Flight,tokens,avg,0.00
4,1780436637370335232,1780436638370335232,Tokens In Flight,tokens,min,0.00
4,1780436637370335232,1780436638370335232,Tokens In Flight,tokens,max,0.00
4,1780436637370335232,1780436638370335232,Tokens In Flight,tokens,p50,0.00
4,1780436637370335232,1780436638370335232,Tokens In Flight,tokens,p90,0.00
4,1780436637370335232,1780436638370335232,Tokens In Flight,tokens,p95,0.00
4,1780436637370335232,1780436638370335232,Tokens In Flight,tokens,p99,0.00
4,1780436637370335232,1780436638370335232,Tokens In Flight,tokens,std,0.00
5,1780436638370335232,1780436639370335232,Active Decode Throughput,tokens/sec,avg,0.00
5,1780436638370335232,1780436639370335232,Active Decode Throughput,tokens/sec,min,0.00
5,1780436638370335232,1780436639370335232,Active Decode Throughput,tokens/sec,max,0.00
5,1780436638370335232,1780436639370335232,Active Decode Throughput,tokens/sec,p50,0.00
5,1780436638370335232,1780436639370335232,Active Decode Throughput,tokens/sec,p90,0.00
5,1780436638370335232,1780436639370335232,Active Decode Throughput,tokens/sec,p95,0.00
5,1780436638370335232,1780436639370335232,Active Decode Throughput,tokens/sec,p99,0.00
5,1780436638370335232,1780436639370335232,Active Decode Throughput,tokens/sec,std,0.00
5,1780436638370335232,1780436639370335232,Active Decode Throughput Per User,tokens/sec/user,avg,0.00
5,1780436638370335232,1780436639370335232,Active Decode Throughput Per User,tokens/sec/user,min,0.00
5,1780436638370335232,1780436639370335232,Active Decode Throughput Per User,tokens/sec/user,max,0.00
5,1780436638370335232,1780436639370335232,Active Decode Throughput Per User,tokens/sec/user,p50,0.00
5,1780436638370335232,1780436639370335232,Active Decode Throughput Per User,tokens/sec/user,p90,0.00
5,1780436638370335232,1780436639370335232,Active Decode Throughput Per User,tokens/sec/user,p95,0.00
5,1780436638370335232,1780436639370335232,Active Decode Throughput Per User,tokens/sec/user,p99,0.00
5,1780436638370335232,1780436639370335232,Active Decode Throughput Per User,tokens/sec/user,std,0.00
5,1780436638370335232,1780436639370335232,Active Prefill Throughput,tokens/sec,avg,0.00
5,1780436638370335232,1780436639370335232,Active Prefill Throughput,tokens/sec,min,0.00
5,1780436638370335232,1780436639370335232,Active Prefill Throughput,tokens/sec,max,0.00
5,1780436638370335232,1780436639370335232,Active Prefill Throughput,tokens/sec,p50,0.00
5,1780436638370335232,1780436639370335232,Active Prefill Throughput,tokens/sec,p90,0.00
5,1780436638370335232,1780436639370335232,Active Prefill Throughput,tokens/sec,p95,0.00
5,1780436638370335232,1780436639370335232,Active Prefill Throughput,tokens/sec,p99,0.00
5,1780436638370335232,1780436639370335232,Active Prefill Throughput,tokens/sec,std,0.00
5,1780436638370335232,1780436639370335232,Active Prefill Throughput Per User,tokens/sec/user,avg,0.00
5,1780436638370335232,1780436639370335232,Active Prefill Throughput Per User,tokens/sec/user,min,0.00
5,1780436638370335232,1780436639370335232,Active Prefill Throughput Per User,tokens/sec/user,max,0.00
5,1780436638370335232,1780436639370335232,Active Prefill Throughput Per User,tokens/sec/user,p50,0.00
5,1780436638370335232,1780436639370335232,Active Prefill Throughput Per User,tokens/sec/user,p90,0.00
5,1780436638370335232,1780436639370335232,Active Prefill Throughput Per User,tokens/sec/user,p95,0.00
5,1780436638370335232,1780436639370335232,Active Prefill Throughput Per User,tokens/sec/user,p99,0.00
5,1780436638370335232,1780436639370335232,Active Prefill Throughput Per User,tokens/sec/user,std,0.00
5,1780436638370335232,1780436639370335232,Active Total Throughput,tokens/sec,avg,0.00
5,1780436638370335232,1780436639370335232,Active Total Throughput,tokens/sec,min,0.00
5,1780436638370335232,1780436639370335232,Active Total Throughput,tokens/sec,max,0.00
5,1780436638370335232,1780436639370335232,Active Total Throughput,tokens/sec,p50,0.00
5,1780436638370335232,1780436639370335232,Active Total Throughput,tokens/sec,p90,0.00
5,1780436638370335232,1780436639370335232,Active Total Throughput,tokens/sec,p95,0.00
5,1780436638370335232,1780436639370335232,Active Total Throughput,tokens/sec,p99,0.00
5,1780436638370335232,1780436639370335232,Active Total Throughput,tokens/sec,std,0.00
5,1780436638370335232,1780436639370335232,Context Overflow Count,requests,avg,0.00
5,1780436638370335232,1780436639370335232,Effective Concurrency,requests,avg,0.00
5,1780436638370335232,1780436639370335232,Effective Concurrency,requests,min,0.00
5,1780436638370335232,1780436639370335232,Effective Concurrency,requests,max,1.00
5,1780436638370335232,1780436639370335232,Effective Concurrency,requests,p50,0.00
5,1780436638370335232,1780436639370335232,Effective Concurrency,requests,p90,0.00
5,1780436638370335232,1780436639370335232,Effective Concurrency,requests,p95,0.00
5,1780436638370335232,1780436639370335232,Effective Concurrency,requests,p99,0.00
5,1780436638370335232,1780436639370335232,Effective Concurrency,requests,std,0.03
5,1780436638370335232,1780436639370335232,Effective Decode Concurrency,requests,avg,0.00
5,1780436638370335232,1780436639370335232,Effective Decode Concurrency,requests,min,0.00
5,1780436638370335232,1780436639370335232,Effective Decode Concurrency,requests,max,0.00
5,1780436638370335232,1780436639370335232,Effective Decode Concurrency,requests,p50,0.00
5,1780436638370335232,1780436639370335232,Effective Decode Concurrency,requests,p90,0.00
5,1780436638370335232,1780436639370335232,Effective Decode Concurrency,requests,p95,0.00
5,1780436638370335232,1780436639370335232,Effective Decode Concurrency,requests,p99,0.00
5,1780436638370335232,1780436639370335232,Effective Decode Concurrency,requests,std,0.00
5,1780436638370335232,1780436639370335232,Effective Decode Throughput,tokens/sec,avg,0.00
5,1780436638370335232,1780436639370335232,Effective Decode Throughput,tokens/sec,min,0.00
5,1780436638370335232,1780436639370335232,Effective Decode Throughput,tokens/sec,max,0.00
5,1780436638370335232,1780436639370335232,Effective Decode Throughput,tokens/sec,p50,0.00
5,1780436638370335232,1780436639370335232,Effective Decode Throughput,tokens/sec,p90,0.00
5,1780436638370335232,1780436639370335232,Effective Decode Throughput,tokens/sec,p95,0.00
5,1780436638370335232,1780436639370335232,Effective Decode Throughput,tokens/sec,p99,0.00
5,1780436638370335232,1780436639370335232,Effective Decode Throughput,tokens/sec,std,0.00
5,1780436638370335232,1780436639370335232,Effective Decode Throughput Per User,tokens/sec/user,avg,0.00
5,1780436638370335232,1780436639370335232,Effective Decode Throughput Per User,tokens/sec/user,min,0.00
5,1780436638370335232,1780436639370335232,Effective Decode Throughput Per User,tokens/sec/user,max,0.00
5,1780436638370335232,1780436639370335232,Effective Decode Throughput Per User,tokens/sec/user,p50,0.00
5,1780436638370335232,1780436639370335232,Effective Decode Throughput Per User,tokens/sec/user,p90,0.00
5,1780436638370335232,1780436639370335232,Effective Decode Throughput Per User,tokens/sec/user,p95,0.00
5,1780436638370335232,1780436639370335232,Effective Decode Throughput Per User,tokens/sec/user,p99,0.00
5,1780436638370335232,1780436639370335232,Effective Decode Throughput Per User,tokens/sec/user,std,0.00
5,1780436638370335232,1780436639370335232,Effective Prefill Concurrency,requests,avg,0.00
5,1780436638370335232,1780436639370335232,Effective Prefill Concurrency,requests,min,0.00
5,1780436638370335232,1780436639370335232,Effective Prefill Concurrency,requests,max,0.00
5,1780436638370335232,1780436639370335232,Effective Prefill Concurrency,requests,p50,0.00
5,1780436638370335232,1780436639370335232,Effective Prefill Concurrency,requests,p90,0.00
5,1780436638370335232,1780436639370335232,Effective Prefill Concurrency,requests,p95,0.00
5,1780436638370335232,1780436639370335232,Effective Prefill Concurrency,requests,p99,0.00
5,1780436638370335232,1780436639370335232,Effective Prefill Concurrency,requests,std,0.00
5,1780436638370335232,1780436639370335232,Effective Prefill Throughput,tokens/sec,avg,0.00
5,1780436638370335232,1780436639370335232,Effective Prefill Throughput,tokens/sec,min,0.00
5,1780436638370335232,1780436639370335232,Effective Prefill Throughput,tokens/sec,max,0.00
5,1780436638370335232,1780436639370335232,Effective Prefill Throughput,tokens/sec,p50,0.00
5,1780436638370335232,1780436639370335232,Effective Prefill Throughput,tokens/sec,p90,0.00
5,1780436638370335232,1780436639370335232,Effective Prefill Throughput,tokens/sec,p95,0.00
5,1780436638370335232,1780436639370335232,Effective Prefill Throughput,tokens/sec,p99,0.00
5,1780436638370335232,1780436639370335232,Effective Prefill Throughput,tokens/sec,std,0.00
5,1780436638370335232,1780436639370335232,Effective Prefill Throughput Per User,tokens/sec/user,avg,0.00
5,1780436638370335232,1780436639370335232,Effective Prefill Throughput Per User,tokens/sec/user,min,0.00
5,1780436638370335232,1780436639370335232,Effective Prefill Throughput Per User,tokens/sec/user,max,0.00
5,1780436638370335232,1780436639370335232,Effective Prefill Throughput Per User,tokens/sec/user,p50,0.00
5,1780436638370335232,1780436639370335232,Effective Prefill Throughput Per User,tokens/sec/user,p90,0.00
5,1780436638370335232,1780436639370335232,Effective Prefill Throughput Per User,tokens/sec/user,p95,0.00
5,1780436638370335232,1780436639370335232,Effective Prefill Throughput Per User,tokens/sec/user,p99,0.00
5,1780436638370335232,1780436639370335232,Effective Prefill Throughput Per User,tokens/sec/user,std,0.00
5,1780436638370335232,1780436639370335232,Effective Total Throughput,tokens/sec,avg,0.00
5,1780436638370335232,1780436639370335232,Effective Total Throughput,tokens/sec,min,0.00
5,1780436638370335232,1780436639370335232,Effective Total Throughput,tokens/sec,max,0.00
5,1780436638370335232,1780436639370335232,Effective Total Throughput,tokens/sec,p50,0.00
5,1780436638370335232,1780436639370335232,Effective Total Throughput,tokens/sec,p90,0.00
5,1780436638370335232,1780436639370335232,Effective Total Throughput,tokens/sec,p95,0.00
5,1780436638370335232,1780436639370335232,Effective Total Throughput,tokens/sec,p99,0.00
5,1780436638370335232,1780436639370335232,Effective Total Throughput,tokens/sec,std,0.00
5,1780436638370335232,1780436639370335232,Error Request Count,requests,avg,1.00
5,1780436638370335232,1780436639370335232,Tokens In Flight,tokens,avg,0.00
5,1780436638370335232,1780436639370335232,Tokens In Flight,tokens,min,0.00
5,1780436638370335232,1780436639370335232,Tokens In Flight,tokens,max,0.00
5,1780436638370335232,1780436639370335232,Tokens In Flight,tokens,p50,0.00
5,1780436638370335232,1780436639370335232,Tokens In Flight,tokens,p90,0.00
5,1780436638370335232,1780436639370335232,Tokens In Flight,tokens,p95,0.00
5,1780436638370335232,1780436639370335232,Tokens In Flight,tokens,p99,0.00
5,1780436638370335232,1780436639370335232,Tokens In Flight,tokens,std,0.00
6,1780436640370335232,1780436641370335232,Active Decode Throughput,tokens/sec,avg,0.00
6,1780436640370335232,1780436641370335232,Active Decode Throughput,tokens/sec,min,0.00
6,1780436640370335232,1780436641370335232,Active Decode Throughput,tokens/sec,max,0.00
6,1780436640370335232,1780436641370335232,Active Decode Throughput,tokens/sec,p50,0.00
6,1780436640370335232,1780436641370335232,Active Decode Throughput,tokens/sec,p90,0.00
6,1780436640370335232,1780436641370335232,Active Decode Throughput,tokens/sec,p95,0.00
6,1780436640370335232,1780436641370335232,Active Decode Throughput,tokens/sec,p99,0.00
6,1780436640370335232,1780436641370335232,Active Decode Throughput,tokens/sec,std,0.00
6,1780436640370335232,1780436641370335232,Active Decode Throughput Per User,tokens/sec/user,avg,0.00
6,1780436640370335232,1780436641370335232,Active Decode Throughput Per User,tokens/sec/user,min,0.00
6,1780436640370335232,1780436641370335232,Active Decode Throughput Per User,tokens/sec/user,max,0.00
6,1780436640370335232,1780436641370335232,Active Decode Throughput Per User,tokens/sec/user,p50,0.00
6,1780436640370335232,1780436641370335232,Active Decode Throughput Per User,tokens/sec/user,p90,0.00
6,1780436640370335232,1780436641370335232,Active Decode Throughput Per User,tokens/sec/user,p95,0.00
6,1780436640370335232,1780436641370335232,Active Decode Throughput Per User,tokens/sec/user,p99,0.00
6,1780436640370335232,1780436641370335232,Active Decode Throughput Per User,tokens/sec/user,std,0.00
6,1780436640370335232,1780436641370335232,Active Prefill Throughput,tokens/sec,avg,0.00
6,1780436640370335232,1780436641370335232,Active Prefill Throughput,tokens/sec,min,0.00
6,1780436640370335232,1780436641370335232,Active Prefill Throughput,tokens/sec,max,0.00
6,1780436640370335232,1780436641370335232,Active Prefill Throughput,tokens/sec,p50,0.00
6,1780436640370335232,1780436641370335232,Active Prefill Throughput,tokens/sec,p90,0.00
6,1780436640370335232,1780436641370335232,Active Prefill Throughput,tokens/sec,p95,0.00
6,1780436640370335232,1780436641370335232,Active Prefill Throughput,tokens/sec,p99,0.00
6,1780436640370335232,1780436641370335232,Active Prefill Throughput,tokens/sec,std,0.00
6,1780436640370335232,1780436641370335232,Active Prefill Throughput Per User,tokens/sec/user,avg,0.00
6,1780436640370335232,1780436641370335232,Active Prefill Throughput Per User,tokens/sec/user,min,0.00
6,1780436640370335232,1780436641370335232,Active Prefill Throughput Per User,tokens/sec/user,max,0.00
6,1780436640370335232,1780436641370335232,Active Prefill Throughput Per User,tokens/sec/user,p50,0.00
6,1780436640370335232,1780436641370335232,Active Prefill Throughput Per User,tokens/sec/user,p90,0.00
6,1780436640370335232,1780436641370335232,Active Prefill Throughput Per User,tokens/sec/user,p95,0.00
6,1780436640370335232,1780436641370335232,Active Prefill Throughput Per User,tokens/sec/user,p99,0.00
6,1780436640370335232,1780436641370335232,Active Prefill Throughput Per User,tokens/sec/user,std,0.00
6,1780436640370335232,1780436641370335232,Active Total Throughput,tokens/sec,avg,0.00
6,1780436640370335232,1780436641370335232,Active Total Throughput,tokens/sec,min,0.00
6,1780436640370335232,1780436641370335232,Active Total Throughput,tokens/sec,max,0.00
6,1780436640370335232,1780436641370335232,Active Total Throughput,tokens/sec,p50,0.00
6,1780436640370335232,1780436641370335232,Active Total Throughput,tokens/sec,p90,0.00
6,1780436640370335232,1780436641370335232,Active Total Throughput,tokens/sec,p95,0.00
6,1780436640370335232,1780436641370335232,Active Total Throughput,tokens/sec,p99,0.00
6,1780436640370335232,1780436641370335232,Active Total Throughput,tokens/sec,std,0.00
6,1780436640370335232,1780436641370335232,Context Overflow Count,requests,avg,0.00
6,1780436640370335232,1780436641370335232,Effective Concurrency,requests,avg,0.00
6,1780436640370335232,1780436641370335232,Effective Concurrency,requests,min,0.00
6,1780436640370335232,1780436641370335232,Effective Concurrency,requests,max,1.00
6,1780436640370335232,1780436641370335232,Effective Concurrency,requests,p50,0.00
6,1780436640370335232,1780436641370335232,Effective Concurrency,requests,p90,0.00
6,1780436640370335232,1780436641370335232,Effective Concurrency,requests,p95,0.00
6,1780436640370335232,1780436641370335232,Effective Concurrency,requests,p99,0.00
6,1780436640370335232,1780436641370335232,Effective Concurrency,requests,std,0.05
6,1780436640370335232,1780436641370335232,Effective Decode Concurrency,requests,avg,0.00
6,1780436640370335232,1780436641370335232,Effective Decode Concurrency,requests,min,0.00
6,1780436640370335232,1780436641370335232,Effective Decode Concurrency,requests,max,0.00
6,1780436640370335232,1780436641370335232,Effective Decode Concurrency,requests,p50,0.00
6,1780436640370335232,1780436641370335232,Effective Decode Concurrency,requests,p90,0.00
6,1780436640370335232,1780436641370335232,Effective Decode Concurrency,requests,p95,0.00
6,1780436640370335232,1780436641370335232,Effective Decode Concurrency,requests,p99,0.00
6,1780436640370335232,1780436641370335232,Effective Decode Concurrency,requests,std,0.00
6,1780436640370335232,1780436641370335232,Effective Decode Throughput,tokens/sec,avg,0.00
6,1780436640370335232,1780436641370335232,Effective Decode Throughput,tokens/sec,min,0.00
6,1780436640370335232,1780436641370335232,Effective Decode Throughput,tokens/sec,max,0.00
6,1780436640370335232,1780436641370335232,Effective Decode Throughput,tokens/sec,p50,0.00
6,1780436640370335232,1780436641370335232,Effective Decode Throughput,tokens/sec,p90,0.00
6,1780436640370335232,1780436641370335232,Effective Decode Throughput,tokens/sec,p95,0.00
6,1780436640370335232,1780436641370335232,Effective Decode Throughput,tokens/sec,p99,0.00
6,1780436640370335232,1780436641370335232,Effective Decode Throughput,tokens/sec,std,0.00
6,1780436640370335232,1780436641370335232,Effective Decode Throughput Per User,tokens/sec/user,avg,0.00
6,1780436640370335232,1780436641370335232,Effective Decode Throughput Per User,tokens/sec/user,min,0.00
6,1780436640370335232,1780436641370335232,Effective Decode Throughput Per User,tokens/sec/user,max,0.00
6,1780436640370335232,1780436641370335232,Effective Decode Throughput Per User,tokens/sec/user,p50,0.00
6,1780436640370335232,1780436641370335232,Effective Decode Throughput Per User,tokens/sec/user,p90,0.00
6,1780436640370335232,1780436641370335232,Effective Decode Throughput Per User,tokens/sec/user,p95,0.00
6,1780436640370335232,1780436641370335232,Effective Decode Throughput Per User,tokens/sec/user,p99,0.00
6,1780436640370335232,1780436641370335232,Effective Decode Throughput Per User,tokens/sec/user,std,0.00
6,1780436640370335232,1780436641370335232,Effective Prefill Concurrency,requests,avg,0.00
6,1780436640370335232,1780436641370335232,Effective Prefill Concurrency,requests,min,0.00
6,1780436640370335232,1780436641370335232,Effective Prefill Concurrency,requests,max,0.00
6,1780436640370335232,1780436641370335232,Effective Prefill Concurrency,requests,p50,0.00
6,1780436640370335232,1780436641370335232,Effective Prefill Concurrency,requests,p90,0.00
6,1780436640370335232,1780436641370335232,Effective Prefill Concurrency,requests,p95,0.00
6,1780436640370335232,1780436641370335232,Effective Prefill Concurrency,requests,p99,0.00
6,1780436640370335232,1780436641370335232,Effective Prefill Concurrency,requests,std,0.00
6,1780436640370335232,1780436641370335232,Effective Prefill Throughput,tokens/sec,avg,0.00
6,1780436640370335232,1780436641370335232,Effective Prefill Throughput,tokens/sec,min,0.00
6,1780436640370335232,1780436641370335232,Effective Prefill Throughput,tokens/sec,max,0.00
6,1780436640370335232,1780436641370335232,Effective Prefill Throughput,tokens/sec,p50,0.00
6,1780436640370335232,1780436641370335232,Effective Prefill Throughput,tokens/sec,p90,0.00
6,1780436640370335232,1780436641370335232,Effective Prefill Throughput,tokens/sec,p95,0.00
6,1780436640370335232,1780436641370335232,Effective Prefill Throughput,tokens/sec,p99,0.00
6,1780436640370335232,1780436641370335232,Effective Prefill Throughput,tokens/sec,std,0.00
6,1780436640370335232,1780436641370335232,Effective Prefill Throughput Per User,tokens/sec/user,avg,0.00
6,1780436640370335232,1780436641370335232,Effective Prefill Throughput Per User,tokens/sec/user,min,0.00
6,1780436640370335232,1780436641370335232,Effective Prefill Throughput Per User,tokens/sec/user,max,0.00
6,1780436640370335232,1780436641370335232,Effective Prefill Throughput Per User,tokens/sec/user,p50,0.00
6,1780436640370335232,1780436641370335232,Effective Prefill Throughput Per User,tokens/sec/user,p90,0.00
6,1780436640370335232,1780436641370335232,Effective Prefill Throughput Per User,tokens/sec/user,p95,0.00
6,1780436640370335232,1780436641370335232,Effective Prefill Throughput Per User,tokens/sec/user,p99,0.00
6,1780436640370335232,1780436641370335232,Effective Prefill Throughput Per User,tokens/sec/user,std,0.00
6,1780436640370335232,1780436641370335232,Effective Total Throughput,tokens/sec,avg,0.00
6,1780436640370335232,1780436641370335232,Effective Total Throughput,tokens/sec,min,0.00
6,1780436640370335232,1780436641370335232,Effective Total Throughput,tokens/sec,max,0.00
6,1780436640370335232,1780436641370335232,Effective Total Throughput,tokens/sec,p50,0.00
6,1780436640370335232,1780436641370335232,Effective Total Throughput,tokens/sec,p90,0.00
6,1780436640370335232,1780436641370335232,Effective Total Throughput,tokens/sec,p95,0.00
6,1780436640370335232,1780436641370335232,Effective Total Throughput,tokens/sec,p99,0.00
6,1780436640370335232,1780436641370335232,Effective Total Throughput,tokens/sec,std,0.00
6,1780436640370335232,1780436641370335232,Error Request Count,requests,avg,2.00
6,1780436640370335232,1780436641370335232,Tokens In Flight,tokens,avg,0.00
6,1780436640370335232,1780436641370335232,Tokens In Flight,tokens,min,0.00
6,1780436640370335232,1780436641370335232,Tokens In Flight,tokens,max,0.00
6,1780436640370335232,1780436641370335232,Tokens In Flight,tokens,p50,0.00
6,1780436640370335232,1780436641370335232,Tokens In Flight,tokens,p90,0.00
6,1780436640370335232,1780436641370335232,Tokens In Flight,tokens,p95,0.00
6,1780436640370335232,1780436641370335232,Tokens In Flight,tokens,p99,0.00
6,1780436640370335232,1780436641370335232,Tokens In Flight,tokens,std,0.00
7,1780436641370335232,1780436642370335232,Active Decode Throughput,tokens/sec,avg,0.00
7,1780436641370335232,1780436642370335232,Active Decode Throughput,tokens/sec,min,0.00
7,1780436641370335232,1780436642370335232,Active Decode Throughput,tokens/sec,max,0.00
7,1780436641370335232,1780436642370335232,Active Decode Throughput,tokens/sec,p50,0.00
7,1780436641370335232,1780436642370335232,Active Decode Throughput,tokens/sec,p90,0.00
7,1780436641370335232,1780436642370335232,Active Decode Throughput,tokens/sec,p95,0.00
7,1780436641370335232,1780436642370335232,Active Decode Throughput,tokens/sec,p99,0.00
7,1780436641370335232,1780436642370335232,Active Decode Throughput,tokens/sec,std,0.00
7,1780436641370335232,1780436642370335232,Active Decode Throughput Per User,tokens/sec/user,avg,0.00
7,1780436641370335232,1780436642370335232,Active Decode Throughput Per User,tokens/sec/user,min,0.00
7,1780436641370335232,1780436642370335232,Active Decode Throughput Per User,tokens/sec/user,max,0.00
7,1780436641370335232,1780436642370335232,Active Decode Throughput Per User,tokens/sec/user,p50,0.00
7,1780436641370335232,1780436642370335232,Active Decode Throughput Per User,tokens/sec/user,p90,0.00
7,1780436641370335232,1780436642370335232,Active Decode Throughput Per User,tokens/sec/user,p95,0.00
7,1780436641370335232,1780436642370335232,Active Decode Throughput Per User,tokens/sec/user,p99,0.00
7,1780436641370335232,1780436642370335232,Active Decode Throughput Per User,tokens/sec/user,std,0.00
7,1780436641370335232,1780436642370335232,Active Prefill Throughput,tokens/sec,avg,0.00
7,1780436641370335232,1780436642370335232,Active Prefill Throughput,tokens/sec,min,0.00
7,1780436641370335232,1780436642370335232,Active Prefill Throughput,tokens/sec,max,0.00
7,1780436641370335232,1780436642370335232,Active Prefill Throughput,tokens/sec,p50,0.00
7,1780436641370335232,1780436642370335232,Active Prefill Throughput,tokens/sec,p90,0.00
7,1780436641370335232,1780436642370335232,Active Prefill Throughput,tokens/sec,p95,0.00
7,1780436641370335232,1780436642370335232,Active Prefill Throughput,tokens/sec,p99,0.00
7,1780436641370335232,1780436642370335232,Active Prefill Throughput,tokens/sec,std,0.00
7,1780436641370335232,1780436642370335232,Active Prefill Throughput Per User,tokens/sec/user,avg,0.00
7,1780436641370335232,1780436642370335232,Active Prefill Throughput Per User,tokens/sec/user,min,0.00
7,1780436641370335232,1780436642370335232,Active Prefill Throughput Per User,tokens/sec/user,max,0.00
7,1780436641370335232,1780436642370335232,Active Prefill Throughput Per User,tokens/sec/user,p50,0.00
7,1780436641370335232,1780436642370335232,Active Prefill Throughput Per User,tokens/sec/user,p90,0.00
7,1780436641370335232,1780436642370335232,Active Prefill Throughput Per User,tokens/sec/user,p95,0.00
7,1780436641370335232,1780436642370335232,Active Prefill Throughput Per User,tokens/sec/user,p99,0.00
7,1780436641370335232,1780436642370335232,Active Prefill Throughput Per User,tokens/sec/user,std,0.00
7,1780436641370335232,1780436642370335232,Active Total Throughput,tokens/sec,avg,0.00
7,1780436641370335232,1780436642370335232,Active Total Throughput,tokens/sec,min,0.00
7,1780436641370335232,1780436642370335232,Active Total Throughput,tokens/sec,max,0.00
7,1780436641370335232,1780436642370335232,Active Total Throughput,tokens/sec,p50,0.00
7,1780436641370335232,1780436642370335232,Active Total Throughput,tokens/sec,p90,0.00
7,1780436641370335232,1780436642370335232,Active Total Throughput,tokens/sec,p95,0.00
7,1780436641370335232,1780436642370335232,Active Total Throughput,tokens/sec,p99,0.00
7,1780436641370335232,1780436642370335232,Active Total Throughput,tokens/sec,std,0.00
7,1780436641370335232,1780436642370335232,Context Overflow Count,requests,avg,0.00
7,1780436641370335232,1780436642370335232,Effective Concurrency,requests,avg,0.00
7,1780436641370335232,1780436642370335232,Effective Concurrency,requests,min,0.00
7,1780436641370335232,1780436642370335232,Effective Concurrency,requests,max,1.00
7,1780436641370335232,1780436642370335232,Effective Concurrency,requests,p50,0.00
7,1780436641370335232,1780436642370335232,Effective Concurrency,requests,p90,0.00
7,1780436641370335232,1780436642370335232,Effective Concurrency,requests,p95,0.00
7,1780436641370335232,1780436642370335232,Effective Concurrency,requests,p99,0.00
7,1780436641370335232,1780436642370335232,Effective Concurrency,requests,std,0.03
7,1780436641370335232,1780436642370335232,Effective Decode Concurrency,requests,avg,0.00
7,1780436641370335232,1780436642370335232,Effective Decode Concurrency,requests,min,0.00
7,1780436641370335232,1780436642370335232,Effective Decode Concurrency,requests,max,0.00
7,1780436641370335232,1780436642370335232,Effective Decode Concurrency,requests,p50,0.00
7,1780436641370335232,1780436642370335232,Effective Decode Concurrency,requests,p90,0.00
7,1780436641370335232,1780436642370335232,Effective Decode Concurrency,requests,p95,0.00
7,1780436641370335232,1780436642370335232,Effective Decode Concurrency,requests,p99,0.00
7,1780436641370335232,1780436642370335232,Effective Decode Concurrency,requests,std,0.00
7,1780436641370335232,1780436642370335232,Effective Decode Throughput,tokens/sec,avg,0.00
7,1780436641370335232,1780436642370335232,Effective Decode Throughput,tokens/sec,min,0.00
7,1780436641370335232,1780436642370335232,Effective Decode Throughput,tokens/sec,max,0.00
7,1780436641370335232,1780436642370335232,Effective Decode Throughput,tokens/sec,p50,0.00
7,1780436641370335232,1780436642370335232,Effective Decode Throughput,tokens/sec,p90,0.00
7,1780436641370335232,1780436642370335232,Effective Decode Throughput,tokens/sec,p95,0.00
7,1780436641370335232,1780436642370335232,Effective Decode Throughput,tokens/sec,p99,0.00
7,1780436641370335232,1780436642370335232,Effective Decode Throughput,tokens/sec,std,0.00
7,1780436641370335232,1780436642370335232,Effective Decode Throughput Per User,tokens/sec/user,avg,0.00
7,1780436641370335232,1780436642370335232,Effective Decode Throughput Per User,tokens/sec/user,min,0.00
7,1780436641370335232,1780436642370335232,Effective Decode Throughput Per User,tokens/sec/user,max,0.00
7,1780436641370335232,1780436642370335232,Effective Decode Throughput Per User,tokens/sec/user,p50,0.00
7,1780436641370335232,1780436642370335232,Effective Decode Throughput Per User,tokens/sec/user,p90,0.00
7,1780436641370335232,1780436642370335232,Effective Decode Throughput Per User,tokens/sec/user,p95,0.00
7,1780436641370335232,1780436642370335232,Effective Decode Throughput Per User,tokens/sec/user,p99,0.00
7,1780436641370335232,1780436642370335232,Effective Decode Throughput Per User,tokens/sec/user,std,0.00
7,1780436641370335232,1780436642370335232,Effective Prefill Concurrency,requests,avg,0.00
7,1780436641370335232,1780436642370335232,Effective Prefill Concurrency,requests,min,0.00
7,1780436641370335232,1780436642370335232,Effective Prefill Concurrency,requests,max,0.00
7,1780436641370335232,1780436642370335232,Effective Prefill Concurrency,requests,p50,0.00
7,1780436641370335232,1780436642370335232,Effective Prefill Concurrency,requests,p90,0.00
7,1780436641370335232,1780436642370335232,Effective Prefill Concurrency,requests,p95,0.00
7,1780436641370335232,1780436642370335232,Effective Prefill Concurrency,requests,p99,0.00
7,1780436641370335232,1780436642370335232,Effective Prefill Concurrency,requests,std,0.00
7,1780436641370335232,1780436642370335232,Effective Prefill Throughput,tokens/sec,avg,0.00
7,1780436641370335232,1780436642370335232,Effective Prefill Throughput,tokens/sec,min,0.00
7,1780436641370335232,1780436642370335232,Effective Prefill Throughput,tokens/sec,max,0.00
7,1780436641370335232,1780436642370335232,Effective Prefill Throughput,tokens/sec,p50,0.00
7,1780436641370335232,1780436642370335232,Effective Prefill Throughput,tokens/sec,p90,0.00
7,1780436641370335232,1780436642370335232,Effective Prefill Throughput,tokens/sec,p95,0.00
7,1780436641370335232,1780436642370335232,Effective Prefill Throughput,tokens/sec,p99,0.00
7,1780436641370335232,1780436642370335232,Effective Prefill Throughput,tokens/sec,std,0.00
7,1780436641370335232,1780436642370335232,Effective Prefill Throughput Per User,tokens/sec/user,avg,0.00
7,1780436641370335232,1780436642370335232,Effective Prefill Throughput Per User,tokens/sec/user,min,0.00
7,1780436641370335232,1780436642370335232,Effective Prefill Throughput Per User,tokens/sec/user,max,0.00
7,1780436641370335232,1780436642370335232,Effective Prefill Throughput Per User,tokens/sec/user,p50,0.00
7,1780436641370335232,1780436642370335232,Effective Prefill Throughput Per User,tokens/sec/user,p90,0.00
7,1780436641370335232,1780436642370335232,Effective Prefill Throughput Per User,tokens/sec/user,p95,0.00
7,1780436641370335232,1780436642370335232,Effective Prefill Throughput Per User,tokens/sec/user,p99,0.00
7,1780436641370335232,1780436642370335232,Effective Prefill Throughput Per User,tokens/sec/user,std,0.00
7,1780436641370335232,1780436642370335232,Effective Total Throughput,tokens/sec,avg,0.00
7,1780436641370335232,1780436642370335232,Effective Total Throughput,tokens/sec,min,0.00
7,1780436641370335232,1780436642370335232,Effective Total Throughput,tokens/sec,max,0.00
7,1780436641370335232,1780436642370335232,Effective Total Throughput,tokens/sec,p50,0.00
7,1780436641370335232,1780436642370335232,Effective Total Throughput,tokens/sec,p90,0.00
7,1780436641370335232,1780436642370335232,Effective Total Throughput,tokens/sec,p95,0.00
7,1780436641370335232,1780436642370335232,Effective Total Throughput,tokens/sec,p99,0.00
7,1780436641370335232,1780436642370335232,Effective Total Throughput,tokens/sec,std,0.00
7,1780436641370335232,1780436642370335232,Error Request Count,requests,avg,1.00
7,1780436641370335232,1780436642370335232,Tokens In Flight,tokens,avg,0.00
7,1780436641370335232,1780436642370335232,Tokens In Flight,tokens,min,0.00
7,1780436641370335232,1780436642370335232,Tokens In Flight,tokens,max,0.00
7,1780436641370335232,1780436642370335232,Tokens In Flight,tokens,p50,0.00
7,1780436641370335232,1780436642370335232,Tokens In Flight,tokens,p90,0.00
7,1780436641370335232,1780436642370335232,Tokens In Flight,tokens,p95,0.00
7,1780436641370335232,1780436642370335232,Tokens In Flight,tokens,p99,0.00
7,1780436641370335232,1780436642370335232,Tokens In Flight,tokens,std,0.00
8,1780436642370335232,1780436643370335232,Active Decode Throughput,tokens/sec,avg,0.00
8,1780436642370335232,1780436643370335232,Active Decode Throughput,tokens/sec,min,0.00
8,1780436642370335232,1780436643370335232,Active Decode Throughput,tokens/sec,max,0.00
8,1780436642370335232,1780436643370335232,Active Decode Throughput,tokens/sec,p50,0.00
8,1780436642370335232,1780436643370335232,Active Decode Throughput,tokens/sec,p90,0.00
8,1780436642370335232,1780436643370335232,Active Decode Throughput,tokens/sec,p95,0.00
8,1780436642370335232,1780436643370335232,Active Decode Throughput,tokens/sec,p99,0.00
8,1780436642370335232,1780436643370335232,Active Decode Throughput,tokens/sec,std,0.00
8,1780436642370335232,1780436643370335232,Active Decode Throughput Per User,tokens/sec/user,avg,0.00
8,1780436642370335232,1780436643370335232,Active Decode Throughput Per User,tokens/sec/user,min,0.00
8,1780436642370335232,1780436643370335232,Active Decode Throughput Per User,tokens/sec/user,max,0.00
8,1780436642370335232,1780436643370335232,Active Decode Throughput Per User,tokens/sec/user,p50,0.00
8,1780436642370335232,1780436643370335232,Active Decode Throughput Per User,tokens/sec/user,p90,0.00
8,1780436642370335232,1780436643370335232,Active Decode Throughput Per User,tokens/sec/user,p95,0.00
8,1780436642370335232,1780436643370335232,Active Decode Throughput Per User,tokens/sec/user,p99,0.00
8,1780436642370335232,1780436643370335232,Active Decode Throughput Per User,tokens/sec/user,std,0.00
8,1780436642370335232,1780436643370335232,Active Prefill Throughput,tokens/sec,avg,0.00
8,1780436642370335232,1780436643370335232,Active Prefill Throughput,tokens/sec,min,0.00
8,1780436642370335232,1780436643370335232,Active Prefill Throughput,tokens/sec,max,0.00
8,1780436642370335232,1780436643370335232,Active Prefill Throughput,tokens/sec,p50,0.00
8,1780436642370335232,1780436643370335232,Active Prefill Throughput,tokens/sec,p90,0.00
8,1780436642370335232,1780436643370335232,Active Prefill Throughput,tokens/sec,p95,0.00
8,1780436642370335232,1780436643370335232,Active Prefill Throughput,tokens/sec,p99,0.00
8,1780436642370335232,1780436643370335232,Active Prefill Throughput,tokens/sec,std,0.00
8,1780436642370335232,1780436643370335232,Active Prefill Throughput Per User,tokens/sec/user,avg,0.00
8,1780436642370335232,1780436643370335232,Active Prefill Throughput Per User,tokens/sec/user,min,0.00
8,1780436642370335232,1780436643370335232,Active Prefill Throughput Per User,tokens/sec/user,max,0.00
8,1780436642370335232,1780436643370335232,Active Prefill Throughput Per User,tokens/sec/user,p50,0.00
8,1780436642370335232,1780436643370335232,Active Prefill Throughput Per User,tokens/sec/user,p90,0.00
8,1780436642370335232,1780436643370335232,Active Prefill Throughput Per User,tokens/sec/user,p95,0.00
8,1780436642370335232,1780436643370335232,Active Prefill Throughput Per User,tokens/sec/user,p99,0.00
8,1780436642370335232,1780436643370335232,Active Prefill Throughput Per User,tokens/sec/user,std,0.00
8,1780436642370335232,1780436643370335232,Active Total Throughput,tokens/sec,avg,0.00
8,1780436642370335232,1780436643370335232,Active Total Throughput,tokens/sec,min,0.00
8,1780436642370335232,1780436643370335232,Active Total Throughput,tokens/sec,max,0.00
8,1780436642370335232,1780436643370335232,Active Total Throughput,tokens/sec,p50,0.00
8,1780436642370335232,1780436643370335232,Active Total Throughput,tokens/sec,p90,0.00
8,1780436642370335232,1780436643370335232,Active Total Throughput,tokens/sec,p95,0.00
8,1780436642370335232,1780436643370335232,Active Total Throughput,tokens/sec,p99,0.00
8,1780436642370335232,1780436643370335232,Active Total Throughput,tokens/sec,std,0.00
8,1780436642370335232,1780436643370335232,Context Overflow Count,requests,avg,0.00
8,1780436642370335232,1780436643370335232,Effective Concurrency,requests,avg,0.00
8,1780436642370335232,1780436643370335232,Effective Concurrency,requests,min,0.00
8,1780436642370335232,1780436643370335232,Effective Concurrency,requests,max,1.00
8,1780436642370335232,1780436643370335232,Effective Concurrency,requests,p50,0.00
8,1780436642370335232,1780436643370335232,Effective Concurrency,requests,p90,0.00
8,1780436642370335232,1780436643370335232,Effective Concurrency,requests,p95,0.00
8,1780436642370335232,1780436643370335232,Effective Concurrency,requests,p99,0.00
8,1780436642370335232,1780436643370335232,Effective Concurrency,requests,std,0.03
8,1780436642370335232,1780436643370335232,Effective Decode Concurrency,requests,avg,0.00
8,1780436642370335232,1780436643370335232,Effective Decode Concurrency,requests,min,0.00
8,1780436642370335232,1780436643370335232,Effective Decode Concurrency,requests,max,0.00
8,1780436642370335232,1780436643370335232,Effective Decode Concurrency,requests,p50,0.00
8,1780436642370335232,1780436643370335232,Effective Decode Concurrency,requests,p90,0.00
8,1780436642370335232,1780436643370335232,Effective Decode Concurrency,requests,p95,0.00
8,1780436642370335232,1780436643370335232,Effective Decode Concurrency,requests,p99,0.00
8,1780436642370335232,1780436643370335232,Effective Decode Concurrency,requests,std,0.00
8,1780436642370335232,1780436643370335232,Effective Decode Throughput,tokens/sec,avg,0.00
8,1780436642370335232,1780436643370335232,Effective Decode Throughput,tokens/sec,min,0.00
8,1780436642370335232,1780436643370335232,Effective Decode Throughput,tokens/sec,max,0.00
8,1780436642370335232,1780436643370335232,Effective Decode Throughput,tokens/sec,p50,0.00
8,1780436642370335232,1780436643370335232,Effective Decode Throughput,tokens/sec,p90,0.00
8,1780436642370335232,1780436643370335232,Effective Decode Throughput,tokens/sec,p95,0.00
8,1780436642370335232,1780436643370335232,Effective Decode Throughput,tokens/sec,p99,0.00
8,1780436642370335232,1780436643370335232,Effective Decode Throughput,tokens/sec,std,0.00
8,1780436642370335232,1780436643370335232,Effective Decode Throughput Per User,tokens/sec/user,avg,0.00
8,1780436642370335232,1780436643370335232,Effective Decode Throughput Per User,tokens/sec/user,min,0.00
8,1780436642370335232,1780436643370335232,Effective Decode Throughput Per User,tokens/sec/user,max,0.00
8,1780436642370335232,1780436643370335232,Effective Decode Throughput Per User,tokens/sec/user,p50,0.00
8,1780436642370335232,1780436643370335232,Effective Decode Throughput Per User,tokens/sec/user,p90,0.00
8,1780436642370335232,1780436643370335232,Effective Decode Throughput Per User,tokens/sec/user,p95,0.00
8,1780436642370335232,1780436643370335232,Effective Decode Throughput Per User,tokens/sec/user,p99,0.00
8,1780436642370335232,1780436643370335232,Effective Decode Throughput Per User,tokens/sec/user,std,0.00
8,1780436642370335232,1780436643370335232,Effective Prefill Concurrency,requests,avg,0.00
8,1780436642370335232,1780436643370335232,Effective Prefill Concurrency,requests,min,0.00
8,1780436642370335232,1780436643370335232,Effective Prefill Concurrency,requests,max,0.00
8,1780436642370335232,1780436643370335232,Effective Prefill Concurrency,requests,p50,0.00
8,1780436642370335232,1780436643370335232,Effective Prefill Concurrency,requests,p90,0.00
8,1780436642370335232,1780436643370335232,Effective Prefill Concurrency,requests,p95,0.00
8,1780436642370335232,1780436643370335232,Effective Prefill Concurrency,requests,p99,0.00
8,1780436642370335232,1780436643370335232,Effective Prefill Concurrency,requests,std,0.00
8,1780436642370335232,1780436643370335232,Effective Prefill Throughput,tokens/sec,avg,0.00
8,1780436642370335232,1780436643370335232,Effective Prefill Throughput,tokens/sec,min,0.00
8,1780436642370335232,1780436643370335232,Effective Prefill Throughput,tokens/sec,max,0.00
8,1780436642370335232,1780436643370335232,Effective Prefill Throughput,tokens/sec,p50,0.00
8,1780436642370335232,1780436643370335232,Effective Prefill Throughput,tokens/sec,p90,0.00
8,1780436642370335232,1780436643370335232,Effective Prefill Throughput,tokens/sec,p95,0.00
8,1780436642370335232,1780436643370335232,Effective Prefill Throughput,tokens/sec,p99,0.00
8,1780436642370335232,1780436643370335232,Effective Prefill Throughput,tokens/sec,std,0.00
8,1780436642370335232,1780436643370335232,Effective Prefill Throughput Per User,tokens/sec/user,avg,0.00
8,1780436642370335232,1780436643370335232,Effective Prefill Throughput Per User,tokens/sec/user,min,0.00
8,1780436642370335232,1780436643370335232,Effective Prefill Throughput Per User,tokens/sec/user,max,0.00
8,1780436642370335232,1780436643370335232,Effective Prefill Throughput Per User,tokens/sec/user,p50,0.00
8,1780436642370335232,1780436643370335232,Effective Prefill Throughput Per User,tokens/sec/user,p90,0.00
8,1780436642370335232,1780436643370335232,Effective Prefill Throughput Per User,tokens/sec/user,p95,0.00
8,1780436642370335232,1780436643370335232,Effective Prefill Throughput Per User,tokens/sec/user,p99,0.00
8,1780436642370335232,1780436643370335232,Effective Prefill Throughput Per User,tokens/sec/user,std,0.00
8,1780436642370335232,1780436643370335232,Effective Total Throughput,tokens/sec,avg,0.00
8,1780436642370335232,1780436643370335232,Effective Total Throughput,tokens/sec,min,0.00
8,1780436642370335232,1780436643370335232,Effective Total Throughput,tokens/sec,max,0.00
8,1780436642370335232,1780436643370335232,Effective Total Throughput,tokens/sec,p50,0.00
8,1780436642370335232,1780436643370335232,Effective Total Throughput,tokens/sec,p90,0.00
8,1780436642370335232,1780436643370335232,Effective Total Throughput,tokens/sec,p95,0.00
8,1780436642370335232,1780436643370335232,Effective Total Throughput,tokens/sec,p99,0.00
8,1780436642370335232,1780436643370335232,Effective Total Throughput,tokens/sec,std,0.00
8,1780436642370335232,1780436643370335232,Error Request Count,requests,avg,1.00
8,1780436642370335232,1780436643370335232,Tokens In Flight,tokens,avg,0.00
8,1780436642370335232,1780436643370335232,Tokens In Flight,tokens,min,0.00
8,1780436642370335232,1780436643370335232,Tokens In Flight,tokens,max,0.00
8,1780436642370335232,1780436643370335232,Tokens In Flight,tokens,p50,0.00
8,1780436642370335232,1780436643370335232,Tokens In Flight,tokens,p90,0.00
8,1780436642370335232,1780436643370335232,Tokens In Flight,tokens,p95,0.00
8,1780436642370335232,1780436643370335232,Tokens In Flight,tokens,p99,0.00
8,1780436642370335232,1780436643370335232,Tokens In Flight,tokens,std,0.00
9,1780436643370335232,1780436644370335232,Active Decode Throughput,tokens/sec,avg,0.00
9,1780436643370335232,1780436644370335232,Active Decode Throughput,tokens/sec,min,0.00
9,1780436643370335232,1780436644370335232,Active Decode Throughput,tokens/sec,max,0.00
9,1780436643370335232,1780436644370335232,Active Decode Throughput,tokens/sec,p50,0.00
9,1780436643370335232,1780436644370335232,Active Decode Throughput,tokens/sec,p90,0.00
9,1780436643370335232,1780436644370335232,Active Decode Throughput,tokens/sec,p95,0.00
9,1780436643370335232,1780436644370335232,Active Decode Throughput,tokens/sec,p99,0.00
9,1780436643370335232,1780436644370335232,Active Decode Throughput,tokens/sec,std,0.00
9,1780436643370335232,1780436644370335232,Active Decode Throughput Per User,tokens/sec/user,avg,0.00
9,1780436643370335232,1780436644370335232,Active Decode Throughput Per User,tokens/sec/user,min,0.00
9,1780436643370335232,1780436644370335232,Active Decode Throughput Per User,tokens/sec/user,max,0.00
9,1780436643370335232,1780436644370335232,Active Decode Throughput Per User,tokens/sec/user,p50,0.00
9,1780436643370335232,1780436644370335232,Active Decode Throughput Per User,tokens/sec/user,p90,0.00
9,1780436643370335232,1780436644370335232,Active Decode Throughput Per User,tokens/sec/user,p95,0.00
9,1780436643370335232,1780436644370335232,Active Decode Throughput Per User,tokens/sec/user,p99,0.00
9,1780436643370335232,1780436644370335232,Active Decode Throughput Per User,tokens/sec/user,std,0.00
9,1780436643370335232,1780436644370335232,Active Prefill Throughput,tokens/sec,avg,0.00
9,1780436643370335232,1780436644370335232,Active Prefill Throughput,tokens/sec,min,0.00
9,1780436643370335232,1780436644370335232,Active Prefill Throughput,tokens/sec,max,0.00
9,1780436643370335232,1780436644370335232,Active Prefill Throughput,tokens/sec,p50,0.00
9,1780436643370335232,1780436644370335232,Active Prefill Throughput,tokens/sec,p90,0.00
9,1780436643370335232,1780436644370335232,Active Prefill Throughput,tokens/sec,p95,0.00
9,1780436643370335232,1780436644370335232,Active Prefill Throughput,tokens/sec,p99,0.00
9,1780436643370335232,1780436644370335232,Active Prefill Throughput,tokens/sec,std,0.00
9,1780436643370335232,1780436644370335232,Active Prefill Throughput Per User,tokens/sec/user,avg,0.00
9,1780436643370335232,1780436644370335232,Active Prefill Throughput Per User,tokens/sec/user,min,0.00
9,1780436643370335232,1780436644370335232,Active Prefill Throughput Per User,tokens/sec/user,max,0.00
9,1780436643370335232,1780436644370335232,Active Prefill Throughput Per User,tokens/sec/user,p50,0.00
9,1780436643370335232,1780436644370335232,Active Prefill Throughput Per User,tokens/sec/user,p90,0.00
9,1780436643370335232,1780436644370335232,Active Prefill Throughput Per User,tokens/sec/user,p95,0.00
9,1780436643370335232,1780436644370335232,Active Prefill Throughput Per User,tokens/sec/user,p99,0.00
9,1780436643370335232,1780436644370335232,Active Prefill Throughput Per User,tokens/sec/user,std,0.00
9,1780436643370335232,1780436644370335232,Active Total Throughput,tokens/sec,avg,0.00
9,1780436643370335232,1780436644370335232,Active Total Throughput,tokens/sec,min,0.00
9,1780436643370335232,1780436644370335232,Active Total Throughput,tokens/sec,max,0.00
9,1780436643370335232,1780436644370335232,Active Total Throughput,tokens/sec,p50,0.00
9,1780436643370335232,1780436644370335232,Active Total Throughput,tokens/sec,p90,0.00
9,1780436643370335232,1780436644370335232,Active Total Throughput,tokens/sec,p95,0.00
9,1780436643370335232,1780436644370335232,Active Total Throughput,tokens/sec,p99,0.00
9,1780436643370335232,1780436644370335232,Active Total Throughput,tokens/sec,std,0.00
9,1780436643370335232,1780436644370335232,Context Overflow Count,requests,avg,0.00
9,1780436643370335232,1780436644370335232,Effective Concurrency,requests,avg,0.00
9,1780436643370335232,1780436644370335232,Effective Concurrency,requests,min,0.00
9,1780436643370335232,1780436644370335232,Effective Concurrency,requests,max,1.00
9,1780436643370335232,1780436644370335232,Effective Concurrency,requests,p50,0.00
9,1780436643370335232,1780436644370335232,Effective Concurrency,requests,p90,0.00
9,1780436643370335232,1780436644370335232,Effective Concurrency,requests,p95,0.00
9,1780436643370335232,1780436644370335232,Effective Concurrency,requests,p99,0.00
9,1780436643370335232,1780436644370335232,Effective Concurrency,requests,std,0.06
9,1780436643370335232,1780436644370335232,Effective Decode Concurrency,requests,avg,0.00
9,1780436643370335232,1780436644370335232,Effective Decode Concurrency,requests,min,0.00
9,1780436643370335232,1780436644370335232,Effective Decode Concurrency,requests,max,0.00
9,1780436643370335232,1780436644370335232,Effective Decode Concurrency,requests,p50,0.00
9,1780436643370335232,1780436644370335232,Effective Decode Concurrency,requests,p90,0.00
9,1780436643370335232,1780436644370335232,Effective Decode Concurrency,requests,p95,0.00
9,1780436643370335232,1780436644370335232,Effective Decode Concurrency,requests,p99,0.00
9,1780436643370335232,1780436644370335232,Effective Decode Concurrency,requests,std,0.00
9,1780436643370335232,1780436644370335232,Effective Decode Throughput,tokens/sec,avg,0.00
9,1780436643370335232,1780436644370335232,Effective Decode Throughput,tokens/sec,min,0.00
9,1780436643370335232,1780436644370335232,Effective Decode Throughput,tokens/sec,max,0.00
9,1780436643370335232,1780436644370335232,Effective Decode Throughput,tokens/sec,p50,0.00
9,1780436643370335232,1780436644370335232,Effective Decode Throughput,tokens/sec,p90,0.00
9,1780436643370335232,1780436644370335232,Effective Decode Throughput,tokens/sec,p95,0.00
9,1780436643370335232,1780436644370335232,Effective Decode Throughput,tokens/sec,p99,0.00
9,1780436643370335232,1780436644370335232,Effective Decode Throughput,tokens/sec,std,0.00
9,1780436643370335232,1780436644370335232,Effective Decode Throughput Per User,tokens/sec/user,avg,0.00
9,1780436643370335232,1780436644370335232,Effective Decode Throughput Per User,tokens/sec/user,min,0.00
9,1780436643370335232,1780436644370335232,Effective Decode Throughput Per User,tokens/sec/user,max,0.00
9,1780436643370335232,1780436644370335232,Effective Decode Throughput Per User,tokens/sec/user,p50,0.00
9,1780436643370335232,1780436644370335232,Effective Decode Throughput Per User,tokens/sec/user,p90,0.00
9,1780436643370335232,1780436644370335232,Effective Decode Throughput Per User,tokens/sec/user,p95,0.00
9,1780436643370335232,1780436644370335232,Effective Decode Throughput Per User,tokens/sec/user,p99,0.00
9,1780436643370335232,1780436644370335232,Effective Decode Throughput Per User,tokens/sec/user,std,0.00
9,1780436643370335232,1780436644370335232,Effective Prefill Concurrency,requests,avg,0.00
9,1780436643370335232,1780436644370335232,Effective Prefill Concurrency,requests,min,0.00
9,1780436643370335232,1780436644370335232,Effective Prefill Concurrency,requests,max,0.00
9,1780436643370335232,1780436644370335232,Effective Prefill Concurrency,requests,p50,0.00
9,1780436643370335232,1780436644370335232,Effective Prefill Concurrency,requests,p90,0.00
9,1780436643370335232,1780436644370335232,Effective Prefill Concurrency,requests,p95,0.00
9,1780436643370335232,1780436644370335232,Effective Prefill Concurrency,requests,p99,0.00
9,1780436643370335232,1780436644370335232,Effective Prefill Concurrency,requests,std,0.00
9,1780436643370335232,1780436644370335232,Effective Prefill Throughput,tokens/sec,avg,0.00
9,1780436643370335232,1780436644370335232,Effective Prefill Throughput,tokens/sec,min,0.00
9,1780436643370335232,1780436644370335232,Effective Prefill Throughput,tokens/sec,max,0.00
9,1780436643370335232,1780436644370335232,Effective Prefill Throughput,tokens/sec,p50,0.00
9,1780436643370335232,1780436644370335232,Effective Prefill Throughput,tokens/sec,p90,0.00
9,1780436643370335232,1780436644370335232,Effective Prefill Throughput,tokens/sec,p95,0.00
9,1780436643370335232,1780436644370335232,Effective Prefill Throughput,tokens/sec,p99,0.00
9,1780436643370335232,1780436644370335232,Effective Prefill Throughput,tokens/sec,std,0.00
9,1780436643370335232,1780436644370335232,Effective Prefill Throughput Per User,tokens/sec/user,avg,0.00
9,1780436643370335232,1780436644370335232,Effective Prefill Throughput Per User,tokens/sec/user,min,0.00
9,1780436643370335232,1780436644370335232,Effective Prefill Throughput Per User,tokens/sec/user,max,0.00
9,1780436643370335232,1780436644370335232,Effective Prefill Throughput Per User,tokens/sec/user,p50,0.00
9,1780436643370335232,1780436644370335232,Effective Prefill Throughput Per User,tokens/sec/user,p90,0.00
9,1780436643370335232,1780436644370335232,Effective Prefill Throughput Per User,tokens/sec/user,p95,0.00
9,1780436643370335232,1780436644370335232,Effective Prefill Throughput Per User,tokens/sec/user,p99,0.00
9,1780436643370335232,1780436644370335232,Effective Prefill Throughput Per User,tokens/sec/user,std,0.00
9,1780436643370335232,1780436644370335232,Effective Total Throughput,tokens/sec,avg,0.00
9,1780436643370335232,1780436644370335232,Effective Total Throughput,tokens/sec,min,0.00
9,1780436643370335232,1780436644370335232,Effective Total Throughput,tokens/sec,max,0.00
9,1780436643370335232,1780436644370335232,Effective Total Throughput,tokens/sec,p50,0.00
9,1780436643370335232,1780436644370335232,Effective Total Throughput,tokens/sec,p90,0.00
9,1780436643370335232,1780436644370335232,Effective Total Throughput,tokens/sec,p95,0.00
9,1780436643370335232,1780436644370335232,Effective Total Throughput,tokens/sec,p99,0.00
9,1780436643370335232,1780436644370335232,Effective Total Throughput,tokens/sec,std,0.00
9,1780436643370335232,1780436644370335232,Error Request Count,requests,avg,3.00
9,1780436643370335232,1780436644370335232,Tokens In Flight,tokens,avg,0.00
9,1780436643370335232,1780436644370335232,Tokens In Flight,tokens,min,0.00
9,1780436643370335232,1780436644370335232,Tokens In Flight,tokens,max,0.00
9,1780436643370335232,1780436644370335232,Tokens In Flight,tokens,p50,0.00
9,1780436643370335232,1780436644370335232,Tokens In Flight,tokens,p90,0.00
9,1780436643370335232,1780436644370335232,Tokens In Flight,tokens,p95,0.00
9,1780436643370335232,1780436644370335232,Tokens In Flight,tokens,p99,0.00
9,1780436643370335232,1780436644370335232,Tokens In Flight,tokens,std,0.00
10,1780436645370335232,1780436646370335232,Active Decode Throughput,tokens/sec,avg,0.00
10,1780436645370335232,1780436646370335232,Active Decode Throughput,tokens/sec,min,0.00
10,1780436645370335232,1780436646370335232,Active Decode Throughput,tokens/sec,max,0.00
10,1780436645370335232,1780436646370335232,Active Decode Throughput,tokens/sec,p50,0.00
10,1780436645370335232,1780436646370335232,Active Decode Throughput,tokens/sec,p90,0.00
10,1780436645370335232,1780436646370335232,Active Decode Throughput,tokens/sec,p95,0.00
10,1780436645370335232,1780436646370335232,Active Decode Throughput,tokens/sec,p99,0.00
10,1780436645370335232,1780436646370335232,Active Decode Throughput,tokens/sec,std,0.00
10,1780436645370335232,1780436646370335232,Active Decode Throughput Per User,tokens/sec/user,avg,0.00
10,1780436645370335232,1780436646370335232,Active Decode Throughput Per User,tokens/sec/user,min,0.00
10,1780436645370335232,1780436646370335232,Active Decode Throughput Per User,tokens/sec/user,max,0.00
10,1780436645370335232,1780436646370335232,Active Decode Throughput Per User,tokens/sec/user,p50,0.00
10,1780436645370335232,1780436646370335232,Active Decode Throughput Per User,tokens/sec/user,p90,0.00
10,1780436645370335232,1780436646370335232,Active Decode Throughput Per User,tokens/sec/user,p95,0.00
10,1780436645370335232,1780436646370335232,Active Decode Throughput Per User,tokens/sec/user,p99,0.00
10,1780436645370335232,1780436646370335232,Active Decode Throughput Per User,tokens/sec/user,std,0.00
10,1780436645370335232,1780436646370335232,Active Prefill Throughput,tokens/sec,avg,0.00
10,1780436645370335232,1780436646370335232,Active Prefill Throughput,tokens/sec,min,0.00
10,1780436645370335232,1780436646370335232,Active Prefill Throughput,tokens/sec,max,0.00
10,1780436645370335232,1780436646370335232,Active Prefill Throughput,tokens/sec,p50,0.00
10,1780436645370335232,1780436646370335232,Active Prefill Throughput,tokens/sec,p90,0.00
10,1780436645370335232,1780436646370335232,Active Prefill Throughput,tokens/sec,p95,0.00
10,1780436645370335232,1780436646370335232,Active Prefill Throughput,tokens/sec,p99,0.00
10,1780436645370335232,1780436646370335232,Active Prefill Throughput,tokens/sec,std,0.00
10,1780436645370335232,1780436646370335232,Active Prefill Throughput Per User,tokens/sec/user,avg,0.00
10,1780436645370335232,1780436646370335232,Active Prefill Throughput Per User,tokens/sec/user,min,0.00
10,1780436645370335232,1780436646370335232,Active Prefill Throughput Per User,tokens/sec/user,max,0.00
10,1780436645370335232,1780436646370335232,Active Prefill Throughput Per User,tokens/sec/user,p50,0.00
10,1780436645370335232,1780436646370335232,Active Prefill Throughput Per User,tokens/sec/user,p90,0.00
10,1780436645370335232,1780436646370335232,Active Prefill Throughput Per User,tokens/sec/user,p95,0.00
10,1780436645370335232,1780436646370335232,Active Prefill Throughput Per User,tokens/sec/user,p99,0.00
10,1780436645370335232,1780436646370335232,Active Prefill Throughput Per User,tokens/sec/user,std,0.00
10,1780436645370335232,1780436646370335232,Active Total Throughput,tokens/sec,avg,0.00
10,1780436645370335232,1780436646370335232,Active Total Throughput,tokens/sec,min,0.00
10,1780436645370335232,1780436646370335232,Active Total Throughput,tokens/sec,max,0.00
10,1780436645370335232,1780436646370335232,Active Total Throughput,tokens/sec,p50,0.00
10,1780436645370335232,1780436646370335232,Active Total Throughput,tokens/sec,p90,0.00
10,1780436645370335232,1780436646370335232,Active Total Throughput,tokens/sec,p95,0.00
10,1780436645370335232,1780436646370335232,Active Total Throughput,tokens/sec,p99,0.00
10,1780436645370335232,1780436646370335232,Active Total Throughput,tokens/sec,std,0.00
10,1780436645370335232,1780436646370335232,Context Overflow Count,requests,avg,0.00
10,1780436645370335232,1780436646370335232,Effective Concurrency,requests,avg,0.00
10,1780436645370335232,1780436646370335232,Effective Concurrency,requests,min,0.00
10,1780436645370335232,1780436646370335232,Effective Concurrency,requests,max,1.00
10,1780436645370335232,1780436646370335232,Effective Concurrency,requests,p50,0.00
10,1780436645370335232,1780436646370335232,Effective Concurrency,requests,p90,0.00
10,1780436645370335232,1780436646370335232,Effective Concurrency,requests,p95,0.00
10,1780436645370335232,1780436646370335232,Effective Concurrency,requests,p99,0.00
10,1780436645370335232,1780436646370335232,Effective Concurrency,requests,std,0.06
10,1780436645370335232,1780436646370335232,Effective Decode Concurrency,requests,avg,0.00
10,1780436645370335232,1780436646370335232,Effective Decode Concurrency,requests,min,0.00
10,1780436645370335232,1780436646370335232,Effective Decode Concurrency,requests,max,0.00
10,1780436645370335232,1780436646370335232,Effective Decode Concurrency,requests,p50,0.00
10,1780436645370335232,1780436646370335232,Effective Decode Concurrency,requests,p90,0.00
10,1780436645370335232,1780436646370335232,Effective Decode Concurrency,requests,p95,0.00
10,1780436645370335232,1780436646370335232,Effective Decode Concurrency,requests,p99,0.00
10,1780436645370335232,1780436646370335232,Effective Decode Concurrency,requests,std,0.00
10,1780436645370335232,1780436646370335232,Effective Decode Throughput,tokens/sec,avg,0.00
10,1780436645370335232,1780436646370335232,Effective Decode Throughput,tokens/sec,min,0.00
10,1780436645370335232,1780436646370335232,Effective Decode Throughput,tokens/sec,max,0.00
10,1780436645370335232,1780436646370335232,Effective Decode Throughput,tokens/sec,p50,0.00
10,1780436645370335232,1780436646370335232,Effective Decode Throughput,tokens/sec,p90,0.00
10,1780436645370335232,1780436646370335232,Effective Decode Throughput,tokens/sec,p95,0.00
10,1780436645370335232,1780436646370335232,Effective Decode Throughput,tokens/sec,p99,0.00
10,1780436645370335232,1780436646370335232,Effective Decode Throughput,tokens/sec,std,0.00
10,1780436645370335232,1780436646370335232,Effective Decode Throughput Per User,tokens/sec/user,avg,0.00
10,1780436645370335232,1780436646370335232,Effective Decode Throughput Per User,tokens/sec/user,min,0.00
10,1780436645370335232,1780436646370335232,Effective Decode Throughput Per User,tokens/sec/user,max,0.00
10,1780436645370335232,1780436646370335232,Effective Decode Throughput Per User,tokens/sec/user,p50,0.00
10,1780436645370335232,1780436646370335232,Effective Decode Throughput Per User,tokens/sec/user,p90,0.00
10,1780436645370335232,1780436646370335232,Effective Decode Throughput Per User,tokens/sec/user,p95,0.00
10,1780436645370335232,1780436646370335232,Effective Decode Throughput Per User,tokens/sec/user,p99,0.00
10,1780436645370335232,1780436646370335232,Effective Decode Throughput Per User,tokens/sec/user,std,0.00
10,1780436645370335232,1780436646370335232,Effective Prefill Concurrency,requests,avg,0.00
10,1780436645370335232,1780436646370335232,Effective Prefill Concurrency,requests,min,0.00
10,1780436645370335232,1780436646370335232,Effective Prefill Concurrency,requests,max,0.00
10,1780436645370335232,1780436646370335232,Effective Prefill Concurrency,requests,p50,0.00
10,1780436645370335232,1780436646370335232,Effective Prefill Concurrency,requests,p90,0.00
10,1780436645370335232,1780436646370335232,Effective Prefill Concurrency,requests,p95,0.00
10,1780436645370335232,1780436646370335232,Effective Prefill Concurrency,requests,p99,0.00
10,1780436645370335232,1780436646370335232,Effective Prefill Concurrency,requests,std,0.00
10,1780436645370335232,1780436646370335232,Effective Prefill Throughput,tokens/sec,avg,0.00
10,1780436645370335232,1780436646370335232,Effective Prefill Throughput,tokens/sec,min,0.00
10,1780436645370335232,1780436646370335232,Effective Prefill Throughput,tokens/sec,max,0.00
10,1780436645370335232,1780436646370335232,Effective Prefill Throughput,tokens/sec,p50,0.00
10,1780436645370335232,1780436646370335232,Effective Prefill Throughput,tokens/sec,p90,0.00
10,1780436645370335232,1780436646370335232,Effective Prefill Throughput,tokens/sec,p95,0.00
10,1780436645370335232,1780436646370335232,Effective Prefill Throughput,tokens/sec,p99,0.00
10,1780436645370335232,1780436646370335232,Effective Prefill Throughput,tokens/sec,std,0.00
10,1780436645370335232,1780436646370335232,Effective Prefill Throughput Per User,tokens/sec/user,avg,0.00
10,1780436645370335232,1780436646370335232,Effective Prefill Throughput Per User,tokens/sec/user,min,0.00
10,1780436645370335232,1780436646370335232,Effective Prefill Throughput Per User,tokens/sec/user,max,0.00
10,1780436645370335232,1780436646370335232,Effective Prefill Throughput Per User,tokens/sec/user,p50,0.00
10,1780436645370335232,1780436646370335232,Effective Prefill Throughput Per User,tokens/sec/user,p90,0.00
10,1780436645370335232,1780436646370335232,Effective Prefill Throughput Per User,tokens/sec/user,p95,0.00
10,1780436645370335232,1780436646370335232,Effective Prefill Throughput Per User,tokens/sec/user,p99,0.00
10,1780436645370335232,1780436646370335232,Effective Prefill Throughput Per User,tokens/sec/user,std,0.00
10,1780436645370335232,1780436646370335232,Effective Total Throughput,tokens/sec,avg,0.00
10,1780436645370335232,1780436646370335232,Effective Total Throughput,tokens/sec,min,0.00
10,1780436645370335232,1780436646370335232,Effective Total Throughput,tokens/sec,max,0.00
10,1780436645370335232,1780436646370335232,Effective Total Throughput,tokens/sec,p50,0.00
10,1780436645370335232,1780436646370335232,Effective Total Throughput,tokens/sec,p90,0.00
10,1780436645370335232,1780436646370335232,Effective Total Throughput,tokens/sec,p95,0.00
10,1780436645370335232,1780436646370335232,Effective Total Throughput,tokens/sec,p99,0.00
10,1780436645370335232,1780436646370335232,Effective Total Throughput,tokens/sec,std,0.00
10,1780436645370335232,1780436646370335232,Error Request Count,requests,avg,3.00
10,1780436645370335232,1780436646370335232,Tokens In Flight,tokens,avg,0.00
10,1780436645370335232,1780436646370335232,Tokens In Flight,tokens,min,0.00
10,1780436645370335232,1780436646370335232,Tokens In Flight,tokens,max,0.00
10,1780436645370335232,1780436646370335232,Tokens In Flight,tokens,p50,0.00
10,1780436645370335232,1780436646370335232,Tokens In Flight,tokens,p90,0.00
10,1780436645370335232,1780436646370335232,Tokens In Flight,tokens,p95,0.00
10,1780436645370335232,1780436646370335232,Tokens In Flight,tokens,p99,0.00
10,1780436645370335232,1780436646370335232,Tokens In Flight,tokens,std,0.00
11,1780436647370335232,1780436648370335232,Active Decode Throughput,tokens/sec,avg,0.00
11,1780436647370335232,1780436648370335232,Active Decode Throughput,tokens/sec,min,0.00
11,1780436647370335232,1780436648370335232,Active Decode Throughput,tokens/sec,max,0.00
11,1780436647370335232,1780436648370335232,Active Decode Throughput,tokens/sec,p50,0.00
11,1780436647370335232,1780436648370335232,Active Decode Throughput,tokens/sec,p90,0.00
11,1780436647370335232,1780436648370335232,Active Decode Throughput,tokens/sec,p95,0.00
11,1780436647370335232,1780436648370335232,Active Decode Throughput,tokens/sec,p99,0.00
11,1780436647370335232,1780436648370335232,Active Decode Throughput,tokens/sec,std,0.00
11,1780436647370335232,1780436648370335232,Active Decode Throughput Per User,tokens/sec/user,avg,0.00
11,1780436647370335232,1780436648370335232,Active Decode Throughput Per User,tokens/sec/user,min,0.00
11,1780436647370335232,1780436648370335232,Active Decode Throughput Per User,tokens/sec/user,max,0.00
11,1780436647370335232,1780436648370335232,Active Decode Throughput Per User,tokens/sec/user,p50,0.00
11,1780436647370335232,1780436648370335232,Active Decode Throughput Per User,tokens/sec/user,p90,0.00
11,1780436647370335232,1780436648370335232,Active Decode Throughput Per User,tokens/sec/user,p95,0.00
11,1780436647370335232,1780436648370335232,Active Decode Throughput Per User,tokens/sec/user,p99,0.00
11,1780436647370335232,1780436648370335232,Active Decode Throughput Per User,tokens/sec/user,std,0.00
11,1780436647370335232,1780436648370335232,Active Prefill Throughput,tokens/sec,avg,0.00
11,1780436647370335232,1780436648370335232,Active Prefill Throughput,tokens/sec,min,0.00
11,1780436647370335232,1780436648370335232,Active Prefill Throughput,tokens/sec,max,0.00
11,1780436647370335232,1780436648370335232,Active Prefill Throughput,tokens/sec,p50,0.00
11,1780436647370335232,1780436648370335232,Active Prefill Throughput,tokens/sec,p90,0.00
11,1780436647370335232,1780436648370335232,Active Prefill Throughput,tokens/sec,p95,0.00
11,1780436647370335232,1780436648370335232,Active Prefill Throughput,tokens/sec,p99,0.00
11,1780436647370335232,1780436648370335232,Active Prefill Throughput,tokens/sec,std,0.00
11,1780436647370335232,1780436648370335232,Active Prefill Throughput Per User,tokens/sec/user,avg,0.00
11,1780436647370335232,1780436648370335232,Active Prefill Throughput Per User,tokens/sec/user,min,0.00
11,1780436647370335232,1780436648370335232,Active Prefill Throughput Per User,tokens/sec/user,max,0.00
11,1780436647370335232,1780436648370335232,Active Prefill Throughput Per User,tokens/sec/user,p50,0.00
11,1780436647370335232,1780436648370335232,Active Prefill Throughput Per User,tokens/sec/user,p90,0.00
11,1780436647370335232,1780436648370335232,Active Prefill Throughput Per User,tokens/sec/user,p95,0.00
11,1780436647370335232,1780436648370335232,Active Prefill Throughput Per User,tokens/sec/user,p99,0.00
11,1780436647370335232,1780436648370335232,Active Prefill Throughput Per User,tokens/sec/user,std,0.00
11,1780436647370335232,1780436648370335232,Active Total Throughput,tokens/sec,avg,0.00
11,1780436647370335232,1780436648370335232,Active Total Throughput,tokens/sec,min,0.00
11,1780436647370335232,1780436648370335232,Active Total Throughput,tokens/sec,max,0.00
11,1780436647370335232,1780436648370335232,Active Total Throughput,tokens/sec,p50,0.00
11,1780436647370335232,1780436648370335232,Active Total Throughput,tokens/sec,p90,0.00
11,1780436647370335232,1780436648370335232,Active Total Throughput,tokens/sec,p95,0.00
11,1780436647370335232,1780436648370335232,Active Total Throughput,tokens/sec,p99,0.00
11,1780436647370335232,1780436648370335232,Active Total Throughput,tokens/sec,std,0.00
11,1780436647370335232,1780436648370335232,Context Overflow Count,requests,avg,0.00
11,1780436647370335232,1780436648370335232,Effective Concurrency,requests,avg,0.00
11,1780436647370335232,1780436648370335232,Effective Concurrency,requests,min,0.00
11,1780436647370335232,1780436648370335232,Effective Concurrency,requests,max,1.00
11,1780436647370335232,1780436648370335232,Effective Concurrency,requests,p50,0.00
11,1780436647370335232,1780436648370335232,Effective Concurrency,requests,p90,0.00
11,1780436647370335232,1780436648370335232,Effective Concurrency,requests,p95,0.00
11,1780436647370335232,1780436648370335232,Effective Concurrency,requests,p99,0.00
11,1780436647370335232,1780436648370335232,Effective Concurrency,requests,std,0.06
11,1780436647370335232,1780436648370335232,Effective Decode Concurrency,requests,avg,0.00
11,1780436647370335232,1780436648370335232,Effective Decode Concurrency,requests,min,0.00
11,1780436647370335232,1780436648370335232,Effective Decode Concurrency,requests,max,0.00
11,1780436647370335232,1780436648370335232,Effective Decode Concurrency,requests,p50,0.00
11,1780436647370335232,1780436648370335232,Effective Decode Concurrency,requests,p90,0.00
11,1780436647370335232,1780436648370335232,Effective Decode Concurrency,requests,p95,0.00
11,1780436647370335232,1780436648370335232,Effective Decode Concurrency,requests,p99,0.00
11,1780436647370335232,1780436648370335232,Effective Decode Concurrency,requests,std,0.00
11,1780436647370335232,1780436648370335232,Effective Decode Throughput,tokens/sec,avg,0.00
11,1780436647370335232,1780436648370335232,Effective Decode Throughput,tokens/sec,min,0.00
11,1780436647370335232,1780436648370335232,Effective Decode Throughput,tokens/sec,max,0.00
11,1780436647370335232,1780436648370335232,Effective Decode Throughput,tokens/sec,p50,0.00
11,1780436647370335232,1780436648370335232,Effective Decode Throughput,tokens/sec,p90,0.00
11,1780436647370335232,1780436648370335232,Effective Decode Throughput,tokens/sec,p95,0.00
11,1780436647370335232,1780436648370335232,Effective Decode Throughput,tokens/sec,p99,0.00
11,1780436647370335232,1780436648370335232,Effective Decode Throughput,tokens/sec,std,0.00
11,1780436647370335232,1780436648370335232,Effective Decode Throughput Per User,tokens/sec/user,avg,0.00
11,1780436647370335232,1780436648370335232,Effective Decode Throughput Per User,tokens/sec/user,min,0.00
11,1780436647370335232,1780436648370335232,Effective Decode Throughput Per User,tokens/sec/user,max,0.00
11,1780436647370335232,1780436648370335232,Effective Decode Throughput Per User,tokens/sec/user,p50,0.00
11,1780436647370335232,1780436648370335232,Effective Decode Throughput Per User,tokens/sec/user,p90,0.00
11,1780436647370335232,1780436648370335232,Effective Decode Throughput Per User,tokens/sec/user,p95,0.00
11,1780436647370335232,1780436648370335232,Effective Decode Throughput Per User,tokens/sec/user,p99,0.00
11,1780436647370335232,1780436648370335232,Effective Decode Throughput Per User,tokens/sec/user,std,0.00
11,1780436647370335232,1780436648370335232,Effective Prefill Concurrency,requests,avg,0.00
11,1780436647370335232,1780436648370335232,Effective Prefill Concurrency,requests,min,0.00
11,1780436647370335232,1780436648370335232,Effective Prefill Concurrency,requests,max,0.00
11,1780436647370335232,1780436648370335232,Effective Prefill Concurrency,requests,p50,0.00
11,1780436647370335232,1780436648370335232,Effective Prefill Concurrency,requests,p90,0.00
11,1780436647370335232,1780436648370335232,Effective Prefill Concurrency,requests,p95,0.00
11,1780436647370335232,1780436648370335232,Effective Prefill Concurrency,requests,p99,0.00
11,1780436647370335232,1780436648370335232,Effective Prefill Concurrency,requests,std,0.00
11,1780436647370335232,1780436648370335232,Effective Prefill Throughput,tokens/sec,avg,0.00
11,1780436647370335232,1780436648370335232,Effective Prefill Throughput,tokens/sec,min,0.00
11,1780436647370335232,1780436648370335232,Effective Prefill Throughput,tokens/sec,max,0.00
11,1780436647370335232,1780436648370335232,Effective Prefill Throughput,tokens/sec,p50,0.00
11,1780436647370335232,1780436648370335232,Effective Prefill Throughput,tokens/sec,p90,0.00
11,1780436647370335232,1780436648370335232,Effective Prefill Throughput,tokens/sec,p95,0.00
11,1780436647370335232,1780436648370335232,Effective Prefill Throughput,tokens/sec,p99,0.00
11,1780436647370335232,1780436648370335232,Effective Prefill Throughput,tokens/sec,std,0.00
11,1780436647370335232,1780436648370335232,Effective Prefill Throughput Per User,tokens/sec/user,avg,0.00
11,1780436647370335232,1780436648370335232,Effective Prefill Throughput Per User,tokens/sec/user,min,0.00
11,1780436647370335232,1780436648370335232,Effective Prefill Throughput Per User,tokens/sec/user,max,0.00
11,1780436647370335232,1780436648370335232,Effective Prefill Throughput Per User,tokens/sec/user,p50,0.00
11,1780436647370335232,1780436648370335232,Effective Prefill Throughput Per User,tokens/sec/user,p90,0.00
11,1780436647370335232,1780436648370335232,Effective Prefill Throughput Per User,tokens/sec/user,p95,0.00
11,1780436647370335232,1780436648370335232,Effective Prefill Throughput Per User,tokens/sec/user,p99,0.00
11,1780436647370335232,1780436648370335232,Effective Prefill Throughput Per User,tokens/sec/user,std,0.00
11,1780436647370335232,1780436648370335232,Effective Total Throughput,tokens/sec,avg,0.00
11,1780436647370335232,1780436648370335232,Effective Total Throughput,tokens/sec,min,0.00
11,1780436647370335232,1780436648370335232,Effective Total Throughput,tokens/sec,max,0.00
11,1780436647370335232,1780436648370335232,Effective Total Throughput,tokens/sec,p50,0.00
11,1780436647370335232,1780436648370335232,Effective Total Throughput,tokens/sec,p90,0.00
11,1780436647370335232,1780436648370335232,Effective Total Throughput,tokens/sec,p95,0.00
11,1780436647370335232,1780436648370335232,Effective Total Throughput,tokens/sec,p99,0.00
11,1780436647370335232,1780436648370335232,Effective Total Throughput,tokens/sec,std,0.00
11,1780436647370335232,1780436648370335232,Error Request Count,requests,avg,4.00
11,1780436647370335232,1780436648370335232,Tokens In Flight,tokens,avg,0.00
11,1780436647370335232,1780436648370335232,Tokens In Flight,tokens,min,0.00
11,1780436647370335232,1780436648370335232,Tokens In Flight,tokens,max,0.00
11,1780436647370335232,1780436648370335232,Tokens In Flight,tokens,p50,0.00
11,1780436647370335232,1780436648370335232,Tokens In Flight,tokens,p90,0.00
11,1780436647370335232,1780436648370335232,Tokens In Flight,tokens,p95,0.00
11,1780436647370335232,1780436648370335232,Tokens In Flight,tokens,p99,0.00
11,1780436647370335232,1780436648370335232,Tokens In Flight,tokens,std,0.00
12,1780436648370335232,1780436649370335232,Active Decode Throughput,tokens/sec,avg,0.00
12,1780436648370335232,1780436649370335232,Active Decode Throughput,tokens/sec,min,0.00
12,1780436648370335232,1780436649370335232,Active Decode Throughput,tokens/sec,max,0.00
12,1780436648370335232,1780436649370335232,Active Decode Throughput,tokens/sec,p50,0.00
12,1780436648370335232,1780436649370335232,Active Decode Throughput,tokens/sec,p90,0.00
12,1780436648370335232,1780436649370335232,Active Decode Throughput,tokens/sec,p95,0.00
12,1780436648370335232,1780436649370335232,Active Decode Throughput,tokens/sec,p99,0.00
12,1780436648370335232,1780436649370335232,Active Decode Throughput,tokens/sec,std,0.00
12,1780436648370335232,1780436649370335232,Active Decode Throughput Per User,tokens/sec/user,avg,0.00
12,1780436648370335232,1780436649370335232,Active Decode Throughput Per User,tokens/sec/user,min,0.00
12,1780436648370335232,1780436649370335232,Active Decode Throughput Per User,tokens/sec/user,max,0.00
12,1780436648370335232,1780436649370335232,Active Decode Throughput Per User,tokens/sec/user,p50,0.00
12,1780436648370335232,1780436649370335232,Active Decode Throughput Per User,tokens/sec/user,p90,0.00
12,1780436648370335232,1780436649370335232,Active Decode Throughput Per User,tokens/sec/user,p95,0.00
12,1780436648370335232,1780436649370335232,Active Decode Throughput Per User,tokens/sec/user,p99,0.00
12,1780436648370335232,1780436649370335232,Active Decode Throughput Per User,tokens/sec/user,std,0.00
12,1780436648370335232,1780436649370335232,Active Prefill Throughput,tokens/sec,avg,0.00
12,1780436648370335232,1780436649370335232,Active Prefill Throughput,tokens/sec,min,0.00
12,1780436648370335232,1780436649370335232,Active Prefill Throughput,tokens/sec,max,0.00
12,1780436648370335232,1780436649370335232,Active Prefill Throughput,tokens/sec,p50,0.00
12,1780436648370335232,1780436649370335232,Active Prefill Throughput,tokens/sec,p90,0.00
12,1780436648370335232,1780436649370335232,Active Prefill Throughput,tokens/sec,p95,0.00
12,1780436648370335232,1780436649370335232,Active Prefill Throughput,tokens/sec,p99,0.00
12,1780436648370335232,1780436649370335232,Active Prefill Throughput,tokens/sec,std,0.00
12,1780436648370335232,1780436649370335232,Active Prefill Throughput Per User,tokens/sec/user,avg,0.00
12,1780436648370335232,1780436649370335232,Active Prefill Throughput Per User,tokens/sec/user,min,0.00
12,1780436648370335232,1780436649370335232,Active Prefill Throughput Per User,tokens/sec/user,max,0.00
12,1780436648370335232,1780436649370335232,Active Prefill Throughput Per User,tokens/sec/user,p50,0.00
12,1780436648370335232,1780436649370335232,Active Prefill Throughput Per User,tokens/sec/user,p90,0.00
12,1780436648370335232,1780436649370335232,Active Prefill Throughput Per User,tokens/sec/user,p95,0.00
12,1780436648370335232,1780436649370335232,Active Prefill Throughput Per User,tokens/sec/user,p99,0.00
12,1780436648370335232,1780436649370335232,Active Prefill Throughput Per User,tokens/sec/user,std,0.00
12,1780436648370335232,1780436649370335232,Active Total Throughput,tokens/sec,avg,0.00
12,1780436648370335232,1780436649370335232,Active Total Throughput,tokens/sec,min,0.00
12,1780436648370335232,1780436649370335232,Active Total Throughput,tokens/sec,max,0.00
12,1780436648370335232,1780436649370335232,Active Total Throughput,tokens/sec,p50,0.00
12,1780436648370335232,1780436649370335232,Active Total Throughput,tokens/sec,p90,0.00
12,1780436648370335232,1780436649370335232,Active Total Throughput,tokens/sec,p95,0.00
12,1780436648370335232,1780436649370335232,Active Total Throughput,tokens/sec,p99,0.00
12,1780436648370335232,1780436649370335232,Active Total Throughput,tokens/sec,std,0.00
12,1780436648370335232,1780436649370335232,Context Overflow Count,requests,avg,0.00
12,1780436648370335232,1780436649370335232,Effective Concurrency,requests,avg,0.00
12,1780436648370335232,1780436649370335232,Effective Concurrency,requests,min,0.00
12,1780436648370335232,1780436649370335232,Effective Concurrency,requests,max,1.00
12,1780436648370335232,1780436649370335232,Effective Concurrency,requests,p50,0.00
12,1780436648370335232,1780436649370335232,Effective Concurrency,requests,p90,0.00
12,1780436648370335232,1780436649370335232,Effective Concurrency,requests,p95,0.00
12,1780436648370335232,1780436649370335232,Effective Concurrency,requests,p99,0.00
12,1780436648370335232,1780436649370335232,Effective Concurrency,requests,std,0.03
12,1780436648370335232,1780436649370335232,Effective Decode Concurrency,requests,avg,0.00
12,1780436648370335232,1780436649370335232,Effective Decode Concurrency,requests,min,0.00
12,1780436648370335232,1780436649370335232,Effective Decode Concurrency,requests,max,0.00
12,1780436648370335232,1780436649370335232,Effective Decode Concurrency,requests,p50,0.00
12,1780436648370335232,1780436649370335232,Effective Decode Concurrency,requests,p90,0.00
12,1780436648370335232,1780436649370335232,Effective Decode Concurrency,requests,p95,0.00
12,1780436648370335232,1780436649370335232,Effective Decode Concurrency,requests,p99,0.00
12,1780436648370335232,1780436649370335232,Effective Decode Concurrency,requests,std,0.00
12,1780436648370335232,1780436649370335232,Effective Decode Throughput,tokens/sec,avg,0.00
12,1780436648370335232,1780436649370335232,Effective Decode Throughput,tokens/sec,min,0.00
12,1780436648370335232,1780436649370335232,Effective Decode Throughput,tokens/sec,max,0.00
12,1780436648370335232,1780436649370335232,Effective Decode Throughput,tokens/sec,p50,0.00
12,1780436648370335232,1780436649370335232,Effective Decode Throughput,tokens/sec,p90,0.00
12,1780436648370335232,1780436649370335232,Effective Decode Throughput,tokens/sec,p95,0.00
12,1780436648370335232,1780436649370335232,Effective Decode Throughput,tokens/sec,p99,0.00
12,1780436648370335232,1780436649370335232,Effective Decode Throughput,tokens/sec,std,0.00
12,1780436648370335232,1780436649370335232,Effective Decode Throughput Per User,tokens/sec/user,avg,0.00
12,1780436648370335232,1780436649370335232,Effective Decode Throughput Per User,tokens/sec/user,min,0.00
12,1780436648370335232,1780436649370335232,Effective Decode Throughput Per User,tokens/sec/user,max,0.00
12,1780436648370335232,1780436649370335232,Effective Decode Throughput Per User,tokens/sec/user,p50,0.00
12,1780436648370335232,1780436649370335232,Effective Decode Throughput Per User,tokens/sec/user,p90,0.00
12,1780436648370335232,1780436649370335232,Effective Decode Throughput Per User,tokens/sec/user,p95,0.00
12,1780436648370335232,1780436649370335232,Effective Decode Throughput Per User,tokens/sec/user,p99,0.00
12,1780436648370335232,1780436649370335232,Effective Decode Throughput Per User,tokens/sec/user,std,0.00
12,1780436648370335232,1780436649370335232,Effective Prefill Concurrency,requests,avg,0.00
12,1780436648370335232,1780436649370335232,Effective Prefill Concurrency,requests,min,0.00
12,1780436648370335232,1780436649370335232,Effective Prefill Concurrency,requests,max,0.00
12,1780436648370335232,1780436649370335232,Effective Prefill Concurrency,requests,p50,0.00
12,1780436648370335232,1780436649370335232,Effective Prefill Concurrency,requests,p90,0.00
12,1780436648370335232,1780436649370335232,Effective Prefill Concurrency,requests,p95,0.00
12,1780436648370335232,1780436649370335232,Effective Prefill Concurrency,requests,p99,0.00
12,1780436648370335232,1780436649370335232,Effective Prefill Concurrency,requests,std,0.00
12,1780436648370335232,1780436649370335232,Effective Prefill Throughput,tokens/sec,avg,0.00
12,1780436648370335232,1780436649370335232,Effective Prefill Throughput,tokens/sec,min,0.00
12,1780436648370335232,1780436649370335232,Effective Prefill Throughput,tokens/sec,max,0.00
12,1780436648370335232,1780436649370335232,Effective Prefill Throughput,tokens/sec,p50,0.00
12,1780436648370335232,1780436649370335232,Effective Prefill Throughput,tokens/sec,p90,0.00
12,1780436648370335232,1780436649370335232,Effective Prefill Throughput,tokens/sec,p95,0.00
12,1780436648370335232,1780436649370335232,Effective Prefill Throughput,tokens/sec,p99,0.00
12,1780436648370335232,1780436649370335232,Effective Prefill Throughput,tokens/sec,std,0.00
12,1780436648370335232,1780436649370335232,Effective Prefill Throughput Per User,tokens/sec/user,avg,0.00
12,1780436648370335232,1780436649370335232,Effective Prefill Throughput Per User,tokens/sec/user,min,0.00
12,1780436648370335232,1780436649370335232,Effective Prefill Throughput Per User,tokens/sec/user,max,0.00
12,1780436648370335232,1780436649370335232,Effective Prefill Throughput Per User,tokens/sec/user,p50,0.00
12,1780436648370335232,1780436649370335232,Effective Prefill Throughput Per User,tokens/sec/user,p90,0.00
12,1780436648370335232,1780436649370335232,Effective Prefill Throughput Per User,tokens/sec/user,p95,0.00
12,1780436648370335232,1780436649370335232,Effective Prefill Throughput Per User,tokens/sec/user,p99,0.00
12,1780436648370335232,1780436649370335232,Effective Prefill Throughput Per User,tokens/sec/user,std,0.00
12,1780436648370335232,1780436649370335232,Effective Total Throughput,tokens/sec,avg,0.00
12,1780436648370335232,1780436649370335232,Effective Total Throughput,tokens/sec,min,0.00
12,1780436648370335232,1780436649370335232,Effective Total Throughput,tokens/sec,max,0.00
12,1780436648370335232,1780436649370335232,Effective Total Throughput,tokens/sec,p50,0.00
12,1780436648370335232,1780436649370335232,Effective Total Throughput,tokens/sec,p90,0.00
12,1780436648370335232,1780436649370335232,Effective Total Throughput,tokens/sec,p95,0.00
12,1780436648370335232,1780436649370335232,Effective Total Throughput,tokens/sec,p99,0.00
12,1780436648370335232,1780436649370335232,Effective Total Throughput,tokens/sec,std,0.00
12,1780436648370335232,1780436649370335232,Error Request Count,requests,avg,1.00
12,1780436648370335232,1780436649370335232,Tokens In Flight,tokens,avg,0.00
12,1780436648370335232,1780436649370335232,Tokens In Flight,tokens,min,0.00
12,1780436648370335232,1780436649370335232,Tokens In Flight,tokens,max,0.00
12,1780436648370335232,1780436649370335232,Tokens In Flight,tokens,p50,0.00
12,1780436648370335232,1780436649370335232,Tokens In Flight,tokens,p90,0.00
12,1780436648370335232,1780436649370335232,Tokens In Flight,tokens,p95,0.00
12,1780436648370335232,1780436649370335232,Tokens In Flight,tokens,p99,0.00
12,1780436648370335232,1780436649370335232,Tokens In Flight,tokens,std,0.00
13,1780436649370335232,1780436650370335232,Active Decode Throughput,tokens/sec,avg,0.00
13,1780436649370335232,1780436650370335232,Active Decode Throughput,tokens/sec,min,0.00
13,1780436649370335232,1780436650370335232,Active Decode Throughput,tokens/sec,max,0.00
13,1780436649370335232,1780436650370335232,Active Decode Throughput,tokens/sec,p50,0.00
13,1780436649370335232,1780436650370335232,Active Decode Throughput,tokens/sec,p90,0.00
13,1780436649370335232,1780436650370335232,Active Decode Throughput,tokens/sec,p95,0.00
13,1780436649370335232,1780436650370335232,Active Decode Throughput,tokens/sec,p99,0.00
13,1780436649370335232,1780436650370335232,Active Decode Throughput,tokens/sec,std,0.00
13,1780436649370335232,1780436650370335232,Active Decode Throughput Per User,tokens/sec/user,avg,0.00
13,1780436649370335232,1780436650370335232,Active Decode Throughput Per User,tokens/sec/user,min,0.00
13,1780436649370335232,1780436650370335232,Active Decode Throughput Per User,tokens/sec/user,max,0.00
13,1780436649370335232,1780436650370335232,Active Decode Throughput Per User,tokens/sec/user,p50,0.00
13,1780436649370335232,1780436650370335232,Active Decode Throughput Per User,tokens/sec/user,p90,0.00
13,1780436649370335232,1780436650370335232,Active Decode Throughput Per User,tokens/sec/user,p95,0.00
13,1780436649370335232,1780436650370335232,Active Decode Throughput Per User,tokens/sec/user,p99,0.00
13,1780436649370335232,1780436650370335232,Active Decode Throughput Per User,tokens/sec/user,std,0.00
13,1780436649370335232,1780436650370335232,Active Prefill Throughput,tokens/sec,avg,0.00
13,1780436649370335232,1780436650370335232,Active Prefill Throughput,tokens/sec,min,0.00
13,1780436649370335232,1780436650370335232,Active Prefill Throughput,tokens/sec,max,0.00
13,1780436649370335232,1780436650370335232,Active Prefill Throughput,tokens/sec,p50,0.00
13,1780436649370335232,1780436650370335232,Active Prefill Throughput,tokens/sec,p90,0.00
13,1780436649370335232,1780436650370335232,Active Prefill Throughput,tokens/sec,p95,0.00
13,1780436649370335232,1780436650370335232,Active Prefill Throughput,tokens/sec,p99,0.00
13,1780436649370335232,1780436650370335232,Active Prefill Throughput,tokens/sec,std,0.00
13,1780436649370335232,1780436650370335232,Active Prefill Throughput Per User,tokens/sec/user,avg,0.00
13,1780436649370335232,1780436650370335232,Active Prefill Throughput Per User,tokens/sec/user,min,0.00
13,1780436649370335232,1780436650370335232,Active Prefill Throughput Per User,tokens/sec/user,max,0.00
13,1780436649370335232,1780436650370335232,Active Prefill Throughput Per User,tokens/sec/user,p50,0.00
13,1780436649370335232,1780436650370335232,Active Prefill Throughput Per User,tokens/sec/user,p90,0.00
13,1780436649370335232,1780436650370335232,Active Prefill Throughput Per User,tokens/sec/user,p95,0.00
13,1780436649370335232,1780436650370335232,Active Prefill Throughput Per User,tokens/sec/user,p99,0.00
13,1780436649370335232,1780436650370335232,Active Prefill Throughput Per User,tokens/sec/user,std,0.00
13,1780436649370335232,1780436650370335232,Active Total Throughput,tokens/sec,avg,0.00
13,1780436649370335232,1780436650370335232,Active Total Throughput,tokens/sec,min,0.00
13,1780436649370335232,1780436650370335232,Active Total Throughput,tokens/sec,max,0.00
13,1780436649370335232,1780436650370335232,Active Total Throughput,tokens/sec,p50,0.00
13,1780436649370335232,1780436650370335232,Active Total Throughput,tokens/sec,p90,0.00
13,1780436649370335232,1780436650370335232,Active Total Throughput,tokens/sec,p95,0.00
13,1780436649370335232,1780436650370335232,Active Total Throughput,tokens/sec,p99,0.00
13,1780436649370335232,1780436650370335232,Active Total Throughput,tokens/sec,std,0.00
13,1780436649370335232,1780436650370335232,Context Overflow Count,requests,avg,0.00
13,1780436649370335232,1780436650370335232,Effective Concurrency,requests,avg,0.00
13,1780436649370335232,1780436650370335232,Effective Concurrency,requests,min,0.00
13,1780436649370335232,1780436650370335232,Effective Concurrency,requests,max,1.00
13,1780436649370335232,1780436650370335232,Effective Concurrency,requests,p50,0.00
13,1780436649370335232,1780436650370335232,Effective Concurrency,requests,p90,0.00
13,1780436649370335232,1780436650370335232,Effective Concurrency,requests,p95,0.00
13,1780436649370335232,1780436650370335232,Effective Concurrency,requests,p99,0.00
13,1780436649370335232,1780436650370335232,Effective Concurrency,requests,std,0.06
13,1780436649370335232,1780436650370335232,Effective Decode Concurrency,requests,avg,0.00
13,1780436649370335232,1780436650370335232,Effective Decode Concurrency,requests,min,0.00
13,1780436649370335232,1780436650370335232,Effective Decode Concurrency,requests,max,0.00
13,1780436649370335232,1780436650370335232,Effective Decode Concurrency,requests,p50,0.00
13,1780436649370335232,1780436650370335232,Effective Decode Concurrency,requests,p90,0.00
13,1780436649370335232,1780436650370335232,Effective Decode Concurrency,requests,p95,0.00
13,1780436649370335232,1780436650370335232,Effective Decode Concurrency,requests,p99,0.00
13,1780436649370335232,1780436650370335232,Effective Decode Concurrency,requests,std,0.00
13,1780436649370335232,1780436650370335232,Effective Decode Throughput,tokens/sec,avg,0.00
13,1780436649370335232,1780436650370335232,Effective Decode Throughput,tokens/sec,min,0.00
13,1780436649370335232,1780436650370335232,Effective Decode Throughput,tokens/sec,max,0.00
13,1780436649370335232,1780436650370335232,Effective Decode Throughput,tokens/sec,p50,0.00
13,1780436649370335232,1780436650370335232,Effective Decode Throughput,tokens/sec,p90,0.00
13,1780436649370335232,1780436650370335232,Effective Decode Throughput,tokens/sec,p95,0.00
13,1780436649370335232,1780436650370335232,Effective Decode Throughput,tokens/sec,p99,0.00
13,1780436649370335232,1780436650370335232,Effective Decode Throughput,tokens/sec,std,0.00
13,1780436649370335232,1780436650370335232,Effective Decode Throughput Per User,tokens/sec/user,avg,0.00
13,1780436649370335232,1780436650370335232,Effective Decode Throughput Per User,tokens/sec/user,min,0.00
13,1780436649370335232,1780436650370335232,Effective Decode Throughput Per User,tokens/sec/user,max,0.00
13,1780436649370335232,1780436650370335232,Effective Decode Throughput Per User,tokens/sec/user,p50,0.00
13,1780436649370335232,1780436650370335232,Effective Decode Throughput Per User,tokens/sec/user,p90,0.00
13,1780436649370335232,1780436650370335232,Effective Decode Throughput Per User,tokens/sec/user,p95,0.00
13,1780436649370335232,1780436650370335232,Effective Decode Throughput Per User,tokens/sec/user,p99,0.00
13,1780436649370335232,1780436650370335232,Effective Decode Throughput Per User,tokens/sec/user,std,0.00
13,1780436649370335232,1780436650370335232,Effective Prefill Concurrency,requests,avg,0.00
13,1780436649370335232,1780436650370335232,Effective Prefill Concurrency,requests,min,0.00
13,1780436649370335232,1780436650370335232,Effective Prefill Concurrency,requests,max,0.00
13,1780436649370335232,1780436650370335232,Effective Prefill Concurrency,requests,p50,0.00
13,1780436649370335232,1780436650370335232,Effective Prefill Concurrency,requests,p90,0.00
13,1780436649370335232,1780436650370335232,Effective Prefill Concurrency,requests,p95,0.00
13,1780436649370335232,1780436650370335232,Effective Prefill Concurrency,requests,p99,0.00
13,1780436649370335232,1780436650370335232,Effective Prefill Concurrency,requests,std,0.00
13,1780436649370335232,1780436650370335232,Effective Prefill Throughput,tokens/sec,avg,0.00
13,1780436649370335232,1780436650370335232,Effective Prefill Throughput,tokens/sec,min,0.00
13,1780436649370335232,1780436650370335232,Effective Prefill Throughput,tokens/sec,max,0.00
13,1780436649370335232,1780436650370335232,Effective Prefill Throughput,tokens/sec,p50,0.00
13,1780436649370335232,1780436650370335232,Effective Prefill Throughput,tokens/sec,p90,0.00
13,1780436649370335232,1780436650370335232,Effective Prefill Throughput,tokens/sec,p95,0.00
13,1780436649370335232,1780436650370335232,Effective Prefill Throughput,tokens/sec,p99,0.00
13,1780436649370335232,1780436650370335232,Effective Prefill Throughput,tokens/sec,std,0.00
13,1780436649370335232,1780436650370335232,Effective Prefill Throughput Per User,tokens/sec/user,avg,0.00
13,1780436649370335232,1780436650370335232,Effective Prefill Throughput Per User,tokens/sec/user,min,0.00
13,1780436649370335232,1780436650370335232,Effective Prefill Throughput Per User,tokens/sec/user,max,0.00
13,1780436649370335232,1780436650370335232,Effective Prefill Throughput Per User,tokens/sec/user,p50,0.00
13,1780436649370335232,1780436650370335232,Effective Prefill Throughput Per User,tokens/sec/user,p90,0.00
13,1780436649370335232,1780436650370335232,Effective Prefill Throughput Per User,tokens/sec/user,p95,0.00
13,1780436649370335232,1780436650370335232,Effective Prefill Throughput Per User,tokens/sec/user,p99,0.00
13,1780436649370335232,1780436650370335232,Effective Prefill Throughput Per User,tokens/sec/user,std,0.00
13,1780436649370335232,1780436650370335232,Effective Total Throughput,tokens/sec,avg,0.00
13,1780436649370335232,1780436650370335232,Effective Total Throughput,tokens/sec,min,0.00
13,1780436649370335232,1780436650370335232,Effective Total Throughput,tokens/sec,max,0.00
13,1780436649370335232,1780436650370335232,Effective Total Throughput,tokens/sec,p50,0.00
13,1780436649370335232,1780436650370335232,Effective Total Throughput,tokens/sec,p90,0.00
13,1780436649370335232,1780436650370335232,Effective Total Throughput,tokens/sec,p95,0.00
13,1780436649370335232,1780436650370335232,Effective Total Throughput,tokens/sec,p99,0.00
13,1780436649370335232,1780436650370335232,Effective Total Throughput,tokens/sec,std,0.00
13,1780436649370335232,1780436650370335232,Error Request Count,requests,avg,3.00
13,1780436649370335232,1780436650370335232,Tokens In Flight,tokens,avg,0.00
13,1780436649370335232,1780436650370335232,Tokens In Flight,tokens,min,0.00
13,1780436649370335232,1780436650370335232,Tokens In Flight,tokens,max,0.00
13,1780436649370335232,1780436650370335232,Tokens In Flight,tokens,p50,0.00
13,1780436649370335232,1780436650370335232,Tokens In Flight,tokens,p90,0.00
13,1780436649370335232,1780436650370335232,Tokens In Flight,tokens,p95,0.00
13,1780436649370335232,1780436650370335232,Tokens In Flight,tokens,p99,0.00
13,1780436649370335232,1780436650370335232,Tokens In Flight,tokens,std,0.00
14,1780436650370335232,1780436651370335232,Active Decode Throughput,tokens/sec,avg,0.00
14,1780436650370335232,1780436651370335232,Active Decode Throughput,tokens/sec,min,0.00
14,1780436650370335232,1780436651370335232,Active Decode Throughput,tokens/sec,max,0.00
14,1780436650370335232,1780436651370335232,Active Decode Throughput,tokens/sec,p50,0.00
14,1780436650370335232,1780436651370335232,Active Decode Throughput,tokens/sec,p90,0.00
14,1780436650370335232,1780436651370335232,Active Decode Throughput,tokens/sec,p95,0.00
14,1780436650370335232,1780436651370335232,Active Decode Throughput,tokens/sec,p99,0.00
14,1780436650370335232,1780436651370335232,Active Decode Throughput,tokens/sec,std,0.00
14,1780436650370335232,1780436651370335232,Active Decode Throughput Per User,tokens/sec/user,avg,0.00
14,1780436650370335232,1780436651370335232,Active Decode Throughput Per User,tokens/sec/user,min,0.00
14,1780436650370335232,1780436651370335232,Active Decode Throughput Per User,tokens/sec/user,max,0.00
14,1780436650370335232,1780436651370335232,Active Decode Throughput Per User,tokens/sec/user,p50,0.00
14,1780436650370335232,1780436651370335232,Active Decode Throughput Per User,tokens/sec/user,p90,0.00
14,1780436650370335232,1780436651370335232,Active Decode Throughput Per User,tokens/sec/user,p95,0.00
14,1780436650370335232,1780436651370335232,Active Decode Throughput Per User,tokens/sec/user,p99,0.00
14,1780436650370335232,1780436651370335232,Active Decode Throughput Per User,tokens/sec/user,std,0.00
14,1780436650370335232,1780436651370335232,Active Prefill Throughput,tokens/sec,avg,0.00
14,1780436650370335232,1780436651370335232,Active Prefill Throughput,tokens/sec,min,0.00
14,1780436650370335232,1780436651370335232,Active Prefill Throughput,tokens/sec,max,0.00
14,1780436650370335232,1780436651370335232,Active Prefill Throughput,tokens/sec,p50,0.00
14,1780436650370335232,1780436651370335232,Active Prefill Throughput,tokens/sec,p90,0.00
14,1780436650370335232,1780436651370335232,Active Prefill Throughput,tokens/sec,p95,0.00
14,1780436650370335232,1780436651370335232,Active Prefill Throughput,tokens/sec,p99,0.00
14,1780436650370335232,1780436651370335232,Active Prefill Throughput,tokens/sec,std,0.00
14,1780436650370335232,1780436651370335232,Active Prefill Throughput Per User,tokens/sec/user,avg,0.00
14,1780436650370335232,1780436651370335232,Active Prefill Throughput Per User,tokens/sec/user,min,0.00
14,1780436650370335232,1780436651370335232,Active Prefill Throughput Per User,tokens/sec/user,max,0.00
14,1780436650370335232,1780436651370335232,Active Prefill Throughput Per User,tokens/sec/user,p50,0.00
14,1780436650370335232,1780436651370335232,Active Prefill Throughput Per User,tokens/sec/user,p90,0.00
14,1780436650370335232,1780436651370335232,Active Prefill Throughput Per User,tokens/sec/user,p95,0.00
14,1780436650370335232,1780436651370335232,Active Prefill Throughput Per User,tokens/sec/user,p99,0.00
14,1780436650370335232,1780436651370335232,Active Prefill Throughput Per User,tokens/sec/user,std,0.00
14,1780436650370335232,1780436651370335232,Active Total Throughput,tokens/sec,avg,0.00
14,1780436650370335232,1780436651370335232,Active Total Throughput,tokens/sec,min,0.00
14,1780436650370335232,1780436651370335232,Active Total Throughput,tokens/sec,max,0.00
14,1780436650370335232,1780436651370335232,Active Total Throughput,tokens/sec,p50,0.00
14,1780436650370335232,1780436651370335232,Active Total Throughput,tokens/sec,p90,0.00
14,1780436650370335232,1780436651370335232,Active Total Throughput,tokens/sec,p95,0.00
14,1780436650370335232,1780436651370335232,Active Total Throughput,tokens/sec,p99,0.00
14,1780436650370335232,1780436651370335232,Active Total Throughput,tokens/sec,std,0.00
14,1780436650370335232,1780436651370335232,Context Overflow Count,requests,avg,0.00
14,1780436650370335232,1780436651370335232,Effective Concurrency,requests,avg,0.00
14,1780436650370335232,1780436651370335232,Effective Concurrency,requests,min,0.00
14,1780436650370335232,1780436651370335232,Effective Concurrency,requests,max,1.00
14,1780436650370335232,1780436651370335232,Effective Concurrency,requests,p50,0.00
14,1780436650370335232,1780436651370335232,Effective Concurrency,requests,p90,0.00
14,1780436650370335232,1780436651370335232,Effective Concurrency,requests,p95,0.00
14,1780436650370335232,1780436651370335232,Effective Concurrency,requests,p99,0.00
14,1780436650370335232,1780436651370335232,Effective Concurrency,requests,std,0.05
14,1780436650370335232,1780436651370335232,Effective Decode Concurrency,requests,avg,0.00
14,1780436650370335232,1780436651370335232,Effective Decode Concurrency,requests,min,0.00
14,1780436650370335232,1780436651370335232,Effective Decode Concurrency,requests,max,0.00
14,1780436650370335232,1780436651370335232,Effective Decode Concurrency,requests,p50,0.00
14,1780436650370335232,1780436651370335232,Effective Decode Concurrency,requests,p90,0.00
14,1780436650370335232,1780436651370335232,Effective Decode Concurrency,requests,p95,0.00
14,1780436650370335232,1780436651370335232,Effective Decode Concurrency,requests,p99,0.00
14,1780436650370335232,1780436651370335232,Effective Decode Concurrency,requests,std,0.00
14,1780436650370335232,1780436651370335232,Effective Decode Throughput,tokens/sec,avg,0.00
14,1780436650370335232,1780436651370335232,Effective Decode Throughput,tokens/sec,min,0.00
14,1780436650370335232,1780436651370335232,Effective Decode Throughput,tokens/sec,max,0.00
14,1780436650370335232,1780436651370335232,Effective Decode Throughput,tokens/sec,p50,0.00
14,1780436650370335232,1780436651370335232,Effective Decode Throughput,tokens/sec,p90,0.00
14,1780436650370335232,1780436651370335232,Effective Decode Throughput,tokens/sec,p95,0.00
14,1780436650370335232,1780436651370335232,Effective Decode Throughput,tokens/sec,p99,0.00
14,1780436650370335232,1780436651370335232,Effective Decode Throughput,tokens/sec,std,0.00
14,1780436650370335232,1780436651370335232,Effective Decode Throughput Per User,tokens/sec/user,avg,0.00
14,1780436650370335232,1780436651370335232,Effective Decode Throughput Per User,tokens/sec/user,min,0.00
14,1780436650370335232,1780436651370335232,Effective Decode Throughput Per User,tokens/sec/user,max,0.00
14,1780436650370335232,1780436651370335232,Effective Decode Throughput Per User,tokens/sec/user,p50,0.00
14,1780436650370335232,1780436651370335232,Effective Decode Throughput Per User,tokens/sec/user,p90,0.00
14,1780436650370335232,1780436651370335232,Effective Decode Throughput Per User,tokens/sec/user,p95,0.00
14,1780436650370335232,1780436651370335232,Effective Decode Throughput Per User,tokens/sec/user,p99,0.00
14,1780436650370335232,1780436651370335232,Effective Decode Throughput Per User,tokens/sec/user,std,0.00
14,1780436650370335232,1780436651370335232,Effective Prefill Concurrency,requests,avg,0.00
14,1780436650370335232,1780436651370335232,Effective Prefill Concurrency,requests,min,0.00
14,1780436650370335232,1780436651370335232,Effective Prefill Concurrency,requests,max,0.00
14,1780436650370335232,1780436651370335232,Effective Prefill Concurrency,requests,p50,0.00
14,1780436650370335232,1780436651370335232,Effective Prefill Concurrency,requests,p90,0.00
14,1780436650370335232,1780436651370335232,Effective Prefill Concurrency,requests,p95,0.00
14,1780436650370335232,1780436651370335232,Effective Prefill Concurrency,requests,p99,0.00
14,1780436650370335232,1780436651370335232,Effective Prefill Concurrency,requests,std,0.00
14,1780436650370335232,1780436651370335232,Effective Prefill Throughput,tokens/sec,avg,0.00
14,1780436650370335232,1780436651370335232,Effective Prefill Throughput,tokens/sec,min,0.00
14,1780436650370335232,1780436651370335232,Effective Prefill Throughput,tokens/sec,max,0.00
14,1780436650370335232,1780436651370335232,Effective Prefill Throughput,tokens/sec,p50,0.00
14,1780436650370335232,1780436651370335232,Effective Prefill Throughput,tokens/sec,p90,0.00
14,1780436650370335232,1780436651370335232,Effective Prefill Throughput,tokens/sec,p95,0.00
14,1780436650370335232,1780436651370335232,Effective Prefill Throughput,tokens/sec,p99,0.00
14,1780436650370335232,1780436651370335232,Effective Prefill Throughput,tokens/sec,std,0.00
14,1780436650370335232,1780436651370335232,Effective Prefill Throughput Per User,tokens/sec/user,avg,0.00
14,1780436650370335232,1780436651370335232,Effective Prefill Throughput Per User,tokens/sec/user,min,0.00
14,1780436650370335232,1780436651370335232,Effective Prefill Throughput Per User,tokens/sec/user,max,0.00
14,1780436650370335232,1780436651370335232,Effective Prefill Throughput Per User,tokens/sec/user,p50,0.00
14,1780436650370335232,1780436651370335232,Effective Prefill Throughput Per User,tokens/sec/user,p90,0.00
14,1780436650370335232,1780436651370335232,Effective Prefill Throughput Per User,tokens/sec/user,p95,0.00
14,1780436650370335232,1780436651370335232,Effective Prefill Throughput Per User,tokens/sec/user,p99,0.00
14,1780436650370335232,1780436651370335232,Effective Prefill Throughput Per User,tokens/sec/user,std,0.00
14,1780436650370335232,1780436651370335232,Effective Total Throughput,tokens/sec,avg,0.00
14,1780436650370335232,1780436651370335232,Effective Total Throughput,tokens/sec,min,0.00
14,1780436650370335232,1780436651370335232,Effective Total Throughput,tokens/sec,max,0.00
14,1780436650370335232,1780436651370335232,Effective Total Throughput,tokens/sec,p50,0.00
14,1780436650370335232,1780436651370335232,Effective Total Throughput,tokens/sec,p90,0.00
14,1780436650370335232,1780436651370335232,Effective Total Throughput,tokens/sec,p95,0.00
14,1780436650370335232,1780436651370335232,Effective Total Throughput,tokens/sec,p99,0.00
14,1780436650370335232,1780436651370335232,Effective Total Throughput,tokens/sec,std,0.00
14,1780436650370335232,1780436651370335232,Error Request Count,requests,avg,2.00
14,1780436650370335232,1780436651370335232,Tokens In Flight,tokens,avg,0.00
14,1780436650370335232,1780436651370335232,Tokens In Flight,tokens,min,0.00
14,1780436650370335232,1780436651370335232,Tokens In Flight,tokens,max,0.00
14,1780436650370335232,1780436651370335232,Tokens In Flight,tokens,p50,0.00
14,1780436650370335232,1780436651370335232,Tokens In Flight,tokens,p90,0.00
14,1780436650370335232,1780436651370335232,Tokens In Flight,tokens,p95,0.00
14,1780436650370335232,1780436651370335232,Tokens In Flight,tokens,p99,0.00
14,1780436650370335232,1780436651370335232,Tokens In Flight,tokens,std,0.00
15,1780436651370335232,1780436652014080256,Active Decode Throughput,tokens/sec,avg,0.00
15,1780436651370335232,1780436652014080256,Active Decode Throughput,tokens/sec,min,0.00
15,1780436651370335232,1780436652014080256,Active Decode Throughput,tokens/sec,max,0.00
15,1780436651370335232,1780436652014080256,Active Decode Throughput,tokens/sec,p50,0.00
15,1780436651370335232,1780436652014080256,Active Decode Throughput,tokens/sec,p90,0.00
15,1780436651370335232,1780436652014080256,Active Decode Throughput,tokens/sec,p95,0.00
15,1780436651370335232,1780436652014080256,Active Decode Throughput,tokens/sec,p99,0.00
15,1780436651370335232,1780436652014080256,Active Decode Throughput,tokens/sec,std,0.00
15,1780436651370335232,1780436652014080256,Active Decode Throughput Per User,tokens/sec/user,avg,0.00
15,1780436651370335232,1780436652014080256,Active Decode Throughput Per User,tokens/sec/user,min,0.00
15,1780436651370335232,1780436652014080256,Active Decode Throughput Per User,tokens/sec/user,max,0.00
15,1780436651370335232,1780436652014080256,Active Decode Throughput Per User,tokens/sec/user,p50,0.00
15,1780436651370335232,1780436652014080256,Active Decode Throughput Per User,tokens/sec/user,p90,0.00
15,1780436651370335232,1780436652014080256,Active Decode Throughput Per User,tokens/sec/user,p95,0.00
15,1780436651370335232,1780436652014080256,Active Decode Throughput Per User,tokens/sec/user,p99,0.00
15,1780436651370335232,1780436652014080256,Active Decode Throughput Per User,tokens/sec/user,std,0.00
15,1780436651370335232,1780436652014080256,Active Prefill Throughput,tokens/sec,avg,0.00
15,1780436651370335232,1780436652014080256,Active Prefill Throughput,tokens/sec,min,0.00
15,1780436651370335232,1780436652014080256,Active Prefill Throughput,tokens/sec,max,0.00
15,1780436651370335232,1780436652014080256,Active Prefill Throughput,tokens/sec,p50,0.00
15,1780436651370335232,1780436652014080256,Active Prefill Throughput,tokens/sec,p90,0.00
15,1780436651370335232,1780436652014080256,Active Prefill Throughput,tokens/sec,p95,0.00
15,1780436651370335232,1780436652014080256,Active Prefill Throughput,tokens/sec,p99,0.00
15,1780436651370335232,1780436652014080256,Active Prefill Throughput,tokens/sec,std,0.00
15,1780436651370335232,1780436652014080256,Active Prefill Throughput Per User,tokens/sec/user,avg,0.00
15,1780436651370335232,1780436652014080256,Active Prefill Throughput Per User,tokens/sec/user,min,0.00
15,1780436651370335232,1780436652014080256,Active Prefill Throughput Per User,tokens/sec/user,max,0.00
15,1780436651370335232,1780436652014080256,Active Prefill Throughput Per User,tokens/sec/user,p50,0.00
15,1780436651370335232,1780436652014080256,Active Prefill Throughput Per User,tokens/sec/user,p90,0.00
15,1780436651370335232,1780436652014080256,Active Prefill Throughput Per User,tokens/sec/user,p95,0.00
15,1780436651370335232,1780436652014080256,Active Prefill Throughput Per User,tokens/sec/user,p99,0.00
15,1780436651370335232,1780436652014080256,Active Prefill Throughput Per User,tokens/sec/user,std,0.00
15,1780436651370335232,1780436652014080256,Active Total Throughput,tokens/sec,avg,0.00
15,1780436651370335232,1780436652014080256,Active Total Throughput,tokens/sec,min,0.00
15,1780436651370335232,1780436652014080256,Active Total Throughput,tokens/sec,max,0.00
15,1780436651370335232,1780436652014080256,Active Total Throughput,tokens/sec,p50,0.00
15,1780436651370335232,1780436652014080256,Active Total Throughput,tokens/sec,p90,0.00
15,1780436651370335232,1780436652014080256,Active Total Throughput,tokens/sec,p95,0.00
15,1780436651370335232,1780436652014080256,Active Total Throughput,tokens/sec,p99,0.00
15,1780436651370335232,1780436652014080256,Active Total Throughput,tokens/sec,std,0.00
15,1780436651370335232,1780436652014080256,Context Overflow Count,requests,avg,0.00
15,1780436651370335232,1780436652014080256,Effective Concurrency,requests,avg,0.00
15,1780436651370335232,1780436652014080256,Effective Concurrency,requests,min,0.00
15,1780436651370335232,1780436652014080256,Effective Concurrency,requests,max,1.00
15,1780436651370335232,1780436652014080256,Effective Concurrency,requests,p50,0.00
15,1780436651370335232,1780436652014080256,Effective Concurrency,requests,p90,0.00
15,1780436651370335232,1780436652014080256,Effective Concurrency,requests,p95,0.00
15,1780436651370335232,1780436652014080256,Effective Concurrency,requests,p99,0.00
15,1780436651370335232,1780436652014080256,Effective Concurrency,requests,std,0.05
15,1780436651370335232,1780436652014080256,Effective Decode Concurrency,requests,avg,0.00
15,1780436651370335232,1780436652014080256,Effective Decode Concurrency,requests,min,0.00
15,1780436651370335232,1780436652014080256,Effective Decode Concurrency,requests,max,0.00
15,1780436651370335232,1780436652014080256,Effective Decode Concurrency,requests,p50,0.00
15,1780436651370335232,1780436652014080256,Effective Decode Concurrency,requests,p90,0.00
15,1780436651370335232,1780436652014080256,Effective Decode Concurrency,requests,p95,0.00
15,1780436651370335232,1780436652014080256,Effective Decode Concurrency,requests,p99,0.00
15,1780436651370335232,1780436652014080256,Effective Decode Concurrency,requests,std,0.00
15,1780436651370335232,1780436652014080256,Effective Decode Throughput,tokens/sec,avg,0.00
15,1780436651370335232,1780436652014080256,Effective Decode Throughput,tokens/sec,min,0.00
15,1780436651370335232,1780436652014080256,Effective Decode Throughput,tokens/sec,max,0.00
15,1780436651370335232,1780436652014080256,Effective Decode Throughput,tokens/sec,p50,0.00
15,1780436651370335232,1780436652014080256,Effective Decode Throughput,tokens/sec,p90,0.00
15,1780436651370335232,1780436652014080256,Effective Decode Throughput,tokens/sec,p95,0.00
15,1780436651370335232,1780436652014080256,Effective Decode Throughput,tokens/sec,p99,0.00
15,1780436651370335232,1780436652014080256,Effective Decode Throughput,tokens/sec,std,0.00
15,1780436651370335232,1780436652014080256,Effective Decode Throughput Per User,tokens/sec/user,avg,0.00
15,1780436651370335232,1780436652014080256,Effective Decode Throughput Per User,tokens/sec/user,min,0.00
15,1780436651370335232,1780436652014080256,Effective Decode Throughput Per User,tokens/sec/user,max,0.00
15,1780436651370335232,1780436652014080256,Effective Decode Throughput Per User,tokens/sec/user,p50,0.00
15,1780436651370335232,1780436652014080256,Effective Decode Throughput Per User,tokens/sec/user,p90,0.00
15,1780436651370335232,1780436652014080256,Effective Decode Throughput Per User,tokens/sec/user,p95,0.00
15,1780436651370335232,1780436652014080256,Effective Decode Throughput Per User,tokens/sec/user,p99,0.00
15,1780436651370335232,1780436652014080256,Effective Decode Throughput Per User,tokens/sec/user,std,0.00
15,1780436651370335232,1780436652014080256,Effective Prefill Concurrency,requests,avg,0.00
15,1780436651370335232,1780436652014080256,Effective Prefill Concurrency,requests,min,0.00
15,1780436651370335232,1780436652014080256,Effective Prefill Concurrency,requests,max,0.00
15,1780436651370335232,1780436652014080256,Effective Prefill Concurrency,requests,p50,0.00
15,1780436651370335232,1780436652014080256,Effective Prefill Concurrency,requests,p90,0.00
15,1780436651370335232,1780436652014080256,Effective Prefill Concurrency,requests,p95,0.00
15,1780436651370335232,1780436652014080256,Effective Prefill Concurrency,requests,p99,0.00
15,1780436651370335232,1780436652014080256,Effective Prefill Concurrency,requests,std,0.00
15,1780436651370335232,1780436652014080256,Effective Prefill Throughput,tokens/sec,avg,0.00
15,1780436651370335232,1780436652014080256,Effective Prefill Throughput,tokens/sec,min,0.00
15,1780436651370335232,1780436652014080256,Effective Prefill Throughput,tokens/sec,max,0.00
15,1780436651370335232,1780436652014080256,Effective Prefill Throughput,tokens/sec,p50,0.00
15,1780436651370335232,1780436652014080256,Effective Prefill Throughput,tokens/sec,p90,0.00
15,1780436651370335232,1780436652014080256,Effective Prefill Throughput,tokens/sec,p95,0.00
15,1780436651370335232,1780436652014080256,Effective Prefill Throughput,tokens/sec,p99,0.00
15,1780436651370335232,1780436652014080256,Effective Prefill Throughput,tokens/sec,std,0.00
15,1780436651370335232,1780436652014080256,Effective Prefill Throughput Per User,tokens/sec/user,avg,0.00
15,1780436651370335232,1780436652014080256,Effective Prefill Throughput Per User,tokens/sec/user,min,0.00
15,1780436651370335232,1780436652014080256,Effective Prefill Throughput Per User,tokens/sec/user,max,0.00
15,1780436651370335232,1780436652014080256,Effective Prefill Throughput Per User,tokens/sec/user,p50,0.00
15,1780436651370335232,1780436652014080256,Effective Prefill Throughput Per User,tokens/sec/user,p90,0.00
15,1780436651370335232,1780436652014080256,Effective Prefill Throughput Per User,tokens/sec/user,p95,0.00
15,1780436651370335232,1780436652014080256,Effective Prefill Throughput Per User,tokens/sec/user,p99,0.00
15,1780436651370335232,1780436652014080256,Effective Prefill Throughput Per User,tokens/sec/user,std,0.00
15,1780436651370335232,1780436652014080256,Effective Total Throughput,tokens/sec,avg,0.00
15,1780436651370335232,1780436652014080256,Effective Total Throughput,tokens/sec,min,0.00
15,1780436651370335232,1780436652014080256,Effective Total Throughput,tokens/sec,max,0.00
15,1780436651370335232,1780436652014080256,Effective Total Throughput,tokens/sec,p50,0.00
15,1780436651370335232,1780436652014080256,Effective Total Throughput,tokens/sec,p90,0.00
15,1780436651370335232,1780436652014080256,Effective Total Throughput,tokens/sec,p95,0.00
15,1780436651370335232,1780436652014080256,Effective Total Throughput,tokens/sec,p99,0.00
15,1780436651370335232,1780436652014080256,Effective Total Throughput,tokens/sec,std,0.00
15,1780436651370335232,1780436652014080256,Error Request Count,requests,avg,1.00
15,1780436651370335232,1780436652014080256,Tokens In Flight,tokens,avg,0.00
15,1780436651370335232,1780436652014080256,Tokens In Flight,tokens,min,0.00
15,1780436651370335232,1780436652014080256,Tokens In Flight,tokens,max,0.00
15,1780436651370335232,1780436652014080256,Tokens In Flight,tokens,p50,0.00
15,1780436651370335232,1780436652014080256,Tokens In Flight,tokens,p90,0.00
15,1780436651370335232,1780436652014080256,Tokens In Flight,tokens,p95,0.00
15,1780436651370335232,1780436652014080256,Tokens In Flight,tokens,p99,0.00
15,1780436651370335232,1780436652014080256,Tokens In Flight,tokens,std,0.00
